view_id,physical_data_source,experimental_view,telemetry_modality,model,seed,split_strategy,label_provenance,independence_status,balancing_method,train_rows,validation_rows,test_rows,threshold_source,threshold_value,accuracy,precision,recall,f1,auc_roc,true_negatives,false_positives,false_negatives,true_positives,training_time_seconds,mean_inference_latency_ms,p95_inference_latency_ms,cpu_jobs,ram_usage_peak_mb,top_features
rcaeval_recursive_service_fault_csv_windows,Zenodo record 14590730 (RCAEval benchmark artifacts),RCAEval recursive service-fault CSV windows,metrics,XGBoost,42,stratified fallback because chronological test lacked both classes,inject_time.txt metadata when available; otherwise explicit/derived telemetry labels,independent local CSV benchmark view; may overlap structurally with TraceRCA all dataset,SMOTEENN training-only balancing,3617,776,776,validation max_f1,0.9995102882385254,1.0,1.0,1.0,1.0,1.0,296,0,0,480,0.7726413999916986,0.0010634020580574102,0.0010634020580574102,24,863.8203125,fanout_proxy=0.4961; input_numeric_column_count=0.4898; request_rate=0.0115; log_entropy_proxy=0.0022; latency_max=0.0004
rcaeval_recursive_service_fault_csv_windows,Zenodo record 14590730 (RCAEval benchmark artifacts),RCAEval recursive service-fault CSV windows,metrics,RandomForest,42,stratified fallback because chronological test lacked both classes,inject_time.txt metadata when available; otherwise explicit/derived telemetry labels,independent local CSV benchmark view; may overlap structurally with TraceRCA all dataset,SMOTEENN training-only balancing,3617,776,776,validation max_f1,0.9996771444166751,0.9987113402061856,1.0,0.9979166666666667,0.9989572471324296,1.0,296,0,1,479,0.8454824000073131,0.0812117268088917,0.0812117268088917,24,872.22265625,fanout_proxy=0.2952; input_numeric_column_count=0.2610; trace_depth_proxy=0.0701; cpu_max=0.0599; cpu_mean=0.0598; request_rate=0.0586; log_entropy_proxy=0.0573; service_metric_entropy=0.0510
rcaeval_recursive_service_fault_csv_windows,Zenodo record 14590730 (RCAEval benchmark artifacts),RCAEval recursive service-fault CSV windows,metrics,Autoencoder,42,stratified fallback because chronological test lacked both classes,inject_time.txt metadata when available; otherwise explicit/derived telemetry labels,independent local CSV benchmark view; may overlap structurally with TraceRCA all dataset,normal-preferred reconstruction training,3617,776,776,validation normal p95 reconstruction error,1.0186344385147095,0.48711340206185566,0.9361702127659575,0.18333333333333332,0.30662020905923343,0.4883516328828829,290,6,392,88,0.25340030001825653,0.0011381443326491094,0.0011381443326491094,24,929.66796875,
rcaeval_recursive_service_fault_csv_windows,Zenodo record 14590730 (RCAEval benchmark artifacts),RCAEval recursive service-fault CSV windows,metrics,XGBoost,123,stratified fallback because chronological test lacked both classes,inject_time.txt metadata when available; otherwise explicit/derived telemetry labels,independent local CSV benchmark view; may overlap structurally with TraceRCA all dataset,SMOTEENN training-only balancing,3617,776,776,validation max_f1,0.9995012283325195,1.0,1.0,1.0,1.0,1.0,296,0,0,480,0.13348689998383634,0.00085798969801957,0.00085798969801957,24,938.2734375,input_numeric_column_count=0.3237; cpu_mean=0.2892; fanout_proxy=0.2821; log_error_indicator=0.0369; memory_mean=0.0317; log_entropy_proxy=0.0312; request_rate=0.0052
rcaeval_recursive_service_fault_csv_windows,Zenodo record 14590730 (RCAEval benchmark artifacts),RCAEval recursive service-fault CSV windows,metrics,RandomForest,123,stratified fallback because chronological test lacked both classes,inject_time.txt metadata when available; otherwise explicit/derived telemetry labels,independent local CSV benchmark view; may overlap structurally with TraceRCA all dataset,SMOTEENN training-only balancing,3617,776,776,validation max_f1,1.0,0.9974226804123711,1.0,0.9958333333333333,0.9979123173277662,1.0,296,0,2,478,0.9055715999857057,0.10539497422551275,0.10539497422551275,24,941.60546875,fanout_proxy=0.3089; input_numeric_column_count=0.2955; trace_depth_proxy=0.0887; cpu_max=0.0648; cpu_mean=0.0530; log_entropy_proxy=0.0417; service_metric_entropy=0.0415; request_rate=0.0414
rcaeval_recursive_service_fault_csv_windows,Zenodo record 14590730 (RCAEval benchmark artifacts),RCAEval recursive service-fault CSV windows,metrics,Autoencoder,123,stratified fallback because chronological test lacked both classes,inject_time.txt metadata when available; otherwise explicit/derived telemetry labels,independent local CSV benchmark view; may overlap structurally with TraceRCA all dataset,normal-preferred reconstruction training,3617,776,776,validation normal p95 reconstruction error,1.0121873617172241,0.4793814432989691,0.9042553191489362,0.17708333333333334,0.2961672473867596,0.3361134572072072,287,9,395,85,0.26348669998697005,0.0009835051800503596,0.0009835051800503596,24,941.43359375,
rcaeval_recursive_service_fault_csv_windows,Zenodo record 14590730 (RCAEval benchmark artifacts),RCAEval recursive service-fault CSV windows,metrics,XGBoost,2026,stratified fallback because chronological test lacked both classes,inject_time.txt metadata when available; otherwise explicit/derived telemetry labels,independent local CSV benchmark view; may overlap structurally with TraceRCA all dataset,SMOTEENN training-only balancing,3617,776,776,validation max_f1,0.9995096921920776,1.0,1.0,1.0,1.0,1.0,296,0,0,480,0.15699980000499636,0.0012034793566197118,0.0012034793566197118,24,946.00390625,input_numeric_column_count=0.3479; fanout_proxy=0.3304; request_rate=0.1345; cpu_max=0.1116; log_entropy_proxy=0.0316; memory_mean=0.0227; log_error_indicator=0.0213
rcaeval_recursive_service_fault_csv_windows,Zenodo record 14590730 (RCAEval benchmark artifacts),RCAEval recursive service-fault CSV windows,metrics,RandomForest,2026,stratified fallback because chronological test lacked both classes,inject_time.txt metadata when available; otherwise explicit/derived telemetry labels,independent local CSV benchmark view; may overlap structurally with TraceRCA all dataset,SMOTEENN training-only balancing,3617,776,776,validation max_f1,0.9995275216305608,0.9922680412371134,1.0,0.9875,0.9937106918238994,1.0,296,0,6,474,0.87269180000294,0.07612835051799098,0.07612835051799098,24,946.6171875,input_numeric_column_count=0.2889; fanout_proxy=0.2867; cpu_max=0.0653; request_rate=0.0623; cpu_mean=0.0620; trace_depth_proxy=0.0571; service_metric_entropy=0.0539; log_entropy_proxy=0.0430
rcaeval_recursive_service_fault_csv_windows,Zenodo record 14590730 (RCAEval benchmark artifacts),RCAEval recursive service-fault CSV windows,metrics,Autoencoder,2026,stratified fallback because chronological test lacked both classes,inject_time.txt metadata when available; otherwise explicit/derived telemetry labels,independent local CSV benchmark view; may overlap structurally with TraceRCA all dataset,normal-preferred reconstruction training,3617,776,776,validation normal p95 reconstruction error,0.9435548782348633,0.4677835051546392,0.845360824742268,0.17083333333333334,0.28422876949740034,0.3880982545045046,281,15,398,82,0.1573465999972541,0.0006494845309265957,0.0006494845309265957,24,946.32421875,
rcaeval_recursive_service_fault_csv_windows,Zenodo record 14590730 (RCAEval benchmark artifacts),RCAEval recursive service-fault CSV windows,metrics,XGBoost,7,stratified fallback because chronological test lacked both classes,inject_time.txt metadata when available; otherwise explicit/derived telemetry labels,independent local CSV benchmark view; may overlap structurally with TraceRCA all dataset,SMOTEENN training-only balancing,3617,776,776,validation max_f1,0.9995099306106567,0.9987113402061856,1.0,0.9979166666666667,0.9989572471324296,1.0,296,0,1,479,0.13487810001242906,0.000978092805208811,0.000978092805208811,24,943.55078125,input_numeric_column_count=0.3580; fanout_proxy=0.3356; request_rate=0.1931; cpu_max=0.0683; log_entropy_proxy=0.0133; log_error_indicator=0.0119; memory_mean=0.0100; cpu_mean=0.0098
rcaeval_recursive_service_fault_csv_windows,Zenodo record 14590730 (RCAEval benchmark artifacts),RCAEval recursive service-fault CSV windows,metrics,RandomForest,7,stratified fallback because chronological test lacked both classes,inject_time.txt metadata when available; otherwise explicit/derived telemetry labels,independent local CSV benchmark view; may overlap structurally with TraceRCA all dataset,SMOTEENN training-only balancing,3617,776,776,validation max_f1,0.9999157993511498,0.9961340206185567,1.0,0.99375,0.9968652037617555,1.0,296,0,3,477,0.8444503999780864,0.12306971651005087,0.12306971651005087,24,944.16015625,input_numeric_column_count=0.3251; fanout_proxy=0.2588; cpu_mean=0.0680; cpu_max=0.0656; request_rate=0.0564; trace_depth_proxy=0.0526; service_metric_entropy=0.0487; log_entropy_proxy=0.0415
rcaeval_recursive_service_fault_csv_windows,Zenodo record 14590730 (RCAEval benchmark artifacts),RCAEval recursive service-fault CSV windows,metrics,Autoencoder,7,stratified fallback because chronological test lacked both classes,inject_time.txt metadata when available; otherwise explicit/derived telemetry labels,independent local CSV benchmark view; may overlap structurally with TraceRCA all dataset,normal-preferred reconstruction training,3617,776,776,validation normal p95 reconstruction error,0.8517422676086426,0.47164948453608246,0.8571428571428571,0.175,0.2906574394463668,0.3871692004504504,282,14,396,84,0.12321419999352656,0.0006780928086619056,0.0006780928086619056,24,943.625,
rcaeval_recursive_service_fault_csv_windows,Zenodo record 14590730 (RCAEval benchmark artifacts),RCAEval recursive service-fault CSV windows,metrics,XGBoost,13,stratified fallback because chronological test lacked both classes,inject_time.txt metadata when available; otherwise explicit/derived telemetry labels,independent local CSV benchmark view; may overlap structurally with TraceRCA all dataset,SMOTEENN training-only balancing,3617,776,776,validation max_f1,0.9995062351226807,1.0,1.0,1.0,1.0,1.0,296,0,0,480,0.12214630001108162,0.0009162371141653623,0.0009162371141653623,24,948.6796875,request_rate=0.5024; input_numeric_column_count=0.2071; fanout_proxy=0.1155; log_error_indicator=0.0642; log_entropy_proxy=0.0568; memory_mean=0.0526; cpu_max=0.0014
rcaeval_recursive_service_fault_csv_windows,Zenodo record 14590730 (RCAEval benchmark artifacts),RCAEval recursive service-fault CSV windows,metrics,RandomForest,13,stratified fallback because chronological test lacked both classes,inject_time.txt metadata when available; otherwise explicit/derived telemetry labels,independent local CSV benchmark view; may overlap structurally with TraceRCA all dataset,SMOTEENN training-only balancing,3617,776,776,validation max_f1,0.9996690705212444,0.9987113402061856,1.0,0.9979166666666667,0.9989572471324296,1.0,296,0,1,479,0.8654951000062283,0.09343195876878321,0.09343195876878321,24,949.19140625,fanout_proxy=0.3198; input_numeric_column_count=0.2978; cpu_max=0.0635; request_rate=0.0594; trace_depth_proxy=0.0574; service_metric_entropy=0.0530; cpu_mean=0.0411; log_entropy_proxy=0.0407
rcaeval_recursive_service_fault_csv_windows,Zenodo record 14590730 (RCAEval benchmark artifacts),RCAEval recursive service-fault CSV windows,metrics,Autoencoder,13,stratified fallback because chronological test lacked both classes,inject_time.txt metadata when available; otherwise explicit/derived telemetry labels,independent local CSV benchmark view; may overlap structurally with TraceRCA all dataset,normal-preferred reconstruction training,3617,776,776,validation normal p95 reconstruction error,0.7836671471595764,0.5025773195876289,0.9196428571428571,0.21458333333333332,0.34797297297297297,0.4778012387387388,287,9,377,103,0.18644030002178624,0.0010619845214904738,0.0010619845214904738,24,948.70703125,
rcaeval_recursive_service_fault_csv_windows,Zenodo record 14590730 (RCAEval benchmark artifacts),RCAEval recursive service-fault CSV windows,metrics,XGBoost,21,stratified fallback because chronological test lacked both classes,inject_time.txt metadata when available; otherwise explicit/derived telemetry labels,independent local CSV benchmark view; may overlap structurally with TraceRCA all dataset,SMOTEENN training-only balancing,3617,776,776,validation max_f1,0.9995071887969971,0.9948453608247423,1.0,0.9916666666666667,0.99581589958159,1.0,296,0,4,476,0.13817230000859126,0.001103479382774034,0.001103479382774034,24,947.7578125,fanout_proxy=0.4197; input_numeric_column_count=0.2236; request_rate=0.2030; cpu_max=0.0890; log_entropy_proxy=0.0192; trace_depth_proxy=0.0184; memory_mean=0.0135; log_error_indicator=0.0127
rcaeval_recursive_service_fault_csv_windows,Zenodo record 14590730 (RCAEval benchmark artifacts),RCAEval recursive service-fault CSV windows,metrics,RandomForest,21,stratified fallback because chronological test lacked both classes,inject_time.txt metadata when available; otherwise explicit/derived telemetry labels,independent local CSV benchmark view; may overlap structurally with TraceRCA all dataset,SMOTEENN training-only balancing,3617,776,776,validation max_f1,0.9992594137329022,0.9987113402061856,1.0,0.9979166666666667,0.9989572471324296,1.0,296,0,1,479,0.8505469000083394,0.10952358244355412,0.10952358244355412,24,948.23046875,fanout_proxy=0.3065; input_numeric_column_count=0.2611; cpu_mean=0.0735; request_rate=0.0675; cpu_max=0.0611; log_entropy_proxy=0.0547; trace_depth_proxy=0.0521; service_metric_entropy=0.0492
rcaeval_recursive_service_fault_csv_windows,Zenodo record 14590730 (RCAEval benchmark artifacts),RCAEval recursive service-fault CSV windows,metrics,Autoencoder,21,stratified fallback because chronological test lacked both classes,inject_time.txt metadata when available; otherwise explicit/derived telemetry labels,independent local CSV benchmark view; may overlap structurally with TraceRCA all dataset,normal-preferred reconstruction training,3617,776,776,validation normal p95 reconstruction error,0.7104269862174988,0.5012886597938144,0.8251748251748252,0.24583333333333332,0.37881219903691815,0.5057010135135135,271,25,362,118,0.7464887999813072,0.0013545103093306774,0.0013545103093306774,24,948.26953125,
rcaeval_recursive_service_fault_csv_windows,Zenodo record 14590730 (RCAEval benchmark artifacts),RCAEval recursive service-fault CSV windows,metrics,XGBoost,99,stratified fallback because chronological test lacked both classes,inject_time.txt metadata when available; otherwise explicit/derived telemetry labels,independent local CSV benchmark view; may overlap structurally with TraceRCA all dataset,SMOTEENN training-only balancing,3617,776,776,validation max_f1,0.9995064735412598,0.9974226804123711,1.0,0.9958333333333333,0.9979123173277662,1.0,296,0,2,478,0.14760499997646548,0.0012445876170213803,0.0012445876170213803,24,949.265625,fanout_proxy=0.5409; input_numeric_column_count=0.3683; request_rate=0.0396; cpu_mean=0.0377; log_entropy_proxy=0.0057; log_error_indicator=0.0040; memory_mean=0.0028; cpu_max=0.0010
rcaeval_recursive_service_fault_csv_windows,Zenodo record 14590730 (RCAEval benchmark artifacts),RCAEval recursive service-fault CSV windows,metrics,RandomForest,99,stratified fallback because chronological test lacked both classes,inject_time.txt metadata when available; otherwise explicit/derived telemetry labels,independent local CSV benchmark view; may overlap structurally with TraceRCA all dataset,SMOTEENN training-only balancing,3617,776,776,validation max_f1,0.0002687419586120196,0.9935567010309279,0.9896907216494846,1.0,0.9948186528497409,1.0,291,5,0,480,0.9044250000151806,0.07566082474779214,0.07566082474779214,24,949.8359375,fanout_proxy=0.3086; input_numeric_column_count=0.2728; cpu_max=0.0637; trace_depth_proxy=0.0543; cpu_mean=0.0519; service_metric_entropy=0.0513; log_entropy_proxy=0.0502; request_rate=0.0472
rcaeval_recursive_service_fault_csv_windows,Zenodo record 14590730 (RCAEval benchmark artifacts),RCAEval recursive service-fault CSV windows,metrics,Autoencoder,99,stratified fallback because chronological test lacked both classes,inject_time.txt metadata when available; otherwise explicit/derived telemetry labels,independent local CSV benchmark view; may overlap structurally with TraceRCA all dataset,normal-preferred reconstruction training,3617,776,776,validation normal p95 reconstruction error,0.9187794923782349,0.49742268041237114,0.9245283018867925,0.20416666666666666,0.33447098976109213,0.46447775900900895,288,8,382,98,0.17565829999512061,0.00070244843919147,0.00070244843919147,24,949.33984375,
rcaeval_recursive_service_fault_csv_windows,Zenodo record 14590730 (RCAEval benchmark artifacts),RCAEval recursive service-fault CSV windows,metrics,XGBoost,314,stratified fallback because chronological test lacked both classes,inject_time.txt metadata when available; otherwise explicit/derived telemetry labels,independent local CSV benchmark view; may overlap structurally with TraceRCA all dataset,SMOTEENN training-only balancing,3617,776,776,validation max_f1,0.9995133876800537,1.0,1.0,1.0,1.0,1.0,296,0,0,480,0.13302280000061728,0.001087371125210019,0.001087371125210019,24,950.37890625,request_rate=0.3056; cpu_max=0.2487; input_numeric_column_count=0.2183; fanout_proxy=0.0973; log_entropy_proxy=0.0420; cpu_mean=0.0361; memory_mean=0.0267; log_error_indicator=0.0254
rcaeval_recursive_service_fault_csv_windows,Zenodo record 14590730 (RCAEval benchmark artifacts),RCAEval recursive service-fault CSV windows,metrics,RandomForest,314,stratified fallback because chronological test lacked both classes,inject_time.txt metadata when available; otherwise explicit/derived telemetry labels,independent local CSV benchmark view; may overlap structurally with TraceRCA all dataset,SMOTEENN training-only balancing,3617,776,776,validation max_f1,0.002241864627677965,0.9987113402061856,0.997920997920998,1.0,0.9989594172736732,1.0,295,1,0,480,0.8780352000030689,0.07894020618363189,0.07894020618363189,24,951.04296875,fanout_proxy=0.3307; input_numeric_column_count=0.2603; cpu_mean=0.0658; trace_depth_proxy=0.0632; service_metric_entropy=0.0593; request_rate=0.0524; log_entropy_proxy=0.0500; cpu_max=0.0415
rcaeval_recursive_service_fault_csv_windows,Zenodo record 14590730 (RCAEval benchmark artifacts),RCAEval recursive service-fault CSV windows,metrics,Autoencoder,314,stratified fallback because chronological test lacked both classes,inject_time.txt metadata when available; otherwise explicit/derived telemetry labels,independent local CSV benchmark view; may overlap structurally with TraceRCA all dataset,normal-preferred reconstruction training,3617,776,776,validation normal p95 reconstruction error,0.7975689172744751,0.47036082474226804,0.822429906542056,0.18333333333333332,0.29982964224872233,0.3873029279279279,277,19,392,88,0.17477570002665743,0.0006132732150288893,0.0006132732150288893,24,950.44140625,
rcaeval_recursive_service_fault_csv_windows,Zenodo record 14590730 (RCAEval benchmark artifacts),RCAEval recursive service-fault CSV windows,metrics,XGBoost,2718,stratified fallback because chronological test lacked both classes,inject_time.txt metadata when available; otherwise explicit/derived telemetry labels,independent local CSV benchmark view; may overlap structurally with TraceRCA all dataset,SMOTEENN training-only balancing,3617,776,776,validation max_f1,0.9995144605636597,1.0,1.0,1.0,1.0,1.0,296,0,0,480,0.13119679997907951,0.0008761597894487384,0.0008761597894487384,24,949.4453125,cpu_mean=0.5061; trace_depth_proxy=0.2095; fanout_proxy=0.0817; input_numeric_column_count=0.0777; log_entropy_proxy=0.0558; log_error_indicator=0.0367; memory_mean=0.0326
rcaeval_recursive_service_fault_csv_windows,Zenodo record 14590730 (RCAEval benchmark artifacts),RCAEval recursive service-fault CSV windows,metrics,RandomForest,2718,stratified fallback because chronological test lacked both classes,inject_time.txt metadata when available; otherwise explicit/derived telemetry labels,independent local CSV benchmark view; may overlap structurally with TraceRCA all dataset,SMOTEENN training-only balancing,3617,776,776,validation max_f1,0.9999457245756981,1.0,1.0,1.0,1.0,1.0,296,0,0,480,0.8921535999979824,0.06194639174338459,0.06194639174338459,24,950.046875,fanout_proxy=0.2984; input_numeric_column_count=0.2730; request_rate=0.0754; trace_depth_proxy=0.0634; cpu_mean=0.0580; service_metric_entropy=0.0524; cpu_max=0.0492; log_entropy_proxy=0.0458
rcaeval_recursive_service_fault_csv_windows,Zenodo record 14590730 (RCAEval benchmark artifacts),RCAEval recursive service-fault CSV windows,metrics,Autoencoder,2718,stratified fallback because chronological test lacked both classes,inject_time.txt metadata when available; otherwise explicit/derived telemetry labels,independent local CSV benchmark view; may overlap structurally with TraceRCA all dataset,normal-preferred reconstruction training,3617,776,776,validation normal p95 reconstruction error,0.9040849208831787,0.4845360824742268,0.8571428571428571,0.2,0.32432432432432434,0.4100647522522522,280,16,384,96,0.13970279999193735,0.0006452319587307223,0.0006452319587307223,24,949.46875,
rcaeval_recursive_service_fault_csv_windows,Zenodo record 14590730 (RCAEval benchmark artifacts),RCAEval recursive service-fault CSV windows,metrics,XGBoost,9001,stratified fallback because chronological test lacked both classes,inject_time.txt metadata when available; otherwise explicit/derived telemetry labels,independent local CSV benchmark view; may overlap structurally with TraceRCA all dataset,SMOTEENN training-only balancing,3617,776,776,validation max_f1,0.9995160102844238,1.0,1.0,1.0,1.0,1.0,296,0,0,480,0.1352865999797359,0.0009666237207225611,0.0009666237207225611,24,948.34375,input_numeric_column_count=0.5234; fanout_proxy=0.4766
rcaeval_recursive_service_fault_csv_windows,Zenodo record 14590730 (RCAEval benchmark artifacts),RCAEval recursive service-fault CSV windows,metrics,RandomForest,9001,stratified fallback because chronological test lacked both classes,inject_time.txt metadata when available; otherwise explicit/derived telemetry labels,independent local CSV benchmark view; may overlap structurally with TraceRCA all dataset,SMOTEENN training-only balancing,3617,776,776,validation max_f1,0.9999655146278611,1.0,1.0,1.0,1.0,1.0,296,0,0,480,0.837180200003786,0.14112048969782898,0.14112048969782898,24,948.75390625,input_numeric_column_count=0.2960; fanout_proxy=0.2856; cpu_mean=0.0760; trace_depth_proxy=0.0676; cpu_max=0.0597; request_rate=0.0545; log_entropy_proxy=0.0527; service_metric_entropy=0.0397
rcaeval_recursive_service_fault_csv_windows,Zenodo record 14590730 (RCAEval benchmark artifacts),RCAEval recursive service-fault CSV windows,metrics,Autoencoder,9001,stratified fallback because chronological test lacked both classes,inject_time.txt metadata when available; otherwise explicit/derived telemetry labels,independent local CSV benchmark view; may overlap structurally with TraceRCA all dataset,normal-preferred reconstruction training,3617,776,776,validation normal p95 reconstruction error,0.9264554977416992,0.4690721649484536,0.8269230769230769,0.17916666666666667,0.2945205479452055,0.384375,278,18,394,86,0.16112400000565685,0.0010586340180190144,0.0010586340180190144,24,948.421875,
sock_shop_scenario_aware_metrics_evaluation,GitHub Sock Shop dataset repository (metric CSVs and chaos metadata),Sock Shop scenario-aware metrics evaluation,metrics+injection_metadata,XGBoost,42,"scenario-aware: train normal + container-chaos, validate container-chaos, test node-chaos",fault-injection interval metadata from chaos-info CSV files,independent local metrics dataset; raw logs/traces not present in local view,SMOTEENN training-only balancing,225296,18488,19671,validation max_f1,3.4673314075917006e-05,0.23099994916374358,0.22990320937340805,0.997789078045545,0.37370098952511077,0.4967627026281948,31,15117,10,4513,1.8260543000069447,0.0004623239589032641,0.0005127927080830635,24,1248.203125,latency_threshold_p95=0.3672; memory_max=0.1736; network_or_size_mean=0.1736; rolling_latency_mean=0.0746; memory_mean=0.0587; log_error_indicator=0.0497; latency_threshold_exceeded=0.0304; cpu_mean=0.0247
sock_shop_scenario_aware_metrics_evaluation,GitHub Sock Shop dataset repository (metric CSVs and chaos metadata),Sock Shop scenario-aware metrics evaluation,metrics+injection_metadata,RandomForest,42,"scenario-aware: train normal + container-chaos, validate container-chaos, test node-chaos",fault-injection interval metadata from chaos-info CSV files,independent local metrics dataset; raw logs/traces not present in local view,SMOTEENN training-only balancing,225296,18488,19671,validation max_f1,0.5633034503245308,0.6391134156880687,0.2243150684931507,0.2317046208268848,0.2279499728113105,0.49900009346939656,11524,3624,3475,1048,17.161446599988267,0.02176777042891477,0.023359174807069394,24,1433.20703125,network_or_size_mean=0.2473; memory_max=0.2219; memory_mean=0.2165; latency_threshold_p95=0.1628; cpu_mean=0.0290; cpu_max=0.0262; failed_span_ratio=0.0149; error_rate=0.0123
sock_shop_scenario_aware_metrics_evaluation,GitHub Sock Shop dataset repository (metric CSVs and chaos metadata),Sock Shop scenario-aware metrics evaluation,metrics+injection_metadata,Autoencoder,42,"scenario-aware: train normal + container-chaos, validate container-chaos, test node-chaos",fault-injection interval metadata from chaos-info CSV files,independent local metrics dataset; raw logs/traces not present in local view,normal-preferred reconstruction training,225296,18488,19671,validation normal p95 reconstruction error,0.0005536617245525122,0.6920847948757054,0.22685185185185186,0.14083572849878398,0.1737825671804665,0.4948128790553297,12977,2171,3886,637,25.091116800002055,0.00033174161648827436,0.0003693832161921492,24,1579.88671875,
sock_shop_scenario_aware_metrics_evaluation,GitHub Sock Shop dataset repository (metric CSVs and chaos metadata),Sock Shop scenario-aware metrics evaluation,metrics+injection_metadata,XGBoost,123,"scenario-aware: train normal + container-chaos, validate container-chaos, test node-chaos",fault-injection interval metadata from chaos-info CSV files,independent local metrics dataset; raw logs/traces not present in local view,SMOTEENN training-only balancing,225296,18488,19671,validation max_f1,0.06230710446834564,0.27807432260688325,0.22996651785714287,0.9111209374309087,0.3672414561333155,0.4998797187230878,1349,13799,402,4121,1.655704800010426,0.0006351868262362087,0.0007455910523184508,24,1352.5546875,latency_threshold_p95=0.2812; memory_max=0.1915; network_or_size_mean=0.1747; memory_mean=0.0693; rolling_latency_mean=0.0658; log_error_indicator=0.0455; cpu_mean=0.0340; ewma_latency=0.0315
sock_shop_scenario_aware_metrics_evaluation,GitHub Sock Shop dataset repository (metric CSVs and chaos metadata),Sock Shop scenario-aware metrics evaluation,metrics+injection_metadata,RandomForest,123,"scenario-aware: train normal + container-chaos, validate container-chaos, test node-chaos",fault-injection interval metadata from chaos-info CSV files,independent local metrics dataset; raw logs/traces not present in local view,SMOTEENN training-only balancing,225296,18488,19671,validation max_f1,0.690398942312523,0.664887397692034,0.22420687816582244,0.18593853636966615,0.2032874063330916,0.5020397316745251,12238,2910,3682,841,15.80963440000778,0.015691160492200366,0.01790565759457171,24,1504.9609375,network_or_size_mean=0.2492; memory_max=0.2257; memory_mean=0.2141; latency_threshold_p95=0.1607; cpu_mean=0.0280; cpu_max=0.0261; failed_span_ratio=0.0156; error_rate=0.0128
sock_shop_scenario_aware_metrics_evaluation,GitHub Sock Shop dataset repository (metric CSVs and chaos metadata),Sock Shop scenario-aware metrics evaluation,metrics+injection_metadata,Autoencoder,123,"scenario-aware: train normal + container-chaos, validate container-chaos, test node-chaos",fault-injection interval metadata from chaos-info CSV files,independent local metrics dataset; raw logs/traces not present in local view,normal-preferred reconstruction training,225296,18488,19671,validation normal p95 reconstruction error,0.0006788572063669562,0.6907630522088354,0.226890756302521,0.1432677426486845,0.17563355468220626,0.4954829644289105,12940,2208,3875,648,19.662309000006644,0.00025564042255694626,0.00029441483343901605,24,1528.7265625,
sock_shop_scenario_aware_metrics_evaluation,GitHub Sock Shop dataset repository (metric CSVs and chaos metadata),Sock Shop scenario-aware metrics evaluation,metrics+injection_metadata,XGBoost,2026,"scenario-aware: train normal + container-chaos, validate container-chaos, test node-chaos",fault-injection interval metadata from chaos-info CSV files,independent local metrics dataset; raw logs/traces not present in local view,SMOTEENN training-only balancing,225296,18488,19671,validation max_f1,4.834140418097377e-05,0.23222001931777744,0.2300469483568075,0.9966836170683175,0.3738131763340105,0.5002119773237755,60,15088,15,4508,1.8908893000043463,0.0004572794529920495,0.0005005273436609059,24,1364.4765625,input_numeric_column_count=0.4067; latency_threshold_p95=0.1867; network_or_size_mean=0.1104; memory_max=0.1012; memory_mean=0.0431; rolling_latency_mean=0.0398; log_error_indicator=0.0325; cpu_mean=0.0175
sock_shop_scenario_aware_metrics_evaluation,GitHub Sock Shop dataset repository (metric CSVs and chaos metadata),Sock Shop scenario-aware metrics evaluation,metrics+injection_metadata,RandomForest,2026,"scenario-aware: train normal + container-chaos, validate container-chaos, test node-chaos",fault-injection interval metadata from chaos-info CSV files,independent local metrics dataset; raw logs/traces not present in local view,SMOTEENN training-only balancing,225296,18488,19671,validation max_f1,0.6310458038799136,0.667530883025774,0.2242275088870659,0.18129560026531064,0.20048899755501223,0.5005139138333597,12311,2837,3703,820,14.133831899991492,0.015104704393008183,0.017305487485591048,24,1523.453125,network_or_size_mean=0.2614; memory_max=0.2163; memory_mean=0.2122; latency_threshold_p95=0.1640; cpu_mean=0.0247; cpu_max=0.0246; failed_span_ratio=0.0135; error_rate=0.0124
sock_shop_scenario_aware_metrics_evaluation,GitHub Sock Shop dataset repository (metric CSVs and chaos metadata),Sock Shop scenario-aware metrics evaluation,metrics+injection_metadata,Autoencoder,2026,"scenario-aware: train normal + container-chaos, validate container-chaos, test node-chaos",fault-injection interval metadata from chaos-info CSV files,independent local metrics dataset; raw logs/traces not present in local view,normal-preferred reconstruction training,225296,18488,19671,validation normal p95 reconstruction error,0.0010714742820709944,0.6907630522088354,0.22631578947368422,0.142604466062348,0.17496270174962703,0.49501458116748703,12943,2205,3878,645,19.046237000002293,0.00025696182710781463,0.00028492250835227716,24,1668.5078125,
sock_shop_scenario_aware_metrics_evaluation,GitHub Sock Shop dataset repository (metric CSVs and chaos metadata),Sock Shop scenario-aware metrics evaluation,metrics+injection_metadata,XGBoost,7,"scenario-aware: train normal + container-chaos, validate container-chaos, test node-chaos",fault-injection interval metadata from chaos-info CSV files,independent local metrics dataset; raw logs/traces not present in local view,SMOTEENN training-only balancing,225296,18488,19671,validation max_f1,0.01482515037059784,0.26683950993848815,0.22966846905893276,0.9296926818483308,0.3683426769446391,0.4991161274642337,1044,14104,318,4205,2.3220877000130713,0.0005133126809380473,0.0006655441258101336,24,1373.25,latency_threshold_p95=0.2631; memory_max=0.2025; network_or_size_mean=0.1858; rolling_latency_mean=0.0719; memory_mean=0.0710; log_error_indicator=0.0642; latency_threshold_exceeded=0.0569; cpu_mean=0.0276
sock_shop_scenario_aware_metrics_evaluation,GitHub Sock Shop dataset repository (metric CSVs and chaos metadata),Sock Shop scenario-aware metrics evaluation,metrics+injection_metadata,RandomForest,7,"scenario-aware: train normal + container-chaos, validate container-chaos, test node-chaos",fault-injection interval metadata from chaos-info CSV files,independent local metrics dataset; raw logs/traces not present in local view,SMOTEENN training-only balancing,225296,18488,19671,validation max_f1,0.6863475928132514,0.686594479182553,0.23064304461942256,0.15542781339818704,0.18570862501651036,0.5017870475819945,12803,2345,3820,703,16.11288590001641,0.015076730289090045,0.017126427989843235,24,1532.09375,network_or_size_mean=0.2606; memory_max=0.2170; memory_mean=0.2050; latency_threshold_p95=0.1631; cpu_max=0.0271; cpu_mean=0.0271; failed_span_ratio=0.0153; error_rate=0.0140
sock_shop_scenario_aware_metrics_evaluation,GitHub Sock Shop dataset repository (metric CSVs and chaos metadata),Sock Shop scenario-aware metrics evaluation,metrics+injection_metadata,Autoencoder,7,"scenario-aware: train normal + container-chaos, validate container-chaos, test node-chaos",fault-injection interval metadata from chaos-info CSV files,independent local metrics dataset; raw logs/traces not present in local view,normal-preferred reconstruction training,225296,18488,19671,validation normal p95 reconstruction error,0.0010577758075669408,0.6913222510294342,0.22584070796460176,0.1410568206942295,0.17365269461077845,0.49518751560620744,12961,2187,3885,638,23.259948199993232,0.00030668804097499396,0.00032939800146491343,24,1684.6171875,
sock_shop_scenario_aware_metrics_evaluation,GitHub Sock Shop dataset repository (metric CSVs and chaos metadata),Sock Shop scenario-aware metrics evaluation,metrics+injection_metadata,XGBoost,13,"scenario-aware: train normal + container-chaos, validate container-chaos, test node-chaos",fault-injection interval metadata from chaos-info CSV files,independent local metrics dataset; raw logs/traces not present in local view,SMOTEENN training-only balancing,225296,18488,19671,validation max_f1,0.0016895575681701303,0.25443546337247724,0.22964976811130658,0.9524651779792174,0.3700712997165192,0.4994601938009998,697,14451,215,4308,2.4696050999918953,0.0005464045899474634,0.0006901692345808563,24,1372.70703125,latency_threshold_p95=0.2626; network_or_size_mean=0.2058; memory_max=0.1826; log_error_indicator=0.0736; rolling_latency_mean=0.0610; latency_threshold_exceeded=0.0487; memory_mean=0.0487; ewma_latency=0.0303
sock_shop_scenario_aware_metrics_evaluation,GitHub Sock Shop dataset repository (metric CSVs and chaos metadata),Sock Shop scenario-aware metrics evaluation,metrics+injection_metadata,RandomForest,13,"scenario-aware: train normal + container-chaos, validate container-chaos, test node-chaos",fault-injection interval metadata from chaos-info CSV files,independent local metrics dataset; raw logs/traces not present in local view,SMOTEENN training-only balancing,225296,18488,19671,validation max_f1,0.1998150130749642,0.3170148950231305,0.22888780725237284,0.8317488392659739,0.3589865928717973,0.49930189861974134,2474,12674,761,3762,17.416969800018705,0.014992459032847363,0.01695780488697346,24,1566.4765625,network_or_size_mean=0.2544; memory_mean=0.2271; memory_max=0.2090; latency_threshold_p95=0.1506; cpu_max=0.0290; cpu_mean=0.0284; error_rate=0.0163; failed_span_ratio=0.0156
sock_shop_scenario_aware_metrics_evaluation,GitHub Sock Shop dataset repository (metric CSVs and chaos metadata),Sock Shop scenario-aware metrics evaluation,metrics+injection_metadata,Autoencoder,13,"scenario-aware: train normal + container-chaos, validate container-chaos, test node-chaos",fault-injection interval metadata from chaos-info CSV files,independent local metrics dataset; raw logs/traces not present in local view,normal-preferred reconstruction training,225296,18488,19671,validation normal p95 reconstruction error,0.000584495603106916,0.6921864673885415,0.2270135424091233,0.14083572849878398,0.17382999044890163,0.49503931319317906,12979,2169,3886,637,22.716491200000746,0.00034111479469301674,0.00035857421352147867,24,1714.2265625,
sock_shop_scenario_aware_metrics_evaluation,GitHub Sock Shop dataset repository (metric CSVs and chaos metadata),Sock Shop scenario-aware metrics evaluation,metrics+injection_metadata,XGBoost,21,"scenario-aware: train normal + container-chaos, validate container-chaos, test node-chaos",fault-injection interval metadata from chaos-info CSV files,independent local metrics dataset; raw logs/traces not present in local view,SMOTEENN training-only balancing,225296,18488,19671,validation max_f1,4.275713217793964e-05,0.23216918306135936,0.22998009493186342,0.9962414326774265,0.37369381323602585,0.5006228325360607,61,15087,17,4506,2.0592427999945357,0.00048468542850873576,0.0005602490219303036,24,1376.45703125,network_or_size_mean=0.2057; latency_threshold_p95=0.1997; memory_max=0.1938; memory_mean=0.1258; ewma_latency=0.0423; rolling_latency_mean=0.0392; log_error_indicator=0.0388; cpu_mean=0.0341
sock_shop_scenario_aware_metrics_evaluation,GitHub Sock Shop dataset repository (metric CSVs and chaos metadata),Sock Shop scenario-aware metrics evaluation,metrics+injection_metadata,RandomForest,21,"scenario-aware: train normal + container-chaos, validate container-chaos, test node-chaos",fault-injection interval metadata from chaos-info CSV files,independent local metrics dataset; raw logs/traces not present in local view,SMOTEENN training-only balancing,225296,18488,19671,validation max_f1,0.5850086895969014,0.6150678664023181,0.227913617704801,0.2823347335839045,0.252222002765159,0.49889937012368957,10822,4326,3246,1277,14.96196400001645,0.015018196200727077,0.017196022110052188,24,1553.75,network_or_size_mean=0.2526; memory_max=0.2193; memory_mean=0.2112; latency_threshold_p95=0.1625; cpu_mean=0.0293; cpu_max=0.0278; failed_span_ratio=0.0142; error_rate=0.0135
sock_shop_scenario_aware_metrics_evaluation,GitHub Sock Shop dataset repository (metric CSVs and chaos metadata),Sock Shop scenario-aware metrics evaluation,metrics+injection_metadata,Autoencoder,21,"scenario-aware: train normal + container-chaos, validate container-chaos, test node-chaos",fault-injection interval metadata from chaos-info CSV files,independent local metrics dataset; raw logs/traces not present in local view,normal-preferred reconstruction training,225296,18488,19671,validation normal p95 reconstruction error,0.0005609607324004173,0.6909663972345077,0.22701754385964912,0.143046650453239,0.1755052217550522,0.49387342696580994,12945,2203,3876,647,20.09851750000962,0.0002860043307252176,0.0003044384769168573,24,1701.5859375,
sock_shop_scenario_aware_metrics_evaluation,GitHub Sock Shop dataset repository (metric CSVs and chaos metadata),Sock Shop scenario-aware metrics evaluation,metrics+injection_metadata,XGBoost,99,"scenario-aware: train normal + container-chaos, validate container-chaos, test node-chaos",fault-injection interval metadata from chaos-info CSV files,independent local metrics dataset; raw logs/traces not present in local view,SMOTEENN training-only balancing,225296,18488,19671,validation max_f1,3.608531187637709e-05,0.23227085557419552,0.2299760069426719,0.996020340481981,0.3736728599867286,0.4975314387905936,64,15084,18,4505,2.0486992999794893,0.000475913168450727,0.0006654785991811809,24,1377.66015625,latency_threshold_p95=0.3278; memory_max=0.2051; network_or_size_mean=0.1596; rolling_latency_mean=0.0929; memory_mean=0.0483; log_error_indicator=0.0402; latency_threshold_exceeded=0.0310; cpu_mean=0.0275
sock_shop_scenario_aware_metrics_evaluation,GitHub Sock Shop dataset repository (metric CSVs and chaos metadata),Sock Shop scenario-aware metrics evaluation,metrics+injection_metadata,RandomForest,99,"scenario-aware: train normal + container-chaos, validate container-chaos, test node-chaos",fault-injection interval metadata from chaos-info CSV files,independent local metrics dataset; raw logs/traces not present in local view,SMOTEENN training-only balancing,225296,18488,19671,validation max_f1,0.5329729354206355,0.670225204615932,0.23110624315443593,0.18660181295600264,0.20648318042813454,0.5026298849509075,12340,2808,3679,844,15.586037900007796,0.014873238800182731,0.016893155392856716,24,1583.59765625,network_or_size_mean=0.2552; memory_max=0.2159; memory_mean=0.2052; latency_threshold_p95=0.1762; cpu_mean=0.0257; cpu_max=0.0245; error_rate=0.0153; failed_span_ratio=0.0138
sock_shop_scenario_aware_metrics_evaluation,GitHub Sock Shop dataset repository (metric CSVs and chaos metadata),Sock Shop scenario-aware metrics evaluation,metrics+injection_metadata,Autoencoder,99,"scenario-aware: train normal + container-chaos, validate container-chaos, test node-chaos",fault-injection interval metadata from chaos-info CSV files,independent local metrics dataset; raw logs/traces not present in local view,normal-preferred reconstruction training,225296,18488,19671,validation normal p95 reconstruction error,0.0008199372095987201,0.6906613796959992,0.22711390635918938,0.1437099270395755,0.17603249830737983,0.4946381493736704,12936,2212,3873,650,19.731628599984106,0.0002839637495453944,0.000331254882723897,24,1723.578125,
sock_shop_scenario_aware_metrics_evaluation,GitHub Sock Shop dataset repository (metric CSVs and chaos metadata),Sock Shop scenario-aware metrics evaluation,metrics+injection_metadata,XGBoost,314,"scenario-aware: train normal + container-chaos, validate container-chaos, test node-chaos",fault-injection interval metadata from chaos-info CSV files,independent local metrics dataset; raw logs/traces not present in local view,SMOTEENN training-only balancing,225296,18488,19671,validation max_f1,2.859678352251649e-05,0.23267754562554013,0.23006996578315714,0.996020340481981,0.37379688018586127,0.5007323277598679,72,15076,18,4505,1.9850256000063382,0.0004839619386622899,0.0005851875265741028,24,1378.32421875,latency_threshold_p95=0.3547; memory_max=0.1641; network_or_size_mean=0.1619; memory_mean=0.0580; rolling_latency_mean=0.0554; log_error_indicator=0.0465; latency_threshold_exceeded=0.0391; cpu_mean=0.0380
sock_shop_scenario_aware_metrics_evaluation,GitHub Sock Shop dataset repository (metric CSVs and chaos metadata),Sock Shop scenario-aware metrics evaluation,metrics+injection_metadata,RandomForest,314,"scenario-aware: train normal + container-chaos, validate container-chaos, test node-chaos",fault-injection interval metadata from chaos-info CSV files,independent local metrics dataset; raw logs/traces not present in local view,SMOTEENN training-only balancing,225296,18488,19671,validation max_f1,0.5576834230074914,0.6637690000508363,0.22935542324618172,0.1958876851647137,0.21130455521106606,0.5002250548658352,12171,2977,3637,886,15.2790692000126,0.015145519848620203,0.017052347950555456,24,1593.16015625,network_or_size_mean=0.2475; memory_mean=0.2302; memory_max=0.2113; latency_threshold_p95=0.1639; cpu_mean=0.0279; cpu_max=0.0225; error_rate=0.0155; failed_span_ratio=0.0141
sock_shop_scenario_aware_metrics_evaluation,GitHub Sock Shop dataset repository (metric CSVs and chaos metadata),Sock Shop scenario-aware metrics evaluation,metrics+injection_metadata,Autoencoder,314,"scenario-aware: train normal + container-chaos, validate container-chaos, test node-chaos",fault-injection interval metadata from chaos-info CSV files,independent local metrics dataset; raw logs/traces not present in local view,normal-preferred reconstruction training,225296,18488,19671,validation normal p95 reconstruction error,0.0010442205239087343,0.6901021808754003,0.22662495655196385,0.1441521114304665,0.17621621621621622,0.4952610767802928,12923,2225,3871,652,18.941953800007468,0.00029588002565479463,0.00032508748873754615,24,1773.3046875,
sock_shop_scenario_aware_metrics_evaluation,GitHub Sock Shop dataset repository (metric CSVs and chaos metadata),Sock Shop scenario-aware metrics evaluation,metrics+injection_metadata,XGBoost,2718,"scenario-aware: train normal + container-chaos, validate container-chaos, test node-chaos",fault-injection interval metadata from chaos-info CSV files,independent local metrics dataset; raw logs/traces not present in local view,SMOTEENN training-only balancing,225296,18488,19671,validation max_f1,0.06872181594371796,0.285140562248996,0.22939007092198582,0.8938757461861596,0.3650893985912949,0.5029161678177919,1566,13582,480,4043,2.053359999990789,0.0005917154753749613,0.000618414630800174,24,1382.58203125,input_numeric_column_count=0.5151; latency_threshold_p95=0.1361; memory_max=0.1072; network_or_size_mean=0.0837; rolling_latency_mean=0.0397; memory_mean=0.0271; log_error_indicator=0.0183; cpu_mean=0.0155
sock_shop_scenario_aware_metrics_evaluation,GitHub Sock Shop dataset repository (metric CSVs and chaos metadata),Sock Shop scenario-aware metrics evaluation,metrics+injection_metadata,RandomForest,2718,"scenario-aware: train normal + container-chaos, validate container-chaos, test node-chaos",fault-injection interval metadata from chaos-info CSV files,independent local metrics dataset; raw logs/traces not present in local view,SMOTEENN training-only balancing,225296,18488,19671,validation max_f1,0.540562598166806,0.5660617152152916,0.22741475343024045,0.3701083351757683,0.28172332547963647,0.4995323246189225,9461,5687,2849,1674,15.094069399987347,0.014951767178854538,0.01723531090151528,24,1566.4375,network_or_size_mean=0.2448; memory_max=0.2185; memory_mean=0.2073; latency_threshold_p95=0.1722; cpu_max=0.0307; cpu_mean=0.0279; error_rate=0.0147; failed_span_ratio=0.0136
sock_shop_scenario_aware_metrics_evaluation,GitHub Sock Shop dataset repository (metric CSVs and chaos metadata),Sock Shop scenario-aware metrics evaluation,metrics+injection_metadata,Autoencoder,2718,"scenario-aware: train normal + container-chaos, validate container-chaos, test node-chaos",fault-injection interval metadata from chaos-info CSV files,independent local metrics dataset; raw logs/traces not present in local view,normal-preferred reconstruction training,225296,18488,19671,validation normal p95 reconstruction error,0.0006647310801781714,0.6908138884652534,0.2267788293024886,0.143046650453239,0.17543383947939262,0.49507556834326405,12942,2206,3876,647,18.657293199998094,0.00028097650092559837,0.0003077390098024241,24,1782.3359375,
sock_shop_scenario_aware_metrics_evaluation,GitHub Sock Shop dataset repository (metric CSVs and chaos metadata),Sock Shop scenario-aware metrics evaluation,metrics+injection_metadata,XGBoost,9001,"scenario-aware: train normal + container-chaos, validate container-chaos, test node-chaos",fault-injection interval metadata from chaos-info CSV files,independent local metrics dataset; raw logs/traces not present in local view,SMOTEENN training-only balancing,225296,18488,19671,validation max_f1,3.448867209954187e-05,0.23155914798434243,0.2299770583736936,0.997346893654654,0.3737675035214185,0.502391519015476,44,15104,12,4511,2.0796268999984022,0.0005268985162691592,0.0005720849600265865,24,1379.64453125,latency_threshold_p95=0.3220; memory_max=0.2029; network_or_size_mean=0.1584; rolling_latency_mean=0.0667; log_error_indicator=0.0524; memory_mean=0.0417; latency_threshold_exceeded=0.0403; cpu_max=0.0374
sock_shop_scenario_aware_metrics_evaluation,GitHub Sock Shop dataset repository (metric CSVs and chaos metadata),Sock Shop scenario-aware metrics evaluation,metrics+injection_metadata,RandomForest,9001,"scenario-aware: train normal + container-chaos, validate container-chaos, test node-chaos",fault-injection interval metadata from chaos-info CSV files,independent local metrics dataset; raw logs/traces not present in local view,SMOTEENN training-only balancing,225296,18488,19671,validation max_f1,0.6702844903644978,0.706268110416349,0.22800173385348937,0.1162944948043334,0.15402635431918008,0.5021006166820046,13367,1781,3997,526,14.066846000001533,0.01676894334106104,0.02087599309543671,24,1570.34375,network_or_size_mean=0.2573; memory_max=0.2197; memory_mean=0.2036; latency_threshold_p95=0.1632; cpu_max=0.0310; cpu_mean=0.0285; rolling_latency_mean=0.0132; error_rate=0.0131
sock_shop_scenario_aware_metrics_evaluation,GitHub Sock Shop dataset repository (metric CSVs and chaos metadata),Sock Shop scenario-aware metrics evaluation,metrics+injection_metadata,Autoencoder,9001,"scenario-aware: train normal + container-chaos, validate container-chaos, test node-chaos",fault-injection interval metadata from chaos-info CSV files,independent local metrics dataset; raw logs/traces not present in local view,normal-preferred reconstruction training,225296,18488,19671,validation normal p95 reconstruction error,0.0006211849395185709,0.6907122159524173,0.22814350400557298,0.14481538801680302,0.17717067892886124,0.4951731390672245,12932,2216,3868,655,19.111291500012157,0.00030069364457904334,0.00032267606188770697,24,1809.21484375,
tracerca_all_dataset_recursive_service_fault_csv_windows,Zenodo record 14504481 (TraceRCA all dataset artifacts),TraceRCA all dataset recursive service-fault CSV windows,metrics,XGBoost,42,stratified fallback because chronological test lacked both classes,inject_time.txt metadata when available; otherwise explicit/derived telemetry labels,independent local CSV benchmark view; not the same as TraceRCA-main rca_all_dataset.csv,SMOTEENN training-only balancing,3625,777,777,validation max_f1,0.999510645866394,1.0,1.0,1.0,1.0,1.0,297,0,0,480,0.07633440001518466,0.0010795366966514397,0.0010795366966514397,24,1050.48046875,fanout_proxy=0.5108; input_numeric_column_count=0.4755; request_rate=0.0112; log_entropy_proxy=0.0020; latency_threshold_p95=0.0004
tracerca_all_dataset_recursive_service_fault_csv_windows,Zenodo record 14504481 (TraceRCA all dataset artifacts),TraceRCA all dataset recursive service-fault CSV windows,metrics,RandomForest,42,stratified fallback because chronological test lacked both classes,inject_time.txt metadata when available; otherwise explicit/derived telemetry labels,independent local CSV benchmark view; not the same as TraceRCA-main rca_all_dataset.csv,SMOTEENN training-only balancing,3625,777,777,validation max_f1,0.9999241486100092,0.9987129987129987,1.0,0.9979166666666667,0.9989572471324296,1.0,297,0,1,479,0.6295391999883577,0.06157902188951502,0.06157902188951502,24,1055.48046875,fanout_proxy=0.2847; input_numeric_column_count=0.2692; cpu_mean=0.0659; request_rate=0.0643; trace_depth_proxy=0.0616; cpu_max=0.0587; log_entropy_proxy=0.0569; service_metric_entropy=0.0515
tracerca_all_dataset_recursive_service_fault_csv_windows,Zenodo record 14504481 (TraceRCA all dataset artifacts),TraceRCA all dataset recursive service-fault CSV windows,metrics,Autoencoder,42,stratified fallback because chronological test lacked both classes,inject_time.txt metadata when available; otherwise explicit/derived telemetry labels,independent local CSV benchmark view; not the same as TraceRCA-main rca_all_dataset.csv,normal-preferred reconstruction training,3625,777,777,validation normal p95 reconstruction error,0.9531740546226501,0.48133848133848134,0.8969072164948454,0.18125,0.30155979202772965,0.44553170594837266,287,10,393,87,0.09623279998777434,0.000589060479657607,0.000589060479657607,24,1058.4609375,
tracerca_all_dataset_recursive_service_fault_csv_windows,Zenodo record 14504481 (TraceRCA all dataset artifacts),TraceRCA all dataset recursive service-fault CSV windows,metrics,XGBoost,123,stratified fallback because chronological test lacked both classes,inject_time.txt metadata when available; otherwise explicit/derived telemetry labels,independent local CSV benchmark view; not the same as TraceRCA-main rca_all_dataset.csv,SMOTEENN training-only balancing,3625,777,777,validation max_f1,0.9995002746582031,1.0,1.0,1.0,1.0,1.0,297,0,0,480,0.13159790000645444,0.0010166023039837946,0.0010166023039837946,24,1061.4453125,input_numeric_column_count=0.3280; fanout_proxy=0.2859; request_rate=0.2808; log_error_indicator=0.0425; log_entropy_proxy=0.0290; memory_mean=0.0288; cpu_max=0.0050
tracerca_all_dataset_recursive_service_fault_csv_windows,Zenodo record 14504481 (TraceRCA all dataset artifacts),TraceRCA all dataset recursive service-fault CSV windows,metrics,RandomForest,123,stratified fallback because chronological test lacked both classes,inject_time.txt metadata when available; otherwise explicit/derived telemetry labels,independent local CSV benchmark view; not the same as TraceRCA-main rca_all_dataset.csv,SMOTEENN training-only balancing,3625,777,777,validation max_f1,0.9999422094684497,0.9987129987129987,1.0,0.9979166666666667,0.9989572471324296,1.0,297,0,1,479,0.6407448999816552,0.06020051480224176,0.06020051480224176,24,1062.4453125,fanout_proxy=0.3158; input_numeric_column_count=0.2964; trace_depth_proxy=0.0807; cpu_mean=0.0560; cpu_max=0.0549; log_entropy_proxy=0.0459; request_rate=0.0444; service_metric_entropy=0.0392
tracerca_all_dataset_recursive_service_fault_csv_windows,Zenodo record 14504481 (TraceRCA all dataset artifacts),TraceRCA all dataset recursive service-fault CSV windows,metrics,Autoencoder,123,stratified fallback because chronological test lacked both classes,inject_time.txt metadata when available; otherwise explicit/derived telemetry labels,independent local CSV benchmark view; not the same as TraceRCA-main rca_all_dataset.csv,normal-preferred reconstruction training,3625,777,777,validation normal p95 reconstruction error,1.0440682172775269,0.4826254826254826,0.90625,0.18125,0.3020833333333333,0.382814253647587,288,9,393,87,0.10167519998503849,0.0006005148034173626,0.0006005148034173626,24,1064.421875,
tracerca_all_dataset_recursive_service_fault_csv_windows,Zenodo record 14504481 (TraceRCA all dataset artifacts),TraceRCA all dataset recursive service-fault CSV windows,metrics,XGBoost,2026,stratified fallback because chronological test lacked both classes,inject_time.txt metadata when available; otherwise explicit/derived telemetry labels,independent local CSV benchmark view; not the same as TraceRCA-main rca_all_dataset.csv,SMOTEENN training-only balancing,3625,777,777,validation max_f1,0.9995100498199463,1.0,1.0,1.0,1.0,1.0,297,0,0,480,0.1267109000182245,0.0011196911054515931,0.0011196911054515931,24,1065.43359375,input_numeric_column_count=0.3487; fanout_proxy=0.3310; request_rate=0.1331; cpu_mean=0.1140; log_entropy_proxy=0.0322; log_error_indicator=0.0205; memory_mean=0.0204
tracerca_all_dataset_recursive_service_fault_csv_windows,Zenodo record 14504481 (TraceRCA all dataset artifacts),TraceRCA all dataset recursive service-fault CSV windows,metrics,RandomForest,2026,stratified fallback because chronological test lacked both classes,inject_time.txt metadata when available; otherwise explicit/derived telemetry labels,independent local CSV benchmark view; not the same as TraceRCA-main rca_all_dataset.csv,SMOTEENN training-only balancing,3625,777,777,validation max_f1,0.004803096666568305,0.9987129987129987,0.997920997920998,1.0,0.9989594172736732,1.0,296,1,0,480,0.6379989000270143,0.05951621621383289,0.05951621621383289,24,1066.13671875,fanout_proxy=0.2974; input_numeric_column_count=0.2793; request_rate=0.0700; cpu_max=0.0616; cpu_mean=0.0598; trace_depth_proxy=0.0555; service_metric_entropy=0.0514; log_entropy_proxy=0.0435
tracerca_all_dataset_recursive_service_fault_csv_windows,Zenodo record 14504481 (TraceRCA all dataset artifacts),TraceRCA all dataset recursive service-fault CSV windows,metrics,Autoencoder,2026,stratified fallback because chronological test lacked both classes,inject_time.txt metadata when available; otherwise explicit/derived telemetry labels,independent local CSV benchmark view; not the same as TraceRCA-main rca_all_dataset.csv,normal-preferred reconstruction training,3625,777,777,validation normal p95 reconstruction error,0.9628447890281677,0.510939510939511,0.9464285714285714,0.22083333333333333,0.3581081081081081,0.44680134680134687,291,6,374,106,0.1389119999948889,0.0006576576461941196,0.0006576576461941196,24,1065.58203125,
tracerca_all_dataset_recursive_service_fault_csv_windows,Zenodo record 14504481 (TraceRCA all dataset artifacts),TraceRCA all dataset recursive service-fault CSV windows,metrics,XGBoost,7,stratified fallback because chronological test lacked both classes,inject_time.txt metadata when available; otherwise explicit/derived telemetry labels,independent local CSV benchmark view; not the same as TraceRCA-main rca_all_dataset.csv,SMOTEENN training-only balancing,3625,777,777,validation max_f1,0.9995125532150269,1.0,1.0,1.0,1.0,1.0,297,0,0,480,0.1336412999953609,0.001121879024299262,0.001121879024299262,24,1065.89453125,input_numeric_column_count=0.3678; fanout_proxy=0.3598; cpu_mean=0.1837; cpu_max=0.0472; log_entropy_proxy=0.0161; log_error_indicator=0.0151; memory_mean=0.0102
tracerca_all_dataset_recursive_service_fault_csv_windows,Zenodo record 14504481 (TraceRCA all dataset artifacts),TraceRCA all dataset recursive service-fault CSV windows,metrics,RandomForest,7,stratified fallback because chronological test lacked both classes,inject_time.txt metadata when available; otherwise explicit/derived telemetry labels,independent local CSV benchmark view; not the same as TraceRCA-main rca_all_dataset.csv,SMOTEENN training-only balancing,3625,777,777,validation max_f1,0.9999963850709739,0.9948519948519948,1.0,0.9916666666666667,0.99581589958159,1.0,297,0,4,476,0.6132309999957215,0.0595373230458308,0.0595373230458308,24,1066.63671875,input_numeric_column_count=0.3287; fanout_proxy=0.2663; cpu_mean=0.0659; request_rate=0.0637; trace_depth_proxy=0.0539; service_metric_entropy=0.0533; log_entropy_proxy=0.0470; cpu_max=0.0438
tracerca_all_dataset_recursive_service_fault_csv_windows,Zenodo record 14504481 (TraceRCA all dataset artifacts),TraceRCA all dataset recursive service-fault CSV windows,metrics,Autoencoder,7,stratified fallback because chronological test lacked both classes,inject_time.txt metadata when available; otherwise explicit/derived telemetry labels,independent local CSV benchmark view; not the same as TraceRCA-main rca_all_dataset.csv,normal-preferred reconstruction training,3625,777,777,validation normal p95 reconstruction error,0.8838232159614563,0.4864864864864865,0.8648648648648649,0.2,0.3248730964467005,0.37544191919191916,282,15,384,96,0.11932350002462044,0.0007942085111803798,0.0007942085111803798,24,1067.53515625,
tracerca_all_dataset_recursive_service_fault_csv_windows,Zenodo record 14504481 (TraceRCA all dataset artifacts),TraceRCA all dataset recursive service-fault CSV windows,metrics,XGBoost,13,stratified fallback because chronological test lacked both classes,inject_time.txt metadata when available; otherwise explicit/derived telemetry labels,independent local CSV benchmark view; not the same as TraceRCA-main rca_all_dataset.csv,SMOTEENN training-only balancing,3625,777,777,validation max_f1,0.9995061159133911,0.9987129987129987,1.0,0.9979166666666667,0.9989572471324296,1.0,297,0,1,479,0.1259381999843754,0.0011685971521857544,0.0011685971521857544,24,1067.86328125,request_rate=0.5066; input_numeric_column_count=0.2051; fanout_proxy=0.1145; log_entropy_proxy=0.0680; log_error_indicator=0.0547; memory_mean=0.0482; cpu_max=0.0019; cpu_mean=0.0011
tracerca_all_dataset_recursive_service_fault_csv_windows,Zenodo record 14504481 (TraceRCA all dataset artifacts),TraceRCA all dataset recursive service-fault CSV windows,metrics,RandomForest,13,stratified fallback because chronological test lacked both classes,inject_time.txt metadata when available; otherwise explicit/derived telemetry labels,independent local CSV benchmark view; not the same as TraceRCA-main rca_all_dataset.csv,SMOTEENN training-only balancing,3625,777,777,validation max_f1,0.9996470485925631,0.9974259974259975,1.0,0.9958333333333333,0.9979123173277662,1.0,297,0,2,478,0.6443666999984998,0.061401287006859116,0.061401287006859116,24,1069.18359375,fanout_proxy=0.3217; input_numeric_column_count=0.2936; cpu_max=0.0698; request_rate=0.0573; service_metric_entropy=0.0551; trace_depth_proxy=0.0491; cpu_mean=0.0487; log_entropy_proxy=0.0389
tracerca_all_dataset_recursive_service_fault_csv_windows,Zenodo record 14504481 (TraceRCA all dataset artifacts),TraceRCA all dataset recursive service-fault CSV windows,metrics,Autoencoder,13,stratified fallback because chronological test lacked both classes,inject_time.txt metadata when available; otherwise explicit/derived telemetry labels,independent local CSV benchmark view; not the same as TraceRCA-main rca_all_dataset.csv,normal-preferred reconstruction training,3625,777,777,validation normal p95 reconstruction error,0.7353910803794861,0.5263835263835264,0.8835616438356164,0.26875,0.41214057507987223,0.4921927609427609,280,17,351,129,0.10012849999475293,0.0005696267995292961,0.0005696267995292961,24,1070.12109375,
tracerca_all_dataset_recursive_service_fault_csv_windows,Zenodo record 14504481 (TraceRCA all dataset artifacts),TraceRCA all dataset recursive service-fault CSV windows,metrics,XGBoost,21,stratified fallback because chronological test lacked both classes,inject_time.txt metadata when available; otherwise explicit/derived telemetry labels,independent local CSV benchmark view; not the same as TraceRCA-main rca_all_dataset.csv,SMOTEENN training-only balancing,3625,777,777,validation max_f1,0.9994981288909912,1.0,1.0,1.0,1.0,1.0,297,0,0,480,0.14545819998602383,0.0010676962695656252,0.0010676962695656252,24,1070.4609375,fanout_proxy=0.4832; input_numeric_column_count=0.2573; trace_depth_proxy=0.1140; cpu_max=0.0930; log_entropy_proxy=0.0209; memory_mean=0.0168; log_error_indicator=0.0147
tracerca_all_dataset_recursive_service_fault_csv_windows,Zenodo record 14504481 (TraceRCA all dataset artifacts),TraceRCA all dataset recursive service-fault CSV windows,metrics,RandomForest,21,stratified fallback because chronological test lacked both classes,inject_time.txt metadata when available; otherwise explicit/derived telemetry labels,independent local CSV benchmark view; not the same as TraceRCA-main rca_all_dataset.csv,SMOTEENN training-only balancing,3625,777,777,validation max_f1,0.002402895052070197,0.9961389961389961,0.9937888198757764,1.0,0.9968847352024922,1.0,294,3,0,480,0.6430505999887828,0.06077361645679226,0.06077361645679226,24,1071.62109375,fanout_proxy=0.3082; input_numeric_column_count=0.2624; cpu_mean=0.0765; request_rate=0.0624; cpu_max=0.0619; log_entropy_proxy=0.0545; service_metric_entropy=0.0520; trace_depth_proxy=0.0498
tracerca_all_dataset_recursive_service_fault_csv_windows,Zenodo record 14504481 (TraceRCA all dataset artifacts),TraceRCA all dataset recursive service-fault CSV windows,metrics,Autoencoder,21,stratified fallback because chronological test lacked both classes,inject_time.txt metadata when available; otherwise explicit/derived telemetry labels,independent local CSV benchmark view; not the same as TraceRCA-main rca_all_dataset.csv,normal-preferred reconstruction training,3625,777,777,validation normal p95 reconstruction error,0.8298096656799316,0.4877734877734878,0.8867924528301887,0.19583333333333333,0.32081911262798635,0.5245721099887767,285,12,386,94,0.1135612000070978,0.0006163449274157887,0.0006163449274157887,24,1073.703125,
tracerca_all_dataset_recursive_service_fault_csv_windows,Zenodo record 14504481 (TraceRCA all dataset artifacts),TraceRCA all dataset recursive service-fault CSV windows,metrics,XGBoost,99,stratified fallback because chronological test lacked both classes,inject_time.txt metadata when available; otherwise explicit/derived telemetry labels,independent local CSV benchmark view; not the same as TraceRCA-main rca_all_dataset.csv,SMOTEENN training-only balancing,3625,777,777,validation max_f1,0.9995071887969971,1.0,1.0,1.0,1.0,1.0,297,0,0,480,0.1310339999909047,0.0010120978026364378,0.0010120978026364378,24,1073.98046875,fanout_proxy=0.5514; input_numeric_column_count=0.3754; request_rate=0.0393; cpu_max=0.0213; log_entropy_proxy=0.0056; log_error_indicator=0.0040; memory_mean=0.0030
tracerca_all_dataset_recursive_service_fault_csv_windows,Zenodo record 14504481 (TraceRCA all dataset artifacts),TraceRCA all dataset recursive service-fault CSV windows,metrics,RandomForest,99,stratified fallback because chronological test lacked both classes,inject_time.txt metadata when available; otherwise explicit/derived telemetry labels,independent local CSV benchmark view; not the same as TraceRCA-main rca_all_dataset.csv,SMOTEENN training-only balancing,3625,777,777,validation max_f1,0.9999310975715213,0.9974259974259975,1.0,0.9958333333333333,0.9979123173277662,1.0,297,0,2,478,0.6152327999880072,0.06083346202285143,0.06083346202285143,24,1074.78125,fanout_proxy=0.3060; input_numeric_column_count=0.2696; cpu_max=0.0622; cpu_mean=0.0579; request_rate=0.0579; trace_depth_proxy=0.0506; log_entropy_proxy=0.0498; service_metric_entropy=0.0487
tracerca_all_dataset_recursive_service_fault_csv_windows,Zenodo record 14504481 (TraceRCA all dataset artifacts),TraceRCA all dataset recursive service-fault CSV windows,metrics,Autoencoder,99,stratified fallback because chronological test lacked both classes,inject_time.txt metadata when available; otherwise explicit/derived telemetry labels,independent local CSV benchmark view; not the same as TraceRCA-main rca_all_dataset.csv,normal-preferred reconstruction training,3625,777,777,validation normal p95 reconstruction error,0.9173048734664917,0.5032175032175032,0.8983050847457628,0.22083333333333333,0.35451505016722407,0.4941638608305275,285,12,374,106,0.13672169999335892,0.0005323037402069093,0.0005323037402069093,24,1075.75,
tracerca_all_dataset_recursive_service_fault_csv_windows,Zenodo record 14504481 (TraceRCA all dataset artifacts),TraceRCA all dataset recursive service-fault CSV windows,metrics,XGBoost,314,stratified fallback because chronological test lacked both classes,inject_time.txt metadata when available; otherwise explicit/derived telemetry labels,independent local CSV benchmark view; not the same as TraceRCA-main rca_all_dataset.csv,SMOTEENN training-only balancing,3625,777,777,validation max_f1,0.9995139837265015,1.0,1.0,1.0,1.0,1.0,297,0,0,480,0.14079760000458919,0.000983783783465432,0.000983783783465432,24,1076.09375,request_rate=0.3440; cpu_mean=0.2119; input_numeric_column_count=0.1813; cpu_max=0.1084; fanout_proxy=0.0808; log_entropy_proxy=0.0333; memory_mean=0.0211; log_error_indicator=0.0192
tracerca_all_dataset_recursive_service_fault_csv_windows,Zenodo record 14504481 (TraceRCA all dataset artifacts),TraceRCA all dataset recursive service-fault CSV windows,metrics,RandomForest,314,stratified fallback because chronological test lacked both classes,inject_time.txt metadata when available; otherwise explicit/derived telemetry labels,independent local CSV benchmark view; not the same as TraceRCA-main rca_all_dataset.csv,SMOTEENN training-only balancing,3625,777,777,validation max_f1,0.9999029867009002,0.9987129987129987,1.0,0.9979166666666667,0.9989572471324296,1.0,297,0,1,479,0.6292245000076946,0.06299150580728481,0.06299150580728481,24,1076.6640625,fanout_proxy=0.3284; input_numeric_column_count=0.2545; cpu_mean=0.0702; service_metric_entropy=0.0568; request_rate=0.0567; trace_depth_proxy=0.0553; log_entropy_proxy=0.0535; cpu_max=0.0459
tracerca_all_dataset_recursive_service_fault_csv_windows,Zenodo record 14504481 (TraceRCA all dataset artifacts),TraceRCA all dataset recursive service-fault CSV windows,metrics,Autoencoder,314,stratified fallback because chronological test lacked both classes,inject_time.txt metadata when available; otherwise explicit/derived telemetry labels,independent local CSV benchmark view; not the same as TraceRCA-main rca_all_dataset.csv,normal-preferred reconstruction training,3625,777,777,validation normal p95 reconstruction error,0.7523932456970215,0.5148005148005148,0.8503401360544217,0.2604166666666667,0.39872408293460926,0.445496632996633,275,22,355,125,0.14156829999410547,0.0008328185441329634,0.0008328185441329634,24,1076.87109375,
tracerca_all_dataset_recursive_service_fault_csv_windows,Zenodo record 14504481 (TraceRCA all dataset artifacts),TraceRCA all dataset recursive service-fault CSV windows,metrics,XGBoost,2718,stratified fallback because chronological test lacked both classes,inject_time.txt metadata when available; otherwise explicit/derived telemetry labels,independent local CSV benchmark view; not the same as TraceRCA-main rca_all_dataset.csv,SMOTEENN training-only balancing,3625,777,777,validation max_f1,0.9995154142379761,0.9987129987129987,1.0,0.9979166666666667,0.9989572471324296,1.0,297,0,1,479,0.13441420000162907,0.0010135135148319882,0.0010135135148319882,24,1077.21875,request_rate=0.4712; cpu_max=0.1975; fanout_proxy=0.0801; input_numeric_column_count=0.0762; log_entropy_proxy=0.0580; log_error_indicator=0.0570; memory_mean=0.0390; error_rate=0.0210
tracerca_all_dataset_recursive_service_fault_csv_windows,Zenodo record 14504481 (TraceRCA all dataset artifacts),TraceRCA all dataset recursive service-fault CSV windows,metrics,RandomForest,2718,stratified fallback because chronological test lacked both classes,inject_time.txt metadata when available; otherwise explicit/derived telemetry labels,independent local CSV benchmark view; not the same as TraceRCA-main rca_all_dataset.csv,SMOTEENN training-only balancing,3625,777,777,validation max_f1,0.011319029091644213,0.9987129987129987,0.997920997920998,1.0,0.9989594172736732,1.0,296,1,0,480,0.6900096999888774,0.061590347474709414,0.061590347474709414,24,1077.96484375,fanout_proxy=0.3103; input_numeric_column_count=0.2740; request_rate=0.0704; trace_depth_proxy=0.0605; cpu_mean=0.0525; service_metric_entropy=0.0493; log_entropy_proxy=0.0469; cpu_max=0.0466
tracerca_all_dataset_recursive_service_fault_csv_windows,Zenodo record 14504481 (TraceRCA all dataset artifacts),TraceRCA all dataset recursive service-fault CSV windows,metrics,Autoencoder,2718,stratified fallback because chronological test lacked both classes,inject_time.txt metadata when available; otherwise explicit/derived telemetry labels,independent local CSV benchmark view; not the same as TraceRCA-main rca_all_dataset.csv,normal-preferred reconstruction training,3625,777,777,validation normal p95 reconstruction error,1.0668962001800537,0.4942084942084942,0.9223300970873787,0.19791666666666666,0.3259005145797599,0.363790684624018,289,8,385,95,0.12407699998584576,0.0007688545800524942,0.0007688545800524942,24,1077.51171875,
tracerca_all_dataset_recursive_service_fault_csv_windows,Zenodo record 14504481 (TraceRCA all dataset artifacts),TraceRCA all dataset recursive service-fault CSV windows,metrics,XGBoost,9001,stratified fallback because chronological test lacked both classes,inject_time.txt metadata when available; otherwise explicit/derived telemetry labels,independent local CSV benchmark view; not the same as TraceRCA-main rca_all_dataset.csv,SMOTEENN training-only balancing,3625,777,777,validation max_f1,0.999516487121582,1.0,1.0,1.0,1.0,1.0,297,0,0,480,0.1231293999881018,0.001160617758360532,0.001160617758360532,24,1077.875,input_numeric_column_count=0.5340; fanout_proxy=0.4660
tracerca_all_dataset_recursive_service_fault_csv_windows,Zenodo record 14504481 (TraceRCA all dataset artifacts),TraceRCA all dataset recursive service-fault CSV windows,metrics,RandomForest,9001,stratified fallback because chronological test lacked both classes,inject_time.txt metadata when available; otherwise explicit/derived telemetry labels,independent local CSV benchmark view; not the same as TraceRCA-main rca_all_dataset.csv,SMOTEENN training-only balancing,3625,777,777,validation max_f1,1.0,0.9974259974259975,1.0,0.9958333333333333,0.9979123173277662,1.0,297,0,2,478,0.6305322000116576,0.06152046333454271,0.06152046333454271,24,1078.421875,input_numeric_column_count=0.2890; fanout_proxy=0.2877; cpu_mean=0.0760; cpu_max=0.0671; trace_depth_proxy=0.0655; request_rate=0.0554; log_entropy_proxy=0.0488; service_metric_entropy=0.0406
tracerca_all_dataset_recursive_service_fault_csv_windows,Zenodo record 14504481 (TraceRCA all dataset artifacts),TraceRCA all dataset recursive service-fault CSV windows,metrics,Autoencoder,9001,stratified fallback because chronological test lacked both classes,inject_time.txt metadata when available; otherwise explicit/derived telemetry labels,independent local CSV benchmark view; not the same as TraceRCA-main rca_all_dataset.csv,normal-preferred reconstruction training,3625,777,777,validation normal p95 reconstruction error,0.9939483404159546,0.5019305019305019,0.8661417322834646,0.22916666666666666,0.3624382207578254,0.43719135802469133,280,17,370,110,0.1297855000011623,0.000607722028047134,0.000607722028047134,24,1077.875,
tracerca_main_rca_all_dataset_explicit_label_csv,GitHub/Zenodo TraceRCA rca_all_dataset.csv,TraceRCA-main rca_all_dataset explicit-label CSV,traces+latency+labels,XGBoost,42,chronological,explicit anomaly column,independent local raw CSV; main CSV-wide evidence,SMOTEENN training-only balancing,183072,39230,39230,default 0.5 because validation lacked both classes,0.5,0.9971195513637522,1.0,0.9942146221585091,0.9970989191548356,0.9999966341022427,19698,0,113,19419,1.8098692999919876,0.0006058512347229697,0.0007788077735097521,24,1393.0390625,ewma_latency=0.6265; latency_p99_proxy=0.0902; latency_max=0.0799; latency_mean=0.0772; rolling_latency_mean=0.0649; latency_p95_proxy=0.0419; rolling_latency_std=0.0159; rolling_zscore_latency=0.0036
tracerca_main_rca_all_dataset_explicit_label_csv,GitHub/Zenodo TraceRCA rca_all_dataset.csv,TraceRCA-main rca_all_dataset explicit-label CSV,traces+latency+labels,RandomForest,42,chronological,explicit anomaly column,independent local raw CSV; main CSV-wide evidence,SMOTEENN training-only balancing,183072,39230,39230,default 0.5 because validation lacked both classes,0.5,0.9969920978842722,0.9998455200823892,0.9941122260905181,0.9969706305196139,0.9999941233244561,19695,3,115,19417,14.847136299998965,0.01535284971722331,0.020099805521620977,24,1417.3203125,rolling_latency_mean=0.2220; ewma_latency=0.2204; latency_p99_proxy=0.0972; latency_max=0.0962; span_duration_mean=0.0937; latency_mean=0.0902; latency_p95_proxy=0.0777; rolling_latency_std=0.0609
tracerca_main_rca_all_dataset_explicit_label_csv,GitHub/Zenodo TraceRCA rca_all_dataset.csv,TraceRCA-main rca_all_dataset explicit-label CSV,traces+latency+labels,Autoencoder,42,chronological,explicit anomaly column,independent local raw CSV; main CSV-wide evidence,normal-preferred reconstruction training,183072,39230,39230,validation normal p95 reconstruction error,7.5361249400884844e-06,0.9864389497833291,0.9735320506430066,0.9999488019660046,0.9865636207506188,0.9981849571786069,19167,531,1,19531,16.050504599988926,0.00025407982015890904,0.00031810062651630203,24,1513.70703125,
tracerca_main_rca_all_dataset_explicit_label_csv,GitHub/Zenodo TraceRCA rca_all_dataset.csv,TraceRCA-main rca_all_dataset explicit-label CSV,traces+latency+labels,XGBoost,123,chronological,explicit anomaly column,independent local raw CSV; main CSV-wide evidence,SMOTEENN training-only balancing,183072,39230,39230,default 0.5 because validation lacked both classes,0.5,0.9969920978842722,0.9999484960857025,0.9940098300225272,0.996970319400226,0.999996714675857,19697,1,117,19415,1.8938833999854978,0.000666274145257221,0.0008315136767578224,24,1413.8515625,ewma_latency=0.6694; latency_mean=0.1377; rolling_latency_mean=0.0900; latency_max=0.0551; rolling_latency_std=0.0211; latency_p95_proxy=0.0190; rolling_zscore_latency=0.0077
tracerca_main_rca_all_dataset_explicit_label_csv,GitHub/Zenodo TraceRCA rca_all_dataset.csv,TraceRCA-main rca_all_dataset explicit-label CSV,traces+latency+labels,RandomForest,123,chronological,explicit anomaly column,independent local raw CSV; main CSV-wide evidence,SMOTEENN training-only balancing,183072,39230,39230,default 0.5 because validation lacked both classes,0.5,0.9971195513637522,0.9997941009934627,0.9944194142944911,0.9970995148746118,0.9999946041669929,19694,4,109,19423,13.567918699991424,0.015214476091948917,0.01992818173858468,24,1439.12890625,ewma_latency=0.2226; rolling_latency_mean=0.2036; latency_p95_proxy=0.1230; latency_p99_proxy=0.1080; span_duration_mean=0.0926; latency_mean=0.0897; latency_max=0.0713; rolling_latency_std=0.0503
tracerca_main_rca_all_dataset_explicit_label_csv,GitHub/Zenodo TraceRCA rca_all_dataset.csv,TraceRCA-main rca_all_dataset explicit-label CSV,traces+latency+labels,Autoencoder,123,chronological,explicit anomaly column,independent local raw CSV; main CSV-wide evidence,normal-preferred reconstruction training,183072,39230,39230,validation normal p95 reconstruction error,3.500866296235472e-05,0.9663777721131787,0.955757970071568,0.9777288552119598,0.9666185812264318,0.9954531841621509,18814,884,435,19097,18.167913500015857,0.0002962959138169268,0.0003464475924841927,24,1482.78125,
tracerca_main_rca_all_dataset_explicit_label_csv,GitHub/Zenodo TraceRCA rca_all_dataset.csv,TraceRCA-main rca_all_dataset explicit-label CSV,traces+latency+labels,XGBoost,2026,chronological,explicit anomaly column,independent local raw CSV; main CSV-wide evidence,SMOTEENN training-only balancing,183072,39230,39230,default 0.5 because validation lacked both classes,0.5,0.9968391537088963,1.0,0.9936514437845587,0.9968156137647664,0.9999970759575466,19698,0,124,19408,2.0584863000258338,0.0007781468574967856,0.0009920233017360336,24,1418.19921875,ewma_latency=0.7382; latency_mean=0.0903; latency_max=0.0827; rolling_latency_mean=0.0645; rolling_latency_std=0.0197; rolling_zscore_latency=0.0046; latency_p95_proxy=0.0001
tracerca_main_rca_all_dataset_explicit_label_csv,GitHub/Zenodo TraceRCA rca_all_dataset.csv,TraceRCA-main rca_all_dataset explicit-label CSV,traces+latency+labels,RandomForest,2026,chronological,explicit anomaly column,independent local raw CSV; main CSV-wide evidence,SMOTEENN training-only balancing,183072,39230,39230,default 0.5 because validation lacked both classes,0.5,0.9968646444047923,0.9998454802987381,0.9938562359205406,0.9968418620176137,0.9999907210386149,19695,3,120,19412,16.312490299984347,0.023587504749461786,0.036138634511910225,24,1440.10546875,ewma_latency=0.2584; rolling_latency_mean=0.1815; latency_max=0.1103; latency_mean=0.1081; latency_p99_proxy=0.0890; latency_p95_proxy=0.0880; span_duration_mean=0.0839; rolling_latency_std=0.0434
tracerca_main_rca_all_dataset_explicit_label_csv,GitHub/Zenodo TraceRCA rca_all_dataset.csv,TraceRCA-main rca_all_dataset explicit-label CSV,traces+latency+labels,Autoencoder,2026,chronological,explicit anomaly column,independent local raw CSV; main CSV-wide evidence,normal-preferred reconstruction training,183072,39230,39230,validation normal p95 reconstruction error,2.573500205471646e-05,0.9766250318633699,0.9578434748389001,0.9969281179602704,0.9769950578259452,0.9971996224497178,18841,857,60,19472,22.426398800016614,0.00038683817322929026,0.00044750762456502826,24,1484.1484375,
tracerca_main_rca_all_dataset_explicit_label_csv,GitHub/Zenodo TraceRCA rca_all_dataset.csv,TraceRCA-main rca_all_dataset explicit-label CSV,traces+latency+labels,XGBoost,7,chronological,explicit anomaly column,independent local raw CSV; main CSV-wide evidence,SMOTEENN training-only balancing,183072,39230,39230,default 0.5 because validation lacked both classes,0.5,0.9967626816212083,1.0,0.9934978496825722,0.9967383208773146,0.9999960336988589,19698,0,127,19405,2.040176100010285,0.000761137608396314,0.0009007783300889928,24,1414.47265625,ewma_latency=0.6917; rolling_latency_mean=0.1071; latency_max=0.0925; latency_mean=0.0854; rolling_latency_std=0.0190; rolling_zscore_latency=0.0043
tracerca_main_rca_all_dataset_explicit_label_csv,GitHub/Zenodo TraceRCA rca_all_dataset.csv,TraceRCA-main rca_all_dataset explicit-label CSV,traces+latency+labels,RandomForest,7,chronological,explicit anomaly column,independent local raw CSV; main CSV-wide evidence,SMOTEENN training-only balancing,183072,39230,39230,default 0.5 because validation lacked both classes,0.5,0.9971960234514402,0.9998455836936381,0.9945218103624821,0.99717659137577,0.9999945625806113,19695,3,107,19425,17.262926499999594,0.024530009702188493,0.03052266689137253,24,1439.3984375,ewma_latency=0.2391; rolling_latency_mean=0.2095; latency_p95_proxy=0.1121; latency_p99_proxy=0.1024; span_duration_mean=0.0961; latency_max=0.0706; rolling_latency_std=0.0690; latency_mean=0.0651
tracerca_main_rca_all_dataset_explicit_label_csv,GitHub/Zenodo TraceRCA rca_all_dataset.csv,TraceRCA-main rca_all_dataset explicit-label CSV,traces+latency+labels,Autoencoder,7,chronological,explicit anomaly column,independent local raw CSV; main CSV-wide evidence,normal-preferred reconstruction training,183072,39230,39230,validation normal p95 reconstruction error,1.0513395864109043e-05,0.9834310476676014,0.9678394449950446,0.9999488019660046,0.9836321514907332,0.9978924723596635,19049,649,1,19531,20.380712600017432,0.00031900990306673975,0.0003865563964922103,24,1483.046875,
tracerca_main_rca_all_dataset_explicit_label_csv,GitHub/Zenodo TraceRCA rca_all_dataset.csv,TraceRCA-main rca_all_dataset explicit-label CSV,traces+latency+labels,XGBoost,13,chronological,explicit anomaly column,independent local raw CSV; main CSV-wide evidence,SMOTEENN training-only balancing,183072,39230,39230,default 0.5 because validation lacked both classes,0.5,0.9967881723171043,1.0,0.9935490477165677,0.9967640864964816,0.9999954151014332,19698,0,126,19406,2.1874546999752056,0.0007938960897928473,0.000950255390883733,24,1418.07421875,ewma_latency=0.6584; latency_mean=0.1258; latency_max=0.0963; rolling_latency_mean=0.0860; rolling_latency_std=0.0173; rolling_zscore_latency=0.0101; latency_p95_proxy=0.0062
tracerca_main_rca_all_dataset_explicit_label_csv,GitHub/Zenodo TraceRCA rca_all_dataset.csv,TraceRCA-main rca_all_dataset explicit-label CSV,traces+latency+labels,RandomForest,13,chronological,explicit anomaly column,independent local raw CSV; main CSV-wide evidence,SMOTEENN training-only balancing,183072,39230,39230,default 0.5 because validation lacked both classes,0.5,0.9968391537088963,0.9998454723395488,0.9938050378865452,0.9968161043496123,0.9999948848750685,19695,3,121,19411,18.096848300017882,0.02455876226945853,0.03201351841294933,24,1442.37109375,rolling_latency_mean=0.2246; ewma_latency=0.2201; span_duration_mean=0.1031; latency_p99_proxy=0.0969; latency_mean=0.0937; latency_max=0.0842; latency_p95_proxy=0.0693; rolling_latency_std=0.0680
tracerca_main_rca_all_dataset_explicit_label_csv,GitHub/Zenodo TraceRCA rca_all_dataset.csv,TraceRCA-main rca_all_dataset explicit-label CSV,traces+latency+labels,Autoencoder,13,chronological,explicit anomaly column,independent local raw CSV; main CSV-wide evidence,normal-preferred reconstruction training,183072,39230,39230,validation normal p95 reconstruction error,1.999584856093861e-05,0.9799388223298496,0.9617222523277009,0.9994880196600451,0.9802415204237905,0.9979386670321277,18921,777,10,19522,22.78321500000311,0.00039454165006218517,0.0004734252915028492,24,1485.17578125,
tracerca_main_rca_all_dataset_explicit_label_csv,GitHub/Zenodo TraceRCA rca_all_dataset.csv,TraceRCA-main rca_all_dataset explicit-label CSV,traces+latency+labels,XGBoost,21,chronological,explicit anomaly column,independent local raw CSV; main CSV-wide evidence,SMOTEENN training-only balancing,183072,39230,39230,default 0.5 because validation lacked both classes,0.5,0.9966352281417282,1.0,0.9932418595125947,0.9966094729271551,0.9999959037414166,19698,0,132,19400,2.0813001000205986,0.0009058351787268786,0.0010828820510409042,24,1420.24609375,ewma_latency=0.7491; latency_mean=0.1231; rolling_latency_mean=0.0515; latency_max=0.0480; rolling_latency_std=0.0206; rolling_zscore_latency=0.0077
tracerca_main_rca_all_dataset_explicit_label_csv,GitHub/Zenodo TraceRCA rca_all_dataset.csv,TraceRCA-main rca_all_dataset explicit-label CSV,traces+latency+labels,RandomForest,21,chronological,explicit anomaly column,independent local raw CSV; main CSV-wide evidence,SMOTEENN training-only balancing,183072,39230,39230,default 0.5 because validation lacked both classes,0.5,0.9970430792760643,0.9998455359901143,0.9942146221585091,0.9970221286645787,0.9999945547831648,19695,3,113,19419,15.823378700006288,0.015632524828341966,0.021156044760760582,24,1442.859375,rolling_latency_mean=0.2384; ewma_latency=0.2089; latency_mean=0.1001; latency_max=0.0984; latency_p95_proxy=0.0883; latency_p99_proxy=0.0813; span_duration_mean=0.0813; rolling_latency_std=0.0611
tracerca_main_rca_all_dataset_explicit_label_csv,GitHub/Zenodo TraceRCA rca_all_dataset.csv,TraceRCA-main rca_all_dataset explicit-label CSV,traces+latency+labels,Autoencoder,21,chronological,explicit anomaly column,independent local raw CSV; main CSV-wide evidence,normal-preferred reconstruction training,183072,39230,39230,validation normal p95 reconstruction error,3.0124681870802306e-05,0.9653581442773388,0.9538938008891553,0.9776776571779644,0.9656393011554701,0.9933077245435359,18775,923,436,19096,15.368205400009174,0.0002872413234655297,0.0004036955806000393,24,1484.2109375,
tracerca_main_rca_all_dataset_explicit_label_csv,GitHub/Zenodo TraceRCA rca_all_dataset.csv,TraceRCA-main rca_all_dataset explicit-label CSV,traces+latency+labels,XGBoost,99,chronological,explicit anomaly column,independent local raw CSV; main CSV-wide evidence,SMOTEENN training-only balancing,183072,39230,39230,default 0.5 because validation lacked both classes,0.5,0.9964567932704563,1.0,0.9928834732746262,0.9964290301862556,0.9999958673533327,19698,0,139,19393,1.7541161999979522,0.0005743342719087129,0.0006681243880031246,24,1417.640625,ewma_latency=0.6435; rolling_latency_mean=0.1067; latency_mean=0.0827; latency_p95_proxy=0.0796; latency_max=0.0654; rolling_latency_std=0.0175; rolling_zscore_latency=0.0045
tracerca_main_rca_all_dataset_explicit_label_csv,GitHub/Zenodo TraceRCA rca_all_dataset.csv,TraceRCA-main rca_all_dataset explicit-label CSV,traces+latency+labels,RandomForest,99,chronological,explicit anomaly column,independent local raw CSV; main CSV-wide evidence,SMOTEENN training-only balancing,183072,39230,39230,default 0.5 because validation lacked both classes,0.5,0.9970940606678562,0.9998455518945635,0.9943170182265001,0.9970736215217169,0.9999948978708127,19695,3,111,19421,13.611961299990071,0.015293166906459616,0.02002364235079817,24,1440.2265625,ewma_latency=0.2515; rolling_latency_mean=0.2260; latency_mean=0.1029; span_duration_mean=0.0955; latency_p99_proxy=0.0860; latency_p95_proxy=0.0733; latency_max=0.0659; rolling_latency_std=0.0616
tracerca_main_rca_all_dataset_explicit_label_csv,GitHub/Zenodo TraceRCA rca_all_dataset.csv,TraceRCA-main rca_all_dataset explicit-label CSV,traces+latency+labels,Autoencoder,99,chronological,explicit anomaly column,independent local raw CSV; main CSV-wide evidence,normal-preferred reconstruction training,183072,39230,39230,validation normal p95 reconstruction error,7.608395208080765e-06,0.9855722661228652,0.9718849522292994,0.9999488019660046,0.9857171696780055,0.9984420168983351,19133,565,1,19531,14.879612599994289,0.00022630282994864041,0.00027869232380365005,24,1485.4375,
tracerca_main_rca_all_dataset_explicit_label_csv,GitHub/Zenodo TraceRCA rca_all_dataset.csv,TraceRCA-main rca_all_dataset explicit-label CSV,traces+latency+labels,XGBoost,314,chronological,explicit anomaly column,independent local raw CSV; main CSV-wide evidence,SMOTEENN training-only balancing,183072,39230,39230,default 0.5 because validation lacked both classes,0.5,0.9967117002294162,1.0,0.9933954536145811,0.9966867856684217,0.9999974684290226,19698,0,129,19403,1.792084699991392,0.0005188539514865357,0.0006214298935346628,24,1425.19921875,ewma_latency=0.4599; latency_p95_proxy=0.3088; rolling_latency_mean=0.0966; latency_mean=0.0621; latency_max=0.0550; rolling_latency_std=0.0143; rolling_zscore_latency=0.0032
tracerca_main_rca_all_dataset_explicit_label_csv,GitHub/Zenodo TraceRCA rca_all_dataset.csv,TraceRCA-main rca_all_dataset explicit-label CSV,traces+latency+labels,RandomForest,314,chronological,explicit anomaly column,independent local raw CSV; main CSV-wide evidence,SMOTEENN training-only balancing,183072,39230,39230,default 0.5 because validation lacked both classes,0.5,0.9968901351006882,0.9998454882571075,0.9939074339545362,0.9968676183629455,0.9999944924035924,19695,3,119,19413,13.921917700004997,0.020812423072138733,0.025001918950096066,24,1445.953125,ewma_latency=0.2469; rolling_latency_mean=0.2116; latency_max=0.1014; latency_mean=0.0949; span_duration_mean=0.0935; latency_p99_proxy=0.0827; latency_p95_proxy=0.0809; rolling_latency_std=0.0586
tracerca_main_rca_all_dataset_explicit_label_csv,GitHub/Zenodo TraceRCA rca_all_dataset.csv,TraceRCA-main rca_all_dataset explicit-label CSV,traces+latency+labels,Autoencoder,314,chronological,explicit anomaly column,independent local raw CSV; main CSV-wide evidence,normal-preferred reconstruction training,183072,39230,39230,validation normal p95 reconstruction error,1.0393466254754458e-05,0.9836859546265613,0.9683192860684184,0.9999488019660046,0.9838799052944436,0.9984803426476639,19059,639,1,19531,15.785456299985526,0.00032205399319144623,0.00038624569918343534,24,1259.7265625,
tracerca_main_rca_all_dataset_explicit_label_csv,GitHub/Zenodo TraceRCA rca_all_dataset.csv,TraceRCA-main rca_all_dataset explicit-label CSV,traces+latency+labels,XGBoost,2718,chronological,explicit anomaly column,independent local raw CSV; main CSV-wide evidence,SMOTEENN training-only balancing,183072,39230,39230,default 0.5 because validation lacked both classes,0.5,0.9965587560540403,1.0,0.9930882654106082,0.9965321482699273,0.9999964807524606,19698,0,135,19397,1.771987700019963,0.0006889267455546923,0.000774672043604428,24,1193.26953125,ewma_latency=0.6673; latency_mean=0.1162; latency_max=0.0939; rolling_latency_mean=0.0724; latency_p95_proxy=0.0215; rolling_latency_std=0.0210; rolling_zscore_latency=0.0076
tracerca_main_rca_all_dataset_explicit_label_csv,GitHub/Zenodo TraceRCA rca_all_dataset.csv,TraceRCA-main rca_all_dataset explicit-label CSV,traces+latency+labels,RandomForest,2718,chronological,explicit anomaly column,independent local raw CSV; main CSV-wide evidence,SMOTEENN training-only balancing,183072,39230,39230,default 0.5 because validation lacked both classes,0.5,0.9967371909253122,0.9998454404945905,0.9936002457505632,0.9967130604488726,0.9999938205236154,19695,3,125,19407,14.318324099993333,0.015779519636033926,0.02190315022978571,24,1214.3671875,rolling_latency_mean=0.2191; ewma_latency=0.2177; latency_p99_proxy=0.1072; latency_p95_proxy=0.0981; span_duration_mean=0.0883; latency_max=0.0880; latency_mean=0.0758; rolling_latency_std=0.0679
tracerca_main_rca_all_dataset_explicit_label_csv,GitHub/Zenodo TraceRCA rca_all_dataset.csv,TraceRCA-main rca_all_dataset explicit-label CSV,traces+latency+labels,Autoencoder,2718,chronological,explicit anomaly column,independent local raw CSV; main CSV-wide evidence,normal-preferred reconstruction training,183072,39230,39230,validation normal p95 reconstruction error,6.648432645306457e-06,0.986999745093041,0.9746007984031936,0.9999488019660046,0.9871120994642677,0.9984633896993069,19189,509,1,19531,15.70317300001625,0.0002701445355678835,0.00030206176724334455,24,1257.05859375,
tracerca_main_rca_all_dataset_explicit_label_csv,GitHub/Zenodo TraceRCA rca_all_dataset.csv,TraceRCA-main rca_all_dataset explicit-label CSV,traces+latency+labels,XGBoost,9001,chronological,explicit anomaly column,independent local raw CSV; main CSV-wide evidence,SMOTEENN training-only balancing,183072,39230,39230,default 0.5 because validation lacked both classes,0.5,0.9968391537088963,1.0,0.9936514437845587,0.9968156137647664,0.9999975879898697,19698,0,124,19408,2.106057700002566,0.000794572772458417,0.0009382447299962794,24,1196.18359375,ewma_latency=0.5249; latency_p95_proxy=0.2494; latency_mean=0.0977; rolling_latency_mean=0.0592; latency_max=0.0471; rolling_latency_std=0.0160; rolling_zscore_latency=0.0058
tracerca_main_rca_all_dataset_explicit_label_csv,GitHub/Zenodo TraceRCA rca_all_dataset.csv,TraceRCA-main rca_all_dataset explicit-label CSV,traces+latency+labels,RandomForest,9001,chronological,explicit anomaly column,independent local raw CSV; main CSV-wide evidence,SMOTEENN training-only balancing,183072,39230,39230,default 0.5 because validation lacked both classes,0.5,0.9967626816212083,0.9998454484570605,0.9936514437845587,0.9967388234085715,0.9999951993720789,19695,3,124,19408,15.260123399988515,0.01540943845135262,0.02032227280964779,24,1217.703125,ewma_latency=0.2456; rolling_latency_mean=0.2031; span_duration_mean=0.1067; latency_p95_proxy=0.0952; latency_p99_proxy=0.0905; latency_mean=0.0861; latency_max=0.0772; rolling_latency_std=0.0561
tracerca_main_rca_all_dataset_explicit_label_csv,GitHub/Zenodo TraceRCA rca_all_dataset.csv,TraceRCA-main rca_all_dataset explicit-label CSV,traces+latency+labels,Autoencoder,9001,chronological,explicit anomaly column,independent local raw CSV; main CSV-wide evidence,normal-preferred reconstruction training,183072,39230,39230,validation normal p95 reconstruction error,7.0510686782654375e-06,0.9869232730053531,0.9744549219178765,0.9999488019660046,0.987037271004422,0.9981544925549668,19186,512,1,19531,15.425090700009605,0.00022724964596526945,0.00032447765265823723,24,1260.64453125,
trainticket_graph_cache_derived_multimodal_tensors,GitHub TrainTicket derived graph-cache artifacts,TrainTicket graph-cache derived multimodal tensors,derived graph-cache trace+log+metric tensors,XGBoost,42,chronological,graph-cache object label,derived graph cache; limited/supporting evidence only,SMOTEENN training-only balancing,2338,501,502,validation max_f1,0.0006640013307332996,1.0,1.0,1.0,1.0,1.0,118,0,0,384,0.08233129998552613,0.0018818725194537128,0.0018818725194537128,24,871.81640625,error_rate=0.5872; failed_span_ratio=0.3883; latency_p95_proxy=0.0113; latency_max=0.0066; input_numeric_column_count=0.0036; latency_mean=0.0015; latency_p99_proxy=0.0012; request_rate=0.0002
trainticket_graph_cache_derived_multimodal_tensors,GitHub TrainTicket derived graph-cache artifacts,TrainTicket graph-cache derived multimodal tensors,derived graph-cache trace+log+metric tensors,RandomForest,42,chronological,graph-cache object label,derived graph cache; limited/supporting evidence only,SMOTEENN training-only balancing,2338,501,502,validation max_f1,0.05669806177932722,1.0,1.0,1.0,1.0,1.0,118,0,0,384,0.608481400005985,0.09355816732260928,0.09355816732260928,24,877.04296875,error_rate=0.4596; failed_span_ratio=0.4354; latency_p95_proxy=0.0266; span_duration_mean=0.0174; latency_mean=0.0161; latency_p99_proxy=0.0140; latency_max=0.0098; fanout_proxy=0.0062
trainticket_graph_cache_derived_multimodal_tensors,GitHub TrainTicket derived graph-cache artifacts,TrainTicket graph-cache derived multimodal tensors,derived graph-cache trace+log+metric tensors,Autoencoder,42,chronological,graph-cache object label,derived graph cache; limited/supporting evidence only,normal-preferred reconstruction training,2338,501,502,validation normal p95 reconstruction error,0.2823583781719208,0.5159362549800797,0.9221556886227545,0.4010416666666667,0.558983666061706,0.7461158192090396,105,13,230,154,0.08007419999921694,0.0007932271021770767,0.0007932271021770767,24,879.56640625,
trainticket_graph_cache_derived_multimodal_tensors,GitHub TrainTicket derived graph-cache artifacts,TrainTicket graph-cache derived multimodal tensors,derived graph-cache trace+log+metric tensors,XGBoost,123,chronological,graph-cache object label,derived graph cache; limited/supporting evidence only,SMOTEENN training-only balancing,2338,501,502,validation max_f1,0.0006711383466608822,1.0,1.0,1.0,1.0,1.0,118,0,0,384,0.0955363999819383,0.0021792828815940957,0.0021792828815940957,24,880.8828125,error_rate=0.6090; failed_span_ratio=0.3750; latency_mean=0.0070; latency_p95_proxy=0.0041; input_numeric_column_count=0.0025; latency_max=0.0014; latency_p99_proxy=0.0009
trainticket_graph_cache_derived_multimodal_tensors,GitHub TrainTicket derived graph-cache artifacts,TrainTicket graph-cache derived multimodal tensors,derived graph-cache trace+log+metric tensors,RandomForest,123,chronological,graph-cache object label,derived graph cache; limited/supporting evidence only,SMOTEENN training-only balancing,2338,501,502,validation max_f1,0.07219196573235918,1.0,1.0,1.0,1.0,1.0,118,0,0,384,0.6220945999957621,0.10240836654774904,0.10240836654774904,24,882.37109375,error_rate=0.4588; failed_span_ratio=0.4256; latency_p95_proxy=0.0279; latency_mean=0.0254; span_duration_mean=0.0182; latency_p99_proxy=0.0118; latency_max=0.0106; input_numeric_column_count=0.0061
trainticket_graph_cache_derived_multimodal_tensors,GitHub TrainTicket derived graph-cache artifacts,TrainTicket graph-cache derived multimodal tensors,derived graph-cache trace+log+metric tensors,Autoencoder,123,chronological,graph-cache object label,derived graph cache; limited/supporting evidence only,normal-preferred reconstruction training,2338,501,502,validation normal p95 reconstruction error,0.3277273178100586,0.4960159362549801,0.9645390070921985,0.3541666666666667,0.518095238095238,0.7014477401129944,113,5,248,136,0.08480539999436587,0.0006639442348155189,0.0006639442348155189,24,884.328125,
trainticket_graph_cache_derived_multimodal_tensors,GitHub TrainTicket derived graph-cache artifacts,TrainTicket graph-cache derived multimodal tensors,derived graph-cache trace+log+metric tensors,XGBoost,2026,chronological,graph-cache object label,derived graph cache; limited/supporting evidence only,SMOTEENN training-only balancing,2338,501,502,validation max_f1,0.9993436932563782,1.0,1.0,1.0,1.0,1.0,118,0,0,384,0.08785870001884177,0.001540438265565679,0.001540438265565679,24,887.05078125,failed_span_ratio=0.5012; error_rate=0.4592; input_numeric_column_count=0.0171; latency_mean=0.0087; latency_p99_proxy=0.0071; latency_max=0.0067
trainticket_graph_cache_derived_multimodal_tensors,GitHub TrainTicket derived graph-cache artifacts,TrainTicket graph-cache derived multimodal tensors,derived graph-cache trace+log+metric tensors,RandomForest,2026,chronological,graph-cache object label,derived graph cache; limited/supporting evidence only,SMOTEENN training-only balancing,2338,501,502,validation max_f1,0.05047207130861754,1.0,1.0,1.0,1.0,1.0,118,0,0,384,0.6111416000057943,0.09611792823223703,0.09611792823223703,24,888.41796875,failed_span_ratio=0.4587; error_rate=0.4296; latency_p95_proxy=0.0281; latency_mean=0.0209; span_duration_mean=0.0183; latency_max=0.0118; latency_p99_proxy=0.0115; fanout_proxy=0.0063
trainticket_graph_cache_derived_multimodal_tensors,GitHub TrainTicket derived graph-cache artifacts,TrainTicket graph-cache derived multimodal tensors,derived graph-cache trace+log+metric tensors,Autoencoder,2026,chronological,graph-cache object label,derived graph cache; limited/supporting evidence only,normal-preferred reconstruction training,2338,501,502,validation normal p95 reconstruction error,0.23168489336967468,0.5338645418326693,0.9120879120879121,0.4322916666666667,0.5865724381625441,0.8416092867231639,102,16,218,166,0.051369599997997284,0.0007653386755085799,0.0007653386755085799,24,891.0546875,
trainticket_graph_cache_derived_multimodal_tensors,GitHub TrainTicket derived graph-cache artifacts,TrainTicket graph-cache derived multimodal tensors,derived graph-cache trace+log+metric tensors,XGBoost,7,chronological,graph-cache object label,derived graph cache; limited/supporting evidence only,SMOTEENN training-only balancing,2338,501,502,validation max_f1,0.0006613652221858504,1.0,1.0,1.0,1.0,1.0,118,0,0,384,0.10660579998511821,0.002000000039338175,0.002000000039338175,24,892.65625,error_rate=0.6599; failed_span_ratio=0.3192; latency_p95_proxy=0.0065; input_numeric_column_count=0.0055; latency_max=0.0047; latency_mean=0.0028; latency_p99_proxy=0.0009; request_rate=0.0006
trainticket_graph_cache_derived_multimodal_tensors,GitHub TrainTicket derived graph-cache artifacts,TrainTicket graph-cache derived multimodal tensors,derived graph-cache trace+log+metric tensors,RandomForest,7,chronological,graph-cache object label,derived graph cache; limited/supporting evidence only,SMOTEENN training-only balancing,2338,501,502,validation max_f1,0.06641606763254837,1.0,1.0,1.0,1.0,1.0,118,0,0,384,0.6108495999942534,0.094968326697293,0.094968326697293,24,893.265625,error_rate=0.4488; failed_span_ratio=0.4458; latency_p95_proxy=0.0258; latency_mean=0.0209; span_duration_mean=0.0162; latency_p99_proxy=0.0116; latency_max=0.0107; trace_depth_proxy=0.0053
trainticket_graph_cache_derived_multimodal_tensors,GitHub TrainTicket derived graph-cache artifacts,TrainTicket graph-cache derived multimodal tensors,derived graph-cache trace+log+metric tensors,Autoencoder,7,chronological,graph-cache object label,derived graph cache; limited/supporting evidence only,normal-preferred reconstruction training,2338,501,502,validation normal p95 reconstruction error,0.44655346870422363,0.38247011952191234,0.8425925925925926,0.23697916666666666,0.3699186991869919,0.7900997528248588,101,17,293,91,0.06243499999982305,0.0007525896324230677,0.0007525896324230677,24,895.61328125,
trainticket_graph_cache_derived_multimodal_tensors,GitHub TrainTicket derived graph-cache artifacts,TrainTicket graph-cache derived multimodal tensors,derived graph-cache trace+log+metric tensors,XGBoost,13,chronological,graph-cache object label,derived graph cache; limited/supporting evidence only,SMOTEENN training-only balancing,2338,501,502,validation max_f1,0.0006458166171796621,1.0,1.0,1.0,1.0,1.0,118,0,0,384,0.08412109999335371,0.0016758964207780314,0.0016758964207780314,24,897.32421875,error_rate=0.6044; failed_span_ratio=0.2889; latency_max=0.0364; latency_p95_proxy=0.0305; input_numeric_column_count=0.0181; latency_mean=0.0144; latency_p99_proxy=0.0071; span_duration_mean=0.0001
trainticket_graph_cache_derived_multimodal_tensors,GitHub TrainTicket derived graph-cache artifacts,TrainTicket graph-cache derived multimodal tensors,derived graph-cache trace+log+metric tensors,RandomForest,13,chronological,graph-cache object label,derived graph cache; limited/supporting evidence only,SMOTEENN training-only balancing,2338,501,502,validation max_f1,0.04925727588102381,1.0,1.0,1.0,1.0,1.0,118,0,0,384,0.599205600010464,0.09528824701706742,0.09528824701706742,24,897.859375,error_rate=0.4542; failed_span_ratio=0.4337; latency_p95_proxy=0.0293; span_duration_mean=0.0210; latency_mean=0.0182; latency_p99_proxy=0.0123; latency_max=0.0103; trace_depth_proxy=0.0055
trainticket_graph_cache_derived_multimodal_tensors,GitHub TrainTicket derived graph-cache artifacts,TrainTicket graph-cache derived multimodal tensors,derived graph-cache trace+log+metric tensors,Autoencoder,13,chronological,graph-cache object label,derived graph cache; limited/supporting evidence only,normal-preferred reconstruction training,2338,501,502,validation normal p95 reconstruction error,0.24420274794101715,0.48804780876494025,0.9096774193548387,0.3671875,0.5231910946196661,0.7462040960451978,104,14,243,141,0.05710440000984818,0.0011500000023279354,0.0011500000023279354,24,899.0703125,
trainticket_graph_cache_derived_multimodal_tensors,GitHub TrainTicket derived graph-cache artifacts,TrainTicket graph-cache derived multimodal tensors,derived graph-cache trace+log+metric tensors,XGBoost,21,chronological,graph-cache object label,derived graph cache; limited/supporting evidence only,SMOTEENN training-only balancing,2338,501,502,validation max_f1,0.0006505886558443309,1.0,1.0,1.0,1.0,1.0,118,0,0,384,0.10714109998662025,0.0018585657430033522,0.0018585657430033522,24,900.05078125,failed_span_ratio=0.5719; error_rate=0.3712; latency_max=0.0300; latency_p95_proxy=0.0134; input_numeric_column_count=0.0083; latency_mean=0.0029; latency_p99_proxy=0.0022; span_duration_mean=0.0001
trainticket_graph_cache_derived_multimodal_tensors,GitHub TrainTicket derived graph-cache artifacts,TrainTicket graph-cache derived multimodal tensors,derived graph-cache trace+log+metric tensors,RandomForest,21,chronological,graph-cache object label,derived graph cache; limited/supporting evidence only,SMOTEENN training-only balancing,2338,501,502,validation max_f1,0.05000721977515872,0.99800796812749,0.9974025974025974,1.0,0.9986996098829649,1.0,117,1,0,384,0.5898105000087526,0.09415577685477146,0.09415577685477146,24,901.21484375,failed_span_ratio=0.4479; error_rate=0.4374; latency_p95_proxy=0.0277; latency_mean=0.0218; span_duration_mean=0.0200; latency_max=0.0120; latency_p99_proxy=0.0110; input_numeric_column_count=0.0059
trainticket_graph_cache_derived_multimodal_tensors,GitHub TrainTicket derived graph-cache artifacts,TrainTicket graph-cache derived multimodal tensors,derived graph-cache trace+log+metric tensors,Autoencoder,21,chronological,graph-cache object label,derived graph cache; limited/supporting evidence only,normal-preferred reconstruction training,2338,501,502,validation normal p95 reconstruction error,0.26206323504447937,0.5199203187250996,0.9181286549707602,0.4088541666666667,0.5657657657657658,0.7730843926553672,104,14,227,157,0.05731849998119287,0.0011886454250411207,0.0011886454250411207,24,903.109375,
trainticket_graph_cache_derived_multimodal_tensors,GitHub TrainTicket derived graph-cache artifacts,TrainTicket graph-cache derived multimodal tensors,derived graph-cache trace+log+metric tensors,XGBoost,99,chronological,graph-cache object label,derived graph cache; limited/supporting evidence only,SMOTEENN training-only balancing,2338,501,502,validation max_f1,0.9993200302124023,1.0,1.0,1.0,1.0,1.0,118,0,0,384,0.0941506999952253,0.002206175284742181,0.002206175284742181,24,904.375,failed_span_ratio=0.3449; error_rate=0.3022; latency_p95_proxy=0.1390; latency_max=0.1039; latency_mean=0.0455; request_rate=0.0376; latency_p99_proxy=0.0269
trainticket_graph_cache_derived_multimodal_tensors,GitHub TrainTicket derived graph-cache artifacts,TrainTicket graph-cache derived multimodal tensors,derived graph-cache trace+log+metric tensors,RandomForest,99,chronological,graph-cache object label,derived graph cache; limited/supporting evidence only,SMOTEENN training-only balancing,2338,501,502,validation max_f1,0.039440246412359395,0.99800796812749,0.9974025974025974,1.0,0.9986996098829649,0.9999999999999999,117,1,0,384,0.6185629999963567,0.09221573708350753,0.09221573708350753,24,904.921875,failed_span_ratio=0.4674; error_rate=0.4215; latency_p95_proxy=0.0301; span_duration_mean=0.0204; latency_mean=0.0164; latency_max=0.0111; latency_p99_proxy=0.0109; trace_depth_proxy=0.0064
trainticket_graph_cache_derived_multimodal_tensors,GitHub TrainTicket derived graph-cache artifacts,TrainTicket graph-cache derived multimodal tensors,derived graph-cache trace+log+metric tensors,Autoencoder,99,chronological,graph-cache object label,derived graph cache; limited/supporting evidence only,normal-preferred reconstruction training,2338,501,502,validation normal p95 reconstruction error,0.28613582253456116,0.5159362549800797,0.9028571428571428,0.4114583333333333,0.5652951699463328,0.8736758474576272,101,17,226,158,0.0542221000068821,0.0007649402661004151,0.0007649402661004151,24,906.56640625,
trainticket_graph_cache_derived_multimodal_tensors,GitHub TrainTicket derived graph-cache artifacts,TrainTicket graph-cache derived multimodal tensors,derived graph-cache trace+log+metric tensors,XGBoost,314,chronological,graph-cache object label,derived graph cache; limited/supporting evidence only,SMOTEENN training-only balancing,2338,501,502,validation max_f1,0.9993801116943359,1.0,1.0,1.0,1.0,1.0,118,0,0,384,0.08103450000635348,0.001482669307212104,0.001482669307212104,24,907.578125,error_rate=0.7014; failed_span_ratio=0.2985; latency_mean=0.0001
trainticket_graph_cache_derived_multimodal_tensors,GitHub TrainTicket derived graph-cache artifacts,TrainTicket graph-cache derived multimodal tensors,derived graph-cache trace+log+metric tensors,RandomForest,314,chronological,graph-cache object label,derived graph cache; limited/supporting evidence only,SMOTEENN training-only balancing,2338,501,502,validation max_f1,0.04161190656291106,1.0,1.0,1.0,1.0,1.0,118,0,0,384,0.6014427999907639,0.09725019918982888,0.09725019918982888,24,908.26171875,error_rate=0.4603; failed_span_ratio=0.4349; latency_p95_proxy=0.0303; span_duration_mean=0.0201; latency_mean=0.0150; latency_max=0.0109; latency_p99_proxy=0.0104; trace_depth_proxy=0.0056
trainticket_graph_cache_derived_multimodal_tensors,GitHub TrainTicket derived graph-cache artifacts,TrainTicket graph-cache derived multimodal tensors,derived graph-cache trace+log+metric tensors,Autoencoder,314,chronological,graph-cache object label,derived graph cache; limited/supporting evidence only,normal-preferred reconstruction training,2338,501,502,validation normal p95 reconstruction error,0.3569839298725128,0.39243027888446214,0.8558558558558559,0.24739583333333334,0.3838383838383838,0.716896186440678,102,16,289,95,0.05648899998050183,0.0009685259083271085,0.0009685259083271085,24,908.734375,
trainticket_graph_cache_derived_multimodal_tensors,GitHub TrainTicket derived graph-cache artifacts,TrainTicket graph-cache derived multimodal tensors,derived graph-cache trace+log+metric tensors,XGBoost,2718,chronological,graph-cache object label,derived graph cache; limited/supporting evidence only,SMOTEENN training-only balancing,2338,501,502,validation max_f1,0.9993765950202942,1.0,1.0,1.0,1.0,1.0,118,0,0,384,0.07995669997762889,0.0015019920475565758,0.0015019920475565758,24,909.33984375,failed_span_ratio=0.5233; error_rate=0.4759; latency_mean=0.0004; input_numeric_column_count=0.0003; latency_max=0.0002
trainticket_graph_cache_derived_multimodal_tensors,GitHub TrainTicket derived graph-cache artifacts,TrainTicket graph-cache derived multimodal tensors,derived graph-cache trace+log+metric tensors,RandomForest,2718,chronological,graph-cache object label,derived graph cache; limited/supporting evidence only,SMOTEENN training-only balancing,2338,501,502,validation max_f1,0.032700532550685696,0.9960159362549801,0.9948186528497409,1.0,0.9974025974025974,1.0,116,2,0,384,0.6233183000003919,0.09605537847693699,0.09605537847693699,24,910.05078125,failed_span_ratio=0.4425; error_rate=0.4397; latency_p95_proxy=0.0331; span_duration_mean=0.0210; latency_mean=0.0175; latency_max=0.0128; latency_p99_proxy=0.0112; fanout_proxy=0.0064
trainticket_graph_cache_derived_multimodal_tensors,GitHub TrainTicket derived graph-cache artifacts,TrainTicket graph-cache derived multimodal tensors,derived graph-cache trace+log+metric tensors,Autoencoder,2718,chronological,graph-cache object label,derived graph cache; limited/supporting evidence only,normal-preferred reconstruction training,2338,501,502,validation normal p95 reconstruction error,0.3676348030567169,0.44621513944223107,0.9015151515151515,0.3098958333333333,0.46124031007751937,0.7131002824858756,105,13,265,119,0.07945839999592863,0.0008033864841095183,0.0008033864841095183,24,910.1015625,
trainticket_graph_cache_derived_multimodal_tensors,GitHub TrainTicket derived graph-cache artifacts,TrainTicket graph-cache derived multimodal tensors,derived graph-cache trace+log+metric tensors,XGBoost,9001,chronological,graph-cache object label,derived graph cache; limited/supporting evidence only,SMOTEENN training-only balancing,2338,501,502,validation max_f1,0.9993808269500732,1.0,1.0,1.0,1.0,1.0,118,0,0,384,0.09616709998226725,0.0018651394402623119,0.0018651394402623119,24,910.71875,error_rate=0.5379; failed_span_ratio=0.4620; latency_mean=0.0001
trainticket_graph_cache_derived_multimodal_tensors,GitHub TrainTicket derived graph-cache artifacts,TrainTicket graph-cache derived multimodal tensors,derived graph-cache trace+log+metric tensors,RandomForest,9001,chronological,graph-cache object label,derived graph cache; limited/supporting evidence only,SMOTEENN training-only balancing,2338,501,502,validation max_f1,0.044251444785677684,1.0,1.0,1.0,1.0,1.0,118,0,0,384,0.6000867999973707,0.0943029880295489,0.0943029880295489,24,911.8515625,failed_span_ratio=0.4911; error_rate=0.4008; latency_p95_proxy=0.0286; latency_mean=0.0171; span_duration_mean=0.0157; latency_p99_proxy=0.0147; latency_max=0.0092; input_numeric_column_count=0.0065
trainticket_graph_cache_derived_multimodal_tensors,GitHub TrainTicket derived graph-cache artifacts,TrainTicket graph-cache derived multimodal tensors,derived graph-cache trace+log+metric tensors,Autoencoder,9001,chronological,graph-cache object label,derived graph cache; limited/supporting evidence only,normal-preferred reconstruction training,2338,501,502,validation normal p95 reconstruction error,0.3047637343406677,0.4800796812749004,0.912751677852349,0.3541666666666667,0.5103189493433395,0.8096751412429378,105,13,248,136,0.05507420000503771,0.000785458176693623,0.000785458176693623,24,911.32421875,
