view_id,model,seed,feature,importance_mean,importance_std
rcaeval_recursive_service_fault_csv_windows,XGBoost,42,input_numeric_column_count,0.3743055555555556,0.007670389595268903
rcaeval_recursive_service_fault_csv_windows,XGBoost,42,request_rate,0.0,0.0
rcaeval_recursive_service_fault_csv_windows,XGBoost,42,error_rate,0.0,0.0
rcaeval_recursive_service_fault_csv_windows,XGBoost,42,cpu_mean,0.0,0.0
rcaeval_recursive_service_fault_csv_windows,XGBoost,42,cpu_max,0.0,0.0
rcaeval_recursive_service_fault_csv_windows,XGBoost,42,memory_mean,0.0,0.0
rcaeval_recursive_service_fault_csv_windows,XGBoost,42,memory_max,0.0,0.0
rcaeval_recursive_service_fault_csv_windows,XGBoost,42,network_or_size_mean,0.0,0.0
rcaeval_recursive_service_fault_csv_windows,XGBoost,42,latency_mean,0.0,0.0
rcaeval_recursive_service_fault_csv_windows,XGBoost,42,latency_max,0.0,0.0
rcaeval_recursive_service_fault_csv_windows,XGBoost,42,latency_p95_proxy,0.0,0.0
rcaeval_recursive_service_fault_csv_windows,XGBoost,42,latency_p99_proxy,0.0,0.0
rcaeval_recursive_service_fault_csv_windows,XGBoost,42,span_duration_mean,0.0,0.0
rcaeval_recursive_service_fault_csv_windows,XGBoost,42,failed_span_ratio,0.0,0.0
rcaeval_recursive_service_fault_csv_windows,XGBoost,42,trace_depth_proxy,0.0,0.0
rcaeval_recursive_service_fault_csv_windows,XGBoost,42,fanout_proxy,0.0,0.0
rcaeval_recursive_service_fault_csv_windows,XGBoost,42,log_error_indicator,0.0,0.0
rcaeval_recursive_service_fault_csv_windows,XGBoost,42,log_template_frequency_proxy,0.0,0.0
rcaeval_recursive_service_fault_csv_windows,XGBoost,42,log_entropy_proxy,0.0,0.0
rcaeval_recursive_service_fault_csv_windows,XGBoost,42,service_metric_entropy,0.0,0.0
rcaeval_recursive_service_fault_csv_windows,XGBoost,42,rolling_latency_mean,0.0,0.0
rcaeval_recursive_service_fault_csv_windows,XGBoost,42,rolling_latency_std,0.0,0.0
rcaeval_recursive_service_fault_csv_windows,XGBoost,42,ewma_latency,0.0,0.0
rcaeval_recursive_service_fault_csv_windows,XGBoost,42,rolling_zscore_latency,0.0,0.0
rcaeval_recursive_service_fault_csv_windows,XGBoost,42,latency_threshold_p95,0.0,0.0
rcaeval_recursive_service_fault_csv_windows,XGBoost,42,latency_threshold_exceeded,0.0,0.0
rcaeval_recursive_service_fault_csv_windows,RandomForest,42,fanout_proxy,0.16862108129301512,0.00525350827761507
rcaeval_recursive_service_fault_csv_windows,RandomForest,42,input_numeric_column_count,0.0,0.0
rcaeval_recursive_service_fault_csv_windows,RandomForest,42,error_rate,0.0,0.0
rcaeval_recursive_service_fault_csv_windows,RandomForest,42,cpu_mean,0.0,0.0
rcaeval_recursive_service_fault_csv_windows,RandomForest,42,cpu_max,0.0,0.0
rcaeval_recursive_service_fault_csv_windows,RandomForest,42,memory_mean,0.0,0.0
rcaeval_recursive_service_fault_csv_windows,RandomForest,42,memory_max,0.0,0.0
rcaeval_recursive_service_fault_csv_windows,RandomForest,42,network_or_size_mean,0.0,0.0
rcaeval_recursive_service_fault_csv_windows,RandomForest,42,latency_mean,0.0,0.0
rcaeval_recursive_service_fault_csv_windows,RandomForest,42,request_rate,0.0,0.0
rcaeval_recursive_service_fault_csv_windows,RandomForest,42,latency_max,0.0,0.0
rcaeval_recursive_service_fault_csv_windows,RandomForest,42,latency_p95_proxy,0.0,0.0
rcaeval_recursive_service_fault_csv_windows,RandomForest,42,span_duration_mean,0.0,0.0
rcaeval_recursive_service_fault_csv_windows,RandomForest,42,latency_p99_proxy,0.0,0.0
rcaeval_recursive_service_fault_csv_windows,RandomForest,42,failed_span_ratio,0.0,0.0
rcaeval_recursive_service_fault_csv_windows,RandomForest,42,trace_depth_proxy,0.0,0.0
rcaeval_recursive_service_fault_csv_windows,RandomForest,42,log_error_indicator,0.0,0.0
rcaeval_recursive_service_fault_csv_windows,RandomForest,42,log_template_frequency_proxy,0.0,0.0
rcaeval_recursive_service_fault_csv_windows,RandomForest,42,log_entropy_proxy,0.0,0.0
rcaeval_recursive_service_fault_csv_windows,RandomForest,42,service_metric_entropy,0.0,0.0
rcaeval_recursive_service_fault_csv_windows,RandomForest,42,rolling_latency_mean,0.0,0.0
rcaeval_recursive_service_fault_csv_windows,RandomForest,42,rolling_latency_std,0.0,0.0
rcaeval_recursive_service_fault_csv_windows,RandomForest,42,ewma_latency,0.0,0.0
rcaeval_recursive_service_fault_csv_windows,RandomForest,42,rolling_zscore_latency,0.0,0.0
rcaeval_recursive_service_fault_csv_windows,RandomForest,42,latency_threshold_p95,0.0,0.0
rcaeval_recursive_service_fault_csv_windows,RandomForest,42,latency_threshold_exceeded,0.0,0.0
rcaeval_recursive_service_fault_csv_windows,XGBoost,123,input_numeric_column_count,0.3902777777777778,0.014665772279126995
rcaeval_recursive_service_fault_csv_windows,XGBoost,123,request_rate,0.0,0.0
rcaeval_recursive_service_fault_csv_windows,XGBoost,123,error_rate,0.0,0.0
rcaeval_recursive_service_fault_csv_windows,XGBoost,123,cpu_mean,0.0,0.0
rcaeval_recursive_service_fault_csv_windows,XGBoost,123,cpu_max,0.0,0.0
rcaeval_recursive_service_fault_csv_windows,XGBoost,123,memory_mean,0.0,0.0
rcaeval_recursive_service_fault_csv_windows,XGBoost,123,memory_max,0.0,0.0
rcaeval_recursive_service_fault_csv_windows,XGBoost,123,network_or_size_mean,0.0,0.0
rcaeval_recursive_service_fault_csv_windows,XGBoost,123,latency_mean,0.0,0.0
rcaeval_recursive_service_fault_csv_windows,XGBoost,123,latency_max,0.0,0.0
rcaeval_recursive_service_fault_csv_windows,XGBoost,123,latency_p95_proxy,0.0,0.0
rcaeval_recursive_service_fault_csv_windows,XGBoost,123,latency_p99_proxy,0.0,0.0
rcaeval_recursive_service_fault_csv_windows,XGBoost,123,span_duration_mean,0.0,0.0
rcaeval_recursive_service_fault_csv_windows,XGBoost,123,failed_span_ratio,0.0,0.0
rcaeval_recursive_service_fault_csv_windows,XGBoost,123,trace_depth_proxy,0.0,0.0
rcaeval_recursive_service_fault_csv_windows,XGBoost,123,fanout_proxy,0.0,0.0
rcaeval_recursive_service_fault_csv_windows,XGBoost,123,log_error_indicator,0.0,0.0
rcaeval_recursive_service_fault_csv_windows,XGBoost,123,log_template_frequency_proxy,0.0,0.0
rcaeval_recursive_service_fault_csv_windows,XGBoost,123,log_entropy_proxy,0.0,0.0
rcaeval_recursive_service_fault_csv_windows,XGBoost,123,service_metric_entropy,0.0,0.0
rcaeval_recursive_service_fault_csv_windows,XGBoost,123,rolling_latency_mean,0.0,0.0
rcaeval_recursive_service_fault_csv_windows,XGBoost,123,rolling_latency_std,0.0,0.0
rcaeval_recursive_service_fault_csv_windows,XGBoost,123,ewma_latency,0.0,0.0
rcaeval_recursive_service_fault_csv_windows,XGBoost,123,rolling_zscore_latency,0.0,0.0
rcaeval_recursive_service_fault_csv_windows,XGBoost,123,latency_threshold_p95,0.0,0.0
rcaeval_recursive_service_fault_csv_windows,XGBoost,123,latency_threshold_exceeded,0.0,0.0
rcaeval_recursive_service_fault_csv_windows,RandomForest,123,input_numeric_column_count,0.017652521445092845,0.0035452387074361947
rcaeval_recursive_service_fault_csv_windows,RandomForest,123,request_rate,0.0,0.0
rcaeval_recursive_service_fault_csv_windows,RandomForest,123,error_rate,0.0,0.0
rcaeval_recursive_service_fault_csv_windows,RandomForest,123,cpu_mean,0.0,0.0
rcaeval_recursive_service_fault_csv_windows,RandomForest,123,cpu_max,0.0,0.0
rcaeval_recursive_service_fault_csv_windows,RandomForest,123,memory_mean,0.0,0.0
rcaeval_recursive_service_fault_csv_windows,RandomForest,123,memory_max,0.0,0.0
rcaeval_recursive_service_fault_csv_windows,RandomForest,123,network_or_size_mean,0.0,0.0
rcaeval_recursive_service_fault_csv_windows,RandomForest,123,latency_mean,0.0,0.0
rcaeval_recursive_service_fault_csv_windows,RandomForest,123,latency_max,0.0,0.0
rcaeval_recursive_service_fault_csv_windows,RandomForest,123,latency_p95_proxy,0.0,0.0
rcaeval_recursive_service_fault_csv_windows,RandomForest,123,latency_p99_proxy,0.0,0.0
rcaeval_recursive_service_fault_csv_windows,RandomForest,123,span_duration_mean,0.0,0.0
rcaeval_recursive_service_fault_csv_windows,RandomForest,123,failed_span_ratio,0.0,0.0
rcaeval_recursive_service_fault_csv_windows,RandomForest,123,trace_depth_proxy,0.0,0.0
rcaeval_recursive_service_fault_csv_windows,RandomForest,123,fanout_proxy,0.0,0.0
rcaeval_recursive_service_fault_csv_windows,RandomForest,123,log_error_indicator,0.0,0.0
rcaeval_recursive_service_fault_csv_windows,RandomForest,123,log_template_frequency_proxy,0.0,0.0
rcaeval_recursive_service_fault_csv_windows,RandomForest,123,log_entropy_proxy,0.0,0.0
rcaeval_recursive_service_fault_csv_windows,RandomForest,123,service_metric_entropy,0.0,0.0
rcaeval_recursive_service_fault_csv_windows,RandomForest,123,rolling_latency_mean,0.0,0.0
rcaeval_recursive_service_fault_csv_windows,RandomForest,123,rolling_latency_std,0.0,0.0
rcaeval_recursive_service_fault_csv_windows,RandomForest,123,ewma_latency,0.0,0.0
rcaeval_recursive_service_fault_csv_windows,RandomForest,123,rolling_zscore_latency,0.0,0.0
rcaeval_recursive_service_fault_csv_windows,RandomForest,123,latency_threshold_p95,0.0,0.0
rcaeval_recursive_service_fault_csv_windows,RandomForest,123,latency_threshold_exceeded,0.0,0.0
rcaeval_recursive_service_fault_csv_windows,XGBoost,2026,input_numeric_column_count,0.3729166666666666,0.007414637675021718
rcaeval_recursive_service_fault_csv_windows,XGBoost,2026,request_rate,0.0,0.0
rcaeval_recursive_service_fault_csv_windows,XGBoost,2026,error_rate,0.0,0.0
rcaeval_recursive_service_fault_csv_windows,XGBoost,2026,cpu_mean,0.0,0.0
rcaeval_recursive_service_fault_csv_windows,XGBoost,2026,cpu_max,0.0,0.0
rcaeval_recursive_service_fault_csv_windows,XGBoost,2026,memory_mean,0.0,0.0
rcaeval_recursive_service_fault_csv_windows,XGBoost,2026,memory_max,0.0,0.0
rcaeval_recursive_service_fault_csv_windows,XGBoost,2026,network_or_size_mean,0.0,0.0
rcaeval_recursive_service_fault_csv_windows,XGBoost,2026,latency_mean,0.0,0.0
rcaeval_recursive_service_fault_csv_windows,XGBoost,2026,latency_max,0.0,0.0
rcaeval_recursive_service_fault_csv_windows,XGBoost,2026,latency_p95_proxy,0.0,0.0
rcaeval_recursive_service_fault_csv_windows,XGBoost,2026,latency_p99_proxy,0.0,0.0
rcaeval_recursive_service_fault_csv_windows,XGBoost,2026,span_duration_mean,0.0,0.0
rcaeval_recursive_service_fault_csv_windows,XGBoost,2026,failed_span_ratio,0.0,0.0
rcaeval_recursive_service_fault_csv_windows,XGBoost,2026,trace_depth_proxy,0.0,0.0
rcaeval_recursive_service_fault_csv_windows,XGBoost,2026,fanout_proxy,0.0,0.0
rcaeval_recursive_service_fault_csv_windows,XGBoost,2026,log_error_indicator,0.0,0.0
rcaeval_recursive_service_fault_csv_windows,XGBoost,2026,log_template_frequency_proxy,0.0,0.0
rcaeval_recursive_service_fault_csv_windows,XGBoost,2026,log_entropy_proxy,0.0,0.0
rcaeval_recursive_service_fault_csv_windows,XGBoost,2026,service_metric_entropy,0.0,0.0
rcaeval_recursive_service_fault_csv_windows,XGBoost,2026,rolling_latency_mean,0.0,0.0
rcaeval_recursive_service_fault_csv_windows,XGBoost,2026,rolling_latency_std,0.0,0.0
rcaeval_recursive_service_fault_csv_windows,XGBoost,2026,ewma_latency,0.0,0.0
rcaeval_recursive_service_fault_csv_windows,XGBoost,2026,rolling_zscore_latency,0.0,0.0
rcaeval_recursive_service_fault_csv_windows,XGBoost,2026,latency_threshold_p95,0.0,0.0
rcaeval_recursive_service_fault_csv_windows,XGBoost,2026,latency_threshold_exceeded,0.0,0.0
rcaeval_recursive_service_fault_csv_windows,RandomForest,2026,input_numeric_column_count,0.005591253225674368,0.0021655346322606195
rcaeval_recursive_service_fault_csv_windows,RandomForest,2026,request_rate,0.0,0.0
rcaeval_recursive_service_fault_csv_windows,RandomForest,2026,error_rate,0.0,0.0
rcaeval_recursive_service_fault_csv_windows,RandomForest,2026,cpu_mean,0.0,0.0
rcaeval_recursive_service_fault_csv_windows,RandomForest,2026,cpu_max,0.0,0.0
rcaeval_recursive_service_fault_csv_windows,RandomForest,2026,memory_mean,0.0,0.0
rcaeval_recursive_service_fault_csv_windows,RandomForest,2026,memory_max,0.0,0.0
rcaeval_recursive_service_fault_csv_windows,RandomForest,2026,network_or_size_mean,0.0,0.0
rcaeval_recursive_service_fault_csv_windows,RandomForest,2026,latency_mean,0.0,0.0
rcaeval_recursive_service_fault_csv_windows,RandomForest,2026,latency_max,0.0,0.0
rcaeval_recursive_service_fault_csv_windows,RandomForest,2026,latency_p95_proxy,0.0,0.0
rcaeval_recursive_service_fault_csv_windows,RandomForest,2026,latency_p99_proxy,0.0,0.0
rcaeval_recursive_service_fault_csv_windows,RandomForest,2026,span_duration_mean,0.0,0.0
rcaeval_recursive_service_fault_csv_windows,RandomForest,2026,failed_span_ratio,0.0,0.0
rcaeval_recursive_service_fault_csv_windows,RandomForest,2026,trace_depth_proxy,0.0,0.0
rcaeval_recursive_service_fault_csv_windows,RandomForest,2026,fanout_proxy,0.0,0.0
rcaeval_recursive_service_fault_csv_windows,RandomForest,2026,log_error_indicator,0.0,0.0
rcaeval_recursive_service_fault_csv_windows,RandomForest,2026,log_template_frequency_proxy,0.0,0.0
rcaeval_recursive_service_fault_csv_windows,RandomForest,2026,log_entropy_proxy,0.0,0.0
rcaeval_recursive_service_fault_csv_windows,RandomForest,2026,service_metric_entropy,0.0,0.0
rcaeval_recursive_service_fault_csv_windows,RandomForest,2026,rolling_latency_mean,0.0,0.0
rcaeval_recursive_service_fault_csv_windows,RandomForest,2026,rolling_latency_std,0.0,0.0
rcaeval_recursive_service_fault_csv_windows,RandomForest,2026,ewma_latency,0.0,0.0
rcaeval_recursive_service_fault_csv_windows,RandomForest,2026,rolling_zscore_latency,0.0,0.0
rcaeval_recursive_service_fault_csv_windows,RandomForest,2026,latency_threshold_p95,0.0,0.0
rcaeval_recursive_service_fault_csv_windows,RandomForest,2026,latency_threshold_exceeded,0.0,0.0
rcaeval_recursive_service_fault_csv_windows,XGBoost,7,input_numeric_column_count,0.3986111111111111,0.012538520892547082
rcaeval_recursive_service_fault_csv_windows,XGBoost,7,request_rate,0.0,0.0
rcaeval_recursive_service_fault_csv_windows,XGBoost,7,error_rate,0.0,0.0
rcaeval_recursive_service_fault_csv_windows,XGBoost,7,cpu_mean,0.0,0.0
rcaeval_recursive_service_fault_csv_windows,XGBoost,7,cpu_max,0.0,0.0
rcaeval_recursive_service_fault_csv_windows,XGBoost,7,memory_mean,0.0,0.0
rcaeval_recursive_service_fault_csv_windows,XGBoost,7,memory_max,0.0,0.0
rcaeval_recursive_service_fault_csv_windows,XGBoost,7,network_or_size_mean,0.0,0.0
rcaeval_recursive_service_fault_csv_windows,XGBoost,7,latency_mean,0.0,0.0
rcaeval_recursive_service_fault_csv_windows,XGBoost,7,latency_max,0.0,0.0
rcaeval_recursive_service_fault_csv_windows,XGBoost,7,latency_p95_proxy,0.0,0.0
rcaeval_recursive_service_fault_csv_windows,XGBoost,7,latency_p99_proxy,0.0,0.0
rcaeval_recursive_service_fault_csv_windows,XGBoost,7,span_duration_mean,0.0,0.0
rcaeval_recursive_service_fault_csv_windows,XGBoost,7,failed_span_ratio,0.0,0.0
rcaeval_recursive_service_fault_csv_windows,XGBoost,7,trace_depth_proxy,0.0,0.0
rcaeval_recursive_service_fault_csv_windows,XGBoost,7,fanout_proxy,0.0,0.0
rcaeval_recursive_service_fault_csv_windows,XGBoost,7,log_error_indicator,0.0,0.0
rcaeval_recursive_service_fault_csv_windows,XGBoost,7,log_template_frequency_proxy,0.0,0.0
rcaeval_recursive_service_fault_csv_windows,XGBoost,7,log_entropy_proxy,0.0,0.0
rcaeval_recursive_service_fault_csv_windows,XGBoost,7,service_metric_entropy,0.0,0.0
rcaeval_recursive_service_fault_csv_windows,XGBoost,7,rolling_latency_mean,0.0,0.0
rcaeval_recursive_service_fault_csv_windows,XGBoost,7,rolling_latency_std,0.0,0.0
rcaeval_recursive_service_fault_csv_windows,XGBoost,7,ewma_latency,0.0,0.0
rcaeval_recursive_service_fault_csv_windows,XGBoost,7,rolling_zscore_latency,0.0,0.0
rcaeval_recursive_service_fault_csv_windows,XGBoost,7,latency_threshold_p95,0.0,0.0
rcaeval_recursive_service_fault_csv_windows,XGBoost,7,latency_threshold_exceeded,0.0,0.0
rcaeval_recursive_service_fault_csv_windows,RandomForest,7,input_numeric_column_count,0.18409616017476574,0.009506661074039505
rcaeval_recursive_service_fault_csv_windows,RandomForest,7,request_rate,0.0,0.0
rcaeval_recursive_service_fault_csv_windows,RandomForest,7,error_rate,0.0,0.0
rcaeval_recursive_service_fault_csv_windows,RandomForest,7,cpu_mean,0.0,0.0
rcaeval_recursive_service_fault_csv_windows,RandomForest,7,cpu_max,0.0,0.0
rcaeval_recursive_service_fault_csv_windows,RandomForest,7,memory_mean,0.0,0.0
rcaeval_recursive_service_fault_csv_windows,RandomForest,7,memory_max,0.0,0.0
rcaeval_recursive_service_fault_csv_windows,RandomForest,7,network_or_size_mean,0.0,0.0
rcaeval_recursive_service_fault_csv_windows,RandomForest,7,latency_mean,0.0,0.0
rcaeval_recursive_service_fault_csv_windows,RandomForest,7,latency_max,0.0,0.0
rcaeval_recursive_service_fault_csv_windows,RandomForest,7,latency_p95_proxy,0.0,0.0
rcaeval_recursive_service_fault_csv_windows,RandomForest,7,latency_p99_proxy,0.0,0.0
rcaeval_recursive_service_fault_csv_windows,RandomForest,7,span_duration_mean,0.0,0.0
rcaeval_recursive_service_fault_csv_windows,RandomForest,7,failed_span_ratio,0.0,0.0
rcaeval_recursive_service_fault_csv_windows,RandomForest,7,trace_depth_proxy,0.0,0.0
rcaeval_recursive_service_fault_csv_windows,RandomForest,7,fanout_proxy,0.0,0.0
rcaeval_recursive_service_fault_csv_windows,RandomForest,7,log_error_indicator,0.0,0.0
rcaeval_recursive_service_fault_csv_windows,RandomForest,7,log_template_frequency_proxy,0.0,0.0
rcaeval_recursive_service_fault_csv_windows,RandomForest,7,log_entropy_proxy,0.0,0.0
rcaeval_recursive_service_fault_csv_windows,RandomForest,7,service_metric_entropy,0.0,0.0
rcaeval_recursive_service_fault_csv_windows,RandomForest,7,rolling_latency_mean,0.0,0.0
rcaeval_recursive_service_fault_csv_windows,RandomForest,7,rolling_latency_std,0.0,0.0
rcaeval_recursive_service_fault_csv_windows,RandomForest,7,ewma_latency,0.0,0.0
rcaeval_recursive_service_fault_csv_windows,RandomForest,7,rolling_zscore_latency,0.0,0.0
rcaeval_recursive_service_fault_csv_windows,RandomForest,7,latency_threshold_p95,0.0,0.0
rcaeval_recursive_service_fault_csv_windows,RandomForest,7,latency_threshold_exceeded,0.0,0.0
rcaeval_recursive_service_fault_csv_windows,XGBoost,13,input_numeric_column_count,0.37986111111111115,0.006874649261535854
rcaeval_recursive_service_fault_csv_windows,XGBoost,13,request_rate,0.0,0.0
rcaeval_recursive_service_fault_csv_windows,XGBoost,13,error_rate,0.0,0.0
rcaeval_recursive_service_fault_csv_windows,XGBoost,13,cpu_mean,0.0,0.0
rcaeval_recursive_service_fault_csv_windows,XGBoost,13,cpu_max,0.0,0.0
rcaeval_recursive_service_fault_csv_windows,XGBoost,13,memory_mean,0.0,0.0
rcaeval_recursive_service_fault_csv_windows,XGBoost,13,memory_max,0.0,0.0
rcaeval_recursive_service_fault_csv_windows,XGBoost,13,network_or_size_mean,0.0,0.0
rcaeval_recursive_service_fault_csv_windows,XGBoost,13,latency_mean,0.0,0.0
rcaeval_recursive_service_fault_csv_windows,XGBoost,13,latency_max,0.0,0.0
rcaeval_recursive_service_fault_csv_windows,XGBoost,13,latency_p95_proxy,0.0,0.0
rcaeval_recursive_service_fault_csv_windows,XGBoost,13,latency_p99_proxy,0.0,0.0
rcaeval_recursive_service_fault_csv_windows,XGBoost,13,span_duration_mean,0.0,0.0
rcaeval_recursive_service_fault_csv_windows,XGBoost,13,failed_span_ratio,0.0,0.0
rcaeval_recursive_service_fault_csv_windows,XGBoost,13,trace_depth_proxy,0.0,0.0
rcaeval_recursive_service_fault_csv_windows,XGBoost,13,fanout_proxy,0.0,0.0
rcaeval_recursive_service_fault_csv_windows,XGBoost,13,log_error_indicator,0.0,0.0
rcaeval_recursive_service_fault_csv_windows,XGBoost,13,log_template_frequency_proxy,0.0,0.0
rcaeval_recursive_service_fault_csv_windows,XGBoost,13,log_entropy_proxy,0.0,0.0
rcaeval_recursive_service_fault_csv_windows,XGBoost,13,service_metric_entropy,0.0,0.0
rcaeval_recursive_service_fault_csv_windows,XGBoost,13,rolling_latency_mean,0.0,0.0
rcaeval_recursive_service_fault_csv_windows,XGBoost,13,rolling_latency_std,0.0,0.0
rcaeval_recursive_service_fault_csv_windows,XGBoost,13,ewma_latency,0.0,0.0
rcaeval_recursive_service_fault_csv_windows,XGBoost,13,rolling_zscore_latency,0.0,0.0
rcaeval_recursive_service_fault_csv_windows,XGBoost,13,latency_threshold_p95,0.0,0.0
rcaeval_recursive_service_fault_csv_windows,XGBoost,13,latency_threshold_exceeded,0.0,0.0
rcaeval_recursive_service_fault_csv_windows,RandomForest,13,fanout_proxy,0.0017314222921699374,0.0012953319962615735
rcaeval_recursive_service_fault_csv_windows,RandomForest,13,input_numeric_column_count,0.0006937218175511924,0.0004905354014475051
rcaeval_recursive_service_fault_csv_windows,RandomForest,13,error_rate,0.0,0.0
rcaeval_recursive_service_fault_csv_windows,RandomForest,13,cpu_mean,0.0,0.0
rcaeval_recursive_service_fault_csv_windows,RandomForest,13,cpu_max,0.0,0.0
rcaeval_recursive_service_fault_csv_windows,RandomForest,13,memory_mean,0.0,0.0
rcaeval_recursive_service_fault_csv_windows,RandomForest,13,memory_max,0.0,0.0
rcaeval_recursive_service_fault_csv_windows,RandomForest,13,network_or_size_mean,0.0,0.0
rcaeval_recursive_service_fault_csv_windows,RandomForest,13,latency_mean,0.0,0.0
rcaeval_recursive_service_fault_csv_windows,RandomForest,13,request_rate,0.0,0.0
rcaeval_recursive_service_fault_csv_windows,RandomForest,13,latency_max,0.0,0.0
rcaeval_recursive_service_fault_csv_windows,RandomForest,13,latency_p95_proxy,0.0,0.0
rcaeval_recursive_service_fault_csv_windows,RandomForest,13,span_duration_mean,0.0,0.0
rcaeval_recursive_service_fault_csv_windows,RandomForest,13,latency_p99_proxy,0.0,0.0
rcaeval_recursive_service_fault_csv_windows,RandomForest,13,failed_span_ratio,0.0,0.0
rcaeval_recursive_service_fault_csv_windows,RandomForest,13,trace_depth_proxy,0.0,0.0
rcaeval_recursive_service_fault_csv_windows,RandomForest,13,log_error_indicator,0.0,0.0
rcaeval_recursive_service_fault_csv_windows,RandomForest,13,log_template_frequency_proxy,0.0,0.0
rcaeval_recursive_service_fault_csv_windows,RandomForest,13,log_entropy_proxy,0.0,0.0
rcaeval_recursive_service_fault_csv_windows,RandomForest,13,service_metric_entropy,0.0,0.0
rcaeval_recursive_service_fault_csv_windows,RandomForest,13,rolling_latency_mean,0.0,0.0
rcaeval_recursive_service_fault_csv_windows,RandomForest,13,rolling_latency_std,0.0,0.0
rcaeval_recursive_service_fault_csv_windows,RandomForest,13,ewma_latency,0.0,0.0
rcaeval_recursive_service_fault_csv_windows,RandomForest,13,rolling_zscore_latency,0.0,0.0
rcaeval_recursive_service_fault_csv_windows,RandomForest,13,latency_threshold_p95,0.0,0.0
rcaeval_recursive_service_fault_csv_windows,RandomForest,13,latency_threshold_exceeded,0.0,0.0
rcaeval_recursive_service_fault_csv_windows,XGBoost,21,input_numeric_column_count,0.35486111111111107,0.010393492741038738
rcaeval_recursive_service_fault_csv_windows,XGBoost,21,request_rate,0.0,0.0
rcaeval_recursive_service_fault_csv_windows,XGBoost,21,error_rate,0.0,0.0
rcaeval_recursive_service_fault_csv_windows,XGBoost,21,cpu_mean,0.0,0.0
rcaeval_recursive_service_fault_csv_windows,XGBoost,21,cpu_max,0.0,0.0
rcaeval_recursive_service_fault_csv_windows,XGBoost,21,memory_mean,0.0,0.0
rcaeval_recursive_service_fault_csv_windows,XGBoost,21,memory_max,0.0,0.0
rcaeval_recursive_service_fault_csv_windows,XGBoost,21,network_or_size_mean,0.0,0.0
rcaeval_recursive_service_fault_csv_windows,XGBoost,21,latency_mean,0.0,0.0
rcaeval_recursive_service_fault_csv_windows,XGBoost,21,latency_max,0.0,0.0
rcaeval_recursive_service_fault_csv_windows,XGBoost,21,latency_p95_proxy,0.0,0.0
rcaeval_recursive_service_fault_csv_windows,XGBoost,21,latency_p99_proxy,0.0,0.0
rcaeval_recursive_service_fault_csv_windows,XGBoost,21,span_duration_mean,0.0,0.0
rcaeval_recursive_service_fault_csv_windows,XGBoost,21,failed_span_ratio,0.0,0.0
rcaeval_recursive_service_fault_csv_windows,XGBoost,21,trace_depth_proxy,0.0,0.0
rcaeval_recursive_service_fault_csv_windows,XGBoost,21,fanout_proxy,0.0,0.0
rcaeval_recursive_service_fault_csv_windows,XGBoost,21,log_error_indicator,0.0,0.0
rcaeval_recursive_service_fault_csv_windows,XGBoost,21,log_template_frequency_proxy,0.0,0.0
rcaeval_recursive_service_fault_csv_windows,XGBoost,21,log_entropy_proxy,0.0,0.0
rcaeval_recursive_service_fault_csv_windows,XGBoost,21,service_metric_entropy,0.0,0.0
rcaeval_recursive_service_fault_csv_windows,XGBoost,21,rolling_latency_mean,0.0,0.0
rcaeval_recursive_service_fault_csv_windows,XGBoost,21,rolling_latency_std,0.0,0.0
rcaeval_recursive_service_fault_csv_windows,XGBoost,21,ewma_latency,0.0,0.0
rcaeval_recursive_service_fault_csv_windows,XGBoost,21,rolling_zscore_latency,0.0,0.0
rcaeval_recursive_service_fault_csv_windows,XGBoost,21,latency_threshold_p95,0.0,0.0
rcaeval_recursive_service_fault_csv_windows,XGBoost,21,latency_threshold_exceeded,0.0,0.0
rcaeval_recursive_service_fault_csv_windows,RandomForest,21,fanout_proxy,0.08134205435390322,0.006121340997225997
rcaeval_recursive_service_fault_csv_windows,RandomForest,21,input_numeric_column_count,0.0,0.0
rcaeval_recursive_service_fault_csv_windows,RandomForest,21,error_rate,0.0,0.0
rcaeval_recursive_service_fault_csv_windows,RandomForest,21,cpu_mean,0.0,0.0
rcaeval_recursive_service_fault_csv_windows,RandomForest,21,cpu_max,0.0,0.0
rcaeval_recursive_service_fault_csv_windows,RandomForest,21,memory_mean,0.0,0.0
rcaeval_recursive_service_fault_csv_windows,RandomForest,21,memory_max,0.0,0.0
rcaeval_recursive_service_fault_csv_windows,RandomForest,21,network_or_size_mean,0.0,0.0
rcaeval_recursive_service_fault_csv_windows,RandomForest,21,latency_mean,0.0,0.0
rcaeval_recursive_service_fault_csv_windows,RandomForest,21,request_rate,0.0,0.0
rcaeval_recursive_service_fault_csv_windows,RandomForest,21,latency_max,0.0,0.0
rcaeval_recursive_service_fault_csv_windows,RandomForest,21,latency_p95_proxy,0.0,0.0
rcaeval_recursive_service_fault_csv_windows,RandomForest,21,span_duration_mean,0.0,0.0
rcaeval_recursive_service_fault_csv_windows,RandomForest,21,latency_p99_proxy,0.0,0.0
rcaeval_recursive_service_fault_csv_windows,RandomForest,21,failed_span_ratio,0.0,0.0
rcaeval_recursive_service_fault_csv_windows,RandomForest,21,trace_depth_proxy,0.0,0.0
rcaeval_recursive_service_fault_csv_windows,RandomForest,21,log_error_indicator,0.0,0.0
rcaeval_recursive_service_fault_csv_windows,RandomForest,21,log_template_frequency_proxy,0.0,0.0
rcaeval_recursive_service_fault_csv_windows,RandomForest,21,log_entropy_proxy,0.0,0.0
rcaeval_recursive_service_fault_csv_windows,RandomForest,21,service_metric_entropy,0.0,0.0
rcaeval_recursive_service_fault_csv_windows,RandomForest,21,rolling_latency_mean,0.0,0.0
rcaeval_recursive_service_fault_csv_windows,RandomForest,21,rolling_latency_std,0.0,0.0
rcaeval_recursive_service_fault_csv_windows,RandomForest,21,ewma_latency,0.0,0.0
rcaeval_recursive_service_fault_csv_windows,RandomForest,21,rolling_zscore_latency,0.0,0.0
rcaeval_recursive_service_fault_csv_windows,RandomForest,21,latency_threshold_p95,0.0,0.0
rcaeval_recursive_service_fault_csv_windows,RandomForest,21,latency_threshold_exceeded,0.0,0.0
rcaeval_recursive_service_fault_csv_windows,XGBoost,99,input_numeric_column_count,0.38958333333333334,0.01360827634879543
rcaeval_recursive_service_fault_csv_windows,XGBoost,99,request_rate,0.0,0.0
rcaeval_recursive_service_fault_csv_windows,XGBoost,99,error_rate,0.0,0.0
rcaeval_recursive_service_fault_csv_windows,XGBoost,99,cpu_mean,0.0,0.0
rcaeval_recursive_service_fault_csv_windows,XGBoost,99,cpu_max,0.0,0.0
rcaeval_recursive_service_fault_csv_windows,XGBoost,99,memory_mean,0.0,0.0
rcaeval_recursive_service_fault_csv_windows,XGBoost,99,memory_max,0.0,0.0
rcaeval_recursive_service_fault_csv_windows,XGBoost,99,network_or_size_mean,0.0,0.0
rcaeval_recursive_service_fault_csv_windows,XGBoost,99,latency_mean,0.0,0.0
rcaeval_recursive_service_fault_csv_windows,XGBoost,99,latency_max,0.0,0.0
rcaeval_recursive_service_fault_csv_windows,XGBoost,99,latency_p95_proxy,0.0,0.0
rcaeval_recursive_service_fault_csv_windows,XGBoost,99,latency_p99_proxy,0.0,0.0
rcaeval_recursive_service_fault_csv_windows,XGBoost,99,span_duration_mean,0.0,0.0
rcaeval_recursive_service_fault_csv_windows,XGBoost,99,failed_span_ratio,0.0,0.0
rcaeval_recursive_service_fault_csv_windows,XGBoost,99,trace_depth_proxy,0.0,0.0
rcaeval_recursive_service_fault_csv_windows,XGBoost,99,fanout_proxy,0.0,0.0
rcaeval_recursive_service_fault_csv_windows,XGBoost,99,log_error_indicator,0.0,0.0
rcaeval_recursive_service_fault_csv_windows,XGBoost,99,log_template_frequency_proxy,0.0,0.0
rcaeval_recursive_service_fault_csv_windows,XGBoost,99,log_entropy_proxy,0.0,0.0
rcaeval_recursive_service_fault_csv_windows,XGBoost,99,service_metric_entropy,0.0,0.0
rcaeval_recursive_service_fault_csv_windows,XGBoost,99,rolling_latency_mean,0.0,0.0
rcaeval_recursive_service_fault_csv_windows,XGBoost,99,rolling_latency_std,0.0,0.0
rcaeval_recursive_service_fault_csv_windows,XGBoost,99,ewma_latency,0.0,0.0
rcaeval_recursive_service_fault_csv_windows,XGBoost,99,rolling_zscore_latency,0.0,0.0
rcaeval_recursive_service_fault_csv_windows,XGBoost,99,latency_threshold_p95,0.0,0.0
rcaeval_recursive_service_fault_csv_windows,XGBoost,99,latency_threshold_exceeded,0.0,0.0
rcaeval_recursive_service_fault_csv_windows,RandomForest,99,fanout_proxy,0.1774382039344634,0.007813530359020111
rcaeval_recursive_service_fault_csv_windows,RandomForest,99,input_numeric_column_count,0.0,0.0
rcaeval_recursive_service_fault_csv_windows,RandomForest,99,error_rate,0.0,0.0
rcaeval_recursive_service_fault_csv_windows,RandomForest,99,cpu_mean,0.0,0.0
rcaeval_recursive_service_fault_csv_windows,RandomForest,99,cpu_max,0.0,0.0
rcaeval_recursive_service_fault_csv_windows,RandomForest,99,memory_mean,0.0,0.0
rcaeval_recursive_service_fault_csv_windows,RandomForest,99,memory_max,0.0,0.0
rcaeval_recursive_service_fault_csv_windows,RandomForest,99,network_or_size_mean,0.0,0.0
rcaeval_recursive_service_fault_csv_windows,RandomForest,99,latency_mean,0.0,0.0
rcaeval_recursive_service_fault_csv_windows,RandomForest,99,request_rate,0.0,0.0
rcaeval_recursive_service_fault_csv_windows,RandomForest,99,latency_max,0.0,0.0
rcaeval_recursive_service_fault_csv_windows,RandomForest,99,latency_p95_proxy,0.0,0.0
rcaeval_recursive_service_fault_csv_windows,RandomForest,99,span_duration_mean,0.0,0.0
rcaeval_recursive_service_fault_csv_windows,RandomForest,99,latency_p99_proxy,0.0,0.0
rcaeval_recursive_service_fault_csv_windows,RandomForest,99,failed_span_ratio,0.0,0.0
rcaeval_recursive_service_fault_csv_windows,RandomForest,99,trace_depth_proxy,0.0,0.0
rcaeval_recursive_service_fault_csv_windows,RandomForest,99,log_error_indicator,0.0,0.0
rcaeval_recursive_service_fault_csv_windows,RandomForest,99,log_template_frequency_proxy,0.0,0.0
rcaeval_recursive_service_fault_csv_windows,RandomForest,99,log_entropy_proxy,0.0,0.0
rcaeval_recursive_service_fault_csv_windows,RandomForest,99,service_metric_entropy,0.0,0.0
rcaeval_recursive_service_fault_csv_windows,RandomForest,99,rolling_latency_mean,0.0,0.0
rcaeval_recursive_service_fault_csv_windows,RandomForest,99,rolling_latency_std,0.0,0.0
rcaeval_recursive_service_fault_csv_windows,RandomForest,99,ewma_latency,0.0,0.0
rcaeval_recursive_service_fault_csv_windows,RandomForest,99,rolling_zscore_latency,0.0,0.0
rcaeval_recursive_service_fault_csv_windows,RandomForest,99,latency_threshold_p95,0.0,0.0
rcaeval_recursive_service_fault_csv_windows,RandomForest,99,latency_threshold_exceeded,0.0,0.0
rcaeval_recursive_service_fault_csv_windows,XGBoost,314,input_numeric_column_count,0.3680555555555556,0.004910463758239896
rcaeval_recursive_service_fault_csv_windows,XGBoost,314,request_rate,0.0,0.0
rcaeval_recursive_service_fault_csv_windows,XGBoost,314,error_rate,0.0,0.0
rcaeval_recursive_service_fault_csv_windows,XGBoost,314,cpu_mean,0.0,0.0
rcaeval_recursive_service_fault_csv_windows,XGBoost,314,cpu_max,0.0,0.0
rcaeval_recursive_service_fault_csv_windows,XGBoost,314,memory_mean,0.0,0.0
rcaeval_recursive_service_fault_csv_windows,XGBoost,314,memory_max,0.0,0.0
rcaeval_recursive_service_fault_csv_windows,XGBoost,314,network_or_size_mean,0.0,0.0
rcaeval_recursive_service_fault_csv_windows,XGBoost,314,latency_mean,0.0,0.0
rcaeval_recursive_service_fault_csv_windows,XGBoost,314,latency_max,0.0,0.0
rcaeval_recursive_service_fault_csv_windows,XGBoost,314,latency_p95_proxy,0.0,0.0
rcaeval_recursive_service_fault_csv_windows,XGBoost,314,latency_p99_proxy,0.0,0.0
rcaeval_recursive_service_fault_csv_windows,XGBoost,314,span_duration_mean,0.0,0.0
rcaeval_recursive_service_fault_csv_windows,XGBoost,314,failed_span_ratio,0.0,0.0
rcaeval_recursive_service_fault_csv_windows,XGBoost,314,trace_depth_proxy,0.0,0.0
rcaeval_recursive_service_fault_csv_windows,XGBoost,314,fanout_proxy,0.0,0.0
rcaeval_recursive_service_fault_csv_windows,XGBoost,314,log_error_indicator,0.0,0.0
rcaeval_recursive_service_fault_csv_windows,XGBoost,314,log_template_frequency_proxy,0.0,0.0
rcaeval_recursive_service_fault_csv_windows,XGBoost,314,log_entropy_proxy,0.0,0.0
rcaeval_recursive_service_fault_csv_windows,XGBoost,314,service_metric_entropy,0.0,0.0
rcaeval_recursive_service_fault_csv_windows,XGBoost,314,rolling_latency_mean,0.0,0.0
rcaeval_recursive_service_fault_csv_windows,XGBoost,314,rolling_latency_std,0.0,0.0
rcaeval_recursive_service_fault_csv_windows,XGBoost,314,ewma_latency,0.0,0.0
rcaeval_recursive_service_fault_csv_windows,XGBoost,314,rolling_zscore_latency,0.0,0.0
rcaeval_recursive_service_fault_csv_windows,XGBoost,314,latency_threshold_p95,0.0,0.0
rcaeval_recursive_service_fault_csv_windows,XGBoost,314,latency_threshold_exceeded,0.0,0.0
rcaeval_recursive_service_fault_csv_windows,RandomForest,314,fanout_proxy,0.18199175930199607,0.006119201392006633
rcaeval_recursive_service_fault_csv_windows,RandomForest,314,input_numeric_column_count,0.0,0.0
rcaeval_recursive_service_fault_csv_windows,RandomForest,314,error_rate,0.0,0.0
rcaeval_recursive_service_fault_csv_windows,RandomForest,314,cpu_mean,0.0,0.0
rcaeval_recursive_service_fault_csv_windows,RandomForest,314,cpu_max,0.0,0.0
rcaeval_recursive_service_fault_csv_windows,RandomForest,314,memory_mean,0.0,0.0
rcaeval_recursive_service_fault_csv_windows,RandomForest,314,memory_max,0.0,0.0
rcaeval_recursive_service_fault_csv_windows,RandomForest,314,network_or_size_mean,0.0,0.0
rcaeval_recursive_service_fault_csv_windows,RandomForest,314,latency_mean,0.0,0.0
rcaeval_recursive_service_fault_csv_windows,RandomForest,314,request_rate,0.0,0.0
rcaeval_recursive_service_fault_csv_windows,RandomForest,314,latency_max,0.0,0.0
rcaeval_recursive_service_fault_csv_windows,RandomForest,314,latency_p95_proxy,0.0,0.0
rcaeval_recursive_service_fault_csv_windows,RandomForest,314,span_duration_mean,0.0,0.0
rcaeval_recursive_service_fault_csv_windows,RandomForest,314,latency_p99_proxy,0.0,0.0
rcaeval_recursive_service_fault_csv_windows,RandomForest,314,failed_span_ratio,0.0,0.0
rcaeval_recursive_service_fault_csv_windows,RandomForest,314,trace_depth_proxy,0.0,0.0
rcaeval_recursive_service_fault_csv_windows,RandomForest,314,log_error_indicator,0.0,0.0
rcaeval_recursive_service_fault_csv_windows,RandomForest,314,log_template_frequency_proxy,0.0,0.0
rcaeval_recursive_service_fault_csv_windows,RandomForest,314,log_entropy_proxy,0.0,0.0
rcaeval_recursive_service_fault_csv_windows,RandomForest,314,service_metric_entropy,0.0,0.0
rcaeval_recursive_service_fault_csv_windows,RandomForest,314,rolling_latency_mean,0.0,0.0
rcaeval_recursive_service_fault_csv_windows,RandomForest,314,rolling_latency_std,0.0,0.0
rcaeval_recursive_service_fault_csv_windows,RandomForest,314,ewma_latency,0.0,0.0
rcaeval_recursive_service_fault_csv_windows,RandomForest,314,rolling_zscore_latency,0.0,0.0
rcaeval_recursive_service_fault_csv_windows,RandomForest,314,latency_threshold_p95,0.0,0.0
rcaeval_recursive_service_fault_csv_windows,RandomForest,314,latency_threshold_exceeded,0.0,0.0
rcaeval_recursive_service_fault_csv_windows,XGBoost,2718,input_numeric_column_count,0.39652777777777776,0.008561686115234706
rcaeval_recursive_service_fault_csv_windows,XGBoost,2718,request_rate,0.0,0.0
rcaeval_recursive_service_fault_csv_windows,XGBoost,2718,error_rate,0.0,0.0
rcaeval_recursive_service_fault_csv_windows,XGBoost,2718,cpu_mean,0.0,0.0
rcaeval_recursive_service_fault_csv_windows,XGBoost,2718,cpu_max,0.0,0.0
rcaeval_recursive_service_fault_csv_windows,XGBoost,2718,memory_mean,0.0,0.0
rcaeval_recursive_service_fault_csv_windows,XGBoost,2718,memory_max,0.0,0.0
rcaeval_recursive_service_fault_csv_windows,XGBoost,2718,network_or_size_mean,0.0,0.0
rcaeval_recursive_service_fault_csv_windows,XGBoost,2718,latency_mean,0.0,0.0
rcaeval_recursive_service_fault_csv_windows,XGBoost,2718,latency_max,0.0,0.0
rcaeval_recursive_service_fault_csv_windows,XGBoost,2718,latency_p95_proxy,0.0,0.0
rcaeval_recursive_service_fault_csv_windows,XGBoost,2718,latency_p99_proxy,0.0,0.0
rcaeval_recursive_service_fault_csv_windows,XGBoost,2718,span_duration_mean,0.0,0.0
rcaeval_recursive_service_fault_csv_windows,XGBoost,2718,failed_span_ratio,0.0,0.0
rcaeval_recursive_service_fault_csv_windows,XGBoost,2718,trace_depth_proxy,0.0,0.0
rcaeval_recursive_service_fault_csv_windows,XGBoost,2718,fanout_proxy,0.0,0.0
rcaeval_recursive_service_fault_csv_windows,XGBoost,2718,log_error_indicator,0.0,0.0
rcaeval_recursive_service_fault_csv_windows,XGBoost,2718,log_template_frequency_proxy,0.0,0.0
rcaeval_recursive_service_fault_csv_windows,XGBoost,2718,log_entropy_proxy,0.0,0.0
rcaeval_recursive_service_fault_csv_windows,XGBoost,2718,service_metric_entropy,0.0,0.0
rcaeval_recursive_service_fault_csv_windows,XGBoost,2718,rolling_latency_mean,0.0,0.0
rcaeval_recursive_service_fault_csv_windows,XGBoost,2718,rolling_latency_std,0.0,0.0
rcaeval_recursive_service_fault_csv_windows,XGBoost,2718,ewma_latency,0.0,0.0
rcaeval_recursive_service_fault_csv_windows,XGBoost,2718,rolling_zscore_latency,0.0,0.0
rcaeval_recursive_service_fault_csv_windows,XGBoost,2718,latency_threshold_p95,0.0,0.0
rcaeval_recursive_service_fault_csv_windows,XGBoost,2718,latency_threshold_exceeded,0.0,0.0
rcaeval_recursive_service_fault_csv_windows,RandomForest,2718,fanout_proxy,0.02338342985650732,0.0035481433800001656
rcaeval_recursive_service_fault_csv_windows,RandomForest,2718,input_numeric_column_count,0.0,0.0
rcaeval_recursive_service_fault_csv_windows,RandomForest,2718,error_rate,0.0,0.0
rcaeval_recursive_service_fault_csv_windows,RandomForest,2718,cpu_mean,0.0,0.0
rcaeval_recursive_service_fault_csv_windows,RandomForest,2718,cpu_max,0.0,0.0
rcaeval_recursive_service_fault_csv_windows,RandomForest,2718,memory_mean,0.0,0.0
rcaeval_recursive_service_fault_csv_windows,RandomForest,2718,memory_max,0.0,0.0
rcaeval_recursive_service_fault_csv_windows,RandomForest,2718,network_or_size_mean,0.0,0.0
rcaeval_recursive_service_fault_csv_windows,RandomForest,2718,latency_mean,0.0,0.0
rcaeval_recursive_service_fault_csv_windows,RandomForest,2718,request_rate,0.0,0.0
rcaeval_recursive_service_fault_csv_windows,RandomForest,2718,latency_max,0.0,0.0
rcaeval_recursive_service_fault_csv_windows,RandomForest,2718,latency_p95_proxy,0.0,0.0
rcaeval_recursive_service_fault_csv_windows,RandomForest,2718,span_duration_mean,0.0,0.0
rcaeval_recursive_service_fault_csv_windows,RandomForest,2718,latency_p99_proxy,0.0,0.0
rcaeval_recursive_service_fault_csv_windows,RandomForest,2718,failed_span_ratio,0.0,0.0
rcaeval_recursive_service_fault_csv_windows,RandomForest,2718,trace_depth_proxy,0.0,0.0
rcaeval_recursive_service_fault_csv_windows,RandomForest,2718,log_error_indicator,0.0,0.0
rcaeval_recursive_service_fault_csv_windows,RandomForest,2718,log_template_frequency_proxy,0.0,0.0
rcaeval_recursive_service_fault_csv_windows,RandomForest,2718,log_entropy_proxy,0.0,0.0
rcaeval_recursive_service_fault_csv_windows,RandomForest,2718,service_metric_entropy,0.0,0.0
rcaeval_recursive_service_fault_csv_windows,RandomForest,2718,rolling_latency_mean,0.0,0.0
rcaeval_recursive_service_fault_csv_windows,RandomForest,2718,rolling_latency_std,0.0,0.0
rcaeval_recursive_service_fault_csv_windows,RandomForest,2718,ewma_latency,0.0,0.0
rcaeval_recursive_service_fault_csv_windows,RandomForest,2718,rolling_zscore_latency,0.0,0.0
rcaeval_recursive_service_fault_csv_windows,RandomForest,2718,latency_threshold_p95,0.0,0.0
rcaeval_recursive_service_fault_csv_windows,RandomForest,2718,latency_threshold_exceeded,0.0,0.0
rcaeval_recursive_service_fault_csv_windows,XGBoost,9001,input_numeric_column_count,0.3812499999999999,0.005892556509887875
rcaeval_recursive_service_fault_csv_windows,XGBoost,9001,request_rate,0.0,0.0
rcaeval_recursive_service_fault_csv_windows,XGBoost,9001,error_rate,0.0,0.0
rcaeval_recursive_service_fault_csv_windows,XGBoost,9001,cpu_mean,0.0,0.0
rcaeval_recursive_service_fault_csv_windows,XGBoost,9001,cpu_max,0.0,0.0
rcaeval_recursive_service_fault_csv_windows,XGBoost,9001,memory_mean,0.0,0.0
rcaeval_recursive_service_fault_csv_windows,XGBoost,9001,memory_max,0.0,0.0
rcaeval_recursive_service_fault_csv_windows,XGBoost,9001,network_or_size_mean,0.0,0.0
rcaeval_recursive_service_fault_csv_windows,XGBoost,9001,latency_mean,0.0,0.0
rcaeval_recursive_service_fault_csv_windows,XGBoost,9001,latency_max,0.0,0.0
rcaeval_recursive_service_fault_csv_windows,XGBoost,9001,latency_p95_proxy,0.0,0.0
rcaeval_recursive_service_fault_csv_windows,XGBoost,9001,latency_p99_proxy,0.0,0.0
rcaeval_recursive_service_fault_csv_windows,XGBoost,9001,span_duration_mean,0.0,0.0
rcaeval_recursive_service_fault_csv_windows,XGBoost,9001,failed_span_ratio,0.0,0.0
rcaeval_recursive_service_fault_csv_windows,XGBoost,9001,trace_depth_proxy,0.0,0.0
rcaeval_recursive_service_fault_csv_windows,XGBoost,9001,fanout_proxy,0.0,0.0
rcaeval_recursive_service_fault_csv_windows,XGBoost,9001,log_error_indicator,0.0,0.0
rcaeval_recursive_service_fault_csv_windows,XGBoost,9001,log_template_frequency_proxy,0.0,0.0
rcaeval_recursive_service_fault_csv_windows,XGBoost,9001,log_entropy_proxy,0.0,0.0
rcaeval_recursive_service_fault_csv_windows,XGBoost,9001,service_metric_entropy,0.0,0.0
rcaeval_recursive_service_fault_csv_windows,XGBoost,9001,rolling_latency_mean,0.0,0.0
rcaeval_recursive_service_fault_csv_windows,XGBoost,9001,rolling_latency_std,0.0,0.0
rcaeval_recursive_service_fault_csv_windows,XGBoost,9001,ewma_latency,0.0,0.0
rcaeval_recursive_service_fault_csv_windows,XGBoost,9001,rolling_zscore_latency,0.0,0.0
rcaeval_recursive_service_fault_csv_windows,XGBoost,9001,latency_threshold_p95,0.0,0.0
rcaeval_recursive_service_fault_csv_windows,XGBoost,9001,latency_threshold_exceeded,0.0,0.0
rcaeval_recursive_service_fault_csv_windows,RandomForest,9001,input_numeric_column_count,0.02193915333731422,0.0005008141769399957
rcaeval_recursive_service_fault_csv_windows,RandomForest,9001,request_rate,0.0,0.0
rcaeval_recursive_service_fault_csv_windows,RandomForest,9001,error_rate,0.0,0.0
rcaeval_recursive_service_fault_csv_windows,RandomForest,9001,cpu_mean,0.0,0.0
rcaeval_recursive_service_fault_csv_windows,RandomForest,9001,cpu_max,0.0,0.0
rcaeval_recursive_service_fault_csv_windows,RandomForest,9001,memory_mean,0.0,0.0
rcaeval_recursive_service_fault_csv_windows,RandomForest,9001,memory_max,0.0,0.0
rcaeval_recursive_service_fault_csv_windows,RandomForest,9001,network_or_size_mean,0.0,0.0
rcaeval_recursive_service_fault_csv_windows,RandomForest,9001,latency_mean,0.0,0.0
rcaeval_recursive_service_fault_csv_windows,RandomForest,9001,latency_max,0.0,0.0
rcaeval_recursive_service_fault_csv_windows,RandomForest,9001,latency_p95_proxy,0.0,0.0
rcaeval_recursive_service_fault_csv_windows,RandomForest,9001,latency_p99_proxy,0.0,0.0
rcaeval_recursive_service_fault_csv_windows,RandomForest,9001,span_duration_mean,0.0,0.0
rcaeval_recursive_service_fault_csv_windows,RandomForest,9001,failed_span_ratio,0.0,0.0
rcaeval_recursive_service_fault_csv_windows,RandomForest,9001,trace_depth_proxy,0.0,0.0
rcaeval_recursive_service_fault_csv_windows,RandomForest,9001,fanout_proxy,0.0,0.0
rcaeval_recursive_service_fault_csv_windows,RandomForest,9001,log_error_indicator,0.0,0.0
rcaeval_recursive_service_fault_csv_windows,RandomForest,9001,log_template_frequency_proxy,0.0,0.0
rcaeval_recursive_service_fault_csv_windows,RandomForest,9001,log_entropy_proxy,0.0,0.0
rcaeval_recursive_service_fault_csv_windows,RandomForest,9001,service_metric_entropy,0.0,0.0
rcaeval_recursive_service_fault_csv_windows,RandomForest,9001,rolling_latency_mean,0.0,0.0
rcaeval_recursive_service_fault_csv_windows,RandomForest,9001,rolling_latency_std,0.0,0.0
rcaeval_recursive_service_fault_csv_windows,RandomForest,9001,ewma_latency,0.0,0.0
rcaeval_recursive_service_fault_csv_windows,RandomForest,9001,rolling_zscore_latency,0.0,0.0
rcaeval_recursive_service_fault_csv_windows,RandomForest,9001,latency_threshold_p95,0.0,0.0
rcaeval_recursive_service_fault_csv_windows,RandomForest,9001,latency_threshold_exceeded,0.0,0.0
sock_shop_scenario_aware_metrics_evaluation,XGBoost,42,memory_max,0.00962357934566647,0.0032128878405362233
sock_shop_scenario_aware_metrics_evaluation,XGBoost,42,log_error_indicator,0.004171659346226801,0.0014377475025384296
sock_shop_scenario_aware_metrics_evaluation,XGBoost,42,latency_threshold_exceeded,0.0006370835799654287,0.0008225713377916303
sock_shop_scenario_aware_metrics_evaluation,XGBoost,42,failed_span_ratio,0.00024109570846793846,0.00019639763382345396
sock_shop_scenario_aware_metrics_evaluation,XGBoost,42,rolling_latency_std,3.4825054945823254e-05,0.0004880177766407545
sock_shop_scenario_aware_metrics_evaluation,XGBoost,42,latency_mean,1.8483295409451223e-05,0.00040771582078829503
sock_shop_scenario_aware_metrics_evaluation,XGBoost,42,input_numeric_column_count,0.0,0.0
sock_shop_scenario_aware_metrics_evaluation,XGBoost,42,fanout_proxy,0.0,0.0
sock_shop_scenario_aware_metrics_evaluation,XGBoost,42,service_metric_entropy,0.0,0.0
sock_shop_scenario_aware_metrics_evaluation,XGBoost,42,log_template_frequency_proxy,0.0,0.0
sock_shop_scenario_aware_metrics_evaluation,XGBoost,42,log_entropy_proxy,0.0,0.0
sock_shop_scenario_aware_metrics_evaluation,XGBoost,42,latency_p99_proxy,0.0,0.0
sock_shop_scenario_aware_metrics_evaluation,XGBoost,42,ewma_latency,-1.1959893257103745e-05,0.000401047546868
sock_shop_scenario_aware_metrics_evaluation,XGBoost,42,latency_p95_proxy,-1.6783017166196085e-05,2.3734770493974974e-05
sock_shop_scenario_aware_metrics_evaluation,XGBoost,42,latency_max,-0.000382188052724534,0.0001886836594594932
sock_shop_scenario_aware_metrics_evaluation,XGBoost,42,span_duration_mean,-0.0004353132637019974,0.0001273392257153864
sock_shop_scenario_aware_metrics_evaluation,XGBoost,42,rolling_latency_mean,-0.0006979400568453512,0.0005859927985445294
sock_shop_scenario_aware_metrics_evaluation,XGBoost,42,error_rate,-0.0014482124049565726,0.0014369826741437706
sock_shop_scenario_aware_metrics_evaluation,XGBoost,42,rolling_zscore_latency,-0.0015205790678534115,0.0004611830942722666
sock_shop_scenario_aware_metrics_evaluation,XGBoost,42,request_rate,-0.0030753550846758793,0.00010901689651578934
sock_shop_scenario_aware_metrics_evaluation,XGBoost,42,trace_depth_proxy,-0.0033298006070129707,4.191417992278051e-05
sock_shop_scenario_aware_metrics_evaluation,XGBoost,42,network_or_size_mean,-0.008099168346294039,0.0017753447948509681
sock_shop_scenario_aware_metrics_evaluation,XGBoost,42,cpu_max,-0.008138889650274131,0.0007934489211910916
sock_shop_scenario_aware_metrics_evaluation,XGBoost,42,cpu_mean,-0.013580437979246684,0.0005742373211699093
sock_shop_scenario_aware_metrics_evaluation,XGBoost,42,latency_threshold_p95,-0.014139887647569127,0.00515914250896233
sock_shop_scenario_aware_metrics_evaluation,XGBoost,42,memory_mean,-0.015014653223460442,0.0026413310526208294
sock_shop_scenario_aware_metrics_evaluation,RandomForest,42,network_or_size_mean,0.05767579898378681,0.004117225705591121
sock_shop_scenario_aware_metrics_evaluation,RandomForest,42,latency_threshold_p95,0.04955587148743212,0.007027160555831033
sock_shop_scenario_aware_metrics_evaluation,RandomForest,42,memory_max,0.014239360692003619,0.001240232437471936
sock_shop_scenario_aware_metrics_evaluation,RandomForest,42,rolling_latency_std,0.003148216914409104,0.000880406618713601
sock_shop_scenario_aware_metrics_evaluation,RandomForest,42,trace_depth_proxy,0.0024499046094363375,0.0013499984188405005
sock_shop_scenario_aware_metrics_evaluation,RandomForest,42,latency_mean,0.0023584996106830736,0.0012324831615392465
sock_shop_scenario_aware_metrics_evaluation,RandomForest,42,request_rate,0.0022292133746318887,0.0012995271853193904
sock_shop_scenario_aware_metrics_evaluation,RandomForest,42,latency_max,0.002023500522998304,0.0009770674168183557
sock_shop_scenario_aware_metrics_evaluation,RandomForest,42,cpu_max,0.001879421370068246,0.0007800849542082366
sock_shop_scenario_aware_metrics_evaluation,RandomForest,42,cpu_mean,0.0017398784864962418,0.0010526312524582202
sock_shop_scenario_aware_metrics_evaluation,RandomForest,42,span_duration_mean,0.001518182104608116,0.0007657361671082361
sock_shop_scenario_aware_metrics_evaluation,RandomForest,42,rolling_latency_mean,0.0014781788238963367,0.0011170921983440722
sock_shop_scenario_aware_metrics_evaluation,RandomForest,42,ewma_latency,0.0014475616089820547,0.0009440725429955086
sock_shop_scenario_aware_metrics_evaluation,RandomForest,42,latency_p99_proxy,0.0013295916355756294,0.0012032729368287429
sock_shop_scenario_aware_metrics_evaluation,RandomForest,42,latency_p95_proxy,0.0007602523182287749,0.000669093755097216
sock_shop_scenario_aware_metrics_evaluation,RandomForest,42,fanout_proxy,0.0007359850867307468,0.0006725201679396945
sock_shop_scenario_aware_metrics_evaluation,RandomForest,42,service_metric_entropy,0.0006558307127736233,0.0004575519960362227
sock_shop_scenario_aware_metrics_evaluation,RandomForest,42,log_entropy_proxy,0.0005308502440099135,0.0008295078094339608
sock_shop_scenario_aware_metrics_evaluation,RandomForest,42,rolling_zscore_latency,0.0004365144146192823,0.00013465219911216333
sock_shop_scenario_aware_metrics_evaluation,RandomForest,42,log_template_frequency_proxy,0.0,0.0
sock_shop_scenario_aware_metrics_evaluation,RandomForest,42,input_numeric_column_count,-5.710863342130631e-05,0.0006644344075188736
sock_shop_scenario_aware_metrics_evaluation,RandomForest,42,latency_threshold_exceeded,-0.0006882771608518468,0.0008387137637951361
sock_shop_scenario_aware_metrics_evaluation,RandomForest,42,error_rate,-0.011223816569905731,0.002898705216371295
sock_shop_scenario_aware_metrics_evaluation,RandomForest,42,failed_span_ratio,-0.013787803310554828,0.0031416052774264533
sock_shop_scenario_aware_metrics_evaluation,RandomForest,42,memory_mean,-0.015006688570724422,0.003806227950833417
sock_shop_scenario_aware_metrics_evaluation,RandomForest,42,log_error_indicator,-0.019259416355106345,0.0030966211684711102
sock_shop_scenario_aware_metrics_evaluation,XGBoost,123,memory_max,0.026386983465754854,0.0033490788871549325
sock_shop_scenario_aware_metrics_evaluation,XGBoost,123,latency_threshold_p95,0.016691634067129313,0.003508789323727587
sock_shop_scenario_aware_metrics_evaluation,XGBoost,123,error_rate,0.009914095999900082,0.0026829878786482574
sock_shop_scenario_aware_metrics_evaluation,XGBoost,123,failed_span_ratio,2.174947068728228e-05,2.3433556803019647e-05
sock_shop_scenario_aware_metrics_evaluation,XGBoost,123,latency_p95_proxy,1.6555235145339815e-05,2.3412638070815286e-05
sock_shop_scenario_aware_metrics_evaluation,XGBoost,123,input_numeric_column_count,0.0,0.0
sock_shop_scenario_aware_metrics_evaluation,XGBoost,123,log_template_frequency_proxy,0.0,0.0
sock_shop_scenario_aware_metrics_evaluation,XGBoost,123,fanout_proxy,0.0,0.0
sock_shop_scenario_aware_metrics_evaluation,XGBoost,123,service_metric_entropy,0.0,0.0
sock_shop_scenario_aware_metrics_evaluation,XGBoost,123,log_entropy_proxy,0.0,0.0
sock_shop_scenario_aware_metrics_evaluation,XGBoost,123,rolling_latency_mean,-4.2288510472610064e-05,0.000536869429274793
sock_shop_scenario_aware_metrics_evaluation,XGBoost,123,latency_p99_proxy,-0.0001872568297656696,0.0
sock_shop_scenario_aware_metrics_evaluation,XGBoost,123,span_duration_mean,-0.00020766938532956747,9.782677447456629e-05
sock_shop_scenario_aware_metrics_evaluation,XGBoost,123,request_rate,-0.0005322676160140483,2.902298277989862e-05
sock_shop_scenario_aware_metrics_evaluation,XGBoost,123,rolling_zscore_latency,-0.0007220909101766279,0.0005103250128975728
sock_shop_scenario_aware_metrics_evaluation,XGBoost,123,ewma_latency,-0.0007267824788878366,0.00018064503105632253
sock_shop_scenario_aware_metrics_evaluation,XGBoost,123,trace_depth_proxy,-0.001039898575621571,0.0003923065730820559
sock_shop_scenario_aware_metrics_evaluation,XGBoost,123,latency_threshold_exceeded,-0.0013413538091475163,0.0010050890112899046
sock_shop_scenario_aware_metrics_evaluation,XGBoost,123,rolling_latency_std,-0.0016666492868946392,2.1198170237498495e-05
sock_shop_scenario_aware_metrics_evaluation,XGBoost,123,latency_mean,-0.0019070391601437309,0.0003980686245125179
sock_shop_scenario_aware_metrics_evaluation,XGBoost,123,latency_max,-0.002360668564330907,0.00046639199914222975
sock_shop_scenario_aware_metrics_evaluation,XGBoost,123,log_error_indicator,-0.002663323352741054,0.0006260841803471022
sock_shop_scenario_aware_metrics_evaluation,XGBoost,123,cpu_max,-0.0028639631025785075,0.0005509717278756414
sock_shop_scenario_aware_metrics_evaluation,XGBoost,123,network_or_size_mean,-0.0049131596764018055,0.002216521547332101
sock_shop_scenario_aware_metrics_evaluation,XGBoost,123,cpu_mean,-0.007000361488248304,0.0009655790580726088
sock_shop_scenario_aware_metrics_evaluation,XGBoost,123,memory_mean,-0.009986516593335918,0.0015147211004480474
sock_shop_scenario_aware_metrics_evaluation,RandomForest,123,network_or_size_mean,0.04905170772104241,0.0037553574378068754
sock_shop_scenario_aware_metrics_evaluation,RandomForest,123,latency_threshold_p95,0.02078246120648423,0.007526762165701685
sock_shop_scenario_aware_metrics_evaluation,RandomForest,123,latency_max,0.0028203734490146646,0.0009730725725236
sock_shop_scenario_aware_metrics_evaluation,RandomForest,123,cpu_max,0.0024986871669688457,0.001653449547224803
sock_shop_scenario_aware_metrics_evaluation,RandomForest,123,latency_p95_proxy,0.0024074921582075692,0.0011866666162059268
sock_shop_scenario_aware_metrics_evaluation,RandomForest,123,cpu_mean,0.002353270066409526,0.0015050651644123874
sock_shop_scenario_aware_metrics_evaluation,RandomForest,123,memory_max,0.002173319522063344,0.003462816497515551
sock_shop_scenario_aware_metrics_evaluation,RandomForest,123,rolling_latency_std,0.0021418097405134597,0.0013395011046266033
sock_shop_scenario_aware_metrics_evaluation,RandomForest,123,ewma_latency,0.0015132560631941165,0.0005650359803640891
sock_shop_scenario_aware_metrics_evaluation,RandomForest,123,trace_depth_proxy,0.0013874857196962316,0.001378447850348358
sock_shop_scenario_aware_metrics_evaluation,RandomForest,123,latency_p99_proxy,0.0010510792596405971,0.0007486079024434698
sock_shop_scenario_aware_metrics_evaluation,RandomForest,123,request_rate,0.0008354165964775303,0.0011253297315541191
sock_shop_scenario_aware_metrics_evaluation,RandomForest,123,latency_mean,0.0006028485544504747,0.00023966828920904344
sock_shop_scenario_aware_metrics_evaluation,RandomForest,123,rolling_latency_mean,0.00044807467097884857,0.0006031305153641763
sock_shop_scenario_aware_metrics_evaluation,RandomForest,123,span_duration_mean,0.00039784205000098494,0.0009319353735327508
sock_shop_scenario_aware_metrics_evaluation,RandomForest,123,fanout_proxy,0.00026974642883975664,0.00034542818046338686
sock_shop_scenario_aware_metrics_evaluation,RandomForest,123,input_numeric_column_count,0.00026974642883975664,0.00034542818046338686
sock_shop_scenario_aware_metrics_evaluation,RandomForest,123,log_entropy_proxy,6.775830724488803e-05,0.00028145707890644847
sock_shop_scenario_aware_metrics_evaluation,RandomForest,123,log_template_frequency_proxy,0.0,0.0
sock_shop_scenario_aware_metrics_evaluation,RandomForest,123,service_metric_entropy,-0.00015972894956215825,0.0001831880069530927
sock_shop_scenario_aware_metrics_evaluation,RandomForest,123,latency_threshold_exceeded,-0.00016286668322508988,0.004123263233737401
sock_shop_scenario_aware_metrics_evaluation,RandomForest,123,rolling_zscore_latency,-0.0004372079881799773,0.0003658423164044306
sock_shop_scenario_aware_metrics_evaluation,RandomForest,123,error_rate,-0.017952599639686633,0.0013069686997095598
sock_shop_scenario_aware_metrics_evaluation,RandomForest,123,failed_span_ratio,-0.02108108670519025,0.0014034002164347414
sock_shop_scenario_aware_metrics_evaluation,RandomForest,123,memory_mean,-0.032568264023152306,0.0016250273102714464
sock_shop_scenario_aware_metrics_evaluation,RandomForest,123,log_error_indicator,-0.03751474225748447,0.0019249990522156686
sock_shop_scenario_aware_metrics_evaluation,XGBoost,2026,latency_threshold_p95,0.02768457610867749,0.0020847740798175967
sock_shop_scenario_aware_metrics_evaluation,XGBoost,2026,memory_max,0.022380748121596534,0.004102843135044649
sock_shop_scenario_aware_metrics_evaluation,XGBoost,2026,network_or_size_mean,0.004016209512962721,0.00383437456716437
sock_shop_scenario_aware_metrics_evaluation,XGBoost,2026,error_rate,0.0032492484446812373,4.3934249318314945e-05
sock_shop_scenario_aware_metrics_evaluation,XGBoost,2026,rolling_zscore_latency,0.001098991773946197,0.0005900371676648207
sock_shop_scenario_aware_metrics_evaluation,XGBoost,2026,rolling_latency_std,0.0006245072377807914,0.0005125858604389645
sock_shop_scenario_aware_metrics_evaluation,XGBoost,2026,rolling_latency_mean,0.0005692305122801758,0.00021113804372209467
sock_shop_scenario_aware_metrics_evaluation,XGBoost,2026,cpu_max,0.00044168813091329434,0.00016890046515540924
sock_shop_scenario_aware_metrics_evaluation,XGBoost,2026,latency_mean,0.00015780192576932603,0.00016912571757053866
sock_shop_scenario_aware_metrics_evaluation,XGBoost,2026,latency_max,6.910868944920434e-05,0.0003192156114002558
sock_shop_scenario_aware_metrics_evaluation,XGBoost,2026,request_rate,6.86768814294747e-05,2.427530498519038e-05
sock_shop_scenario_aware_metrics_evaluation,XGBoost,2026,latency_p95_proxy,2.2396835558380346e-07,7.318777892025554e-05
sock_shop_scenario_aware_metrics_evaluation,XGBoost,2026,input_numeric_column_count,0.0,0.0
sock_shop_scenario_aware_metrics_evaluation,XGBoost,2026,service_metric_entropy,0.0,0.0
sock_shop_scenario_aware_metrics_evaluation,XGBoost,2026,log_entropy_proxy,0.0,0.0
sock_shop_scenario_aware_metrics_evaluation,XGBoost,2026,latency_p99_proxy,0.0,0.0
sock_shop_scenario_aware_metrics_evaluation,XGBoost,2026,log_template_frequency_proxy,0.0,0.0
sock_shop_scenario_aware_metrics_evaluation,XGBoost,2026,fanout_proxy,0.0,0.0
sock_shop_scenario_aware_metrics_evaluation,XGBoost,2026,span_duration_mean,-1.717586880630358e-05,2.4290346611415506e-05
sock_shop_scenario_aware_metrics_evaluation,XGBoost,2026,trace_depth_proxy,-3.267857570027344e-05,0.0004441509319262735
sock_shop_scenario_aware_metrics_evaluation,XGBoost,2026,latency_threshold_exceeded,-3.4250228468294765e-05,0.0005924984020939258
sock_shop_scenario_aware_metrics_evaluation,XGBoost,2026,ewma_latency,-5.1116787854873134e-05,0.0002566759349664912
sock_shop_scenario_aware_metrics_evaluation,XGBoost,2026,failed_span_ratio,-0.00022450544632549954,0.0001059175593104914
sock_shop_scenario_aware_metrics_evaluation,XGBoost,2026,log_error_indicator,-0.0016564235071639584,4.8603284270456785e-05
sock_shop_scenario_aware_metrics_evaluation,XGBoost,2026,cpu_mean,-0.003916906027361056,0.000860206589335867
sock_shop_scenario_aware_metrics_evaluation,XGBoost,2026,memory_mean,-0.017933660352163167,0.0013049013694127127
sock_shop_scenario_aware_metrics_evaluation,RandomForest,2026,network_or_size_mean,0.05735603597069566,0.00859664184121362
sock_shop_scenario_aware_metrics_evaluation,RandomForest,2026,latency_threshold_p95,0.04683582771752944,0.010135301926020933
sock_shop_scenario_aware_metrics_evaluation,RandomForest,2026,memory_max,0.0035707679423600722,0.0022422909408629423
sock_shop_scenario_aware_metrics_evaluation,RandomForest,2026,rolling_latency_std,0.0018698305900992085,0.00048275717201428785
sock_shop_scenario_aware_metrics_evaluation,RandomForest,2026,rolling_latency_mean,0.001415589561280998,5.2687586456676386e-05
sock_shop_scenario_aware_metrics_evaluation,RandomForest,2026,cpu_max,0.0014023702482478344,0.0002775463688872813
sock_shop_scenario_aware_metrics_evaluation,RandomForest,2026,cpu_mean,0.0013114906399929367,2.529462328407299e-05
sock_shop_scenario_aware_metrics_evaluation,RandomForest,2026,ewma_latency,0.0012097574600084537,0.0007106422870930537
sock_shop_scenario_aware_metrics_evaluation,RandomForest,2026,request_rate,0.0004266470762781527,0.00022046279463748986
sock_shop_scenario_aware_metrics_evaluation,RandomForest,2026,latency_mean,0.00041290911669813096,0.0005011546429098247
sock_shop_scenario_aware_metrics_evaluation,RandomForest,2026,latency_p99_proxy,0.00037909198598449584,0.0004471889999365422
sock_shop_scenario_aware_metrics_evaluation,RandomForest,2026,trace_depth_proxy,0.0002671538763959573,0.00029150809322445827
sock_shop_scenario_aware_metrics_evaluation,RandomForest,2026,service_metric_entropy,0.000258835914653958,0.000413502124997475
sock_shop_scenario_aware_metrics_evaluation,RandomForest,2026,span_duration_mean,0.0001531363763068172,0.0002974041019481668
sock_shop_scenario_aware_metrics_evaluation,RandomForest,2026,fanout_proxy,5.2909741219298034e-05,0.00070440501195858
sock_shop_scenario_aware_metrics_evaluation,RandomForest,2026,latency_max,1.3177879514566134e-05,0.00014839168422629267
sock_shop_scenario_aware_metrics_evaluation,RandomForest,2026,log_template_frequency_proxy,0.0,0.0
sock_shop_scenario_aware_metrics_evaluation,RandomForest,2026,input_numeric_column_count,-0.00010544389091822944,0.00010366272771445499
sock_shop_scenario_aware_metrics_evaluation,RandomForest,2026,rolling_zscore_latency,-0.000117965821057886,7.445048618501183e-05
sock_shop_scenario_aware_metrics_evaluation,RandomForest,2026,latency_p95_proxy,-0.0003026277243508198,0.00011605871780640082
sock_shop_scenario_aware_metrics_evaluation,RandomForest,2026,log_entropy_proxy,-0.0003378561908195336,7.444508817640216e-05
sock_shop_scenario_aware_metrics_evaluation,RandomForest,2026,latency_threshold_exceeded,-0.002763488754963165,0.0002550217126908927
sock_shop_scenario_aware_metrics_evaluation,RandomForest,2026,memory_mean,-0.007284337915254735,0.003643853184232483
sock_shop_scenario_aware_metrics_evaluation,RandomForest,2026,error_rate,-0.008733359442671488,0.0009857157303144566
sock_shop_scenario_aware_metrics_evaluation,RandomForest,2026,failed_span_ratio,-0.009188920463836884,0.001411608496741477
sock_shop_scenario_aware_metrics_evaluation,RandomForest,2026,log_error_indicator,-0.016810947856404523,0.0005864675833354764
sock_shop_scenario_aware_metrics_evaluation,XGBoost,7,memory_max,0.018031634567975612,0.001534124838679864
sock_shop_scenario_aware_metrics_evaluation,XGBoost,7,network_or_size_mean,0.0014498602081307228,0.0004630873025126937
sock_shop_scenario_aware_metrics_evaluation,XGBoost,7,latency_threshold_exceeded,0.0012376955569542252,0.00022866365230505095
sock_shop_scenario_aware_metrics_evaluation,XGBoost,7,rolling_latency_std,0.00048218870256640695,0.0002652577334248827
sock_shop_scenario_aware_metrics_evaluation,XGBoost,7,rolling_latency_mean,0.0003556792802909177,0.0006316329293603909
sock_shop_scenario_aware_metrics_evaluation,XGBoost,7,trace_depth_proxy,9.132639066476249e-05,0.00024759803869904936
sock_shop_scenario_aware_metrics_evaluation,XGBoost,7,latency_mean,6.390599440810514e-05,0.00018910453898846448
sock_shop_scenario_aware_metrics_evaluation,XGBoost,7,rolling_zscore_latency,3.699811727549592e-05,0.00012572539800444308
sock_shop_scenario_aware_metrics_evaluation,XGBoost,7,latency_max,0.0,0.0
sock_shop_scenario_aware_metrics_evaluation,XGBoost,7,input_numeric_column_count,0.0,0.0
sock_shop_scenario_aware_metrics_evaluation,XGBoost,7,log_entropy_proxy,0.0,0.0
sock_shop_scenario_aware_metrics_evaluation,XGBoost,7,service_metric_entropy,0.0,0.0
sock_shop_scenario_aware_metrics_evaluation,XGBoost,7,fanout_proxy,0.0,0.0
sock_shop_scenario_aware_metrics_evaluation,XGBoost,7,log_template_frequency_proxy,0.0,0.0
sock_shop_scenario_aware_metrics_evaluation,XGBoost,7,span_duration_mean,0.0,0.0
sock_shop_scenario_aware_metrics_evaluation,XGBoost,7,latency_p95_proxy,0.0,0.0
sock_shop_scenario_aware_metrics_evaluation,XGBoost,7,latency_p99_proxy,0.0,0.0
sock_shop_scenario_aware_metrics_evaluation,XGBoost,7,failed_span_ratio,-0.00017774004204353563,0.00016374915807239204
sock_shop_scenario_aware_metrics_evaluation,XGBoost,7,request_rate,-0.0003230674311434645,7.665288164178015e-05
sock_shop_scenario_aware_metrics_evaluation,XGBoost,7,ewma_latency,-0.0007432067484935782,0.00011533472674022227
sock_shop_scenario_aware_metrics_evaluation,XGBoost,7,cpu_max,-0.0011396755266164422,0.00033462155944987684
sock_shop_scenario_aware_metrics_evaluation,XGBoost,7,latency_threshold_p95,-0.0012604268844160031,0.004614364484613653
sock_shop_scenario_aware_metrics_evaluation,XGBoost,7,log_error_indicator,-0.0017563993496875023,0.0004280021589229512
sock_shop_scenario_aware_metrics_evaluation,XGBoost,7,error_rate,-0.0027489597603265934,0.0009454607455816291
sock_shop_scenario_aware_metrics_evaluation,XGBoost,7,memory_mean,-0.011569030903438101,0.001303454012041064
sock_shop_scenario_aware_metrics_evaluation,XGBoost,7,cpu_mean,-0.01344597815674368,0.0003746414242284214
sock_shop_scenario_aware_metrics_evaluation,RandomForest,7,network_or_size_mean,0.07525663766994353,0.004522628102161008
sock_shop_scenario_aware_metrics_evaluation,RandomForest,7,memory_max,0.01830712271536498,0.004211651779399839
sock_shop_scenario_aware_metrics_evaluation,RandomForest,7,latency_threshold_p95,0.01701379765121445,0.0035156910781071913
sock_shop_scenario_aware_metrics_evaluation,RandomForest,7,memory_mean,0.0032286322838357604,0.004328469733906128
sock_shop_scenario_aware_metrics_evaluation,RandomForest,7,trace_depth_proxy,0.0018044456464483642,0.0005092022980953528
sock_shop_scenario_aware_metrics_evaluation,RandomForest,7,rolling_latency_std,0.001760418170374774,5.740003604132558e-05
sock_shop_scenario_aware_metrics_evaluation,RandomForest,7,cpu_max,0.0016364580730831764,0.0006767775162177217
sock_shop_scenario_aware_metrics_evaluation,RandomForest,7,request_rate,0.0016326872130962289,0.0003053397054524559
sock_shop_scenario_aware_metrics_evaluation,RandomForest,7,latency_p95_proxy,0.001536811237334142,0.00013844917688559245
sock_shop_scenario_aware_metrics_evaluation,RandomForest,7,cpu_mean,0.0014805152157690478,0.0009357785748862536
sock_shop_scenario_aware_metrics_evaluation,RandomForest,7,latency_max,0.0014610655313997412,5.379176418847154e-05
sock_shop_scenario_aware_metrics_evaluation,RandomForest,7,span_duration_mean,0.0011940593625952383,0.00021997411142838614
sock_shop_scenario_aware_metrics_evaluation,RandomForest,7,latency_p99_proxy,0.0011740850717926559,0.000197903280382353
sock_shop_scenario_aware_metrics_evaluation,RandomForest,7,latency_mean,0.001134100194138769,0.00019224826416663757
sock_shop_scenario_aware_metrics_evaluation,RandomForest,7,rolling_zscore_latency,0.0010229384228569633,0.00023526994010038895
sock_shop_scenario_aware_metrics_evaluation,RandomForest,7,service_metric_entropy,0.0005918694383337993,0.00010215359119766085
sock_shop_scenario_aware_metrics_evaluation,RandomForest,7,rolling_latency_mean,0.0005518317114983998,0.000385284471996835
sock_shop_scenario_aware_metrics_evaluation,RandomForest,7,ewma_latency,0.0004363066551902513,0.000280994121033439
sock_shop_scenario_aware_metrics_evaluation,RandomForest,7,log_entropy_proxy,0.0004211661580444022,0.0001915224917694732
sock_shop_scenario_aware_metrics_evaluation,RandomForest,7,input_numeric_column_count,0.00036585705055967405,7.493206044790193e-05
sock_shop_scenario_aware_metrics_evaluation,RandomForest,7,fanout_proxy,0.00013036605376798294,0.00039790937300284736
sock_shop_scenario_aware_metrics_evaluation,RandomForest,7,log_template_frequency_proxy,0.0,0.0
sock_shop_scenario_aware_metrics_evaluation,RandomForest,7,latency_threshold_exceeded,-0.0008816888523320668,0.0008964514276564722
sock_shop_scenario_aware_metrics_evaluation,RandomForest,7,error_rate,-0.011815786278008297,0.0031115542533517843
sock_shop_scenario_aware_metrics_evaluation,RandomForest,7,failed_span_ratio,-0.0123513519793196,0.0034946814795058737
sock_shop_scenario_aware_metrics_evaluation,RandomForest,7,log_error_indicator,-0.020962607348572176,0.0031118163803524152
sock_shop_scenario_aware_metrics_evaluation,XGBoost,13,memory_max,0.011077224112504058,0.0022036677657583364
sock_shop_scenario_aware_metrics_evaluation,XGBoost,13,error_rate,0.004616930559578421,0.002589790443912033
sock_shop_scenario_aware_metrics_evaluation,XGBoost,13,rolling_latency_mean,0.00036063638947749405,0.0003183981253674792
sock_shop_scenario_aware_metrics_evaluation,XGBoost,13,log_error_indicator,0.0002314796012945486,0.0014860618738687054
sock_shop_scenario_aware_metrics_evaluation,XGBoost,13,latency_mean,0.00020374267328532314,0.00011000444272233599
sock_shop_scenario_aware_metrics_evaluation,XGBoost,13,latency_max,0.0001626104601138804,5.175060356661487e-05
sock_shop_scenario_aware_metrics_evaluation,XGBoost,13,latency_p99_proxy,0.0,0.0
sock_shop_scenario_aware_metrics_evaluation,XGBoost,13,fanout_proxy,0.0,0.0
sock_shop_scenario_aware_metrics_evaluation,XGBoost,13,input_numeric_column_count,0.0,0.0
sock_shop_scenario_aware_metrics_evaluation,XGBoost,13,log_template_frequency_proxy,0.0,0.0
sock_shop_scenario_aware_metrics_evaluation,XGBoost,13,log_entropy_proxy,0.0,0.0
sock_shop_scenario_aware_metrics_evaluation,XGBoost,13,service_metric_entropy,0.0,0.0
sock_shop_scenario_aware_metrics_evaluation,XGBoost,13,span_duration_mean,0.0,0.0
sock_shop_scenario_aware_metrics_evaluation,XGBoost,13,ewma_latency,-2.667457790850314e-05,0.00017246786537600776
sock_shop_scenario_aware_metrics_evaluation,XGBoost,13,rolling_zscore_latency,-0.0001430029720498697,0.0001428683607298835
sock_shop_scenario_aware_metrics_evaluation,XGBoost,13,failed_span_ratio,-0.00018268808407499262,0.0002551198607229962
sock_shop_scenario_aware_metrics_evaluation,XGBoost,13,request_rate,-0.00023939300492555512,0.00015493255565729897
sock_shop_scenario_aware_metrics_evaluation,XGBoost,13,latency_p95_proxy,-0.00033227924910544937,8.924728356072131e-05
sock_shop_scenario_aware_metrics_evaluation,XGBoost,13,trace_depth_proxy,-0.00035862613608013866,0.0005351295415998278
sock_shop_scenario_aware_metrics_evaluation,XGBoost,13,rolling_latency_std,-0.00041186584376584623,0.000531448532930615
sock_shop_scenario_aware_metrics_evaluation,XGBoost,13,latency_threshold_exceeded,-0.0006711697652370674,0.0003715134264062592
sock_shop_scenario_aware_metrics_evaluation,XGBoost,13,cpu_max,-0.0020128265074687013,0.0008578757934225581
sock_shop_scenario_aware_metrics_evaluation,XGBoost,13,cpu_mean,-0.0039528133879745036,0.0006288235983906194
sock_shop_scenario_aware_metrics_evaluation,XGBoost,13,latency_threshold_p95,-0.006241176103259786,0.004241603501332195
sock_shop_scenario_aware_metrics_evaluation,XGBoost,13,network_or_size_mean,-0.008441706785436856,0.0013012888258206005
sock_shop_scenario_aware_metrics_evaluation,XGBoost,13,memory_mean,-0.010734298716451022,0.001077641706510164
sock_shop_scenario_aware_metrics_evaluation,RandomForest,13,network_or_size_mean,0.09163374134581444,0.005262397641392359
sock_shop_scenario_aware_metrics_evaluation,RandomForest,13,latency_threshold_p95,0.06458715079716262,0.006071633151865336
sock_shop_scenario_aware_metrics_evaluation,RandomForest,13,memory_max,0.05964267946874244,0.001390347229572562
sock_shop_scenario_aware_metrics_evaluation,RandomForest,13,memory_mean,0.016192622921686318,0.005246957013868052
sock_shop_scenario_aware_metrics_evaluation,RandomForest,13,cpu_max,0.004128763225137083,0.002354533002711345
sock_shop_scenario_aware_metrics_evaluation,RandomForest,13,rolling_latency_std,0.003425262925538658,0.0017387423875934434
sock_shop_scenario_aware_metrics_evaluation,RandomForest,13,cpu_mean,0.0031035355090589523,0.0032950057121638953
sock_shop_scenario_aware_metrics_evaluation,RandomForest,13,latency_p99_proxy,0.002732593298259552,0.0010957700342528731
sock_shop_scenario_aware_metrics_evaluation,RandomForest,13,request_rate,0.0026710846807753708,0.001329227510517496
sock_shop_scenario_aware_metrics_evaluation,RandomForest,13,latency_max,0.0021247546585218915,0.001058105454729654
sock_shop_scenario_aware_metrics_evaluation,RandomForest,13,trace_depth_proxy,0.0020059187903271694,0.0011749511772368186
sock_shop_scenario_aware_metrics_evaluation,RandomForest,13,latency_mean,0.001986886412081066,0.0009369974802145933
sock_shop_scenario_aware_metrics_evaluation,RandomForest,13,ewma_latency,0.0019853156538772176,0.000573919845935977
sock_shop_scenario_aware_metrics_evaluation,RandomForest,13,rolling_latency_mean,0.0019665010812662622,0.00052561378622907
sock_shop_scenario_aware_metrics_evaluation,RandomForest,13,latency_p95_proxy,0.0019471919939031874,0.0005556008601736619
sock_shop_scenario_aware_metrics_evaluation,RandomForest,13,input_numeric_column_count,0.001634074375456836,0.0009630466786638513
sock_shop_scenario_aware_metrics_evaluation,RandomForest,13,span_duration_mean,0.001633954744706595,0.00053324410621934
sock_shop_scenario_aware_metrics_evaluation,RandomForest,13,log_entropy_proxy,0.001614406703860538,0.0009859735848840039
sock_shop_scenario_aware_metrics_evaluation,RandomForest,13,fanout_proxy,0.0007950074344271011,0.0005535993955728756
sock_shop_scenario_aware_metrics_evaluation,RandomForest,13,rolling_zscore_latency,0.000737275450067613,5.494563463435333e-05
sock_shop_scenario_aware_metrics_evaluation,RandomForest,13,service_metric_entropy,0.00025249317272309685,0.00018013614105555885
sock_shop_scenario_aware_metrics_evaluation,RandomForest,13,log_template_frequency_proxy,0.0,0.0
sock_shop_scenario_aware_metrics_evaluation,RandomForest,13,latency_threshold_exceeded,-0.0009204020059508378,0.000506816871439283
sock_shop_scenario_aware_metrics_evaluation,RandomForest,13,log_error_indicator,-0.0022068606181431063,0.0019651515324246483
sock_shop_scenario_aware_metrics_evaluation,RandomForest,13,failed_span_ratio,-0.004358402213363551,0.0027149984384846853
sock_shop_scenario_aware_metrics_evaluation,RandomForest,13,error_rate,-0.006469333902910546,0.0009669945663951763
sock_shop_scenario_aware_metrics_evaluation,XGBoost,21,latency_threshold_p95,0.02843901395560311,0.002721238149390088
sock_shop_scenario_aware_metrics_evaluation,XGBoost,21,memory_max,0.025496747295323568,0.003176758356512853
sock_shop_scenario_aware_metrics_evaluation,XGBoost,21,network_or_size_mean,0.013775713491438782,0.0021481908933272792
sock_shop_scenario_aware_metrics_evaluation,XGBoost,21,trace_depth_proxy,0.0007052011281680759,0.0005426140225063855
sock_shop_scenario_aware_metrics_evaluation,XGBoost,21,latency_mean,0.0006994330828184273,0.0003314930860431562
sock_shop_scenario_aware_metrics_evaluation,XGBoost,21,error_rate,0.0004671259669195571,0.0012617692826999121
sock_shop_scenario_aware_metrics_evaluation,XGBoost,21,log_error_indicator,0.00036464212506813015,0.0015997904793652157
sock_shop_scenario_aware_metrics_evaluation,XGBoost,21,rolling_latency_mean,0.0003311619206617378,0.0002989135208029966
sock_shop_scenario_aware_metrics_evaluation,XGBoost,21,rolling_zscore_latency,0.0003274344071849307,0.0006934520203967352
sock_shop_scenario_aware_metrics_evaluation,XGBoost,21,ewma_latency,0.0003006022016974567,0.000251634448898206
sock_shop_scenario_aware_metrics_evaluation,XGBoost,21,rolling_latency_std,0.00013406709041972423,0.00045583535027374727
sock_shop_scenario_aware_metrics_evaluation,XGBoost,21,request_rate,8.427328826745202e-05,0.00011918042721360808
sock_shop_scenario_aware_metrics_evaluation,XGBoost,21,latency_p99_proxy,0.0,0.0
sock_shop_scenario_aware_metrics_evaluation,XGBoost,21,fanout_proxy,0.0,0.0
sock_shop_scenario_aware_metrics_evaluation,XGBoost,21,input_numeric_column_count,0.0,0.0
sock_shop_scenario_aware_metrics_evaluation,XGBoost,21,log_template_frequency_proxy,0.0,0.0
sock_shop_scenario_aware_metrics_evaluation,XGBoost,21,span_duration_mean,0.0,0.0
sock_shop_scenario_aware_metrics_evaluation,XGBoost,21,latency_p95_proxy,0.0,0.0
sock_shop_scenario_aware_metrics_evaluation,XGBoost,21,log_entropy_proxy,0.0,0.0
sock_shop_scenario_aware_metrics_evaluation,XGBoost,21,service_metric_entropy,0.0,0.0
sock_shop_scenario_aware_metrics_evaluation,XGBoost,21,latency_max,-1.727532813265246e-05,2.4431003339642582e-05
sock_shop_scenario_aware_metrics_evaluation,XGBoost,21,failed_span_ratio,-2.829790786253635e-05,0.0003339781064237116
sock_shop_scenario_aware_metrics_evaluation,XGBoost,21,latency_threshold_exceeded,-0.0004400443680844801,0.0004343959043680391
sock_shop_scenario_aware_metrics_evaluation,XGBoost,21,cpu_mean,-0.0016334566997628548,0.0014362236703440799
sock_shop_scenario_aware_metrics_evaluation,XGBoost,21,cpu_max,-0.0022838562571372476,0.001750296218070632
sock_shop_scenario_aware_metrics_evaluation,XGBoost,21,memory_mean,-0.004024237408936778,0.0014077130743459288
sock_shop_scenario_aware_metrics_evaluation,RandomForest,21,network_or_size_mean,0.06818334682240952,0.004572994918418577
sock_shop_scenario_aware_metrics_evaluation,RandomForest,21,latency_threshold_p95,0.035832809662984744,0.0025482675129361626
sock_shop_scenario_aware_metrics_evaluation,RandomForest,21,memory_max,0.03039560124870916,0.008040805650098995
sock_shop_scenario_aware_metrics_evaluation,RandomForest,21,cpu_mean,0.0033674876081131364,0.0007270755249721149
sock_shop_scenario_aware_metrics_evaluation,RandomForest,21,rolling_latency_std,0.003056539889022066,0.0005820142690684042
sock_shop_scenario_aware_metrics_evaluation,RandomForest,21,cpu_max,0.0026185309565534554,0.0005722429830694861
sock_shop_scenario_aware_metrics_evaluation,RandomForest,21,request_rate,0.0015051451107086684,0.0007026839479125845
sock_shop_scenario_aware_metrics_evaluation,RandomForest,21,latency_mean,0.0008847008143224588,0.0009234331965331525
sock_shop_scenario_aware_metrics_evaluation,RandomForest,21,latency_p95_proxy,0.0008796619930796316,0.0008681104388111407
sock_shop_scenario_aware_metrics_evaluation,RandomForest,21,ewma_latency,0.000806294395545378,0.000325739413555375
sock_shop_scenario_aware_metrics_evaluation,RandomForest,21,latency_p99_proxy,0.0007313524565893218,0.0005750201024629153
sock_shop_scenario_aware_metrics_evaluation,RandomForest,21,latency_max,0.0006614289101592452,0.00041222850021563253
sock_shop_scenario_aware_metrics_evaluation,RandomForest,21,span_duration_mean,0.0006506813490432251,0.00034235361926208887
sock_shop_scenario_aware_metrics_evaluation,RandomForest,21,rolling_latency_mean,0.0005216238915444205,0.00039782383636246063
sock_shop_scenario_aware_metrics_evaluation,RandomForest,21,log_entropy_proxy,0.0002936757436247846,0.00035631709688932977
sock_shop_scenario_aware_metrics_evaluation,RandomForest,21,input_numeric_column_count,0.00028029330201319774,0.00033314205041922915
sock_shop_scenario_aware_metrics_evaluation,RandomForest,21,fanout_proxy,0.00023954020601589057,0.0005454379911555273
sock_shop_scenario_aware_metrics_evaluation,RandomForest,21,trace_depth_proxy,0.00014882836852212847,0.0005058606947305993
sock_shop_scenario_aware_metrics_evaluation,RandomForest,21,log_template_frequency_proxy,0.0,0.0
sock_shop_scenario_aware_metrics_evaluation,RandomForest,21,service_metric_entropy,-0.000154382923601278,0.0003120396476995348
sock_shop_scenario_aware_metrics_evaluation,RandomForest,21,rolling_zscore_latency,-0.0005726012146590002,0.0001778884984117048
sock_shop_scenario_aware_metrics_evaluation,RandomForest,21,latency_threshold_exceeded,-0.0009607472535615632,0.0015543823347008872
sock_shop_scenario_aware_metrics_evaluation,RandomForest,21,error_rate,-0.0033195974003141413,0.0008975232890337626
sock_shop_scenario_aware_metrics_evaluation,RandomForest,21,log_error_indicator,-0.005094656417230947,0.0016330420824798605
sock_shop_scenario_aware_metrics_evaluation,RandomForest,21,failed_span_ratio,-0.006851364838364626,0.0007472452621449096
sock_shop_scenario_aware_metrics_evaluation,RandomForest,21,memory_mean,-0.008576438522982122,0.0035994077891460326
sock_shop_scenario_aware_metrics_evaluation,XGBoost,99,memory_max,0.019140673110861983,0.0017314168228983792
sock_shop_scenario_aware_metrics_evaluation,XGBoost,99,latency_threshold_p95,0.01635424172741941,0.0038959665295270787
sock_shop_scenario_aware_metrics_evaluation,XGBoost,99,latency_mean,0.002974932319845099,0.00021046118769168094
sock_shop_scenario_aware_metrics_evaluation,XGBoost,99,rolling_latency_std,0.00198751034445351,0.00047570202172260087
sock_shop_scenario_aware_metrics_evaluation,XGBoost,99,latency_threshold_exceeded,0.0016179930528580355,0.00032985758264301654
sock_shop_scenario_aware_metrics_evaluation,XGBoost,99,latency_max,0.0009076706625842923,0.00010575402515950495
sock_shop_scenario_aware_metrics_evaluation,XGBoost,99,rolling_zscore_latency,0.0008979423066981888,0.00040117672836318226
sock_shop_scenario_aware_metrics_evaluation,XGBoost,99,rolling_latency_mean,0.00046948199080404374,0.0006914345281489326
sock_shop_scenario_aware_metrics_evaluation,XGBoost,99,cpu_max,0.0003187113911816697,0.0009227432708674181
sock_shop_scenario_aware_metrics_evaluation,XGBoost,99,failed_span_ratio,0.000248624565145165,0.0002238260432735316
sock_shop_scenario_aware_metrics_evaluation,XGBoost,99,fanout_proxy,0.0,0.0
sock_shop_scenario_aware_metrics_evaluation,XGBoost,99,service_metric_entropy,0.0,0.0
sock_shop_scenario_aware_metrics_evaluation,XGBoost,99,log_entropy_proxy,0.0,0.0
sock_shop_scenario_aware_metrics_evaluation,XGBoost,99,log_template_frequency_proxy,0.0,0.0
sock_shop_scenario_aware_metrics_evaluation,XGBoost,99,latency_p99_proxy,0.0,0.0
sock_shop_scenario_aware_metrics_evaluation,XGBoost,99,input_numeric_column_count,0.0,0.0
sock_shop_scenario_aware_metrics_evaluation,XGBoost,99,latency_p95_proxy,0.0,0.0
sock_shop_scenario_aware_metrics_evaluation,XGBoost,99,cpu_mean,-6.737150539974183e-05,0.0005321446370812972
sock_shop_scenario_aware_metrics_evaluation,XGBoost,99,ewma_latency,-0.0001553700895913964,9.410534042754563e-05
sock_shop_scenario_aware_metrics_evaluation,XGBoost,99,span_duration_mean,-0.0003423390381654401,0.0
sock_shop_scenario_aware_metrics_evaluation,XGBoost,99,request_rate,-0.0009239984947636374,0.00012059186075717911
sock_shop_scenario_aware_metrics_evaluation,XGBoost,99,log_error_indicator,-0.0009746217904085253,0.0006370806026262714
sock_shop_scenario_aware_metrics_evaluation,XGBoost,99,network_or_size_mean,-0.0012698355499491016,0.0011104112357937128
sock_shop_scenario_aware_metrics_evaluation,XGBoost,99,error_rate,-0.0013582769064520162,0.0004578240799839941
sock_shop_scenario_aware_metrics_evaluation,XGBoost,99,memory_mean,-0.0015438770723888255,0.0016500658047987
sock_shop_scenario_aware_metrics_evaluation,XGBoost,99,trace_depth_proxy,-0.003010728614248855,0.00023508716489753197
sock_shop_scenario_aware_metrics_evaluation,RandomForest,99,network_or_size_mean,0.05228399463297057,0.0041779053960501415
sock_shop_scenario_aware_metrics_evaluation,RandomForest,99,latency_threshold_p95,0.03794447792144131,0.008005796594923726
sock_shop_scenario_aware_metrics_evaluation,RandomForest,99,memory_max,0.035977910835260744,0.0026310544964812136
sock_shop_scenario_aware_metrics_evaluation,RandomForest,99,request_rate,0.003959828865244226,0.002087334651008437
sock_shop_scenario_aware_metrics_evaluation,RandomForest,99,trace_depth_proxy,0.003922965543413472,0.0015044983445484464
sock_shop_scenario_aware_metrics_evaluation,RandomForest,99,latency_p99_proxy,0.0039016103461421516,0.00134346233173037
sock_shop_scenario_aware_metrics_evaluation,RandomForest,99,cpu_mean,0.003742557496770438,0.0024812064103345486
sock_shop_scenario_aware_metrics_evaluation,RandomForest,99,cpu_max,0.0037167988290141285,0.0019991631873060873
sock_shop_scenario_aware_metrics_evaluation,RandomForest,99,latency_p95_proxy,0.0035496735731932274,0.0014304599614945986
sock_shop_scenario_aware_metrics_evaluation,RandomForest,99,span_duration_mean,0.003534726944743003,0.0015231753692371336
sock_shop_scenario_aware_metrics_evaluation,RandomForest,99,latency_max,0.003415093312748363,0.0008836030461688522
sock_shop_scenario_aware_metrics_evaluation,RandomForest,99,ewma_latency,0.0033337529810198996,0.0009782911154421455
sock_shop_scenario_aware_metrics_evaluation,RandomForest,99,rolling_latency_mean,0.003184696779451296,0.00019663113891249125
sock_shop_scenario_aware_metrics_evaluation,RandomForest,99,latency_mean,0.0027000331401606514,0.0008039507765633371
sock_shop_scenario_aware_metrics_evaluation,RandomForest,99,rolling_latency_std,0.0026228510727962784,0.0017974663590712091
sock_shop_scenario_aware_metrics_evaluation,RandomForest,99,log_entropy_proxy,0.002369934217399496,0.000930650830579394
sock_shop_scenario_aware_metrics_evaluation,RandomForest,99,fanout_proxy,0.002109103708595942,0.00041625478179546215
sock_shop_scenario_aware_metrics_evaluation,RandomForest,99,service_metric_entropy,0.002109054998084938,0.0004424431031075157
sock_shop_scenario_aware_metrics_evaluation,RandomForest,99,input_numeric_column_count,0.0020119037857291113,0.0002414193468655526
sock_shop_scenario_aware_metrics_evaluation,RandomForest,99,rolling_zscore_latency,0.0013548240970854923,0.00048535190162103334
sock_shop_scenario_aware_metrics_evaluation,RandomForest,99,latency_threshold_exceeded,0.00015110586270405957,0.0014741091530663015
sock_shop_scenario_aware_metrics_evaluation,RandomForest,99,log_template_frequency_proxy,0.0,0.0
sock_shop_scenario_aware_metrics_evaluation,RandomForest,99,failed_span_ratio,-0.01685253589009599,0.002115536085976989
sock_shop_scenario_aware_metrics_evaluation,RandomForest,99,error_rate,-0.018935523179096553,0.0037660799123182907
sock_shop_scenario_aware_metrics_evaluation,RandomForest,99,log_error_indicator,-0.026930510404668328,0.00117728901811908
sock_shop_scenario_aware_metrics_evaluation,RandomForest,99,memory_mean,-0.04656402419540578,0.005105219903196757
sock_shop_scenario_aware_metrics_evaluation,XGBoost,314,memory_max,0.009668477996174632,0.002082903582673556
sock_shop_scenario_aware_metrics_evaluation,XGBoost,314,error_rate,0.001101448888444286,0.0019900394518147396
sock_shop_scenario_aware_metrics_evaluation,XGBoost,314,latency_threshold_exceeded,0.001064681622545564,0.001316436383965101
sock_shop_scenario_aware_metrics_evaluation,XGBoost,314,ewma_latency,0.0005183698003664398,4.9363100867912e-05
sock_shop_scenario_aware_metrics_evaluation,XGBoost,314,rolling_zscore_latency,0.00028741125510646964,0.00016749988457357814
sock_shop_scenario_aware_metrics_evaluation,XGBoost,314,trace_depth_proxy,0.00016895735830439276,0.0004251030826723197
sock_shop_scenario_aware_metrics_evaluation,XGBoost,314,rolling_latency_std,0.00015903412878544762,0.0002566642037182205
sock_shop_scenario_aware_metrics_evaluation,XGBoost,314,latency_max,0.00012624492135589657,0.000143047997010502
sock_shop_scenario_aware_metrics_evaluation,XGBoost,314,latency_mean,6.011382668915285e-05,0.00011869772988506384
sock_shop_scenario_aware_metrics_evaluation,XGBoost,314,input_numeric_column_count,0.0,0.0
sock_shop_scenario_aware_metrics_evaluation,XGBoost,314,log_entropy_proxy,0.0,0.0
sock_shop_scenario_aware_metrics_evaluation,XGBoost,314,service_metric_entropy,0.0,0.0
sock_shop_scenario_aware_metrics_evaluation,XGBoost,314,fanout_proxy,0.0,0.0
sock_shop_scenario_aware_metrics_evaluation,XGBoost,314,log_template_frequency_proxy,0.0,0.0
sock_shop_scenario_aware_metrics_evaluation,XGBoost,314,span_duration_mean,0.0,0.0
sock_shop_scenario_aware_metrics_evaluation,XGBoost,314,latency_p95_proxy,0.0,0.0
sock_shop_scenario_aware_metrics_evaluation,XGBoost,314,latency_p99_proxy,0.0,0.0
sock_shop_scenario_aware_metrics_evaluation,XGBoost,314,rolling_latency_mean,-1.6084906621083306e-05,0.00022098136517842743
sock_shop_scenario_aware_metrics_evaluation,XGBoost,314,request_rate,-7.00006159445506e-05,6.548644947969534e-05
sock_shop_scenario_aware_metrics_evaluation,XGBoost,314,failed_span_ratio,-8.750219676686062e-05,6.548339653412827e-05
sock_shop_scenario_aware_metrics_evaluation,XGBoost,314,cpu_max,-0.0027026106043372224,0.001226337560066929
sock_shop_scenario_aware_metrics_evaluation,XGBoost,314,log_error_indicator,-0.0027904700513476377,0.0028179426191705247
sock_shop_scenario_aware_metrics_evaluation,XGBoost,314,network_or_size_mean,-0.002847556475190416,0.0004011825861831476
sock_shop_scenario_aware_metrics_evaluation,XGBoost,314,latency_threshold_p95,-0.006538820262444863,0.00600788162898184
sock_shop_scenario_aware_metrics_evaluation,XGBoost,314,cpu_mean,-0.015864577365366634,0.0007226194548164592
sock_shop_scenario_aware_metrics_evaluation,XGBoost,314,memory_mean,-0.02008437786452061,0.0009933581205302253
sock_shop_scenario_aware_metrics_evaluation,RandomForest,314,network_or_size_mean,0.06898541897393663,0.006348632890212753
sock_shop_scenario_aware_metrics_evaluation,RandomForest,314,memory_max,0.03971533349105455,0.004059046150697434
sock_shop_scenario_aware_metrics_evaluation,RandomForest,314,latency_threshold_p95,0.020181198554052694,0.0019238714091028544
sock_shop_scenario_aware_metrics_evaluation,RandomForest,314,cpu_mean,0.006278549974205312,0.0011160731288904313
sock_shop_scenario_aware_metrics_evaluation,RandomForest,314,cpu_max,0.005168113610927005,0.0018696336637263086
sock_shop_scenario_aware_metrics_evaluation,RandomForest,314,rolling_latency_std,0.00456619546280379,0.0009995888384157097
sock_shop_scenario_aware_metrics_evaluation,RandomForest,314,latency_p95_proxy,0.0040670163773066466,0.0011685332217060674
sock_shop_scenario_aware_metrics_evaluation,RandomForest,314,memory_mean,0.004047306886124646,0.0029190851540693567
sock_shop_scenario_aware_metrics_evaluation,RandomForest,314,ewma_latency,0.0031804805309450512,0.001907098371835007
sock_shop_scenario_aware_metrics_evaluation,RandomForest,314,trace_depth_proxy,0.0030533444720683423,0.0008338483141349615
sock_shop_scenario_aware_metrics_evaluation,RandomForest,314,latency_max,0.0028054118390955693,0.001623960570782684
sock_shop_scenario_aware_metrics_evaluation,RandomForest,314,rolling_latency_mean,0.002768927874301367,0.001164824612777439
sock_shop_scenario_aware_metrics_evaluation,RandomForest,314,request_rate,0.002746695860056788,0.0011415243027258356
sock_shop_scenario_aware_metrics_evaluation,RandomForest,314,input_numeric_column_count,0.002618449760056892,0.0014958071281116793
sock_shop_scenario_aware_metrics_evaluation,RandomForest,314,span_duration_mean,0.0025785910607110476,0.0012948493550418308
sock_shop_scenario_aware_metrics_evaluation,RandomForest,314,latency_p99_proxy,0.0023747239868966243,0.0010640610244760454
sock_shop_scenario_aware_metrics_evaluation,RandomForest,314,latency_threshold_exceeded,0.0023736918835493372,0.0010063928659014125
sock_shop_scenario_aware_metrics_evaluation,RandomForest,314,fanout_proxy,0.002063279415257959,0.0016901883044344668
sock_shop_scenario_aware_metrics_evaluation,RandomForest,314,latency_mean,0.001901501204485197,0.0011199598478888603
sock_shop_scenario_aware_metrics_evaluation,RandomForest,314,service_metric_entropy,0.0013092373415911258,0.0016299362560557007
sock_shop_scenario_aware_metrics_evaluation,RandomForest,314,log_entropy_proxy,0.0004006145738893463,0.0005968942481693056
sock_shop_scenario_aware_metrics_evaluation,RandomForest,314,rolling_zscore_latency,3.630632752484505e-05,0.0002576384639493394
sock_shop_scenario_aware_metrics_evaluation,RandomForest,314,log_template_frequency_proxy,0.0,0.0
sock_shop_scenario_aware_metrics_evaluation,RandomForest,314,failed_span_ratio,-0.005648431469780779,0.005649971042418825
sock_shop_scenario_aware_metrics_evaluation,RandomForest,314,error_rate,-0.007997122312392968,0.0049628393644027295
sock_shop_scenario_aware_metrics_evaluation,RandomForest,314,log_error_indicator,-0.033230656972119375,0.0027782195790052207
sock_shop_scenario_aware_metrics_evaluation,XGBoost,2718,memory_max,0.01928957597490342,0.004120064010164513
sock_shop_scenario_aware_metrics_evaluation,XGBoost,2718,latency_threshold_p95,0.009749476925216069,0.0018901952616748275
sock_shop_scenario_aware_metrics_evaluation,XGBoost,2718,memory_mean,0.003835054176517768,0.0005216949277379388
sock_shop_scenario_aware_metrics_evaluation,XGBoost,2718,rolling_latency_mean,0.0007538014903888576,0.0004154871613494988
sock_shop_scenario_aware_metrics_evaluation,XGBoost,2718,ewma_latency,0.0007226944106975367,0.0004943544730450677
sock_shop_scenario_aware_metrics_evaluation,XGBoost,2718,input_numeric_column_count,0.00013601559509936653,6.227923561861105e-05
sock_shop_scenario_aware_metrics_evaluation,XGBoost,2718,latency_max,0.0001324270861735588,0.00011655812017036136
sock_shop_scenario_aware_metrics_evaluation,XGBoost,2718,span_duration_mean,3.24107123179466e-05,0.0001235384545553756
sock_shop_scenario_aware_metrics_evaluation,XGBoost,2718,latency_p95_proxy,0.0,0.0
sock_shop_scenario_aware_metrics_evaluation,XGBoost,2718,log_template_frequency_proxy,0.0,0.0
sock_shop_scenario_aware_metrics_evaluation,XGBoost,2718,service_metric_entropy,0.0,0.0
sock_shop_scenario_aware_metrics_evaluation,XGBoost,2718,log_entropy_proxy,0.0,0.0
sock_shop_scenario_aware_metrics_evaluation,XGBoost,2718,latency_p99_proxy,0.0,0.0
sock_shop_scenario_aware_metrics_evaluation,XGBoost,2718,fanout_proxy,0.0,0.0
sock_shop_scenario_aware_metrics_evaluation,XGBoost,2718,request_rate,-5.001314507130372e-05,0.00022511134811590102
sock_shop_scenario_aware_metrics_evaluation,XGBoost,2718,trace_depth_proxy,-8.338144442680366e-05,0.0002439313144115737
sock_shop_scenario_aware_metrics_evaluation,XGBoost,2718,failed_span_ratio,-0.0002473742605180555,0.0003490605787995879
sock_shop_scenario_aware_metrics_evaluation,XGBoost,2718,rolling_latency_std,-0.00041517557183667897,0.000329693868479877
sock_shop_scenario_aware_metrics_evaluation,XGBoost,2718,cpu_mean,-0.0004668464146419156,0.00044552492764454065
sock_shop_scenario_aware_metrics_evaluation,XGBoost,2718,latency_threshold_exceeded,-0.0005369629204777978,0.0013154048797019797
sock_shop_scenario_aware_metrics_evaluation,XGBoost,2718,rolling_zscore_latency,-0.0007166005843215842,0.0003282349446726489
sock_shop_scenario_aware_metrics_evaluation,XGBoost,2718,latency_mean,-0.0008843375885957775,0.0007417872552988161
sock_shop_scenario_aware_metrics_evaluation,XGBoost,2718,cpu_max,-0.001935473093304274,0.0018277195262280015
sock_shop_scenario_aware_metrics_evaluation,XGBoost,2718,log_error_indicator,-0.002872931922670278,0.0009552937842215997
sock_shop_scenario_aware_metrics_evaluation,XGBoost,2718,error_rate,-0.0036681910705955167,0.0014738383330573273
sock_shop_scenario_aware_metrics_evaluation,XGBoost,2718,network_or_size_mean,-0.006045125515825515,0.002502713259250292
sock_shop_scenario_aware_metrics_evaluation,RandomForest,2718,network_or_size_mean,0.05365617576327938,0.005890342277221332
sock_shop_scenario_aware_metrics_evaluation,RandomForest,2718,memory_max,0.053107975545147436,0.0012991823155591826
sock_shop_scenario_aware_metrics_evaluation,RandomForest,2718,latency_threshold_p95,0.00995256252995049,0.0014054186964254454
sock_shop_scenario_aware_metrics_evaluation,RandomForest,2718,cpu_max,0.0037166420426931746,0.001444542807742011
sock_shop_scenario_aware_metrics_evaluation,RandomForest,2718,rolling_latency_std,0.0019302731493061238,0.0007573413127426469
sock_shop_scenario_aware_metrics_evaluation,RandomForest,2718,request_rate,0.0015224744973955835,0.0009256924634080125
sock_shop_scenario_aware_metrics_evaluation,RandomForest,2718,latency_mean,0.0011975279796127742,0.0005058213933525248
sock_shop_scenario_aware_metrics_evaluation,RandomForest,2718,trace_depth_proxy,0.001177786237111252,0.0003783816487588563
sock_shop_scenario_aware_metrics_evaluation,RandomForest,2718,latency_p99_proxy,0.0009546947209562914,0.0007050445674438159
sock_shop_scenario_aware_metrics_evaluation,RandomForest,2718,cpu_mean,0.0009501677931745648,0.0006813074658008052
sock_shop_scenario_aware_metrics_evaluation,RandomForest,2718,latency_max,0.0008656067246521534,0.0002878781137767959
sock_shop_scenario_aware_metrics_evaluation,RandomForest,2718,latency_p95_proxy,0.0008647507516770792,0.0005257562434659187
sock_shop_scenario_aware_metrics_evaluation,RandomForest,2718,service_metric_entropy,0.0005673715186450915,0.000501012875634392
sock_shop_scenario_aware_metrics_evaluation,RandomForest,2718,input_numeric_column_count,0.00045749914534102637,0.00044088651468204745
sock_shop_scenario_aware_metrics_evaluation,RandomForest,2718,span_duration_mean,0.00044005334832525334,0.0002346452680551639
sock_shop_scenario_aware_metrics_evaluation,RandomForest,2718,ewma_latency,0.0002739831454851201,0.00039592469752476866
sock_shop_scenario_aware_metrics_evaluation,RandomForest,2718,rolling_latency_mean,0.00012690555127605382,6.998678422818596e-05
sock_shop_scenario_aware_metrics_evaluation,RandomForest,2718,rolling_zscore_latency,3.606485712237539e-05,0.0001381793442028227
sock_shop_scenario_aware_metrics_evaluation,RandomForest,2718,fanout_proxy,3.47763446327809e-05,0.00029095472094215955
sock_shop_scenario_aware_metrics_evaluation,RandomForest,2718,log_entropy_proxy,1.7366856840746642e-05,0.00011357131137102064
sock_shop_scenario_aware_metrics_evaluation,RandomForest,2718,log_template_frequency_proxy,0.0,0.0
sock_shop_scenario_aware_metrics_evaluation,RandomForest,2718,latency_threshold_exceeded,-0.0032065874945374495,0.00026303699669403933
sock_shop_scenario_aware_metrics_evaluation,RandomForest,2718,failed_span_ratio,-0.009415719968841848,0.0017984612304557408
sock_shop_scenario_aware_metrics_evaluation,RandomForest,2718,error_rate,-0.009672157064084733,0.0008931456391535179
sock_shop_scenario_aware_metrics_evaluation,RandomForest,2718,log_error_indicator,-0.010658622971675913,0.0011344303262757162
sock_shop_scenario_aware_metrics_evaluation,RandomForest,2718,memory_mean,-0.023361773423342707,0.0032577804020824702
sock_shop_scenario_aware_metrics_evaluation,XGBoost,9001,memory_max,0.02145798341087622,0.0006700933255258223
sock_shop_scenario_aware_metrics_evaluation,XGBoost,9001,network_or_size_mean,0.006510985321669105,0.000535219949794506
sock_shop_scenario_aware_metrics_evaluation,XGBoost,9001,latency_threshold_p95,0.0024206562389069153,0.0030308839115838334
sock_shop_scenario_aware_metrics_evaluation,XGBoost,9001,latency_mean,0.0015338621185044994,0.0003166095486800543
sock_shop_scenario_aware_metrics_evaluation,XGBoost,9001,latency_max,0.0014914154226012277,0.0005510468537865379
sock_shop_scenario_aware_metrics_evaluation,XGBoost,9001,ewma_latency,0.0013601188600663727,0.0002838505901957214
sock_shop_scenario_aware_metrics_evaluation,XGBoost,9001,rolling_zscore_latency,0.0009924673356894547,2.4985152714233483e-05
sock_shop_scenario_aware_metrics_evaluation,XGBoost,9001,rolling_latency_std,0.0008821794629842264,0.0004014768321820691
sock_shop_scenario_aware_metrics_evaluation,XGBoost,9001,failed_span_ratio,0.0004022244423383207,0.00013834812417416013
sock_shop_scenario_aware_metrics_evaluation,XGBoost,9001,cpu_max,0.00022829573500112352,0.0007937959631230308
sock_shop_scenario_aware_metrics_evaluation,XGBoost,9001,log_entropy_proxy,0.0,0.0
sock_shop_scenario_aware_metrics_evaluation,XGBoost,9001,service_metric_entropy,0.0,0.0
sock_shop_scenario_aware_metrics_evaluation,XGBoost,9001,log_template_frequency_proxy,0.0,0.0
sock_shop_scenario_aware_metrics_evaluation,XGBoost,9001,fanout_proxy,0.0,0.0
sock_shop_scenario_aware_metrics_evaluation,XGBoost,9001,input_numeric_column_count,0.0,0.0
sock_shop_scenario_aware_metrics_evaluation,XGBoost,9001,latency_p99_proxy,0.0,0.0
sock_shop_scenario_aware_metrics_evaluation,XGBoost,9001,span_duration_mean,-4.635135368117697e-09,3.9193029627475395e-05
sock_shop_scenario_aware_metrics_evaluation,XGBoost,9001,rolling_latency_mean,-2.374890888312553e-05,0.00027790292728781745
sock_shop_scenario_aware_metrics_evaluation,XGBoost,9001,latency_p95_proxy,-4.8013051715811716e-05,3.920438581157021e-05
sock_shop_scenario_aware_metrics_evaluation,XGBoost,9001,request_rate,-0.00030570857039915095,4.52957718793992e-05
sock_shop_scenario_aware_metrics_evaluation,XGBoost,9001,error_rate,-0.0007143529281038452,0.0005419462987588182
sock_shop_scenario_aware_metrics_evaluation,XGBoost,9001,latency_threshold_exceeded,-0.0010954676863417039,0.0005737408916418672
sock_shop_scenario_aware_metrics_evaluation,XGBoost,9001,log_error_indicator,-0.0017733863310651632,0.0013107574103354326
sock_shop_scenario_aware_metrics_evaluation,XGBoost,9001,memory_mean,-0.0020425949802030754,0.0008131479009514132
sock_shop_scenario_aware_metrics_evaluation,XGBoost,9001,trace_depth_proxy,-0.0022519470946710993,0.0002896644960592836
sock_shop_scenario_aware_metrics_evaluation,XGBoost,9001,cpu_mean,-0.008297646264766534,0.0023606612972410664
sock_shop_scenario_aware_metrics_evaluation,RandomForest,9001,network_or_size_mean,0.0692158589637467,0.0016027036580866217
sock_shop_scenario_aware_metrics_evaluation,RandomForest,9001,latency_threshold_p95,0.035081541785237175,0.005534793187005875
sock_shop_scenario_aware_metrics_evaluation,RandomForest,9001,memory_max,0.018980519055227834,0.005124387856124226
sock_shop_scenario_aware_metrics_evaluation,RandomForest,9001,memory_mean,0.0069431937716732854,0.0013595382410247572
sock_shop_scenario_aware_metrics_evaluation,RandomForest,9001,cpu_max,0.002054053023191051,0.0012108806686847487
sock_shop_scenario_aware_metrics_evaluation,RandomForest,9001,cpu_mean,0.0017646715306644616,0.0002221780333797139
sock_shop_scenario_aware_metrics_evaluation,RandomForest,9001,rolling_latency_std,0.0014921170962984749,0.00045282415027531915
sock_shop_scenario_aware_metrics_evaluation,RandomForest,9001,latency_p99_proxy,0.0011577639427060027,0.00037951927692331033
sock_shop_scenario_aware_metrics_evaluation,RandomForest,9001,trace_depth_proxy,0.0010602509077705935,0.00031549377403887566
sock_shop_scenario_aware_metrics_evaluation,RandomForest,9001,latency_p95_proxy,0.0010600247562689198,0.0004683280479083064
sock_shop_scenario_aware_metrics_evaluation,RandomForest,9001,latency_mean,0.0010394706951035726,0.00023867252875196945
sock_shop_scenario_aware_metrics_evaluation,RandomForest,9001,rolling_latency_mean,0.0008862993184996689,0.00043773326096249683
sock_shop_scenario_aware_metrics_evaluation,RandomForest,9001,rolling_zscore_latency,0.0005948440129287987,0.00021197327624402758
sock_shop_scenario_aware_metrics_evaluation,RandomForest,9001,request_rate,0.0005809369799765299,0.0006213800667297418
sock_shop_scenario_aware_metrics_evaluation,RandomForest,9001,ewma_latency,0.00022675690272306684,0.00029029414711666463
sock_shop_scenario_aware_metrics_evaluation,RandomForest,9001,fanout_proxy,0.00021323860118879767,0.0003784767437849192
sock_shop_scenario_aware_metrics_evaluation,RandomForest,9001,latency_max,0.00017136204341808292,0.00018312196505279558
sock_shop_scenario_aware_metrics_evaluation,RandomForest,9001,span_duration_mean,8.180648465977436e-05,2.948366394109988e-05
sock_shop_scenario_aware_metrics_evaluation,RandomForest,9001,log_template_frequency_proxy,0.0,0.0
sock_shop_scenario_aware_metrics_evaluation,RandomForest,9001,service_metric_entropy,-7.439797263234886e-06,0.00021192433958795622
sock_shop_scenario_aware_metrics_evaluation,RandomForest,9001,log_entropy_proxy,-0.00011909457670122858,0.0004137605361717155
sock_shop_scenario_aware_metrics_evaluation,RandomForest,9001,input_numeric_column_count,-0.0002368802370047718,0.0002888578594410158
sock_shop_scenario_aware_metrics_evaluation,RandomForest,9001,latency_threshold_exceeded,-0.00214022740864205,0.0017436265918819097
sock_shop_scenario_aware_metrics_evaluation,RandomForest,9001,log_error_indicator,-0.012683295424293334,0.003125055909890412
sock_shop_scenario_aware_metrics_evaluation,RandomForest,9001,error_rate,-0.013882121886465352,0.003461913534333214
sock_shop_scenario_aware_metrics_evaluation,RandomForest,9001,failed_span_ratio,-0.016725324659658924,0.0030964605782999753
tracerca_all_dataset_recursive_service_fault_csv_windows,XGBoost,42,input_numeric_column_count,0.39236111111111116,0.010803020268127824
tracerca_all_dataset_recursive_service_fault_csv_windows,XGBoost,42,request_rate,0.0,0.0
tracerca_all_dataset_recursive_service_fault_csv_windows,XGBoost,42,error_rate,0.0,0.0
tracerca_all_dataset_recursive_service_fault_csv_windows,XGBoost,42,cpu_mean,0.0,0.0
tracerca_all_dataset_recursive_service_fault_csv_windows,XGBoost,42,cpu_max,0.0,0.0
tracerca_all_dataset_recursive_service_fault_csv_windows,XGBoost,42,memory_mean,0.0,0.0
tracerca_all_dataset_recursive_service_fault_csv_windows,XGBoost,42,memory_max,0.0,0.0
tracerca_all_dataset_recursive_service_fault_csv_windows,XGBoost,42,network_or_size_mean,0.0,0.0
tracerca_all_dataset_recursive_service_fault_csv_windows,XGBoost,42,latency_mean,0.0,0.0
tracerca_all_dataset_recursive_service_fault_csv_windows,XGBoost,42,latency_max,0.0,0.0
tracerca_all_dataset_recursive_service_fault_csv_windows,XGBoost,42,latency_p95_proxy,0.0,0.0
tracerca_all_dataset_recursive_service_fault_csv_windows,XGBoost,42,latency_p99_proxy,0.0,0.0
tracerca_all_dataset_recursive_service_fault_csv_windows,XGBoost,42,span_duration_mean,0.0,0.0
tracerca_all_dataset_recursive_service_fault_csv_windows,XGBoost,42,failed_span_ratio,0.0,0.0
tracerca_all_dataset_recursive_service_fault_csv_windows,XGBoost,42,trace_depth_proxy,0.0,0.0
tracerca_all_dataset_recursive_service_fault_csv_windows,XGBoost,42,fanout_proxy,0.0,0.0
tracerca_all_dataset_recursive_service_fault_csv_windows,XGBoost,42,log_error_indicator,0.0,0.0
tracerca_all_dataset_recursive_service_fault_csv_windows,XGBoost,42,log_template_frequency_proxy,0.0,0.0
tracerca_all_dataset_recursive_service_fault_csv_windows,XGBoost,42,log_entropy_proxy,0.0,0.0
tracerca_all_dataset_recursive_service_fault_csv_windows,XGBoost,42,service_metric_entropy,0.0,0.0
tracerca_all_dataset_recursive_service_fault_csv_windows,XGBoost,42,rolling_latency_mean,0.0,0.0
tracerca_all_dataset_recursive_service_fault_csv_windows,XGBoost,42,rolling_latency_std,0.0,0.0
tracerca_all_dataset_recursive_service_fault_csv_windows,XGBoost,42,ewma_latency,0.0,0.0
tracerca_all_dataset_recursive_service_fault_csv_windows,XGBoost,42,rolling_zscore_latency,0.0,0.0
tracerca_all_dataset_recursive_service_fault_csv_windows,XGBoost,42,latency_threshold_p95,0.0,0.0
tracerca_all_dataset_recursive_service_fault_csv_windows,XGBoost,42,latency_threshold_exceeded,0.0,0.0
tracerca_all_dataset_recursive_service_fault_csv_windows,RandomForest,42,fanout_proxy,0.1805910688941038,0.004430781777138062
tracerca_all_dataset_recursive_service_fault_csv_windows,RandomForest,42,input_numeric_column_count,0.0,0.0
tracerca_all_dataset_recursive_service_fault_csv_windows,RandomForest,42,error_rate,0.0,0.0
tracerca_all_dataset_recursive_service_fault_csv_windows,RandomForest,42,cpu_mean,0.0,0.0
tracerca_all_dataset_recursive_service_fault_csv_windows,RandomForest,42,cpu_max,0.0,0.0
tracerca_all_dataset_recursive_service_fault_csv_windows,RandomForest,42,memory_mean,0.0,0.0
tracerca_all_dataset_recursive_service_fault_csv_windows,RandomForest,42,memory_max,0.0,0.0
tracerca_all_dataset_recursive_service_fault_csv_windows,RandomForest,42,network_or_size_mean,0.0,0.0
tracerca_all_dataset_recursive_service_fault_csv_windows,RandomForest,42,latency_mean,0.0,0.0
tracerca_all_dataset_recursive_service_fault_csv_windows,RandomForest,42,request_rate,0.0,0.0
tracerca_all_dataset_recursive_service_fault_csv_windows,RandomForest,42,latency_max,0.0,0.0
tracerca_all_dataset_recursive_service_fault_csv_windows,RandomForest,42,latency_p95_proxy,0.0,0.0
tracerca_all_dataset_recursive_service_fault_csv_windows,RandomForest,42,span_duration_mean,0.0,0.0
tracerca_all_dataset_recursive_service_fault_csv_windows,RandomForest,42,latency_p99_proxy,0.0,0.0
tracerca_all_dataset_recursive_service_fault_csv_windows,RandomForest,42,failed_span_ratio,0.0,0.0
tracerca_all_dataset_recursive_service_fault_csv_windows,RandomForest,42,trace_depth_proxy,0.0,0.0
tracerca_all_dataset_recursive_service_fault_csv_windows,RandomForest,42,log_error_indicator,0.0,0.0
tracerca_all_dataset_recursive_service_fault_csv_windows,RandomForest,42,log_template_frequency_proxy,0.0,0.0
tracerca_all_dataset_recursive_service_fault_csv_windows,RandomForest,42,log_entropy_proxy,0.0,0.0
tracerca_all_dataset_recursive_service_fault_csv_windows,RandomForest,42,service_metric_entropy,0.0,0.0
tracerca_all_dataset_recursive_service_fault_csv_windows,RandomForest,42,rolling_latency_mean,0.0,0.0
tracerca_all_dataset_recursive_service_fault_csv_windows,RandomForest,42,rolling_latency_std,0.0,0.0
tracerca_all_dataset_recursive_service_fault_csv_windows,RandomForest,42,ewma_latency,0.0,0.0
tracerca_all_dataset_recursive_service_fault_csv_windows,RandomForest,42,rolling_zscore_latency,0.0,0.0
tracerca_all_dataset_recursive_service_fault_csv_windows,RandomForest,42,latency_threshold_p95,0.0,0.0
tracerca_all_dataset_recursive_service_fault_csv_windows,RandomForest,42,latency_threshold_exceeded,0.0,0.0
tracerca_all_dataset_recursive_service_fault_csv_windows,XGBoost,123,input_numeric_column_count,0.38055555555555554,0.012991865926298411
tracerca_all_dataset_recursive_service_fault_csv_windows,XGBoost,123,request_rate,0.0,0.0
tracerca_all_dataset_recursive_service_fault_csv_windows,XGBoost,123,error_rate,0.0,0.0
tracerca_all_dataset_recursive_service_fault_csv_windows,XGBoost,123,cpu_mean,0.0,0.0
tracerca_all_dataset_recursive_service_fault_csv_windows,XGBoost,123,cpu_max,0.0,0.0
tracerca_all_dataset_recursive_service_fault_csv_windows,XGBoost,123,memory_mean,0.0,0.0
tracerca_all_dataset_recursive_service_fault_csv_windows,XGBoost,123,memory_max,0.0,0.0
tracerca_all_dataset_recursive_service_fault_csv_windows,XGBoost,123,network_or_size_mean,0.0,0.0
tracerca_all_dataset_recursive_service_fault_csv_windows,XGBoost,123,latency_mean,0.0,0.0
tracerca_all_dataset_recursive_service_fault_csv_windows,XGBoost,123,latency_max,0.0,0.0
tracerca_all_dataset_recursive_service_fault_csv_windows,XGBoost,123,latency_p95_proxy,0.0,0.0
tracerca_all_dataset_recursive_service_fault_csv_windows,XGBoost,123,latency_p99_proxy,0.0,0.0
tracerca_all_dataset_recursive_service_fault_csv_windows,XGBoost,123,span_duration_mean,0.0,0.0
tracerca_all_dataset_recursive_service_fault_csv_windows,XGBoost,123,failed_span_ratio,0.0,0.0
tracerca_all_dataset_recursive_service_fault_csv_windows,XGBoost,123,trace_depth_proxy,0.0,0.0
tracerca_all_dataset_recursive_service_fault_csv_windows,XGBoost,123,fanout_proxy,0.0,0.0
tracerca_all_dataset_recursive_service_fault_csv_windows,XGBoost,123,log_error_indicator,0.0,0.0
tracerca_all_dataset_recursive_service_fault_csv_windows,XGBoost,123,log_template_frequency_proxy,0.0,0.0
tracerca_all_dataset_recursive_service_fault_csv_windows,XGBoost,123,log_entropy_proxy,0.0,0.0
tracerca_all_dataset_recursive_service_fault_csv_windows,XGBoost,123,service_metric_entropy,0.0,0.0
tracerca_all_dataset_recursive_service_fault_csv_windows,XGBoost,123,rolling_latency_mean,0.0,0.0
tracerca_all_dataset_recursive_service_fault_csv_windows,XGBoost,123,rolling_latency_std,0.0,0.0
tracerca_all_dataset_recursive_service_fault_csv_windows,XGBoost,123,ewma_latency,0.0,0.0
tracerca_all_dataset_recursive_service_fault_csv_windows,XGBoost,123,rolling_zscore_latency,0.0,0.0
tracerca_all_dataset_recursive_service_fault_csv_windows,XGBoost,123,latency_threshold_p95,0.0,0.0
tracerca_all_dataset_recursive_service_fault_csv_windows,XGBoost,123,latency_threshold_exceeded,0.0,0.0
tracerca_all_dataset_recursive_service_fault_csv_windows,RandomForest,123,input_numeric_column_count,0.02415296920396944,0.0018810221313031565
tracerca_all_dataset_recursive_service_fault_csv_windows,RandomForest,123,request_rate,0.0,0.0
tracerca_all_dataset_recursive_service_fault_csv_windows,RandomForest,123,error_rate,0.0,0.0
tracerca_all_dataset_recursive_service_fault_csv_windows,RandomForest,123,cpu_mean,0.0,0.0
tracerca_all_dataset_recursive_service_fault_csv_windows,RandomForest,123,cpu_max,0.0,0.0
tracerca_all_dataset_recursive_service_fault_csv_windows,RandomForest,123,memory_mean,0.0,0.0
tracerca_all_dataset_recursive_service_fault_csv_windows,RandomForest,123,memory_max,0.0,0.0
tracerca_all_dataset_recursive_service_fault_csv_windows,RandomForest,123,network_or_size_mean,0.0,0.0
tracerca_all_dataset_recursive_service_fault_csv_windows,RandomForest,123,latency_mean,0.0,0.0
tracerca_all_dataset_recursive_service_fault_csv_windows,RandomForest,123,latency_max,0.0,0.0
tracerca_all_dataset_recursive_service_fault_csv_windows,RandomForest,123,latency_p95_proxy,0.0,0.0
tracerca_all_dataset_recursive_service_fault_csv_windows,RandomForest,123,latency_p99_proxy,0.0,0.0
tracerca_all_dataset_recursive_service_fault_csv_windows,RandomForest,123,span_duration_mean,0.0,0.0
tracerca_all_dataset_recursive_service_fault_csv_windows,RandomForest,123,failed_span_ratio,0.0,0.0
tracerca_all_dataset_recursive_service_fault_csv_windows,RandomForest,123,trace_depth_proxy,0.0,0.0
tracerca_all_dataset_recursive_service_fault_csv_windows,RandomForest,123,fanout_proxy,0.0,0.0
tracerca_all_dataset_recursive_service_fault_csv_windows,RandomForest,123,log_error_indicator,0.0,0.0
tracerca_all_dataset_recursive_service_fault_csv_windows,RandomForest,123,log_template_frequency_proxy,0.0,0.0
tracerca_all_dataset_recursive_service_fault_csv_windows,RandomForest,123,log_entropy_proxy,0.0,0.0
tracerca_all_dataset_recursive_service_fault_csv_windows,RandomForest,123,service_metric_entropy,0.0,0.0
tracerca_all_dataset_recursive_service_fault_csv_windows,RandomForest,123,rolling_latency_mean,0.0,0.0
tracerca_all_dataset_recursive_service_fault_csv_windows,RandomForest,123,rolling_latency_std,0.0,0.0
tracerca_all_dataset_recursive_service_fault_csv_windows,RandomForest,123,ewma_latency,0.0,0.0
tracerca_all_dataset_recursive_service_fault_csv_windows,RandomForest,123,rolling_zscore_latency,0.0,0.0
tracerca_all_dataset_recursive_service_fault_csv_windows,RandomForest,123,latency_threshold_p95,0.0,0.0
tracerca_all_dataset_recursive_service_fault_csv_windows,RandomForest,123,latency_threshold_exceeded,0.0,0.0
tracerca_all_dataset_recursive_service_fault_csv_windows,XGBoost,2026,input_numeric_column_count,0.37916666666666665,0.0017010345435994232
tracerca_all_dataset_recursive_service_fault_csv_windows,XGBoost,2026,request_rate,0.0,0.0
tracerca_all_dataset_recursive_service_fault_csv_windows,XGBoost,2026,error_rate,0.0,0.0
tracerca_all_dataset_recursive_service_fault_csv_windows,XGBoost,2026,cpu_mean,0.0,0.0
tracerca_all_dataset_recursive_service_fault_csv_windows,XGBoost,2026,cpu_max,0.0,0.0
tracerca_all_dataset_recursive_service_fault_csv_windows,XGBoost,2026,memory_mean,0.0,0.0
tracerca_all_dataset_recursive_service_fault_csv_windows,XGBoost,2026,memory_max,0.0,0.0
tracerca_all_dataset_recursive_service_fault_csv_windows,XGBoost,2026,network_or_size_mean,0.0,0.0
tracerca_all_dataset_recursive_service_fault_csv_windows,XGBoost,2026,latency_mean,0.0,0.0
tracerca_all_dataset_recursive_service_fault_csv_windows,XGBoost,2026,latency_max,0.0,0.0
tracerca_all_dataset_recursive_service_fault_csv_windows,XGBoost,2026,latency_p95_proxy,0.0,0.0
tracerca_all_dataset_recursive_service_fault_csv_windows,XGBoost,2026,latency_p99_proxy,0.0,0.0
tracerca_all_dataset_recursive_service_fault_csv_windows,XGBoost,2026,span_duration_mean,0.0,0.0
tracerca_all_dataset_recursive_service_fault_csv_windows,XGBoost,2026,failed_span_ratio,0.0,0.0
tracerca_all_dataset_recursive_service_fault_csv_windows,XGBoost,2026,trace_depth_proxy,0.0,0.0
tracerca_all_dataset_recursive_service_fault_csv_windows,XGBoost,2026,fanout_proxy,0.0,0.0
tracerca_all_dataset_recursive_service_fault_csv_windows,XGBoost,2026,log_error_indicator,0.0,0.0
tracerca_all_dataset_recursive_service_fault_csv_windows,XGBoost,2026,log_template_frequency_proxy,0.0,0.0
tracerca_all_dataset_recursive_service_fault_csv_windows,XGBoost,2026,log_entropy_proxy,0.0,0.0
tracerca_all_dataset_recursive_service_fault_csv_windows,XGBoost,2026,service_metric_entropy,0.0,0.0
tracerca_all_dataset_recursive_service_fault_csv_windows,XGBoost,2026,rolling_latency_mean,0.0,0.0
tracerca_all_dataset_recursive_service_fault_csv_windows,XGBoost,2026,rolling_latency_std,0.0,0.0
tracerca_all_dataset_recursive_service_fault_csv_windows,XGBoost,2026,ewma_latency,0.0,0.0
tracerca_all_dataset_recursive_service_fault_csv_windows,XGBoost,2026,rolling_zscore_latency,0.0,0.0
tracerca_all_dataset_recursive_service_fault_csv_windows,XGBoost,2026,latency_threshold_p95,0.0,0.0
tracerca_all_dataset_recursive_service_fault_csv_windows,XGBoost,2026,latency_threshold_exceeded,0.0,0.0
tracerca_all_dataset_recursive_service_fault_csv_windows,RandomForest,2026,fanout_proxy,0.015518844310948965,0.0020227612992535144
tracerca_all_dataset_recursive_service_fault_csv_windows,RandomForest,2026,input_numeric_column_count,0.0,0.0
tracerca_all_dataset_recursive_service_fault_csv_windows,RandomForest,2026,error_rate,0.0,0.0
tracerca_all_dataset_recursive_service_fault_csv_windows,RandomForest,2026,cpu_mean,0.0,0.0
tracerca_all_dataset_recursive_service_fault_csv_windows,RandomForest,2026,cpu_max,0.0,0.0
tracerca_all_dataset_recursive_service_fault_csv_windows,RandomForest,2026,memory_mean,0.0,0.0
tracerca_all_dataset_recursive_service_fault_csv_windows,RandomForest,2026,memory_max,0.0,0.0
tracerca_all_dataset_recursive_service_fault_csv_windows,RandomForest,2026,network_or_size_mean,0.0,0.0
tracerca_all_dataset_recursive_service_fault_csv_windows,RandomForest,2026,latency_mean,0.0,0.0
tracerca_all_dataset_recursive_service_fault_csv_windows,RandomForest,2026,request_rate,0.0,0.0
tracerca_all_dataset_recursive_service_fault_csv_windows,RandomForest,2026,latency_max,0.0,0.0
tracerca_all_dataset_recursive_service_fault_csv_windows,RandomForest,2026,latency_p95_proxy,0.0,0.0
tracerca_all_dataset_recursive_service_fault_csv_windows,RandomForest,2026,span_duration_mean,0.0,0.0
tracerca_all_dataset_recursive_service_fault_csv_windows,RandomForest,2026,latency_p99_proxy,0.0,0.0
tracerca_all_dataset_recursive_service_fault_csv_windows,RandomForest,2026,failed_span_ratio,0.0,0.0
tracerca_all_dataset_recursive_service_fault_csv_windows,RandomForest,2026,trace_depth_proxy,0.0,0.0
tracerca_all_dataset_recursive_service_fault_csv_windows,RandomForest,2026,log_error_indicator,0.0,0.0
tracerca_all_dataset_recursive_service_fault_csv_windows,RandomForest,2026,log_template_frequency_proxy,0.0,0.0
tracerca_all_dataset_recursive_service_fault_csv_windows,RandomForest,2026,log_entropy_proxy,0.0,0.0
tracerca_all_dataset_recursive_service_fault_csv_windows,RandomForest,2026,service_metric_entropy,0.0,0.0
tracerca_all_dataset_recursive_service_fault_csv_windows,RandomForest,2026,rolling_latency_mean,0.0,0.0
tracerca_all_dataset_recursive_service_fault_csv_windows,RandomForest,2026,rolling_latency_std,0.0,0.0
tracerca_all_dataset_recursive_service_fault_csv_windows,RandomForest,2026,ewma_latency,0.0,0.0
tracerca_all_dataset_recursive_service_fault_csv_windows,RandomForest,2026,rolling_zscore_latency,0.0,0.0
tracerca_all_dataset_recursive_service_fault_csv_windows,RandomForest,2026,latency_threshold_p95,0.0,0.0
tracerca_all_dataset_recursive_service_fault_csv_windows,RandomForest,2026,latency_threshold_exceeded,0.0,0.0
tracerca_all_dataset_recursive_service_fault_csv_windows,XGBoost,7,input_numeric_column_count,0.37777777777777777,0.00354098577332831
tracerca_all_dataset_recursive_service_fault_csv_windows,XGBoost,7,request_rate,0.0,0.0
tracerca_all_dataset_recursive_service_fault_csv_windows,XGBoost,7,error_rate,0.0,0.0
tracerca_all_dataset_recursive_service_fault_csv_windows,XGBoost,7,cpu_mean,0.0,0.0
tracerca_all_dataset_recursive_service_fault_csv_windows,XGBoost,7,cpu_max,0.0,0.0
tracerca_all_dataset_recursive_service_fault_csv_windows,XGBoost,7,memory_mean,0.0,0.0
tracerca_all_dataset_recursive_service_fault_csv_windows,XGBoost,7,memory_max,0.0,0.0
tracerca_all_dataset_recursive_service_fault_csv_windows,XGBoost,7,network_or_size_mean,0.0,0.0
tracerca_all_dataset_recursive_service_fault_csv_windows,XGBoost,7,latency_mean,0.0,0.0
tracerca_all_dataset_recursive_service_fault_csv_windows,XGBoost,7,latency_max,0.0,0.0
tracerca_all_dataset_recursive_service_fault_csv_windows,XGBoost,7,latency_p95_proxy,0.0,0.0
tracerca_all_dataset_recursive_service_fault_csv_windows,XGBoost,7,latency_p99_proxy,0.0,0.0
tracerca_all_dataset_recursive_service_fault_csv_windows,XGBoost,7,span_duration_mean,0.0,0.0
tracerca_all_dataset_recursive_service_fault_csv_windows,XGBoost,7,failed_span_ratio,0.0,0.0
tracerca_all_dataset_recursive_service_fault_csv_windows,XGBoost,7,trace_depth_proxy,0.0,0.0
tracerca_all_dataset_recursive_service_fault_csv_windows,XGBoost,7,fanout_proxy,0.0,0.0
tracerca_all_dataset_recursive_service_fault_csv_windows,XGBoost,7,log_error_indicator,0.0,0.0
tracerca_all_dataset_recursive_service_fault_csv_windows,XGBoost,7,log_template_frequency_proxy,0.0,0.0
tracerca_all_dataset_recursive_service_fault_csv_windows,XGBoost,7,log_entropy_proxy,0.0,0.0
tracerca_all_dataset_recursive_service_fault_csv_windows,XGBoost,7,service_metric_entropy,0.0,0.0
tracerca_all_dataset_recursive_service_fault_csv_windows,XGBoost,7,rolling_latency_mean,0.0,0.0
tracerca_all_dataset_recursive_service_fault_csv_windows,XGBoost,7,rolling_latency_std,0.0,0.0
tracerca_all_dataset_recursive_service_fault_csv_windows,XGBoost,7,ewma_latency,0.0,0.0
tracerca_all_dataset_recursive_service_fault_csv_windows,XGBoost,7,rolling_zscore_latency,0.0,0.0
tracerca_all_dataset_recursive_service_fault_csv_windows,XGBoost,7,latency_threshold_p95,0.0,0.0
tracerca_all_dataset_recursive_service_fault_csv_windows,XGBoost,7,latency_threshold_exceeded,0.0,0.0
tracerca_all_dataset_recursive_service_fault_csv_windows,RandomForest,7,input_numeric_column_count,0.16777097677423172,0.002299224411720712
tracerca_all_dataset_recursive_service_fault_csv_windows,RandomForest,7,request_rate,0.0,0.0
tracerca_all_dataset_recursive_service_fault_csv_windows,RandomForest,7,error_rate,0.0,0.0
tracerca_all_dataset_recursive_service_fault_csv_windows,RandomForest,7,cpu_mean,0.0,0.0
tracerca_all_dataset_recursive_service_fault_csv_windows,RandomForest,7,cpu_max,0.0,0.0
tracerca_all_dataset_recursive_service_fault_csv_windows,RandomForest,7,memory_mean,0.0,0.0
tracerca_all_dataset_recursive_service_fault_csv_windows,RandomForest,7,memory_max,0.0,0.0
tracerca_all_dataset_recursive_service_fault_csv_windows,RandomForest,7,network_or_size_mean,0.0,0.0
tracerca_all_dataset_recursive_service_fault_csv_windows,RandomForest,7,latency_mean,0.0,0.0
tracerca_all_dataset_recursive_service_fault_csv_windows,RandomForest,7,latency_max,0.0,0.0
tracerca_all_dataset_recursive_service_fault_csv_windows,RandomForest,7,latency_p95_proxy,0.0,0.0
tracerca_all_dataset_recursive_service_fault_csv_windows,RandomForest,7,latency_p99_proxy,0.0,0.0
tracerca_all_dataset_recursive_service_fault_csv_windows,RandomForest,7,span_duration_mean,0.0,0.0
tracerca_all_dataset_recursive_service_fault_csv_windows,RandomForest,7,failed_span_ratio,0.0,0.0
tracerca_all_dataset_recursive_service_fault_csv_windows,RandomForest,7,trace_depth_proxy,0.0,0.0
tracerca_all_dataset_recursive_service_fault_csv_windows,RandomForest,7,fanout_proxy,0.0,0.0
tracerca_all_dataset_recursive_service_fault_csv_windows,RandomForest,7,log_error_indicator,0.0,0.0
tracerca_all_dataset_recursive_service_fault_csv_windows,RandomForest,7,log_template_frequency_proxy,0.0,0.0
tracerca_all_dataset_recursive_service_fault_csv_windows,RandomForest,7,log_entropy_proxy,0.0,0.0
tracerca_all_dataset_recursive_service_fault_csv_windows,RandomForest,7,service_metric_entropy,0.0,0.0
tracerca_all_dataset_recursive_service_fault_csv_windows,RandomForest,7,rolling_latency_mean,0.0,0.0
tracerca_all_dataset_recursive_service_fault_csv_windows,RandomForest,7,rolling_latency_std,0.0,0.0
tracerca_all_dataset_recursive_service_fault_csv_windows,RandomForest,7,ewma_latency,0.0,0.0
tracerca_all_dataset_recursive_service_fault_csv_windows,RandomForest,7,rolling_zscore_latency,0.0,0.0
tracerca_all_dataset_recursive_service_fault_csv_windows,RandomForest,7,latency_threshold_p95,0.0,0.0
tracerca_all_dataset_recursive_service_fault_csv_windows,RandomForest,7,latency_threshold_exceeded,0.0,0.0
tracerca_all_dataset_recursive_service_fault_csv_windows,XGBoost,13,input_numeric_column_count,0.3826388888888889,0.01132604613215285
tracerca_all_dataset_recursive_service_fault_csv_windows,XGBoost,13,request_rate,0.0,0.0
tracerca_all_dataset_recursive_service_fault_csv_windows,XGBoost,13,error_rate,0.0,0.0
tracerca_all_dataset_recursive_service_fault_csv_windows,XGBoost,13,cpu_mean,0.0,0.0
tracerca_all_dataset_recursive_service_fault_csv_windows,XGBoost,13,cpu_max,0.0,0.0
tracerca_all_dataset_recursive_service_fault_csv_windows,XGBoost,13,memory_mean,0.0,0.0
tracerca_all_dataset_recursive_service_fault_csv_windows,XGBoost,13,memory_max,0.0,0.0
tracerca_all_dataset_recursive_service_fault_csv_windows,XGBoost,13,network_or_size_mean,0.0,0.0
tracerca_all_dataset_recursive_service_fault_csv_windows,XGBoost,13,latency_mean,0.0,0.0
tracerca_all_dataset_recursive_service_fault_csv_windows,XGBoost,13,latency_max,0.0,0.0
tracerca_all_dataset_recursive_service_fault_csv_windows,XGBoost,13,latency_p95_proxy,0.0,0.0
tracerca_all_dataset_recursive_service_fault_csv_windows,XGBoost,13,latency_p99_proxy,0.0,0.0
tracerca_all_dataset_recursive_service_fault_csv_windows,XGBoost,13,span_duration_mean,0.0,0.0
tracerca_all_dataset_recursive_service_fault_csv_windows,XGBoost,13,failed_span_ratio,0.0,0.0
tracerca_all_dataset_recursive_service_fault_csv_windows,XGBoost,13,trace_depth_proxy,0.0,0.0
tracerca_all_dataset_recursive_service_fault_csv_windows,XGBoost,13,fanout_proxy,0.0,0.0
tracerca_all_dataset_recursive_service_fault_csv_windows,XGBoost,13,log_error_indicator,0.0,0.0
tracerca_all_dataset_recursive_service_fault_csv_windows,XGBoost,13,log_template_frequency_proxy,0.0,0.0
tracerca_all_dataset_recursive_service_fault_csv_windows,XGBoost,13,log_entropy_proxy,0.0,0.0
tracerca_all_dataset_recursive_service_fault_csv_windows,XGBoost,13,service_metric_entropy,0.0,0.0
tracerca_all_dataset_recursive_service_fault_csv_windows,XGBoost,13,rolling_latency_mean,0.0,0.0
tracerca_all_dataset_recursive_service_fault_csv_windows,XGBoost,13,rolling_latency_std,0.0,0.0
tracerca_all_dataset_recursive_service_fault_csv_windows,XGBoost,13,ewma_latency,0.0,0.0
tracerca_all_dataset_recursive_service_fault_csv_windows,XGBoost,13,rolling_zscore_latency,0.0,0.0
tracerca_all_dataset_recursive_service_fault_csv_windows,XGBoost,13,latency_threshold_p95,0.0,0.0
tracerca_all_dataset_recursive_service_fault_csv_windows,XGBoost,13,latency_threshold_exceeded,0.0,0.0
tracerca_all_dataset_recursive_service_fault_csv_windows,RandomForest,13,input_numeric_column_count,0.0006937218175511924,0.0004905354014475051
tracerca_all_dataset_recursive_service_fault_csv_windows,RandomForest,13,fanout_proxy,0.0006937218175511924,0.0004905354014475051
tracerca_all_dataset_recursive_service_fault_csv_windows,RandomForest,13,error_rate,0.0,0.0
tracerca_all_dataset_recursive_service_fault_csv_windows,RandomForest,13,cpu_mean,0.0,0.0
tracerca_all_dataset_recursive_service_fault_csv_windows,RandomForest,13,cpu_max,0.0,0.0
tracerca_all_dataset_recursive_service_fault_csv_windows,RandomForest,13,memory_mean,0.0,0.0
tracerca_all_dataset_recursive_service_fault_csv_windows,RandomForest,13,memory_max,0.0,0.0
tracerca_all_dataset_recursive_service_fault_csv_windows,RandomForest,13,network_or_size_mean,0.0,0.0
tracerca_all_dataset_recursive_service_fault_csv_windows,RandomForest,13,latency_mean,0.0,0.0
tracerca_all_dataset_recursive_service_fault_csv_windows,RandomForest,13,request_rate,0.0,0.0
tracerca_all_dataset_recursive_service_fault_csv_windows,RandomForest,13,latency_max,0.0,0.0
tracerca_all_dataset_recursive_service_fault_csv_windows,RandomForest,13,latency_p95_proxy,0.0,0.0
tracerca_all_dataset_recursive_service_fault_csv_windows,RandomForest,13,span_duration_mean,0.0,0.0
tracerca_all_dataset_recursive_service_fault_csv_windows,RandomForest,13,latency_p99_proxy,0.0,0.0
tracerca_all_dataset_recursive_service_fault_csv_windows,RandomForest,13,failed_span_ratio,0.0,0.0
tracerca_all_dataset_recursive_service_fault_csv_windows,RandomForest,13,trace_depth_proxy,0.0,0.0
tracerca_all_dataset_recursive_service_fault_csv_windows,RandomForest,13,log_error_indicator,0.0,0.0
tracerca_all_dataset_recursive_service_fault_csv_windows,RandomForest,13,log_template_frequency_proxy,0.0,0.0
tracerca_all_dataset_recursive_service_fault_csv_windows,RandomForest,13,log_entropy_proxy,0.0,0.0
tracerca_all_dataset_recursive_service_fault_csv_windows,RandomForest,13,service_metric_entropy,0.0,0.0
tracerca_all_dataset_recursive_service_fault_csv_windows,RandomForest,13,rolling_latency_mean,0.0,0.0
tracerca_all_dataset_recursive_service_fault_csv_windows,RandomForest,13,rolling_latency_std,0.0,0.0
tracerca_all_dataset_recursive_service_fault_csv_windows,RandomForest,13,ewma_latency,0.0,0.0
tracerca_all_dataset_recursive_service_fault_csv_windows,RandomForest,13,rolling_zscore_latency,0.0,0.0
tracerca_all_dataset_recursive_service_fault_csv_windows,RandomForest,13,latency_threshold_p95,0.0,0.0
tracerca_all_dataset_recursive_service_fault_csv_windows,RandomForest,13,latency_threshold_exceeded,0.0,0.0
tracerca_all_dataset_recursive_service_fault_csv_windows,XGBoost,21,input_numeric_column_count,0.38749999999999996,0.0029462782549439376
tracerca_all_dataset_recursive_service_fault_csv_windows,XGBoost,21,request_rate,0.0,0.0
tracerca_all_dataset_recursive_service_fault_csv_windows,XGBoost,21,error_rate,0.0,0.0
tracerca_all_dataset_recursive_service_fault_csv_windows,XGBoost,21,cpu_mean,0.0,0.0
tracerca_all_dataset_recursive_service_fault_csv_windows,XGBoost,21,cpu_max,0.0,0.0
tracerca_all_dataset_recursive_service_fault_csv_windows,XGBoost,21,memory_mean,0.0,0.0
tracerca_all_dataset_recursive_service_fault_csv_windows,XGBoost,21,memory_max,0.0,0.0
tracerca_all_dataset_recursive_service_fault_csv_windows,XGBoost,21,network_or_size_mean,0.0,0.0
tracerca_all_dataset_recursive_service_fault_csv_windows,XGBoost,21,latency_mean,0.0,0.0
tracerca_all_dataset_recursive_service_fault_csv_windows,XGBoost,21,latency_max,0.0,0.0
tracerca_all_dataset_recursive_service_fault_csv_windows,XGBoost,21,latency_p95_proxy,0.0,0.0
tracerca_all_dataset_recursive_service_fault_csv_windows,XGBoost,21,latency_p99_proxy,0.0,0.0
tracerca_all_dataset_recursive_service_fault_csv_windows,XGBoost,21,span_duration_mean,0.0,0.0
tracerca_all_dataset_recursive_service_fault_csv_windows,XGBoost,21,failed_span_ratio,0.0,0.0
tracerca_all_dataset_recursive_service_fault_csv_windows,XGBoost,21,trace_depth_proxy,0.0,0.0
tracerca_all_dataset_recursive_service_fault_csv_windows,XGBoost,21,fanout_proxy,0.0,0.0
tracerca_all_dataset_recursive_service_fault_csv_windows,XGBoost,21,log_error_indicator,0.0,0.0
tracerca_all_dataset_recursive_service_fault_csv_windows,XGBoost,21,log_template_frequency_proxy,0.0,0.0
tracerca_all_dataset_recursive_service_fault_csv_windows,XGBoost,21,log_entropy_proxy,0.0,0.0
tracerca_all_dataset_recursive_service_fault_csv_windows,XGBoost,21,service_metric_entropy,0.0,0.0
tracerca_all_dataset_recursive_service_fault_csv_windows,XGBoost,21,rolling_latency_mean,0.0,0.0
tracerca_all_dataset_recursive_service_fault_csv_windows,XGBoost,21,rolling_latency_std,0.0,0.0
tracerca_all_dataset_recursive_service_fault_csv_windows,XGBoost,21,ewma_latency,0.0,0.0
tracerca_all_dataset_recursive_service_fault_csv_windows,XGBoost,21,rolling_zscore_latency,0.0,0.0
tracerca_all_dataset_recursive_service_fault_csv_windows,XGBoost,21,latency_threshold_p95,0.0,0.0
tracerca_all_dataset_recursive_service_fault_csv_windows,XGBoost,21,latency_threshold_exceeded,0.0,0.0
tracerca_all_dataset_recursive_service_fault_csv_windows,RandomForest,21,fanout_proxy,0.1782891259047121,0.008300911154160494
tracerca_all_dataset_recursive_service_fault_csv_windows,RandomForest,21,input_numeric_column_count,0.0,0.0
tracerca_all_dataset_recursive_service_fault_csv_windows,RandomForest,21,error_rate,0.0,0.0
tracerca_all_dataset_recursive_service_fault_csv_windows,RandomForest,21,cpu_mean,0.0,0.0
tracerca_all_dataset_recursive_service_fault_csv_windows,RandomForest,21,cpu_max,0.0,0.0
tracerca_all_dataset_recursive_service_fault_csv_windows,RandomForest,21,memory_mean,0.0,0.0
tracerca_all_dataset_recursive_service_fault_csv_windows,RandomForest,21,memory_max,0.0,0.0
tracerca_all_dataset_recursive_service_fault_csv_windows,RandomForest,21,network_or_size_mean,0.0,0.0
tracerca_all_dataset_recursive_service_fault_csv_windows,RandomForest,21,latency_mean,0.0,0.0
tracerca_all_dataset_recursive_service_fault_csv_windows,RandomForest,21,request_rate,0.0,0.0
tracerca_all_dataset_recursive_service_fault_csv_windows,RandomForest,21,latency_max,0.0,0.0
tracerca_all_dataset_recursive_service_fault_csv_windows,RandomForest,21,latency_p95_proxy,0.0,0.0
tracerca_all_dataset_recursive_service_fault_csv_windows,RandomForest,21,span_duration_mean,0.0,0.0
tracerca_all_dataset_recursive_service_fault_csv_windows,RandomForest,21,latency_p99_proxy,0.0,0.0
tracerca_all_dataset_recursive_service_fault_csv_windows,RandomForest,21,failed_span_ratio,0.0,0.0
tracerca_all_dataset_recursive_service_fault_csv_windows,RandomForest,21,trace_depth_proxy,0.0,0.0
tracerca_all_dataset_recursive_service_fault_csv_windows,RandomForest,21,log_error_indicator,0.0,0.0
tracerca_all_dataset_recursive_service_fault_csv_windows,RandomForest,21,log_template_frequency_proxy,0.0,0.0
tracerca_all_dataset_recursive_service_fault_csv_windows,RandomForest,21,log_entropy_proxy,0.0,0.0
tracerca_all_dataset_recursive_service_fault_csv_windows,RandomForest,21,service_metric_entropy,0.0,0.0
tracerca_all_dataset_recursive_service_fault_csv_windows,RandomForest,21,rolling_latency_mean,0.0,0.0
tracerca_all_dataset_recursive_service_fault_csv_windows,RandomForest,21,rolling_latency_std,0.0,0.0
tracerca_all_dataset_recursive_service_fault_csv_windows,RandomForest,21,ewma_latency,0.0,0.0
tracerca_all_dataset_recursive_service_fault_csv_windows,RandomForest,21,rolling_zscore_latency,0.0,0.0
tracerca_all_dataset_recursive_service_fault_csv_windows,RandomForest,21,latency_threshold_p95,0.0,0.0
tracerca_all_dataset_recursive_service_fault_csv_windows,RandomForest,21,latency_threshold_exceeded,0.0,0.0
tracerca_all_dataset_recursive_service_fault_csv_windows,XGBoost,99,input_numeric_column_count,0.3854166666666667,0.008838834764831865
tracerca_all_dataset_recursive_service_fault_csv_windows,XGBoost,99,request_rate,0.0,0.0
tracerca_all_dataset_recursive_service_fault_csv_windows,XGBoost,99,error_rate,0.0,0.0
tracerca_all_dataset_recursive_service_fault_csv_windows,XGBoost,99,cpu_mean,0.0,0.0
tracerca_all_dataset_recursive_service_fault_csv_windows,XGBoost,99,cpu_max,0.0,0.0
tracerca_all_dataset_recursive_service_fault_csv_windows,XGBoost,99,memory_mean,0.0,0.0
tracerca_all_dataset_recursive_service_fault_csv_windows,XGBoost,99,memory_max,0.0,0.0
tracerca_all_dataset_recursive_service_fault_csv_windows,XGBoost,99,network_or_size_mean,0.0,0.0
tracerca_all_dataset_recursive_service_fault_csv_windows,XGBoost,99,latency_mean,0.0,0.0
tracerca_all_dataset_recursive_service_fault_csv_windows,XGBoost,99,latency_max,0.0,0.0
tracerca_all_dataset_recursive_service_fault_csv_windows,XGBoost,99,latency_p95_proxy,0.0,0.0
tracerca_all_dataset_recursive_service_fault_csv_windows,XGBoost,99,latency_p99_proxy,0.0,0.0
tracerca_all_dataset_recursive_service_fault_csv_windows,XGBoost,99,span_duration_mean,0.0,0.0
tracerca_all_dataset_recursive_service_fault_csv_windows,XGBoost,99,failed_span_ratio,0.0,0.0
tracerca_all_dataset_recursive_service_fault_csv_windows,XGBoost,99,trace_depth_proxy,0.0,0.0
tracerca_all_dataset_recursive_service_fault_csv_windows,XGBoost,99,fanout_proxy,0.0,0.0
tracerca_all_dataset_recursive_service_fault_csv_windows,XGBoost,99,log_error_indicator,0.0,0.0
tracerca_all_dataset_recursive_service_fault_csv_windows,XGBoost,99,log_template_frequency_proxy,0.0,0.0
tracerca_all_dataset_recursive_service_fault_csv_windows,XGBoost,99,log_entropy_proxy,0.0,0.0
tracerca_all_dataset_recursive_service_fault_csv_windows,XGBoost,99,service_metric_entropy,0.0,0.0
tracerca_all_dataset_recursive_service_fault_csv_windows,XGBoost,99,rolling_latency_mean,0.0,0.0
tracerca_all_dataset_recursive_service_fault_csv_windows,XGBoost,99,rolling_latency_std,0.0,0.0
tracerca_all_dataset_recursive_service_fault_csv_windows,XGBoost,99,ewma_latency,0.0,0.0
tracerca_all_dataset_recursive_service_fault_csv_windows,XGBoost,99,rolling_zscore_latency,0.0,0.0
tracerca_all_dataset_recursive_service_fault_csv_windows,XGBoost,99,latency_threshold_p95,0.0,0.0
tracerca_all_dataset_recursive_service_fault_csv_windows,XGBoost,99,latency_threshold_exceeded,0.0,0.0
tracerca_all_dataset_recursive_service_fault_csv_windows,RandomForest,99,fanout_proxy,0.1793046712716463,0.0046740993818351895
tracerca_all_dataset_recursive_service_fault_csv_windows,RandomForest,99,input_numeric_column_count,0.0,0.0
tracerca_all_dataset_recursive_service_fault_csv_windows,RandomForest,99,error_rate,0.0,0.0
tracerca_all_dataset_recursive_service_fault_csv_windows,RandomForest,99,cpu_mean,0.0,0.0
tracerca_all_dataset_recursive_service_fault_csv_windows,RandomForest,99,cpu_max,0.0,0.0
tracerca_all_dataset_recursive_service_fault_csv_windows,RandomForest,99,memory_mean,0.0,0.0
tracerca_all_dataset_recursive_service_fault_csv_windows,RandomForest,99,memory_max,0.0,0.0
tracerca_all_dataset_recursive_service_fault_csv_windows,RandomForest,99,network_or_size_mean,0.0,0.0
tracerca_all_dataset_recursive_service_fault_csv_windows,RandomForest,99,latency_mean,0.0,0.0
tracerca_all_dataset_recursive_service_fault_csv_windows,RandomForest,99,request_rate,0.0,0.0
tracerca_all_dataset_recursive_service_fault_csv_windows,RandomForest,99,latency_max,0.0,0.0
tracerca_all_dataset_recursive_service_fault_csv_windows,RandomForest,99,latency_p95_proxy,0.0,0.0
tracerca_all_dataset_recursive_service_fault_csv_windows,RandomForest,99,span_duration_mean,0.0,0.0
tracerca_all_dataset_recursive_service_fault_csv_windows,RandomForest,99,latency_p99_proxy,0.0,0.0
tracerca_all_dataset_recursive_service_fault_csv_windows,RandomForest,99,failed_span_ratio,0.0,0.0
tracerca_all_dataset_recursive_service_fault_csv_windows,RandomForest,99,trace_depth_proxy,0.0,0.0
tracerca_all_dataset_recursive_service_fault_csv_windows,RandomForest,99,log_error_indicator,0.0,0.0
tracerca_all_dataset_recursive_service_fault_csv_windows,RandomForest,99,log_template_frequency_proxy,0.0,0.0
tracerca_all_dataset_recursive_service_fault_csv_windows,RandomForest,99,log_entropy_proxy,0.0,0.0
tracerca_all_dataset_recursive_service_fault_csv_windows,RandomForest,99,service_metric_entropy,0.0,0.0
tracerca_all_dataset_recursive_service_fault_csv_windows,RandomForest,99,rolling_latency_mean,0.0,0.0
tracerca_all_dataset_recursive_service_fault_csv_windows,RandomForest,99,rolling_latency_std,0.0,0.0
tracerca_all_dataset_recursive_service_fault_csv_windows,RandomForest,99,ewma_latency,0.0,0.0
tracerca_all_dataset_recursive_service_fault_csv_windows,RandomForest,99,rolling_zscore_latency,0.0,0.0
tracerca_all_dataset_recursive_service_fault_csv_windows,RandomForest,99,latency_threshold_p95,0.0,0.0
tracerca_all_dataset_recursive_service_fault_csv_windows,RandomForest,99,latency_threshold_exceeded,0.0,0.0
tracerca_all_dataset_recursive_service_fault_csv_windows,XGBoost,314,input_numeric_column_count,0.39652777777777776,0.01039349274103873
tracerca_all_dataset_recursive_service_fault_csv_windows,XGBoost,314,request_rate,0.0,0.0
tracerca_all_dataset_recursive_service_fault_csv_windows,XGBoost,314,error_rate,0.0,0.0
tracerca_all_dataset_recursive_service_fault_csv_windows,XGBoost,314,cpu_mean,0.0,0.0
tracerca_all_dataset_recursive_service_fault_csv_windows,XGBoost,314,cpu_max,0.0,0.0
tracerca_all_dataset_recursive_service_fault_csv_windows,XGBoost,314,memory_mean,0.0,0.0
tracerca_all_dataset_recursive_service_fault_csv_windows,XGBoost,314,memory_max,0.0,0.0
tracerca_all_dataset_recursive_service_fault_csv_windows,XGBoost,314,network_or_size_mean,0.0,0.0
tracerca_all_dataset_recursive_service_fault_csv_windows,XGBoost,314,latency_mean,0.0,0.0
tracerca_all_dataset_recursive_service_fault_csv_windows,XGBoost,314,latency_max,0.0,0.0
tracerca_all_dataset_recursive_service_fault_csv_windows,XGBoost,314,latency_p95_proxy,0.0,0.0
tracerca_all_dataset_recursive_service_fault_csv_windows,XGBoost,314,latency_p99_proxy,0.0,0.0
tracerca_all_dataset_recursive_service_fault_csv_windows,XGBoost,314,span_duration_mean,0.0,0.0
tracerca_all_dataset_recursive_service_fault_csv_windows,XGBoost,314,failed_span_ratio,0.0,0.0
tracerca_all_dataset_recursive_service_fault_csv_windows,XGBoost,314,trace_depth_proxy,0.0,0.0
tracerca_all_dataset_recursive_service_fault_csv_windows,XGBoost,314,fanout_proxy,0.0,0.0
tracerca_all_dataset_recursive_service_fault_csv_windows,XGBoost,314,log_error_indicator,0.0,0.0
tracerca_all_dataset_recursive_service_fault_csv_windows,XGBoost,314,log_template_frequency_proxy,0.0,0.0
tracerca_all_dataset_recursive_service_fault_csv_windows,XGBoost,314,log_entropy_proxy,0.0,0.0
tracerca_all_dataset_recursive_service_fault_csv_windows,XGBoost,314,service_metric_entropy,0.0,0.0
tracerca_all_dataset_recursive_service_fault_csv_windows,XGBoost,314,rolling_latency_mean,0.0,0.0
tracerca_all_dataset_recursive_service_fault_csv_windows,XGBoost,314,rolling_latency_std,0.0,0.0
tracerca_all_dataset_recursive_service_fault_csv_windows,XGBoost,314,ewma_latency,0.0,0.0
tracerca_all_dataset_recursive_service_fault_csv_windows,XGBoost,314,rolling_zscore_latency,0.0,0.0
tracerca_all_dataset_recursive_service_fault_csv_windows,XGBoost,314,latency_threshold_p95,0.0,0.0
tracerca_all_dataset_recursive_service_fault_csv_windows,XGBoost,314,latency_threshold_exceeded,0.0,0.0
tracerca_all_dataset_recursive_service_fault_csv_windows,RandomForest,314,fanout_proxy,0.16551035367417996,0.006504172582841528
tracerca_all_dataset_recursive_service_fault_csv_windows,RandomForest,314,input_numeric_column_count,0.0,0.0
tracerca_all_dataset_recursive_service_fault_csv_windows,RandomForest,314,error_rate,0.0,0.0
tracerca_all_dataset_recursive_service_fault_csv_windows,RandomForest,314,cpu_mean,0.0,0.0
tracerca_all_dataset_recursive_service_fault_csv_windows,RandomForest,314,cpu_max,0.0,0.0
tracerca_all_dataset_recursive_service_fault_csv_windows,RandomForest,314,memory_mean,0.0,0.0
tracerca_all_dataset_recursive_service_fault_csv_windows,RandomForest,314,memory_max,0.0,0.0
tracerca_all_dataset_recursive_service_fault_csv_windows,RandomForest,314,network_or_size_mean,0.0,0.0
tracerca_all_dataset_recursive_service_fault_csv_windows,RandomForest,314,latency_mean,0.0,0.0
tracerca_all_dataset_recursive_service_fault_csv_windows,RandomForest,314,request_rate,0.0,0.0
tracerca_all_dataset_recursive_service_fault_csv_windows,RandomForest,314,latency_max,0.0,0.0
tracerca_all_dataset_recursive_service_fault_csv_windows,RandomForest,314,latency_p95_proxy,0.0,0.0
tracerca_all_dataset_recursive_service_fault_csv_windows,RandomForest,314,span_duration_mean,0.0,0.0
tracerca_all_dataset_recursive_service_fault_csv_windows,RandomForest,314,latency_p99_proxy,0.0,0.0
tracerca_all_dataset_recursive_service_fault_csv_windows,RandomForest,314,failed_span_ratio,0.0,0.0
tracerca_all_dataset_recursive_service_fault_csv_windows,RandomForest,314,trace_depth_proxy,0.0,0.0
tracerca_all_dataset_recursive_service_fault_csv_windows,RandomForest,314,log_error_indicator,0.0,0.0
tracerca_all_dataset_recursive_service_fault_csv_windows,RandomForest,314,log_template_frequency_proxy,0.0,0.0
tracerca_all_dataset_recursive_service_fault_csv_windows,RandomForest,314,log_entropy_proxy,0.0,0.0
tracerca_all_dataset_recursive_service_fault_csv_windows,RandomForest,314,service_metric_entropy,0.0,0.0
tracerca_all_dataset_recursive_service_fault_csv_windows,RandomForest,314,rolling_latency_mean,0.0,0.0
tracerca_all_dataset_recursive_service_fault_csv_windows,RandomForest,314,rolling_latency_std,0.0,0.0
tracerca_all_dataset_recursive_service_fault_csv_windows,RandomForest,314,ewma_latency,0.0,0.0
tracerca_all_dataset_recursive_service_fault_csv_windows,RandomForest,314,rolling_zscore_latency,0.0,0.0
tracerca_all_dataset_recursive_service_fault_csv_windows,RandomForest,314,latency_threshold_p95,0.0,0.0
tracerca_all_dataset_recursive_service_fault_csv_windows,RandomForest,314,latency_threshold_exceeded,0.0,0.0
tracerca_all_dataset_recursive_service_fault_csv_windows,XGBoost,2718,input_numeric_column_count,0.3875,0.005103103630798315
tracerca_all_dataset_recursive_service_fault_csv_windows,XGBoost,2718,request_rate,0.0,0.0
tracerca_all_dataset_recursive_service_fault_csv_windows,XGBoost,2718,error_rate,0.0,0.0
tracerca_all_dataset_recursive_service_fault_csv_windows,XGBoost,2718,cpu_mean,0.0,0.0
tracerca_all_dataset_recursive_service_fault_csv_windows,XGBoost,2718,cpu_max,0.0,0.0
tracerca_all_dataset_recursive_service_fault_csv_windows,XGBoost,2718,memory_mean,0.0,0.0
tracerca_all_dataset_recursive_service_fault_csv_windows,XGBoost,2718,memory_max,0.0,0.0
tracerca_all_dataset_recursive_service_fault_csv_windows,XGBoost,2718,network_or_size_mean,0.0,0.0
tracerca_all_dataset_recursive_service_fault_csv_windows,XGBoost,2718,latency_mean,0.0,0.0
tracerca_all_dataset_recursive_service_fault_csv_windows,XGBoost,2718,latency_max,0.0,0.0
tracerca_all_dataset_recursive_service_fault_csv_windows,XGBoost,2718,latency_p95_proxy,0.0,0.0
tracerca_all_dataset_recursive_service_fault_csv_windows,XGBoost,2718,latency_p99_proxy,0.0,0.0
tracerca_all_dataset_recursive_service_fault_csv_windows,XGBoost,2718,span_duration_mean,0.0,0.0
tracerca_all_dataset_recursive_service_fault_csv_windows,XGBoost,2718,failed_span_ratio,0.0,0.0
tracerca_all_dataset_recursive_service_fault_csv_windows,XGBoost,2718,trace_depth_proxy,0.0,0.0
tracerca_all_dataset_recursive_service_fault_csv_windows,XGBoost,2718,fanout_proxy,0.0,0.0
tracerca_all_dataset_recursive_service_fault_csv_windows,XGBoost,2718,log_error_indicator,0.0,0.0
tracerca_all_dataset_recursive_service_fault_csv_windows,XGBoost,2718,log_template_frequency_proxy,0.0,0.0
tracerca_all_dataset_recursive_service_fault_csv_windows,XGBoost,2718,log_entropy_proxy,0.0,0.0
tracerca_all_dataset_recursive_service_fault_csv_windows,XGBoost,2718,service_metric_entropy,0.0,0.0
tracerca_all_dataset_recursive_service_fault_csv_windows,XGBoost,2718,rolling_latency_mean,0.0,0.0
tracerca_all_dataset_recursive_service_fault_csv_windows,XGBoost,2718,rolling_latency_std,0.0,0.0
tracerca_all_dataset_recursive_service_fault_csv_windows,XGBoost,2718,ewma_latency,0.0,0.0
tracerca_all_dataset_recursive_service_fault_csv_windows,XGBoost,2718,rolling_zscore_latency,0.0,0.0
tracerca_all_dataset_recursive_service_fault_csv_windows,XGBoost,2718,latency_threshold_p95,0.0,0.0
tracerca_all_dataset_recursive_service_fault_csv_windows,XGBoost,2718,latency_threshold_exceeded,0.0,0.0
tracerca_all_dataset_recursive_service_fault_csv_windows,RandomForest,2718,fanout_proxy,0.17403489212389656,0.0044290444093938106
tracerca_all_dataset_recursive_service_fault_csv_windows,RandomForest,2718,input_numeric_column_count,0.0,0.0
tracerca_all_dataset_recursive_service_fault_csv_windows,RandomForest,2718,error_rate,0.0,0.0
tracerca_all_dataset_recursive_service_fault_csv_windows,RandomForest,2718,cpu_mean,0.0,0.0
tracerca_all_dataset_recursive_service_fault_csv_windows,RandomForest,2718,cpu_max,0.0,0.0
tracerca_all_dataset_recursive_service_fault_csv_windows,RandomForest,2718,memory_mean,0.0,0.0
tracerca_all_dataset_recursive_service_fault_csv_windows,RandomForest,2718,memory_max,0.0,0.0
tracerca_all_dataset_recursive_service_fault_csv_windows,RandomForest,2718,network_or_size_mean,0.0,0.0
tracerca_all_dataset_recursive_service_fault_csv_windows,RandomForest,2718,latency_mean,0.0,0.0
tracerca_all_dataset_recursive_service_fault_csv_windows,RandomForest,2718,request_rate,0.0,0.0
tracerca_all_dataset_recursive_service_fault_csv_windows,RandomForest,2718,latency_max,0.0,0.0
tracerca_all_dataset_recursive_service_fault_csv_windows,RandomForest,2718,latency_p95_proxy,0.0,0.0
tracerca_all_dataset_recursive_service_fault_csv_windows,RandomForest,2718,span_duration_mean,0.0,0.0
tracerca_all_dataset_recursive_service_fault_csv_windows,RandomForest,2718,latency_p99_proxy,0.0,0.0
tracerca_all_dataset_recursive_service_fault_csv_windows,RandomForest,2718,failed_span_ratio,0.0,0.0
tracerca_all_dataset_recursive_service_fault_csv_windows,RandomForest,2718,trace_depth_proxy,0.0,0.0
tracerca_all_dataset_recursive_service_fault_csv_windows,RandomForest,2718,log_error_indicator,0.0,0.0
tracerca_all_dataset_recursive_service_fault_csv_windows,RandomForest,2718,log_template_frequency_proxy,0.0,0.0
tracerca_all_dataset_recursive_service_fault_csv_windows,RandomForest,2718,log_entropy_proxy,0.0,0.0
tracerca_all_dataset_recursive_service_fault_csv_windows,RandomForest,2718,service_metric_entropy,0.0,0.0
tracerca_all_dataset_recursive_service_fault_csv_windows,RandomForest,2718,rolling_latency_mean,0.0,0.0
tracerca_all_dataset_recursive_service_fault_csv_windows,RandomForest,2718,rolling_latency_std,0.0,0.0
tracerca_all_dataset_recursive_service_fault_csv_windows,RandomForest,2718,ewma_latency,0.0,0.0
tracerca_all_dataset_recursive_service_fault_csv_windows,RandomForest,2718,rolling_zscore_latency,0.0,0.0
tracerca_all_dataset_recursive_service_fault_csv_windows,RandomForest,2718,latency_threshold_p95,0.0,0.0
tracerca_all_dataset_recursive_service_fault_csv_windows,RandomForest,2718,latency_threshold_exceeded,0.0,0.0
tracerca_all_dataset_recursive_service_fault_csv_windows,XGBoost,9001,input_numeric_column_count,0.3868055555555556,0.01720765512967203
tracerca_all_dataset_recursive_service_fault_csv_windows,XGBoost,9001,request_rate,0.0,0.0
tracerca_all_dataset_recursive_service_fault_csv_windows,XGBoost,9001,error_rate,0.0,0.0
tracerca_all_dataset_recursive_service_fault_csv_windows,XGBoost,9001,cpu_mean,0.0,0.0
tracerca_all_dataset_recursive_service_fault_csv_windows,XGBoost,9001,cpu_max,0.0,0.0
tracerca_all_dataset_recursive_service_fault_csv_windows,XGBoost,9001,memory_mean,0.0,0.0
tracerca_all_dataset_recursive_service_fault_csv_windows,XGBoost,9001,memory_max,0.0,0.0
tracerca_all_dataset_recursive_service_fault_csv_windows,XGBoost,9001,network_or_size_mean,0.0,0.0
tracerca_all_dataset_recursive_service_fault_csv_windows,XGBoost,9001,latency_mean,0.0,0.0
tracerca_all_dataset_recursive_service_fault_csv_windows,XGBoost,9001,latency_max,0.0,0.0
tracerca_all_dataset_recursive_service_fault_csv_windows,XGBoost,9001,latency_p95_proxy,0.0,0.0
tracerca_all_dataset_recursive_service_fault_csv_windows,XGBoost,9001,latency_p99_proxy,0.0,0.0
tracerca_all_dataset_recursive_service_fault_csv_windows,XGBoost,9001,span_duration_mean,0.0,0.0
tracerca_all_dataset_recursive_service_fault_csv_windows,XGBoost,9001,failed_span_ratio,0.0,0.0
tracerca_all_dataset_recursive_service_fault_csv_windows,XGBoost,9001,trace_depth_proxy,0.0,0.0
tracerca_all_dataset_recursive_service_fault_csv_windows,XGBoost,9001,fanout_proxy,0.0,0.0
tracerca_all_dataset_recursive_service_fault_csv_windows,XGBoost,9001,log_error_indicator,0.0,0.0
tracerca_all_dataset_recursive_service_fault_csv_windows,XGBoost,9001,log_template_frequency_proxy,0.0,0.0
tracerca_all_dataset_recursive_service_fault_csv_windows,XGBoost,9001,log_entropy_proxy,0.0,0.0
tracerca_all_dataset_recursive_service_fault_csv_windows,XGBoost,9001,service_metric_entropy,0.0,0.0
tracerca_all_dataset_recursive_service_fault_csv_windows,XGBoost,9001,rolling_latency_mean,0.0,0.0
tracerca_all_dataset_recursive_service_fault_csv_windows,XGBoost,9001,rolling_latency_std,0.0,0.0
tracerca_all_dataset_recursive_service_fault_csv_windows,XGBoost,9001,ewma_latency,0.0,0.0
tracerca_all_dataset_recursive_service_fault_csv_windows,XGBoost,9001,rolling_zscore_latency,0.0,0.0
tracerca_all_dataset_recursive_service_fault_csv_windows,XGBoost,9001,latency_threshold_p95,0.0,0.0
tracerca_all_dataset_recursive_service_fault_csv_windows,XGBoost,9001,latency_threshold_exceeded,0.0,0.0
tracerca_all_dataset_recursive_service_fault_csv_windows,RandomForest,9001,input_numeric_column_count,0.02159740398150674,0.006479368449757932
tracerca_all_dataset_recursive_service_fault_csv_windows,RandomForest,9001,request_rate,0.0,0.0
tracerca_all_dataset_recursive_service_fault_csv_windows,RandomForest,9001,error_rate,0.0,0.0
tracerca_all_dataset_recursive_service_fault_csv_windows,RandomForest,9001,cpu_mean,0.0,0.0
tracerca_all_dataset_recursive_service_fault_csv_windows,RandomForest,9001,cpu_max,0.0,0.0
tracerca_all_dataset_recursive_service_fault_csv_windows,RandomForest,9001,memory_mean,0.0,0.0
tracerca_all_dataset_recursive_service_fault_csv_windows,RandomForest,9001,memory_max,0.0,0.0
tracerca_all_dataset_recursive_service_fault_csv_windows,RandomForest,9001,network_or_size_mean,0.0,0.0
tracerca_all_dataset_recursive_service_fault_csv_windows,RandomForest,9001,latency_mean,0.0,0.0
tracerca_all_dataset_recursive_service_fault_csv_windows,RandomForest,9001,latency_max,0.0,0.0
tracerca_all_dataset_recursive_service_fault_csv_windows,RandomForest,9001,latency_p95_proxy,0.0,0.0
tracerca_all_dataset_recursive_service_fault_csv_windows,RandomForest,9001,latency_p99_proxy,0.0,0.0
tracerca_all_dataset_recursive_service_fault_csv_windows,RandomForest,9001,span_duration_mean,0.0,0.0
tracerca_all_dataset_recursive_service_fault_csv_windows,RandomForest,9001,failed_span_ratio,0.0,0.0
tracerca_all_dataset_recursive_service_fault_csv_windows,RandomForest,9001,trace_depth_proxy,0.0,0.0
tracerca_all_dataset_recursive_service_fault_csv_windows,RandomForest,9001,fanout_proxy,0.0,0.0
tracerca_all_dataset_recursive_service_fault_csv_windows,RandomForest,9001,log_error_indicator,0.0,0.0
tracerca_all_dataset_recursive_service_fault_csv_windows,RandomForest,9001,log_template_frequency_proxy,0.0,0.0
tracerca_all_dataset_recursive_service_fault_csv_windows,RandomForest,9001,log_entropy_proxy,0.0,0.0
tracerca_all_dataset_recursive_service_fault_csv_windows,RandomForest,9001,service_metric_entropy,0.0,0.0
tracerca_all_dataset_recursive_service_fault_csv_windows,RandomForest,9001,rolling_latency_mean,0.0,0.0
tracerca_all_dataset_recursive_service_fault_csv_windows,RandomForest,9001,rolling_latency_std,0.0,0.0
tracerca_all_dataset_recursive_service_fault_csv_windows,RandomForest,9001,ewma_latency,0.0,0.0
tracerca_all_dataset_recursive_service_fault_csv_windows,RandomForest,9001,rolling_zscore_latency,0.0,0.0
tracerca_all_dataset_recursive_service_fault_csv_windows,RandomForest,9001,latency_threshold_p95,0.0,0.0
tracerca_all_dataset_recursive_service_fault_csv_windows,RandomForest,9001,latency_threshold_exceeded,0.0,0.0
tracerca_main_rca_all_dataset_explicit_label_csv,XGBoost,42,ewma_latency,0.34099729645729565,0.004901054682923056
tracerca_main_rca_all_dataset_explicit_label_csv,XGBoost,42,rolling_latency_mean,0.32858576023782143,0.00383186479970111
tracerca_main_rca_all_dataset_explicit_label_csv,XGBoost,42,latency_mean,0.12101545560928073,0.0034841653765022534
tracerca_main_rca_all_dataset_explicit_label_csv,XGBoost,42,rolling_latency_std,0.07288853427184346,0.0036820439244976593
tracerca_main_rca_all_dataset_explicit_label_csv,XGBoost,42,rolling_zscore_latency,0.0027518577413855327,0.0004013225194436419
tracerca_main_rca_all_dataset_explicit_label_csv,XGBoost,42,latency_max,0.001380790211185053,0.00026632823335010647
tracerca_main_rca_all_dataset_explicit_label_csv,XGBoost,42,latency_p95_proxy,0.000301733902764408,0.00016132810674139364
tracerca_main_rca_all_dataset_explicit_label_csv,XGBoost,42,latency_p99_proxy,8.618746260302679e-05,6.094373925986221e-05
tracerca_main_rca_all_dataset_explicit_label_csv,XGBoost,42,request_rate,0.0,0.0
tracerca_main_rca_all_dataset_explicit_label_csv,XGBoost,42,input_numeric_column_count,0.0,0.0
tracerca_main_rca_all_dataset_explicit_label_csv,XGBoost,42,memory_max,0.0,0.0
tracerca_main_rca_all_dataset_explicit_label_csv,XGBoost,42,network_or_size_mean,0.0,0.0
tracerca_main_rca_all_dataset_explicit_label_csv,XGBoost,42,cpu_max,0.0,0.0
tracerca_main_rca_all_dataset_explicit_label_csv,XGBoost,42,memory_mean,0.0,0.0
tracerca_main_rca_all_dataset_explicit_label_csv,XGBoost,42,cpu_mean,0.0,0.0
tracerca_main_rca_all_dataset_explicit_label_csv,XGBoost,42,error_rate,0.0,0.0
tracerca_main_rca_all_dataset_explicit_label_csv,XGBoost,42,span_duration_mean,0.0,0.0
tracerca_main_rca_all_dataset_explicit_label_csv,XGBoost,42,failed_span_ratio,0.0,0.0
tracerca_main_rca_all_dataset_explicit_label_csv,XGBoost,42,log_template_frequency_proxy,0.0,0.0
tracerca_main_rca_all_dataset_explicit_label_csv,XGBoost,42,log_error_indicator,0.0,0.0
tracerca_main_rca_all_dataset_explicit_label_csv,XGBoost,42,fanout_proxy,0.0,0.0
tracerca_main_rca_all_dataset_explicit_label_csv,XGBoost,42,trace_depth_proxy,0.0,0.0
tracerca_main_rca_all_dataset_explicit_label_csv,XGBoost,42,log_entropy_proxy,0.0,0.0
tracerca_main_rca_all_dataset_explicit_label_csv,XGBoost,42,service_metric_entropy,0.0,0.0
tracerca_main_rca_all_dataset_explicit_label_csv,XGBoost,42,latency_threshold_p95,0.0,0.0
tracerca_main_rca_all_dataset_explicit_label_csv,XGBoost,42,latency_threshold_exceeded,0.0,0.0
tracerca_main_rca_all_dataset_explicit_label_csv,RandomForest,42,ewma_latency,0.27742802969525765,0.00272029908632038
tracerca_main_rca_all_dataset_explicit_label_csv,RandomForest,42,rolling_latency_mean,0.2561819465375423,0.003234267198359308
tracerca_main_rca_all_dataset_explicit_label_csv,RandomForest,42,rolling_latency_std,0.04451510224941387,0.002013295904259267
tracerca_main_rca_all_dataset_explicit_label_csv,RandomForest,42,rolling_zscore_latency,0.02538297872933452,0.0007460582389371131
tracerca_main_rca_all_dataset_explicit_label_csv,RandomForest,42,latency_mean,0.0012082482432422454,0.00012218648411007759
tracerca_main_rca_all_dataset_explicit_label_csv,RandomForest,42,latency_max,0.0010786443318948624,6.10853590560857e-05
tracerca_main_rca_all_dataset_explicit_label_csv,RandomForest,42,latency_p99_proxy,0.0009491072884424042,0.00016157795573354926
tracerca_main_rca_all_dataset_explicit_label_csv,RandomForest,42,span_duration_mean,0.0008627306891325995,6.105384536116639e-05
tracerca_main_rca_all_dataset_explicit_label_csv,RandomForest,42,latency_p95_proxy,0.0007332493265308863,0.00016148865736388614
tracerca_main_rca_all_dataset_explicit_label_csv,RandomForest,42,latency_threshold_exceeded,4.310484079654101e-05,6.095945045840139e-05
tracerca_main_rca_all_dataset_explicit_label_csv,RandomForest,42,memory_max,0.0,0.0
tracerca_main_rca_all_dataset_explicit_label_csv,RandomForest,42,network_or_size_mean,0.0,0.0
tracerca_main_rca_all_dataset_explicit_label_csv,RandomForest,42,cpu_max,0.0,0.0
tracerca_main_rca_all_dataset_explicit_label_csv,RandomForest,42,memory_mean,0.0,0.0
tracerca_main_rca_all_dataset_explicit_label_csv,RandomForest,42,cpu_mean,0.0,0.0
tracerca_main_rca_all_dataset_explicit_label_csv,RandomForest,42,error_rate,0.0,0.0
tracerca_main_rca_all_dataset_explicit_label_csv,RandomForest,42,input_numeric_column_count,0.0,0.0
tracerca_main_rca_all_dataset_explicit_label_csv,RandomForest,42,request_rate,0.0,0.0
tracerca_main_rca_all_dataset_explicit_label_csv,RandomForest,42,log_template_frequency_proxy,0.0,0.0
tracerca_main_rca_all_dataset_explicit_label_csv,RandomForest,42,log_error_indicator,0.0,0.0
tracerca_main_rca_all_dataset_explicit_label_csv,RandomForest,42,fanout_proxy,0.0,0.0
tracerca_main_rca_all_dataset_explicit_label_csv,RandomForest,42,trace_depth_proxy,0.0,0.0
tracerca_main_rca_all_dataset_explicit_label_csv,RandomForest,42,failed_span_ratio,0.0,0.0
tracerca_main_rca_all_dataset_explicit_label_csv,RandomForest,42,service_metric_entropy,0.0,0.0
tracerca_main_rca_all_dataset_explicit_label_csv,RandomForest,42,log_entropy_proxy,0.0,0.0
tracerca_main_rca_all_dataset_explicit_label_csv,RandomForest,42,latency_threshold_p95,0.0,0.0
tracerca_main_rca_all_dataset_explicit_label_csv,XGBoost,123,ewma_latency,0.3456077591251949,0.003452037846335673
tracerca_main_rca_all_dataset_explicit_label_csv,XGBoost,123,rolling_latency_mean,0.3301634494802617,0.0026841631499422546
tracerca_main_rca_all_dataset_explicit_label_csv,XGBoost,123,latency_mean,0.17932480280484275,0.003303914899547755
tracerca_main_rca_all_dataset_explicit_label_csv,XGBoost,123,rolling_latency_std,0.07055839621004822,0.0029062511882377556
tracerca_main_rca_all_dataset_explicit_label_csv,XGBoost,123,rolling_zscore_latency,0.002749120080738058,0.000241896786712201
tracerca_main_rca_all_dataset_explicit_label_csv,XGBoost,123,latency_max,0.00047384194382778705,0.00012190308679954032
tracerca_main_rca_all_dataset_explicit_label_csv,XGBoost,123,request_rate,0.0,0.0
tracerca_main_rca_all_dataset_explicit_label_csv,XGBoost,123,input_numeric_column_count,0.0,0.0
tracerca_main_rca_all_dataset_explicit_label_csv,XGBoost,123,error_rate,0.0,0.0
tracerca_main_rca_all_dataset_explicit_label_csv,XGBoost,123,cpu_mean,0.0,0.0
tracerca_main_rca_all_dataset_explicit_label_csv,XGBoost,123,memory_max,0.0,0.0
tracerca_main_rca_all_dataset_explicit_label_csv,XGBoost,123,network_or_size_mean,0.0,0.0
tracerca_main_rca_all_dataset_explicit_label_csv,XGBoost,123,cpu_max,0.0,0.0
tracerca_main_rca_all_dataset_explicit_label_csv,XGBoost,123,memory_mean,0.0,0.0
tracerca_main_rca_all_dataset_explicit_label_csv,XGBoost,123,latency_p95_proxy,0.0,0.0
tracerca_main_rca_all_dataset_explicit_label_csv,XGBoost,123,latency_p99_proxy,0.0,0.0
tracerca_main_rca_all_dataset_explicit_label_csv,XGBoost,123,span_duration_mean,0.0,0.0
tracerca_main_rca_all_dataset_explicit_label_csv,XGBoost,123,failed_span_ratio,0.0,0.0
tracerca_main_rca_all_dataset_explicit_label_csv,XGBoost,123,log_template_frequency_proxy,0.0,0.0
tracerca_main_rca_all_dataset_explicit_label_csv,XGBoost,123,log_error_indicator,0.0,0.0
tracerca_main_rca_all_dataset_explicit_label_csv,XGBoost,123,fanout_proxy,0.0,0.0
tracerca_main_rca_all_dataset_explicit_label_csv,XGBoost,123,trace_depth_proxy,0.0,0.0
tracerca_main_rca_all_dataset_explicit_label_csv,XGBoost,123,log_entropy_proxy,0.0,0.0
tracerca_main_rca_all_dataset_explicit_label_csv,XGBoost,123,service_metric_entropy,0.0,0.0
tracerca_main_rca_all_dataset_explicit_label_csv,XGBoost,123,latency_threshold_p95,0.0,0.0
tracerca_main_rca_all_dataset_explicit_label_csv,XGBoost,123,latency_threshold_exceeded,0.0,0.0
tracerca_main_rca_all_dataset_explicit_label_csv,RandomForest,123,rolling_latency_mean,0.2791627318536174,0.0033492878774536218
tracerca_main_rca_all_dataset_explicit_label_csv,RandomForest,123,ewma_latency,0.2739896333963085,0.0024636665895547117
tracerca_main_rca_all_dataset_explicit_label_csv,RandomForest,123,rolling_latency_std,0.042391107358147405,0.0013252424668126427
tracerca_main_rca_all_dataset_explicit_label_csv,RandomForest,123,rolling_zscore_latency,0.026473946886701943,0.0010627453298884136
tracerca_main_rca_all_dataset_explicit_label_csv,RandomForest,123,latency_p95_proxy,0.00129385431035145,0.00038157054848034905
tracerca_main_rca_all_dataset_explicit_label_csv,RandomForest,123,span_duration_mean,0.0011211236598717884,0.00026641281474449707
tracerca_main_rca_all_dataset_explicit_label_csv,RandomForest,123,latency_p99_proxy,0.0007329138179738756,0.00030545557100609223
tracerca_main_rca_all_dataset_explicit_label_csv,RandomForest,123,latency_mean,0.0006896866182693288,0.00012216217295064655
tracerca_main_rca_all_dataset_explicit_label_csv,RandomForest,123,latency_max,0.00030179914051616424,0.00016160265297830245
tracerca_main_rca_all_dataset_explicit_label_csv,RandomForest,123,latency_threshold_exceeded,4.30603644605565e-05,6.089655142084743e-05
tracerca_main_rca_all_dataset_explicit_label_csv,RandomForest,123,memory_max,0.0,0.0
tracerca_main_rca_all_dataset_explicit_label_csv,RandomForest,123,network_or_size_mean,0.0,0.0
tracerca_main_rca_all_dataset_explicit_label_csv,RandomForest,123,cpu_max,0.0,0.0
tracerca_main_rca_all_dataset_explicit_label_csv,RandomForest,123,memory_mean,0.0,0.0
tracerca_main_rca_all_dataset_explicit_label_csv,RandomForest,123,cpu_mean,0.0,0.0
tracerca_main_rca_all_dataset_explicit_label_csv,RandomForest,123,error_rate,0.0,0.0
tracerca_main_rca_all_dataset_explicit_label_csv,RandomForest,123,input_numeric_column_count,0.0,0.0
tracerca_main_rca_all_dataset_explicit_label_csv,RandomForest,123,request_rate,0.0,0.0
tracerca_main_rca_all_dataset_explicit_label_csv,RandomForest,123,log_template_frequency_proxy,0.0,0.0
tracerca_main_rca_all_dataset_explicit_label_csv,RandomForest,123,log_error_indicator,0.0,0.0
tracerca_main_rca_all_dataset_explicit_label_csv,RandomForest,123,fanout_proxy,0.0,0.0
tracerca_main_rca_all_dataset_explicit_label_csv,RandomForest,123,trace_depth_proxy,0.0,0.0
tracerca_main_rca_all_dataset_explicit_label_csv,RandomForest,123,failed_span_ratio,0.0,0.0
tracerca_main_rca_all_dataset_explicit_label_csv,RandomForest,123,service_metric_entropy,0.0,0.0
tracerca_main_rca_all_dataset_explicit_label_csv,RandomForest,123,log_entropy_proxy,0.0,0.0
tracerca_main_rca_all_dataset_explicit_label_csv,RandomForest,123,latency_threshold_p95,0.0,0.0
tracerca_main_rca_all_dataset_explicit_label_csv,XGBoost,2026,ewma_latency,0.35230309958817463,0.0035650126755870913
tracerca_main_rca_all_dataset_explicit_label_csv,XGBoost,2026,rolling_latency_mean,0.33451818973695024,0.004329872031648652
tracerca_main_rca_all_dataset_explicit_label_csv,XGBoost,2026,latency_mean,0.18033230500157507,0.0004390342835262479
tracerca_main_rca_all_dataset_explicit_label_csv,XGBoost,2026,rolling_latency_std,0.06668260140853292,0.0006962217007279881
tracerca_main_rca_all_dataset_explicit_label_csv,XGBoost,2026,rolling_zscore_latency,0.003441690705342874,0.0003752355620274661
tracerca_main_rca_all_dataset_explicit_label_csv,XGBoost,2026,latency_max,0.00012777215255062777,0.00010432995386764998
tracerca_main_rca_all_dataset_explicit_label_csv,XGBoost,2026,request_rate,0.0,0.0
tracerca_main_rca_all_dataset_explicit_label_csv,XGBoost,2026,input_numeric_column_count,0.0,0.0
tracerca_main_rca_all_dataset_explicit_label_csv,XGBoost,2026,error_rate,0.0,0.0
tracerca_main_rca_all_dataset_explicit_label_csv,XGBoost,2026,cpu_mean,0.0,0.0
tracerca_main_rca_all_dataset_explicit_label_csv,XGBoost,2026,memory_max,0.0,0.0
tracerca_main_rca_all_dataset_explicit_label_csv,XGBoost,2026,network_or_size_mean,0.0,0.0
tracerca_main_rca_all_dataset_explicit_label_csv,XGBoost,2026,cpu_max,0.0,0.0
tracerca_main_rca_all_dataset_explicit_label_csv,XGBoost,2026,memory_mean,0.0,0.0
tracerca_main_rca_all_dataset_explicit_label_csv,XGBoost,2026,latency_p95_proxy,0.0,0.0
tracerca_main_rca_all_dataset_explicit_label_csv,XGBoost,2026,latency_p99_proxy,0.0,0.0
tracerca_main_rca_all_dataset_explicit_label_csv,XGBoost,2026,span_duration_mean,0.0,0.0
tracerca_main_rca_all_dataset_explicit_label_csv,XGBoost,2026,failed_span_ratio,0.0,0.0
tracerca_main_rca_all_dataset_explicit_label_csv,XGBoost,2026,log_template_frequency_proxy,0.0,0.0
tracerca_main_rca_all_dataset_explicit_label_csv,XGBoost,2026,log_error_indicator,0.0,0.0
tracerca_main_rca_all_dataset_explicit_label_csv,XGBoost,2026,fanout_proxy,0.0,0.0
tracerca_main_rca_all_dataset_explicit_label_csv,XGBoost,2026,trace_depth_proxy,0.0,0.0
tracerca_main_rca_all_dataset_explicit_label_csv,XGBoost,2026,log_entropy_proxy,0.0,0.0
tracerca_main_rca_all_dataset_explicit_label_csv,XGBoost,2026,service_metric_entropy,0.0,0.0
tracerca_main_rca_all_dataset_explicit_label_csv,XGBoost,2026,latency_threshold_p95,0.0,0.0
tracerca_main_rca_all_dataset_explicit_label_csv,XGBoost,2026,latency_threshold_exceeded,0.0,0.0
tracerca_main_rca_all_dataset_explicit_label_csv,RandomForest,2026,ewma_latency,0.2884992102998724,0.005673061071722203
tracerca_main_rca_all_dataset_explicit_label_csv,RandomForest,2026,rolling_latency_mean,0.2514980829189731,0.002479502970006065
tracerca_main_rca_all_dataset_explicit_label_csv,RandomForest,2026,rolling_latency_std,0.034647281168511644,0.0017731056638539797
tracerca_main_rca_all_dataset_explicit_label_csv,RandomForest,2026,rolling_zscore_latency,0.029063479069201925,0.0012508227163918403
tracerca_main_rca_all_dataset_explicit_label_csv,RandomForest,2026,latency_max,0.0020924370699024384,0.00031954893891182606
tracerca_main_rca_all_dataset_explicit_label_csv,RandomForest,2026,latency_p95_proxy,0.0017930329357144597,0.00018103727230895798
tracerca_main_rca_all_dataset_explicit_label_csv,RandomForest,2026,span_duration_mean,0.0013652716314104252,0.00024098747019496552
tracerca_main_rca_all_dataset_explicit_label_csv,RandomForest,2026,latency_mean,0.0009813999807712175,0.00021710505101288366
tracerca_main_rca_all_dataset_explicit_label_csv,RandomForest,2026,latency_p99_proxy,0.0009379139234324541,6.035006076839843e-05
tracerca_main_rca_all_dataset_explicit_label_csv,RandomForest,2026,request_rate,0.0,0.0
tracerca_main_rca_all_dataset_explicit_label_csv,RandomForest,2026,memory_max,0.0,0.0
tracerca_main_rca_all_dataset_explicit_label_csv,RandomForest,2026,network_or_size_mean,0.0,0.0
tracerca_main_rca_all_dataset_explicit_label_csv,RandomForest,2026,cpu_max,0.0,0.0
tracerca_main_rca_all_dataset_explicit_label_csv,RandomForest,2026,memory_mean,0.0,0.0
tracerca_main_rca_all_dataset_explicit_label_csv,RandomForest,2026,cpu_mean,0.0,0.0
tracerca_main_rca_all_dataset_explicit_label_csv,RandomForest,2026,error_rate,0.0,0.0
tracerca_main_rca_all_dataset_explicit_label_csv,RandomForest,2026,input_numeric_column_count,0.0,0.0
tracerca_main_rca_all_dataset_explicit_label_csv,RandomForest,2026,failed_span_ratio,0.0,0.0
tracerca_main_rca_all_dataset_explicit_label_csv,RandomForest,2026,log_template_frequency_proxy,0.0,0.0
tracerca_main_rca_all_dataset_explicit_label_csv,RandomForest,2026,log_error_indicator,0.0,0.0
tracerca_main_rca_all_dataset_explicit_label_csv,RandomForest,2026,fanout_proxy,0.0,0.0
tracerca_main_rca_all_dataset_explicit_label_csv,RandomForest,2026,trace_depth_proxy,0.0,0.0
tracerca_main_rca_all_dataset_explicit_label_csv,RandomForest,2026,log_entropy_proxy,0.0,0.0
tracerca_main_rca_all_dataset_explicit_label_csv,RandomForest,2026,service_metric_entropy,0.0,0.0
tracerca_main_rca_all_dataset_explicit_label_csv,RandomForest,2026,latency_threshold_p95,0.0,0.0
tracerca_main_rca_all_dataset_explicit_label_csv,RandomForest,2026,latency_threshold_exceeded,0.0,0.0
tracerca_main_rca_all_dataset_explicit_label_csv,XGBoost,7,ewma_latency,0.35080588727869183,0.0018315224997135018
tracerca_main_rca_all_dataset_explicit_label_csv,XGBoost,7,rolling_latency_mean,0.3066171631334504,0.000572331518547434
tracerca_main_rca_all_dataset_explicit_label_csv,XGBoost,7,latency_mean,0.17846481482978283,0.0013100293950354576
tracerca_main_rca_all_dataset_explicit_label_csv,XGBoost,7,rolling_latency_std,0.06464116074936699,0.001007786224955229
tracerca_main_rca_all_dataset_explicit_label_csv,XGBoost,7,rolling_zscore_latency,0.004623796820802828,0.00012258395507689238
tracerca_main_rca_all_dataset_explicit_label_csv,XGBoost,7,latency_max,4.251120087902146e-05,0.00012019399309454035
tracerca_main_rca_all_dataset_explicit_label_csv,XGBoost,7,request_rate,0.0,0.0
tracerca_main_rca_all_dataset_explicit_label_csv,XGBoost,7,input_numeric_column_count,0.0,0.0
tracerca_main_rca_all_dataset_explicit_label_csv,XGBoost,7,error_rate,0.0,0.0
tracerca_main_rca_all_dataset_explicit_label_csv,XGBoost,7,cpu_mean,0.0,0.0
tracerca_main_rca_all_dataset_explicit_label_csv,XGBoost,7,memory_max,0.0,0.0
tracerca_main_rca_all_dataset_explicit_label_csv,XGBoost,7,network_or_size_mean,0.0,0.0
tracerca_main_rca_all_dataset_explicit_label_csv,XGBoost,7,cpu_max,0.0,0.0
tracerca_main_rca_all_dataset_explicit_label_csv,XGBoost,7,memory_mean,0.0,0.0
tracerca_main_rca_all_dataset_explicit_label_csv,XGBoost,7,latency_p95_proxy,0.0,0.0
tracerca_main_rca_all_dataset_explicit_label_csv,XGBoost,7,latency_p99_proxy,0.0,0.0
tracerca_main_rca_all_dataset_explicit_label_csv,XGBoost,7,span_duration_mean,0.0,0.0
tracerca_main_rca_all_dataset_explicit_label_csv,XGBoost,7,failed_span_ratio,0.0,0.0
tracerca_main_rca_all_dataset_explicit_label_csv,XGBoost,7,log_template_frequency_proxy,0.0,0.0
tracerca_main_rca_all_dataset_explicit_label_csv,XGBoost,7,log_error_indicator,0.0,0.0
tracerca_main_rca_all_dataset_explicit_label_csv,XGBoost,7,fanout_proxy,0.0,0.0
tracerca_main_rca_all_dataset_explicit_label_csv,XGBoost,7,trace_depth_proxy,0.0,0.0
tracerca_main_rca_all_dataset_explicit_label_csv,XGBoost,7,log_entropy_proxy,0.0,0.0
tracerca_main_rca_all_dataset_explicit_label_csv,XGBoost,7,service_metric_entropy,0.0,0.0
tracerca_main_rca_all_dataset_explicit_label_csv,XGBoost,7,latency_threshold_p95,0.0,0.0
tracerca_main_rca_all_dataset_explicit_label_csv,XGBoost,7,latency_threshold_exceeded,0.0,0.0
tracerca_main_rca_all_dataset_explicit_label_csv,RandomForest,7,ewma_latency,0.28792884848072464,0.001465899285549633
tracerca_main_rca_all_dataset_explicit_label_csv,RandomForest,7,rolling_latency_mean,0.27336437521165974,0.002303385291562372
tracerca_main_rca_all_dataset_explicit_label_csv,RandomForest,7,rolling_latency_std,0.04985438959772578,0.0013549787905741129
tracerca_main_rca_all_dataset_explicit_label_csv,RandomForest,7,rolling_zscore_latency,0.022904179332760972,0.0010909444274983704
tracerca_main_rca_all_dataset_explicit_label_csv,RandomForest,7,span_duration_mean,0.002172069109941499,0.0003620534126086836
tracerca_main_rca_all_dataset_explicit_label_csv,RandomForest,7,latency_p95_proxy,0.0019586781409549983,0.0003015958931088251
tracerca_main_rca_all_dataset_explicit_label_csv,RandomForest,7,latency_p99_proxy,0.0017454610570756628,0.00036680626735824764
tracerca_main_rca_all_dataset_explicit_label_csv,RandomForest,7,latency_max,0.001702841494935159,0.0003953203474317825
tracerca_main_rca_all_dataset_explicit_label_csv,RandomForest,7,latency_mean,0.00136179837067348,0.00033544457331973984
tracerca_main_rca_all_dataset_explicit_label_csv,RandomForest,7,request_rate,0.0,0.0
tracerca_main_rca_all_dataset_explicit_label_csv,RandomForest,7,memory_max,0.0,0.0
tracerca_main_rca_all_dataset_explicit_label_csv,RandomForest,7,network_or_size_mean,0.0,0.0
tracerca_main_rca_all_dataset_explicit_label_csv,RandomForest,7,cpu_max,0.0,0.0
tracerca_main_rca_all_dataset_explicit_label_csv,RandomForest,7,memory_mean,0.0,0.0
tracerca_main_rca_all_dataset_explicit_label_csv,RandomForest,7,cpu_mean,0.0,0.0
tracerca_main_rca_all_dataset_explicit_label_csv,RandomForest,7,error_rate,0.0,0.0
tracerca_main_rca_all_dataset_explicit_label_csv,RandomForest,7,input_numeric_column_count,0.0,0.0
tracerca_main_rca_all_dataset_explicit_label_csv,RandomForest,7,failed_span_ratio,0.0,0.0
tracerca_main_rca_all_dataset_explicit_label_csv,RandomForest,7,log_template_frequency_proxy,0.0,0.0
tracerca_main_rca_all_dataset_explicit_label_csv,RandomForest,7,log_error_indicator,0.0,0.0
tracerca_main_rca_all_dataset_explicit_label_csv,RandomForest,7,fanout_proxy,0.0,0.0
tracerca_main_rca_all_dataset_explicit_label_csv,RandomForest,7,trace_depth_proxy,0.0,0.0
tracerca_main_rca_all_dataset_explicit_label_csv,RandomForest,7,log_entropy_proxy,0.0,0.0
tracerca_main_rca_all_dataset_explicit_label_csv,RandomForest,7,service_metric_entropy,0.0,0.0
tracerca_main_rca_all_dataset_explicit_label_csv,RandomForest,7,latency_threshold_p95,0.0,0.0
tracerca_main_rca_all_dataset_explicit_label_csv,RandomForest,7,latency_threshold_exceeded,-4.248959142368521e-05,6.008935645106716e-05
tracerca_main_rca_all_dataset_explicit_label_csv,XGBoost,13,ewma_latency,0.34065778146789966,0.004382797142242911
tracerca_main_rca_all_dataset_explicit_label_csv,XGBoost,13,rolling_latency_mean,0.3022095658285369,0.0019771778822945054
tracerca_main_rca_all_dataset_explicit_label_csv,XGBoost,13,latency_mean,0.20332211323117097,0.003664694252434482
tracerca_main_rca_all_dataset_explicit_label_csv,XGBoost,13,rolling_latency_std,0.06627612796145972,0.002596763649442308
tracerca_main_rca_all_dataset_explicit_label_csv,XGBoost,13,rolling_zscore_latency,0.004939964493917759,0.0006489680469283369
tracerca_main_rca_all_dataset_explicit_label_csv,XGBoost,13,latency_max,0.00084524213987347,0.00011964409834734568
tracerca_main_rca_all_dataset_explicit_label_csv,XGBoost,13,latency_p95_proxy,0.00012669342355176028,0.0
tracerca_main_rca_all_dataset_explicit_label_csv,XGBoost,13,request_rate,0.0,0.0
tracerca_main_rca_all_dataset_explicit_label_csv,XGBoost,13,error_rate,0.0,0.0
tracerca_main_rca_all_dataset_explicit_label_csv,XGBoost,13,input_numeric_column_count,0.0,0.0
tracerca_main_rca_all_dataset_explicit_label_csv,XGBoost,13,memory_max,0.0,0.0
tracerca_main_rca_all_dataset_explicit_label_csv,XGBoost,13,network_or_size_mean,0.0,0.0
tracerca_main_rca_all_dataset_explicit_label_csv,XGBoost,13,cpu_max,0.0,0.0
tracerca_main_rca_all_dataset_explicit_label_csv,XGBoost,13,memory_mean,0.0,0.0
tracerca_main_rca_all_dataset_explicit_label_csv,XGBoost,13,cpu_mean,0.0,0.0
tracerca_main_rca_all_dataset_explicit_label_csv,XGBoost,13,latency_p99_proxy,0.0,0.0
tracerca_main_rca_all_dataset_explicit_label_csv,XGBoost,13,span_duration_mean,0.0,0.0
tracerca_main_rca_all_dataset_explicit_label_csv,XGBoost,13,failed_span_ratio,0.0,0.0
tracerca_main_rca_all_dataset_explicit_label_csv,XGBoost,13,log_template_frequency_proxy,0.0,0.0
tracerca_main_rca_all_dataset_explicit_label_csv,XGBoost,13,log_error_indicator,0.0,0.0
tracerca_main_rca_all_dataset_explicit_label_csv,XGBoost,13,fanout_proxy,0.0,0.0
tracerca_main_rca_all_dataset_explicit_label_csv,XGBoost,13,trace_depth_proxy,0.0,0.0
tracerca_main_rca_all_dataset_explicit_label_csv,XGBoost,13,log_entropy_proxy,0.0,0.0
tracerca_main_rca_all_dataset_explicit_label_csv,XGBoost,13,service_metric_entropy,0.0,0.0
tracerca_main_rca_all_dataset_explicit_label_csv,XGBoost,13,latency_threshold_p95,0.0,0.0
tracerca_main_rca_all_dataset_explicit_label_csv,XGBoost,13,latency_threshold_exceeded,0.0,0.0
tracerca_main_rca_all_dataset_explicit_label_csv,RandomForest,13,rolling_latency_mean,0.254072315989441,0.0044868034389341045
tracerca_main_rca_all_dataset_explicit_label_csv,RandomForest,13,ewma_latency,0.24790303484271972,0.0023395035730481594
tracerca_main_rca_all_dataset_explicit_label_csv,RandomForest,13,rolling_latency_std,0.03777077616859063,0.0012455891309372555
tracerca_main_rca_all_dataset_explicit_label_csv,RandomForest,13,rolling_zscore_latency,0.027547671781141442,0.0008314599537297912
tracerca_main_rca_all_dataset_explicit_label_csv,RandomForest,13,span_duration_mean,0.0017758239435442895,0.0003112378825833244
tracerca_main_rca_all_dataset_explicit_label_csv,RandomForest,13,latency_p99_proxy,0.0015216778633028543,0.00010369346891365587
tracerca_main_rca_all_dataset_explicit_label_csv,RandomForest,13,latency_mean,0.0013947172799119538,0.00017953423601903422
tracerca_main_rca_all_dataset_explicit_label_csv,RandomForest,13,latency_p95_proxy,0.0013100626249518132,0.00011967435543771147
tracerca_main_rca_all_dataset_explicit_label_csv,RandomForest,13,latency_max,0.0011408496188854977,0.0001794888417733078
tracerca_main_rca_all_dataset_explicit_label_csv,RandomForest,13,request_rate,0.0,0.0
tracerca_main_rca_all_dataset_explicit_label_csv,RandomForest,13,memory_max,0.0,0.0
tracerca_main_rca_all_dataset_explicit_label_csv,RandomForest,13,network_or_size_mean,0.0,0.0
tracerca_main_rca_all_dataset_explicit_label_csv,RandomForest,13,cpu_max,0.0,0.0
tracerca_main_rca_all_dataset_explicit_label_csv,RandomForest,13,memory_mean,0.0,0.0
tracerca_main_rca_all_dataset_explicit_label_csv,RandomForest,13,cpu_mean,0.0,0.0
tracerca_main_rca_all_dataset_explicit_label_csv,RandomForest,13,error_rate,0.0,0.0
tracerca_main_rca_all_dataset_explicit_label_csv,RandomForest,13,input_numeric_column_count,0.0,0.0
tracerca_main_rca_all_dataset_explicit_label_csv,RandomForest,13,failed_span_ratio,0.0,0.0
tracerca_main_rca_all_dataset_explicit_label_csv,RandomForest,13,log_template_frequency_proxy,0.0,0.0
tracerca_main_rca_all_dataset_explicit_label_csv,RandomForest,13,log_error_indicator,0.0,0.0
tracerca_main_rca_all_dataset_explicit_label_csv,RandomForest,13,fanout_proxy,0.0,0.0
tracerca_main_rca_all_dataset_explicit_label_csv,RandomForest,13,trace_depth_proxy,0.0,0.0
tracerca_main_rca_all_dataset_explicit_label_csv,RandomForest,13,log_entropy_proxy,0.0,0.0
tracerca_main_rca_all_dataset_explicit_label_csv,RandomForest,13,service_metric_entropy,0.0,0.0
tracerca_main_rca_all_dataset_explicit_label_csv,RandomForest,13,latency_threshold_p95,0.0,0.0
tracerca_main_rca_all_dataset_explicit_label_csv,RandomForest,13,latency_threshold_exceeded,-6.695745438101142e-07,0.0
tracerca_main_rca_all_dataset_explicit_label_csv,XGBoost,21,ewma_latency,0.3367531777558179,0.006306830741186754
tracerca_main_rca_all_dataset_explicit_label_csv,XGBoost,21,rolling_latency_mean,0.30545402102805996,0.006211480217562654
tracerca_main_rca_all_dataset_explicit_label_csv,XGBoost,21,latency_mean,0.17206482511873375,0.005377075440878802
tracerca_main_rca_all_dataset_explicit_label_csv,XGBoost,21,rolling_latency_std,0.07925231527310084,0.002392428371616829
tracerca_main_rca_all_dataset_explicit_label_csv,XGBoost,21,rolling_zscore_latency,0.0038147645537038866,0.00046569723658602854
tracerca_main_rca_all_dataset_explicit_label_csv,XGBoost,21,latency_max,0.000630142214233631,0.00017831169563170231
tracerca_main_rca_all_dataset_explicit_label_csv,XGBoost,21,request_rate,0.0,0.0
tracerca_main_rca_all_dataset_explicit_label_csv,XGBoost,21,input_numeric_column_count,0.0,0.0
tracerca_main_rca_all_dataset_explicit_label_csv,XGBoost,21,error_rate,0.0,0.0
tracerca_main_rca_all_dataset_explicit_label_csv,XGBoost,21,cpu_mean,0.0,0.0
tracerca_main_rca_all_dataset_explicit_label_csv,XGBoost,21,memory_max,0.0,0.0
tracerca_main_rca_all_dataset_explicit_label_csv,XGBoost,21,network_or_size_mean,0.0,0.0
tracerca_main_rca_all_dataset_explicit_label_csv,XGBoost,21,cpu_max,0.0,0.0
tracerca_main_rca_all_dataset_explicit_label_csv,XGBoost,21,memory_mean,0.0,0.0
tracerca_main_rca_all_dataset_explicit_label_csv,XGBoost,21,latency_p95_proxy,0.0,0.0
tracerca_main_rca_all_dataset_explicit_label_csv,XGBoost,21,latency_p99_proxy,0.0,0.0
tracerca_main_rca_all_dataset_explicit_label_csv,XGBoost,21,span_duration_mean,0.0,0.0
tracerca_main_rca_all_dataset_explicit_label_csv,XGBoost,21,failed_span_ratio,0.0,0.0
tracerca_main_rca_all_dataset_explicit_label_csv,XGBoost,21,log_template_frequency_proxy,0.0,0.0
tracerca_main_rca_all_dataset_explicit_label_csv,XGBoost,21,log_error_indicator,0.0,0.0
tracerca_main_rca_all_dataset_explicit_label_csv,XGBoost,21,fanout_proxy,0.0,0.0
tracerca_main_rca_all_dataset_explicit_label_csv,XGBoost,21,trace_depth_proxy,0.0,0.0
tracerca_main_rca_all_dataset_explicit_label_csv,XGBoost,21,log_entropy_proxy,0.0,0.0
tracerca_main_rca_all_dataset_explicit_label_csv,XGBoost,21,service_metric_entropy,0.0,0.0
tracerca_main_rca_all_dataset_explicit_label_csv,XGBoost,21,latency_threshold_p95,0.0,0.0
tracerca_main_rca_all_dataset_explicit_label_csv,XGBoost,21,latency_threshold_exceeded,0.0,0.0
tracerca_main_rca_all_dataset_explicit_label_csv,RandomForest,21,rolling_latency_mean,0.27377843741686664,0.005826508994488055
tracerca_main_rca_all_dataset_explicit_label_csv,RandomForest,21,ewma_latency,0.26016750310093073,0.005511698254337437
tracerca_main_rca_all_dataset_explicit_label_csv,RandomForest,21,rolling_latency_std,0.05238971349131897,0.002202424507387973
tracerca_main_rca_all_dataset_explicit_label_csv,RandomForest,21,rolling_zscore_latency,0.027762456350870306,0.001832393485261415
tracerca_main_rca_all_dataset_explicit_label_csv,RandomForest,21,latency_p99_proxy,0.001720469900374333,0.00042852941718163475
tracerca_main_rca_all_dataset_explicit_label_csv,RandomForest,21,latency_max,0.0015524297726867697,0.0004862386782559161
tracerca_main_rca_all_dataset_explicit_label_csv,RandomForest,21,latency_p95_proxy,0.0014683517174004141,0.0004283142711505
tracerca_main_rca_all_dataset_explicit_label_csv,RandomForest,21,latency_mean,0.0013002589424655486,0.00031422475914983413
tracerca_main_rca_all_dataset_explicit_label_csv,RandomForest,21,span_duration_mean,0.0011742895281477244,0.000314145893824398
tracerca_main_rca_all_dataset_explicit_label_csv,RandomForest,21,latency_threshold_exceeded,8.378317016151844e-05,5.92436477705161e-05
tracerca_main_rca_all_dataset_explicit_label_csv,RandomForest,21,memory_max,0.0,0.0
tracerca_main_rca_all_dataset_explicit_label_csv,RandomForest,21,network_or_size_mean,0.0,0.0
tracerca_main_rca_all_dataset_explicit_label_csv,RandomForest,21,cpu_max,0.0,0.0
tracerca_main_rca_all_dataset_explicit_label_csv,RandomForest,21,memory_mean,0.0,0.0
tracerca_main_rca_all_dataset_explicit_label_csv,RandomForest,21,cpu_mean,0.0,0.0
tracerca_main_rca_all_dataset_explicit_label_csv,RandomForest,21,error_rate,0.0,0.0
tracerca_main_rca_all_dataset_explicit_label_csv,RandomForest,21,input_numeric_column_count,0.0,0.0
tracerca_main_rca_all_dataset_explicit_label_csv,RandomForest,21,request_rate,0.0,0.0
tracerca_main_rca_all_dataset_explicit_label_csv,RandomForest,21,log_template_frequency_proxy,0.0,0.0
tracerca_main_rca_all_dataset_explicit_label_csv,RandomForest,21,log_error_indicator,0.0,0.0
tracerca_main_rca_all_dataset_explicit_label_csv,RandomForest,21,fanout_proxy,0.0,0.0
tracerca_main_rca_all_dataset_explicit_label_csv,RandomForest,21,trace_depth_proxy,0.0,0.0
tracerca_main_rca_all_dataset_explicit_label_csv,RandomForest,21,failed_span_ratio,0.0,0.0
tracerca_main_rca_all_dataset_explicit_label_csv,RandomForest,21,service_metric_entropy,0.0,0.0
tracerca_main_rca_all_dataset_explicit_label_csv,RandomForest,21,log_entropy_proxy,0.0,0.0
tracerca_main_rca_all_dataset_explicit_label_csv,RandomForest,21,latency_threshold_p95,0.0,0.0
tracerca_main_rca_all_dataset_explicit_label_csv,XGBoost,99,ewma_latency,0.34660652762189126,0.0018887670551103537
tracerca_main_rca_all_dataset_explicit_label_csv,XGBoost,99,rolling_latency_mean,0.3126870699733807,0.001955923536860279
tracerca_main_rca_all_dataset_explicit_label_csv,XGBoost,99,latency_mean,0.1681071592247557,0.0032607023369582654
tracerca_main_rca_all_dataset_explicit_label_csv,XGBoost,99,rolling_latency_std,0.06809673061198289,0.0007966587677932359
tracerca_main_rca_all_dataset_explicit_label_csv,XGBoost,99,rolling_zscore_latency,0.0034681552424197237,0.0006967175437423561
tracerca_main_rca_all_dataset_explicit_label_csv,XGBoost,99,latency_max,0.0003389976715851839,0.0002161374031031272
tracerca_main_rca_all_dataset_explicit_label_csv,XGBoost,99,request_rate,0.0,0.0
tracerca_main_rca_all_dataset_explicit_label_csv,XGBoost,99,input_numeric_column_count,0.0,0.0
tracerca_main_rca_all_dataset_explicit_label_csv,XGBoost,99,error_rate,0.0,0.0
tracerca_main_rca_all_dataset_explicit_label_csv,XGBoost,99,cpu_mean,0.0,0.0
tracerca_main_rca_all_dataset_explicit_label_csv,XGBoost,99,memory_max,0.0,0.0
tracerca_main_rca_all_dataset_explicit_label_csv,XGBoost,99,network_or_size_mean,0.0,0.0
tracerca_main_rca_all_dataset_explicit_label_csv,XGBoost,99,cpu_max,0.0,0.0
tracerca_main_rca_all_dataset_explicit_label_csv,XGBoost,99,memory_mean,0.0,0.0
tracerca_main_rca_all_dataset_explicit_label_csv,XGBoost,99,latency_p95_proxy,0.0,0.0
tracerca_main_rca_all_dataset_explicit_label_csv,XGBoost,99,latency_p99_proxy,0.0,0.0
tracerca_main_rca_all_dataset_explicit_label_csv,XGBoost,99,span_duration_mean,0.0,0.0
tracerca_main_rca_all_dataset_explicit_label_csv,XGBoost,99,failed_span_ratio,0.0,0.0
tracerca_main_rca_all_dataset_explicit_label_csv,XGBoost,99,log_template_frequency_proxy,0.0,0.0
tracerca_main_rca_all_dataset_explicit_label_csv,XGBoost,99,log_error_indicator,0.0,0.0
tracerca_main_rca_all_dataset_explicit_label_csv,XGBoost,99,fanout_proxy,0.0,0.0
tracerca_main_rca_all_dataset_explicit_label_csv,XGBoost,99,trace_depth_proxy,0.0,0.0
tracerca_main_rca_all_dataset_explicit_label_csv,XGBoost,99,log_entropy_proxy,0.0,0.0
tracerca_main_rca_all_dataset_explicit_label_csv,XGBoost,99,service_metric_entropy,0.0,0.0
tracerca_main_rca_all_dataset_explicit_label_csv,XGBoost,99,latency_threshold_p95,0.0,0.0
tracerca_main_rca_all_dataset_explicit_label_csv,XGBoost,99,latency_threshold_exceeded,0.0,0.0
tracerca_main_rca_all_dataset_explicit_label_csv,RandomForest,99,ewma_latency,0.2791633007296761,0.007355320928039029
tracerca_main_rca_all_dataset_explicit_label_csv,RandomForest,99,rolling_latency_mean,0.2702883741268703,0.002212012664430037
tracerca_main_rca_all_dataset_explicit_label_csv,RandomForest,99,rolling_latency_std,0.041459848930402075,0.0018528221971991512
tracerca_main_rca_all_dataset_explicit_label_csv,RandomForest,99,rolling_zscore_latency,0.02649477922308267,0.0009301954817921686
tracerca_main_rca_all_dataset_explicit_label_csv,RandomForest,99,latency_mean,0.001396281054836283,0.00041509368310301963
tracerca_main_rca_all_dataset_explicit_label_csv,RandomForest,99,span_duration_mean,0.0013537600693128704,0.0001198271908504306
tracerca_main_rca_all_dataset_explicit_label_csv,RandomForest,99,latency_max,0.0012691045876445835,0.0002745337607277933
tracerca_main_rca_all_dataset_explicit_label_csv,RandomForest,99,latency_p99_proxy,0.0012267338854258607,0.0002395329723931508
tracerca_main_rca_all_dataset_explicit_label_csv,RandomForest,99,latency_p95_proxy,0.0011845027546926918,0.0004193421069491031
tracerca_main_rca_all_dataset_explicit_label_csv,RandomForest,99,request_rate,0.0,0.0
tracerca_main_rca_all_dataset_explicit_label_csv,RandomForest,99,memory_max,0.0,0.0
tracerca_main_rca_all_dataset_explicit_label_csv,RandomForest,99,network_or_size_mean,0.0,0.0
tracerca_main_rca_all_dataset_explicit_label_csv,RandomForest,99,cpu_max,0.0,0.0
tracerca_main_rca_all_dataset_explicit_label_csv,RandomForest,99,memory_mean,0.0,0.0
tracerca_main_rca_all_dataset_explicit_label_csv,RandomForest,99,cpu_mean,0.0,0.0
tracerca_main_rca_all_dataset_explicit_label_csv,RandomForest,99,error_rate,0.0,0.0
tracerca_main_rca_all_dataset_explicit_label_csv,RandomForest,99,input_numeric_column_count,0.0,0.0
tracerca_main_rca_all_dataset_explicit_label_csv,RandomForest,99,failed_span_ratio,0.0,0.0
tracerca_main_rca_all_dataset_explicit_label_csv,RandomForest,99,log_template_frequency_proxy,0.0,0.0
tracerca_main_rca_all_dataset_explicit_label_csv,RandomForest,99,log_error_indicator,0.0,0.0
tracerca_main_rca_all_dataset_explicit_label_csv,RandomForest,99,fanout_proxy,0.0,0.0
tracerca_main_rca_all_dataset_explicit_label_csv,RandomForest,99,trace_depth_proxy,0.0,0.0
tracerca_main_rca_all_dataset_explicit_label_csv,RandomForest,99,log_entropy_proxy,0.0,0.0
tracerca_main_rca_all_dataset_explicit_label_csv,RandomForest,99,service_metric_entropy,0.0,0.0
tracerca_main_rca_all_dataset_explicit_label_csv,RandomForest,99,latency_threshold_p95,0.0,0.0
tracerca_main_rca_all_dataset_explicit_label_csv,RandomForest,99,latency_threshold_exceeded,0.0,0.0
tracerca_main_rca_all_dataset_explicit_label_csv,XGBoost,314,ewma_latency,0.3313760244975779,0.005540044237895509
tracerca_main_rca_all_dataset_explicit_label_csv,XGBoost,314,rolling_latency_mean,0.32154051777990483,0.010732783177946577
tracerca_main_rca_all_dataset_explicit_label_csv,XGBoost,314,latency_mean,0.16786287965239524,0.00217327930831257
tracerca_main_rca_all_dataset_explicit_label_csv,XGBoost,314,rolling_latency_std,0.06528276179218244,0.0020482234540110766
tracerca_main_rca_all_dataset_explicit_label_csv,XGBoost,314,rolling_zscore_latency,0.004538093448496798,0.00023992705523371186
tracerca_main_rca_all_dataset_explicit_label_csv,XGBoost,314,latency_max,0.0006686092327089869,5.913878498020761e-05
tracerca_main_rca_all_dataset_explicit_label_csv,XGBoost,314,latency_p95_proxy,0.00025062281733456704,0.0
tracerca_main_rca_all_dataset_explicit_label_csv,XGBoost,314,request_rate,0.0,0.0
tracerca_main_rca_all_dataset_explicit_label_csv,XGBoost,314,error_rate,0.0,0.0
tracerca_main_rca_all_dataset_explicit_label_csv,XGBoost,314,input_numeric_column_count,0.0,0.0
tracerca_main_rca_all_dataset_explicit_label_csv,XGBoost,314,memory_max,0.0,0.0
tracerca_main_rca_all_dataset_explicit_label_csv,XGBoost,314,network_or_size_mean,0.0,0.0
tracerca_main_rca_all_dataset_explicit_label_csv,XGBoost,314,cpu_max,0.0,0.0
tracerca_main_rca_all_dataset_explicit_label_csv,XGBoost,314,memory_mean,0.0,0.0
tracerca_main_rca_all_dataset_explicit_label_csv,XGBoost,314,cpu_mean,0.0,0.0
tracerca_main_rca_all_dataset_explicit_label_csv,XGBoost,314,latency_p99_proxy,0.0,0.0
tracerca_main_rca_all_dataset_explicit_label_csv,XGBoost,314,span_duration_mean,0.0,0.0
tracerca_main_rca_all_dataset_explicit_label_csv,XGBoost,314,failed_span_ratio,0.0,0.0
tracerca_main_rca_all_dataset_explicit_label_csv,XGBoost,314,log_template_frequency_proxy,0.0,0.0
tracerca_main_rca_all_dataset_explicit_label_csv,XGBoost,314,log_error_indicator,0.0,0.0
tracerca_main_rca_all_dataset_explicit_label_csv,XGBoost,314,fanout_proxy,0.0,0.0
tracerca_main_rca_all_dataset_explicit_label_csv,XGBoost,314,trace_depth_proxy,0.0,0.0
tracerca_main_rca_all_dataset_explicit_label_csv,XGBoost,314,log_entropy_proxy,0.0,0.0
tracerca_main_rca_all_dataset_explicit_label_csv,XGBoost,314,service_metric_entropy,0.0,0.0
tracerca_main_rca_all_dataset_explicit_label_csv,XGBoost,314,latency_threshold_p95,0.0,0.0
tracerca_main_rca_all_dataset_explicit_label_csv,XGBoost,314,latency_threshold_exceeded,0.0,0.0
tracerca_main_rca_all_dataset_explicit_label_csv,RandomForest,314,ewma_latency,0.26734186214302935,0.004290899337626555
tracerca_main_rca_all_dataset_explicit_label_csv,RandomForest,314,rolling_latency_mean,0.2569144508093837,0.00841306898824441
tracerca_main_rca_all_dataset_explicit_label_csv,RandomForest,314,rolling_latency_std,0.043806570971289926,0.0022876346804611013
tracerca_main_rca_all_dataset_explicit_label_csv,RandomForest,314,rolling_zscore_latency,0.02857766768215438,0.00041975552232291437
tracerca_main_rca_all_dataset_explicit_label_csv,RandomForest,314,span_duration_mean,0.0017156504817539275,0.00032944937644151744
tracerca_main_rca_all_dataset_explicit_label_csv,RandomForest,314,latency_mean,0.0014224787488565556,0.00038787169814964327
tracerca_main_rca_all_dataset_explicit_label_csv,RandomForest,314,latency_p99_proxy,0.0010875107327376066,0.00023640909289815193
tracerca_main_rca_all_dataset_explicit_label_csv,RandomForest,314,latency_p95_proxy,0.0009202410124761565,0.0003876606059524497
tracerca_main_rca_all_dataset_explicit_label_csv,RandomForest,314,latency_max,0.0006274145138442933,0.0002705746104505356
tracerca_main_rca_all_dataset_explicit_label_csv,RandomForest,314,latency_threshold_exceeded,4.175479216957564e-05,5.905019338028377e-05
tracerca_main_rca_all_dataset_explicit_label_csv,RandomForest,314,memory_max,0.0,0.0
tracerca_main_rca_all_dataset_explicit_label_csv,RandomForest,314,network_or_size_mean,0.0,0.0
tracerca_main_rca_all_dataset_explicit_label_csv,RandomForest,314,cpu_max,0.0,0.0
tracerca_main_rca_all_dataset_explicit_label_csv,RandomForest,314,memory_mean,0.0,0.0
tracerca_main_rca_all_dataset_explicit_label_csv,RandomForest,314,cpu_mean,0.0,0.0
tracerca_main_rca_all_dataset_explicit_label_csv,RandomForest,314,error_rate,0.0,0.0
tracerca_main_rca_all_dataset_explicit_label_csv,RandomForest,314,input_numeric_column_count,0.0,0.0
tracerca_main_rca_all_dataset_explicit_label_csv,RandomForest,314,request_rate,0.0,0.0
tracerca_main_rca_all_dataset_explicit_label_csv,RandomForest,314,log_template_frequency_proxy,0.0,0.0
tracerca_main_rca_all_dataset_explicit_label_csv,RandomForest,314,log_error_indicator,0.0,0.0
tracerca_main_rca_all_dataset_explicit_label_csv,RandomForest,314,fanout_proxy,0.0,0.0
tracerca_main_rca_all_dataset_explicit_label_csv,RandomForest,314,trace_depth_proxy,0.0,0.0
tracerca_main_rca_all_dataset_explicit_label_csv,RandomForest,314,failed_span_ratio,0.0,0.0
tracerca_main_rca_all_dataset_explicit_label_csv,RandomForest,314,service_metric_entropy,0.0,0.0
tracerca_main_rca_all_dataset_explicit_label_csv,RandomForest,314,log_entropy_proxy,0.0,0.0
tracerca_main_rca_all_dataset_explicit_label_csv,RandomForest,314,latency_threshold_p95,0.0,0.0
tracerca_main_rca_all_dataset_explicit_label_csv,XGBoost,2718,ewma_latency,0.33943501437827406,0.0032323833268637506
tracerca_main_rca_all_dataset_explicit_label_csv,XGBoost,2718,rolling_latency_mean,0.30743996271940605,0.0029672757434234093
tracerca_main_rca_all_dataset_explicit_label_csv,XGBoost,2718,latency_mean,0.1387493177677512,0.0014618772624486727
tracerca_main_rca_all_dataset_explicit_label_csv,XGBoost,2718,rolling_latency_std,0.06703599490680982,0.002033186543620965
tracerca_main_rca_all_dataset_explicit_label_csv,XGBoost,2718,rolling_zscore_latency,0.003272675515422837,0.00017752825847223793
tracerca_main_rca_all_dataset_explicit_label_csv,XGBoost,2718,latency_max,0.00046259133039768435,5.949747149594977e-05
tracerca_main_rca_all_dataset_explicit_label_csv,XGBoost,2718,request_rate,0.0,0.0
tracerca_main_rca_all_dataset_explicit_label_csv,XGBoost,2718,input_numeric_column_count,0.0,0.0
tracerca_main_rca_all_dataset_explicit_label_csv,XGBoost,2718,error_rate,0.0,0.0
tracerca_main_rca_all_dataset_explicit_label_csv,XGBoost,2718,cpu_mean,0.0,0.0
tracerca_main_rca_all_dataset_explicit_label_csv,XGBoost,2718,memory_max,0.0,0.0
tracerca_main_rca_all_dataset_explicit_label_csv,XGBoost,2718,network_or_size_mean,0.0,0.0
tracerca_main_rca_all_dataset_explicit_label_csv,XGBoost,2718,cpu_max,0.0,0.0
tracerca_main_rca_all_dataset_explicit_label_csv,XGBoost,2718,memory_mean,0.0,0.0
tracerca_main_rca_all_dataset_explicit_label_csv,XGBoost,2718,latency_p95_proxy,0.0,0.0
tracerca_main_rca_all_dataset_explicit_label_csv,XGBoost,2718,latency_p99_proxy,0.0,0.0
tracerca_main_rca_all_dataset_explicit_label_csv,XGBoost,2718,span_duration_mean,0.0,0.0
tracerca_main_rca_all_dataset_explicit_label_csv,XGBoost,2718,failed_span_ratio,0.0,0.0
tracerca_main_rca_all_dataset_explicit_label_csv,XGBoost,2718,log_template_frequency_proxy,0.0,0.0
tracerca_main_rca_all_dataset_explicit_label_csv,XGBoost,2718,log_error_indicator,0.0,0.0
tracerca_main_rca_all_dataset_explicit_label_csv,XGBoost,2718,fanout_proxy,0.0,0.0
tracerca_main_rca_all_dataset_explicit_label_csv,XGBoost,2718,trace_depth_proxy,0.0,0.0
tracerca_main_rca_all_dataset_explicit_label_csv,XGBoost,2718,log_entropy_proxy,0.0,0.0
tracerca_main_rca_all_dataset_explicit_label_csv,XGBoost,2718,service_metric_entropy,0.0,0.0
tracerca_main_rca_all_dataset_explicit_label_csv,XGBoost,2718,latency_threshold_p95,0.0,0.0
tracerca_main_rca_all_dataset_explicit_label_csv,XGBoost,2718,latency_threshold_exceeded,0.0,0.0
tracerca_main_rca_all_dataset_explicit_label_csv,RandomForest,2718,ewma_latency,0.26007113725122544,0.006558876830398548
tracerca_main_rca_all_dataset_explicit_label_csv,RandomForest,2718,rolling_latency_mean,0.25947157828325823,0.002466396141450912
tracerca_main_rca_all_dataset_explicit_label_csv,RandomForest,2718,rolling_latency_std,0.03602681875782987,0.0005767921710100067
tracerca_main_rca_all_dataset_explicit_label_csv,RandomForest,2718,rolling_zscore_latency,0.026904581987986138,0.0006098199955542091
tracerca_main_rca_all_dataset_explicit_label_csv,RandomForest,2718,latency_p95_proxy,0.000673052537301877,0.0002381396216613695
tracerca_main_rca_all_dataset_explicit_label_csv,RandomForest,2718,span_duration_mean,0.0004626124942369951,0.00015741269056604928
tracerca_main_rca_all_dataset_explicit_label_csv,RandomForest,2718,latency_max,0.00046259133039768435,5.949747149594977e-05
tracerca_main_rca_all_dataset_explicit_label_csv,RandomForest,2718,latency_p99_proxy,0.0003784597792046614,0.00010303968611745551
tracerca_main_rca_all_dataset_explicit_label_csv,RandomForest,2718,latency_mean,0.0003784597792046614,0.00010303968611745551
tracerca_main_rca_all_dataset_explicit_label_csv,RandomForest,2718,request_rate,0.0,0.0
tracerca_main_rca_all_dataset_explicit_label_csv,RandomForest,2718,memory_max,0.0,0.0
tracerca_main_rca_all_dataset_explicit_label_csv,RandomForest,2718,network_or_size_mean,0.0,0.0
tracerca_main_rca_all_dataset_explicit_label_csv,RandomForest,2718,cpu_max,0.0,0.0
tracerca_main_rca_all_dataset_explicit_label_csv,RandomForest,2718,memory_mean,0.0,0.0
tracerca_main_rca_all_dataset_explicit_label_csv,RandomForest,2718,cpu_mean,0.0,0.0
tracerca_main_rca_all_dataset_explicit_label_csv,RandomForest,2718,error_rate,0.0,0.0
tracerca_main_rca_all_dataset_explicit_label_csv,RandomForest,2718,input_numeric_column_count,0.0,0.0
tracerca_main_rca_all_dataset_explicit_label_csv,RandomForest,2718,failed_span_ratio,0.0,0.0
tracerca_main_rca_all_dataset_explicit_label_csv,RandomForest,2718,log_template_frequency_proxy,0.0,0.0
tracerca_main_rca_all_dataset_explicit_label_csv,RandomForest,2718,log_error_indicator,0.0,0.0
tracerca_main_rca_all_dataset_explicit_label_csv,RandomForest,2718,fanout_proxy,0.0,0.0
tracerca_main_rca_all_dataset_explicit_label_csv,RandomForest,2718,trace_depth_proxy,0.0,0.0
tracerca_main_rca_all_dataset_explicit_label_csv,RandomForest,2718,log_entropy_proxy,0.0,0.0
tracerca_main_rca_all_dataset_explicit_label_csv,RandomForest,2718,service_metric_entropy,0.0,0.0
tracerca_main_rca_all_dataset_explicit_label_csv,RandomForest,2718,latency_threshold_p95,0.0,0.0
tracerca_main_rca_all_dataset_explicit_label_csv,RandomForest,2718,latency_threshold_exceeded,-4.202876979893707e-05,5.9437656259513536e-05
tracerca_main_rca_all_dataset_explicit_label_csv,XGBoost,9001,ewma_latency,0.33488566923962865,0.0036006862936745695
tracerca_main_rca_all_dataset_explicit_label_csv,XGBoost,9001,rolling_latency_mean,0.3103736588300792,0.003927812032592789
tracerca_main_rca_all_dataset_explicit_label_csv,XGBoost,9001,latency_mean,0.1566093811944618,0.0008230942715920998
tracerca_main_rca_all_dataset_explicit_label_csv,XGBoost,9001,rolling_latency_std,0.06514990556099425,0.002497938428513395
tracerca_main_rca_all_dataset_explicit_label_csv,XGBoost,9001,rolling_zscore_latency,0.0035892832640250414,0.0003623822520794519
tracerca_main_rca_all_dataset_explicit_label_csv,XGBoost,9001,latency_max,0.0005869055793416381,0.00011864920282671415
tracerca_main_rca_all_dataset_explicit_label_csv,XGBoost,9001,request_rate,0.0,0.0
tracerca_main_rca_all_dataset_explicit_label_csv,XGBoost,9001,input_numeric_column_count,0.0,0.0
tracerca_main_rca_all_dataset_explicit_label_csv,XGBoost,9001,error_rate,0.0,0.0
tracerca_main_rca_all_dataset_explicit_label_csv,XGBoost,9001,cpu_mean,0.0,0.0
tracerca_main_rca_all_dataset_explicit_label_csv,XGBoost,9001,memory_max,0.0,0.0
tracerca_main_rca_all_dataset_explicit_label_csv,XGBoost,9001,network_or_size_mean,0.0,0.0
tracerca_main_rca_all_dataset_explicit_label_csv,XGBoost,9001,cpu_max,0.0,0.0
tracerca_main_rca_all_dataset_explicit_label_csv,XGBoost,9001,memory_mean,0.0,0.0
tracerca_main_rca_all_dataset_explicit_label_csv,XGBoost,9001,latency_p95_proxy,0.0,0.0
tracerca_main_rca_all_dataset_explicit_label_csv,XGBoost,9001,latency_p99_proxy,0.0,0.0
tracerca_main_rca_all_dataset_explicit_label_csv,XGBoost,9001,span_duration_mean,0.0,0.0
tracerca_main_rca_all_dataset_explicit_label_csv,XGBoost,9001,failed_span_ratio,0.0,0.0
tracerca_main_rca_all_dataset_explicit_label_csv,XGBoost,9001,log_template_frequency_proxy,0.0,0.0
tracerca_main_rca_all_dataset_explicit_label_csv,XGBoost,9001,log_error_indicator,0.0,0.0
tracerca_main_rca_all_dataset_explicit_label_csv,XGBoost,9001,fanout_proxy,0.0,0.0
tracerca_main_rca_all_dataset_explicit_label_csv,XGBoost,9001,trace_depth_proxy,0.0,0.0
tracerca_main_rca_all_dataset_explicit_label_csv,XGBoost,9001,log_entropy_proxy,0.0,0.0
tracerca_main_rca_all_dataset_explicit_label_csv,XGBoost,9001,service_metric_entropy,0.0,0.0
tracerca_main_rca_all_dataset_explicit_label_csv,XGBoost,9001,latency_threshold_p95,0.0,0.0
tracerca_main_rca_all_dataset_explicit_label_csv,XGBoost,9001,latency_threshold_exceeded,0.0,0.0
tracerca_main_rca_all_dataset_explicit_label_csv,RandomForest,9001,ewma_latency,0.2510624766605672,0.004578207016328649
tracerca_main_rca_all_dataset_explicit_label_csv,RandomForest,9001,rolling_latency_mean,0.2504452940039133,0.0031415812772812336
tracerca_main_rca_all_dataset_explicit_label_csv,RandomForest,9001,rolling_latency_std,0.048889382811728166,0.0013534741308858086
tracerca_main_rca_all_dataset_explicit_label_csv,RandomForest,9001,rolling_zscore_latency,0.02603623987943282,0.0005528609875073047
tracerca_main_rca_all_dataset_explicit_label_csv,RandomForest,9001,latency_p95_proxy,0.0017575838807146378,0.00037013969702593747
tracerca_main_rca_all_dataset_explicit_label_csv,RandomForest,9001,latency_p99_proxy,0.001547950012197134,0.00021362410926386693
tracerca_main_rca_all_dataset_explicit_label_csv,RandomForest,9001,span_duration_mean,0.0015479290417444262,0.00015678418870374345
tracerca_main_rca_all_dataset_explicit_label_csv,RandomForest,9001,latency_max,0.0012965824273549753,0.00011844144989733517
tracerca_main_rca_all_dataset_explicit_label_csv,RandomForest,9001,latency_mean,0.0012128631129310803,0.00021352953619153882
tracerca_main_rca_all_dataset_explicit_label_csv,RandomForest,9001,latency_threshold_exceeded,0.0001671144414454225,5.9094954924805354e-05
tracerca_main_rca_all_dataset_explicit_label_csv,RandomForest,9001,memory_max,0.0,0.0
tracerca_main_rca_all_dataset_explicit_label_csv,RandomForest,9001,network_or_size_mean,0.0,0.0
tracerca_main_rca_all_dataset_explicit_label_csv,RandomForest,9001,cpu_max,0.0,0.0
tracerca_main_rca_all_dataset_explicit_label_csv,RandomForest,9001,memory_mean,0.0,0.0
tracerca_main_rca_all_dataset_explicit_label_csv,RandomForest,9001,cpu_mean,0.0,0.0
tracerca_main_rca_all_dataset_explicit_label_csv,RandomForest,9001,error_rate,0.0,0.0
tracerca_main_rca_all_dataset_explicit_label_csv,RandomForest,9001,input_numeric_column_count,0.0,0.0
tracerca_main_rca_all_dataset_explicit_label_csv,RandomForest,9001,request_rate,0.0,0.0
tracerca_main_rca_all_dataset_explicit_label_csv,RandomForest,9001,log_template_frequency_proxy,0.0,0.0
tracerca_main_rca_all_dataset_explicit_label_csv,RandomForest,9001,log_error_indicator,0.0,0.0
tracerca_main_rca_all_dataset_explicit_label_csv,RandomForest,9001,fanout_proxy,0.0,0.0
tracerca_main_rca_all_dataset_explicit_label_csv,RandomForest,9001,trace_depth_proxy,0.0,0.0
tracerca_main_rca_all_dataset_explicit_label_csv,RandomForest,9001,failed_span_ratio,0.0,0.0
tracerca_main_rca_all_dataset_explicit_label_csv,RandomForest,9001,service_metric_entropy,0.0,0.0
tracerca_main_rca_all_dataset_explicit_label_csv,RandomForest,9001,log_entropy_proxy,0.0,0.0
tracerca_main_rca_all_dataset_explicit_label_csv,RandomForest,9001,latency_threshold_p95,0.0,0.0
trainticket_graph_cache_derived_multimodal_tensors,XGBoost,42,error_rate,0.2387152777777778,0.003247966481574605
trainticket_graph_cache_derived_multimodal_tensors,XGBoost,42,input_numeric_column_count,0.0,0.0
trainticket_graph_cache_derived_multimodal_tensors,XGBoost,42,request_rate,0.0,0.0
trainticket_graph_cache_derived_multimodal_tensors,XGBoost,42,cpu_mean,0.0,0.0
trainticket_graph_cache_derived_multimodal_tensors,XGBoost,42,cpu_max,0.0,0.0
trainticket_graph_cache_derived_multimodal_tensors,XGBoost,42,memory_mean,0.0,0.0
trainticket_graph_cache_derived_multimodal_tensors,XGBoost,42,memory_max,0.0,0.0
trainticket_graph_cache_derived_multimodal_tensors,XGBoost,42,network_or_size_mean,0.0,0.0
trainticket_graph_cache_derived_multimodal_tensors,XGBoost,42,latency_mean,0.0,0.0
trainticket_graph_cache_derived_multimodal_tensors,XGBoost,42,latency_max,0.0,0.0
trainticket_graph_cache_derived_multimodal_tensors,XGBoost,42,latency_p95_proxy,0.0,0.0
trainticket_graph_cache_derived_multimodal_tensors,XGBoost,42,latency_p99_proxy,0.0,0.0
trainticket_graph_cache_derived_multimodal_tensors,XGBoost,42,span_duration_mean,0.0,0.0
trainticket_graph_cache_derived_multimodal_tensors,XGBoost,42,failed_span_ratio,0.0,0.0
trainticket_graph_cache_derived_multimodal_tensors,XGBoost,42,trace_depth_proxy,0.0,0.0
trainticket_graph_cache_derived_multimodal_tensors,XGBoost,42,fanout_proxy,0.0,0.0
trainticket_graph_cache_derived_multimodal_tensors,XGBoost,42,log_error_indicator,0.0,0.0
trainticket_graph_cache_derived_multimodal_tensors,XGBoost,42,log_template_frequency_proxy,0.0,0.0
trainticket_graph_cache_derived_multimodal_tensors,XGBoost,42,log_entropy_proxy,0.0,0.0
trainticket_graph_cache_derived_multimodal_tensors,XGBoost,42,service_metric_entropy,0.0,0.0
trainticket_graph_cache_derived_multimodal_tensors,XGBoost,42,rolling_latency_mean,0.0,0.0
trainticket_graph_cache_derived_multimodal_tensors,XGBoost,42,rolling_latency_std,0.0,0.0
trainticket_graph_cache_derived_multimodal_tensors,XGBoost,42,ewma_latency,0.0,0.0
trainticket_graph_cache_derived_multimodal_tensors,XGBoost,42,rolling_zscore_latency,0.0,0.0
trainticket_graph_cache_derived_multimodal_tensors,XGBoost,42,latency_threshold_p95,0.0,0.0
trainticket_graph_cache_derived_multimodal_tensors,XGBoost,42,latency_threshold_exceeded,0.0,0.0
trainticket_graph_cache_derived_multimodal_tensors,RandomForest,42,error_rate,0.15926171739199138,0.001498051874239624
trainticket_graph_cache_derived_multimodal_tensors,RandomForest,42,failed_span_ratio,0.009582655530190184,0.0012373156366078193
trainticket_graph_cache_derived_multimodal_tensors,RandomForest,42,request_rate,0.0,0.0
trainticket_graph_cache_derived_multimodal_tensors,RandomForest,42,cpu_mean,0.0,0.0
trainticket_graph_cache_derived_multimodal_tensors,RandomForest,42,cpu_max,0.0,0.0
trainticket_graph_cache_derived_multimodal_tensors,RandomForest,42,memory_mean,0.0,0.0
trainticket_graph_cache_derived_multimodal_tensors,RandomForest,42,memory_max,0.0,0.0
trainticket_graph_cache_derived_multimodal_tensors,RandomForest,42,network_or_size_mean,0.0,0.0
trainticket_graph_cache_derived_multimodal_tensors,RandomForest,42,latency_mean,0.0,0.0
trainticket_graph_cache_derived_multimodal_tensors,RandomForest,42,input_numeric_column_count,0.0,0.0
trainticket_graph_cache_derived_multimodal_tensors,RandomForest,42,latency_max,0.0,0.0
trainticket_graph_cache_derived_multimodal_tensors,RandomForest,42,latency_p95_proxy,0.0,0.0
trainticket_graph_cache_derived_multimodal_tensors,RandomForest,42,latency_p99_proxy,0.0,0.0
trainticket_graph_cache_derived_multimodal_tensors,RandomForest,42,span_duration_mean,0.0,0.0
trainticket_graph_cache_derived_multimodal_tensors,RandomForest,42,trace_depth_proxy,0.0,0.0
trainticket_graph_cache_derived_multimodal_tensors,RandomForest,42,fanout_proxy,0.0,0.0
trainticket_graph_cache_derived_multimodal_tensors,RandomForest,42,log_error_indicator,0.0,0.0
trainticket_graph_cache_derived_multimodal_tensors,RandomForest,42,log_template_frequency_proxy,0.0,0.0
trainticket_graph_cache_derived_multimodal_tensors,RandomForest,42,log_entropy_proxy,0.0,0.0
trainticket_graph_cache_derived_multimodal_tensors,RandomForest,42,service_metric_entropy,0.0,0.0
trainticket_graph_cache_derived_multimodal_tensors,RandomForest,42,rolling_latency_mean,0.0,0.0
trainticket_graph_cache_derived_multimodal_tensors,RandomForest,42,rolling_latency_std,0.0,0.0
trainticket_graph_cache_derived_multimodal_tensors,RandomForest,42,ewma_latency,0.0,0.0
trainticket_graph_cache_derived_multimodal_tensors,RandomForest,42,rolling_zscore_latency,0.0,0.0
trainticket_graph_cache_derived_multimodal_tensors,RandomForest,42,latency_threshold_p95,0.0,0.0
trainticket_graph_cache_derived_multimodal_tensors,RandomForest,42,latency_threshold_exceeded,0.0,0.0
trainticket_graph_cache_derived_multimodal_tensors,XGBoost,123,error_rate,0.234375,0.00562564296736794
trainticket_graph_cache_derived_multimodal_tensors,XGBoost,123,input_numeric_column_count,0.0,0.0
trainticket_graph_cache_derived_multimodal_tensors,XGBoost,123,request_rate,0.0,0.0
trainticket_graph_cache_derived_multimodal_tensors,XGBoost,123,cpu_mean,0.0,0.0
trainticket_graph_cache_derived_multimodal_tensors,XGBoost,123,cpu_max,0.0,0.0
trainticket_graph_cache_derived_multimodal_tensors,XGBoost,123,memory_mean,0.0,0.0
trainticket_graph_cache_derived_multimodal_tensors,XGBoost,123,memory_max,0.0,0.0
trainticket_graph_cache_derived_multimodal_tensors,XGBoost,123,network_or_size_mean,0.0,0.0
trainticket_graph_cache_derived_multimodal_tensors,XGBoost,123,latency_mean,0.0,0.0
trainticket_graph_cache_derived_multimodal_tensors,XGBoost,123,latency_max,0.0,0.0
trainticket_graph_cache_derived_multimodal_tensors,XGBoost,123,latency_p95_proxy,0.0,0.0
trainticket_graph_cache_derived_multimodal_tensors,XGBoost,123,latency_p99_proxy,0.0,0.0
trainticket_graph_cache_derived_multimodal_tensors,XGBoost,123,span_duration_mean,0.0,0.0
trainticket_graph_cache_derived_multimodal_tensors,XGBoost,123,failed_span_ratio,0.0,0.0
trainticket_graph_cache_derived_multimodal_tensors,XGBoost,123,trace_depth_proxy,0.0,0.0
trainticket_graph_cache_derived_multimodal_tensors,XGBoost,123,fanout_proxy,0.0,0.0
trainticket_graph_cache_derived_multimodal_tensors,XGBoost,123,log_error_indicator,0.0,0.0
trainticket_graph_cache_derived_multimodal_tensors,XGBoost,123,log_template_frequency_proxy,0.0,0.0
trainticket_graph_cache_derived_multimodal_tensors,XGBoost,123,log_entropy_proxy,0.0,0.0
trainticket_graph_cache_derived_multimodal_tensors,XGBoost,123,service_metric_entropy,0.0,0.0
trainticket_graph_cache_derived_multimodal_tensors,XGBoost,123,rolling_latency_mean,0.0,0.0
trainticket_graph_cache_derived_multimodal_tensors,XGBoost,123,rolling_latency_std,0.0,0.0
trainticket_graph_cache_derived_multimodal_tensors,XGBoost,123,ewma_latency,0.0,0.0
trainticket_graph_cache_derived_multimodal_tensors,XGBoost,123,rolling_zscore_latency,0.0,0.0
trainticket_graph_cache_derived_multimodal_tensors,XGBoost,123,latency_threshold_p95,0.0,0.0
trainticket_graph_cache_derived_multimodal_tensors,XGBoost,123,latency_threshold_exceeded,0.0,0.0
trainticket_graph_cache_derived_multimodal_tensors,RandomForest,123,error_rate,0.15968443204257013,0.002039567072306078
trainticket_graph_cache_derived_multimodal_tensors,RandomForest,123,failed_span_ratio,0.0039045567837017923,0.0010631492864406323
trainticket_graph_cache_derived_multimodal_tensors,RandomForest,123,request_rate,0.0,0.0
trainticket_graph_cache_derived_multimodal_tensors,RandomForest,123,cpu_mean,0.0,0.0
trainticket_graph_cache_derived_multimodal_tensors,RandomForest,123,cpu_max,0.0,0.0
trainticket_graph_cache_derived_multimodal_tensors,RandomForest,123,memory_mean,0.0,0.0
trainticket_graph_cache_derived_multimodal_tensors,RandomForest,123,memory_max,0.0,0.0
trainticket_graph_cache_derived_multimodal_tensors,RandomForest,123,network_or_size_mean,0.0,0.0
trainticket_graph_cache_derived_multimodal_tensors,RandomForest,123,latency_mean,0.0,0.0
trainticket_graph_cache_derived_multimodal_tensors,RandomForest,123,input_numeric_column_count,0.0,0.0
trainticket_graph_cache_derived_multimodal_tensors,RandomForest,123,latency_max,0.0,0.0
trainticket_graph_cache_derived_multimodal_tensors,RandomForest,123,latency_p95_proxy,0.0,0.0
trainticket_graph_cache_derived_multimodal_tensors,RandomForest,123,latency_p99_proxy,0.0,0.0
trainticket_graph_cache_derived_multimodal_tensors,RandomForest,123,span_duration_mean,0.0,0.0
trainticket_graph_cache_derived_multimodal_tensors,RandomForest,123,trace_depth_proxy,0.0,0.0
trainticket_graph_cache_derived_multimodal_tensors,RandomForest,123,fanout_proxy,0.0,0.0
trainticket_graph_cache_derived_multimodal_tensors,RandomForest,123,log_error_indicator,0.0,0.0
trainticket_graph_cache_derived_multimodal_tensors,RandomForest,123,log_template_frequency_proxy,0.0,0.0
trainticket_graph_cache_derived_multimodal_tensors,RandomForest,123,log_entropy_proxy,0.0,0.0
trainticket_graph_cache_derived_multimodal_tensors,RandomForest,123,service_metric_entropy,0.0,0.0
trainticket_graph_cache_derived_multimodal_tensors,RandomForest,123,rolling_latency_mean,0.0,0.0
trainticket_graph_cache_derived_multimodal_tensors,RandomForest,123,rolling_latency_std,0.0,0.0
trainticket_graph_cache_derived_multimodal_tensors,RandomForest,123,ewma_latency,0.0,0.0
trainticket_graph_cache_derived_multimodal_tensors,RandomForest,123,rolling_zscore_latency,0.0,0.0
trainticket_graph_cache_derived_multimodal_tensors,RandomForest,123,latency_threshold_p95,0.0,0.0
trainticket_graph_cache_derived_multimodal_tensors,RandomForest,123,latency_threshold_exceeded,0.0,0.0
trainticket_graph_cache_derived_multimodal_tensors,XGBoost,2026,error_rate,0.24392361111111108,0.005351053822021695
trainticket_graph_cache_derived_multimodal_tensors,XGBoost,2026,input_numeric_column_count,0.0,0.0
trainticket_graph_cache_derived_multimodal_tensors,XGBoost,2026,request_rate,0.0,0.0
trainticket_graph_cache_derived_multimodal_tensors,XGBoost,2026,cpu_mean,0.0,0.0
trainticket_graph_cache_derived_multimodal_tensors,XGBoost,2026,cpu_max,0.0,0.0
trainticket_graph_cache_derived_multimodal_tensors,XGBoost,2026,memory_mean,0.0,0.0
trainticket_graph_cache_derived_multimodal_tensors,XGBoost,2026,memory_max,0.0,0.0
trainticket_graph_cache_derived_multimodal_tensors,XGBoost,2026,network_or_size_mean,0.0,0.0
trainticket_graph_cache_derived_multimodal_tensors,XGBoost,2026,latency_mean,0.0,0.0
trainticket_graph_cache_derived_multimodal_tensors,XGBoost,2026,latency_max,0.0,0.0
trainticket_graph_cache_derived_multimodal_tensors,XGBoost,2026,latency_p95_proxy,0.0,0.0
trainticket_graph_cache_derived_multimodal_tensors,XGBoost,2026,latency_p99_proxy,0.0,0.0
trainticket_graph_cache_derived_multimodal_tensors,XGBoost,2026,span_duration_mean,0.0,0.0
trainticket_graph_cache_derived_multimodal_tensors,XGBoost,2026,failed_span_ratio,0.0,0.0
trainticket_graph_cache_derived_multimodal_tensors,XGBoost,2026,trace_depth_proxy,0.0,0.0
trainticket_graph_cache_derived_multimodal_tensors,XGBoost,2026,fanout_proxy,0.0,0.0
trainticket_graph_cache_derived_multimodal_tensors,XGBoost,2026,log_error_indicator,0.0,0.0
trainticket_graph_cache_derived_multimodal_tensors,XGBoost,2026,log_template_frequency_proxy,0.0,0.0
trainticket_graph_cache_derived_multimodal_tensors,XGBoost,2026,log_entropy_proxy,0.0,0.0
trainticket_graph_cache_derived_multimodal_tensors,XGBoost,2026,service_metric_entropy,0.0,0.0
trainticket_graph_cache_derived_multimodal_tensors,XGBoost,2026,rolling_latency_mean,0.0,0.0
trainticket_graph_cache_derived_multimodal_tensors,XGBoost,2026,rolling_latency_std,0.0,0.0
trainticket_graph_cache_derived_multimodal_tensors,XGBoost,2026,ewma_latency,0.0,0.0
trainticket_graph_cache_derived_multimodal_tensors,XGBoost,2026,rolling_zscore_latency,0.0,0.0
trainticket_graph_cache_derived_multimodal_tensors,XGBoost,2026,latency_threshold_p95,0.0,0.0
trainticket_graph_cache_derived_multimodal_tensors,XGBoost,2026,latency_threshold_exceeded,0.0,0.0
trainticket_graph_cache_derived_multimodal_tensors,RandomForest,2026,failed_span_ratio,0.1761455585769359,0.0032871733341111697
trainticket_graph_cache_derived_multimodal_tensors,RandomForest,2026,error_rate,0.0004345936549326283,0.0006146082409270159
trainticket_graph_cache_derived_multimodal_tensors,RandomForest,2026,request_rate,0.0,0.0
trainticket_graph_cache_derived_multimodal_tensors,RandomForest,2026,cpu_mean,0.0,0.0
trainticket_graph_cache_derived_multimodal_tensors,RandomForest,2026,cpu_max,0.0,0.0
trainticket_graph_cache_derived_multimodal_tensors,RandomForest,2026,memory_mean,0.0,0.0
trainticket_graph_cache_derived_multimodal_tensors,RandomForest,2026,memory_max,0.0,0.0
trainticket_graph_cache_derived_multimodal_tensors,RandomForest,2026,network_or_size_mean,0.0,0.0
trainticket_graph_cache_derived_multimodal_tensors,RandomForest,2026,latency_mean,0.0,0.0
trainticket_graph_cache_derived_multimodal_tensors,RandomForest,2026,input_numeric_column_count,0.0,0.0
trainticket_graph_cache_derived_multimodal_tensors,RandomForest,2026,latency_max,0.0,0.0
trainticket_graph_cache_derived_multimodal_tensors,RandomForest,2026,latency_p95_proxy,0.0,0.0
trainticket_graph_cache_derived_multimodal_tensors,RandomForest,2026,latency_p99_proxy,0.0,0.0
trainticket_graph_cache_derived_multimodal_tensors,RandomForest,2026,span_duration_mean,0.0,0.0
trainticket_graph_cache_derived_multimodal_tensors,RandomForest,2026,trace_depth_proxy,0.0,0.0
trainticket_graph_cache_derived_multimodal_tensors,RandomForest,2026,fanout_proxy,0.0,0.0
trainticket_graph_cache_derived_multimodal_tensors,RandomForest,2026,log_error_indicator,0.0,0.0
trainticket_graph_cache_derived_multimodal_tensors,RandomForest,2026,log_template_frequency_proxy,0.0,0.0
trainticket_graph_cache_derived_multimodal_tensors,RandomForest,2026,log_entropy_proxy,0.0,0.0
trainticket_graph_cache_derived_multimodal_tensors,RandomForest,2026,service_metric_entropy,0.0,0.0
trainticket_graph_cache_derived_multimodal_tensors,RandomForest,2026,rolling_latency_mean,0.0,0.0
trainticket_graph_cache_derived_multimodal_tensors,RandomForest,2026,rolling_latency_std,0.0,0.0
trainticket_graph_cache_derived_multimodal_tensors,RandomForest,2026,ewma_latency,0.0,0.0
trainticket_graph_cache_derived_multimodal_tensors,RandomForest,2026,rolling_zscore_latency,0.0,0.0
trainticket_graph_cache_derived_multimodal_tensors,RandomForest,2026,latency_threshold_p95,0.0,0.0
trainticket_graph_cache_derived_multimodal_tensors,RandomForest,2026,latency_threshold_exceeded,0.0,0.0
trainticket_graph_cache_derived_multimodal_tensors,XGBoost,7,error_rate,0.22569444444444445,0.005351053822021695
trainticket_graph_cache_derived_multimodal_tensors,XGBoost,7,input_numeric_column_count,0.0,0.0
trainticket_graph_cache_derived_multimodal_tensors,XGBoost,7,request_rate,0.0,0.0
trainticket_graph_cache_derived_multimodal_tensors,XGBoost,7,cpu_mean,0.0,0.0
trainticket_graph_cache_derived_multimodal_tensors,XGBoost,7,cpu_max,0.0,0.0
trainticket_graph_cache_derived_multimodal_tensors,XGBoost,7,memory_mean,0.0,0.0
trainticket_graph_cache_derived_multimodal_tensors,XGBoost,7,memory_max,0.0,0.0
trainticket_graph_cache_derived_multimodal_tensors,XGBoost,7,network_or_size_mean,0.0,0.0
trainticket_graph_cache_derived_multimodal_tensors,XGBoost,7,latency_mean,0.0,0.0
trainticket_graph_cache_derived_multimodal_tensors,XGBoost,7,latency_max,0.0,0.0
trainticket_graph_cache_derived_multimodal_tensors,XGBoost,7,latency_p95_proxy,0.0,0.0
trainticket_graph_cache_derived_multimodal_tensors,XGBoost,7,latency_p99_proxy,0.0,0.0
trainticket_graph_cache_derived_multimodal_tensors,XGBoost,7,span_duration_mean,0.0,0.0
trainticket_graph_cache_derived_multimodal_tensors,XGBoost,7,failed_span_ratio,0.0,0.0
trainticket_graph_cache_derived_multimodal_tensors,XGBoost,7,trace_depth_proxy,0.0,0.0
trainticket_graph_cache_derived_multimodal_tensors,XGBoost,7,fanout_proxy,0.0,0.0
trainticket_graph_cache_derived_multimodal_tensors,XGBoost,7,log_error_indicator,0.0,0.0
trainticket_graph_cache_derived_multimodal_tensors,XGBoost,7,log_template_frequency_proxy,0.0,0.0
trainticket_graph_cache_derived_multimodal_tensors,XGBoost,7,log_entropy_proxy,0.0,0.0
trainticket_graph_cache_derived_multimodal_tensors,XGBoost,7,service_metric_entropy,0.0,0.0
trainticket_graph_cache_derived_multimodal_tensors,XGBoost,7,rolling_latency_mean,0.0,0.0
trainticket_graph_cache_derived_multimodal_tensors,XGBoost,7,rolling_latency_std,0.0,0.0
trainticket_graph_cache_derived_multimodal_tensors,XGBoost,7,ewma_latency,0.0,0.0
trainticket_graph_cache_derived_multimodal_tensors,XGBoost,7,rolling_zscore_latency,0.0,0.0
trainticket_graph_cache_derived_multimodal_tensors,XGBoost,7,latency_threshold_p95,0.0,0.0
trainticket_graph_cache_derived_multimodal_tensors,XGBoost,7,latency_threshold_exceeded,0.0,0.0
trainticket_graph_cache_derived_multimodal_tensors,RandomForest,7,error_rate,0.10353477120221133,0.0007615308963387944
trainticket_graph_cache_derived_multimodal_tensors,RandomForest,7,failed_span_ratio,0.047095762448869295,0.005770418122560989
trainticket_graph_cache_derived_multimodal_tensors,RandomForest,7,request_rate,0.0,0.0
trainticket_graph_cache_derived_multimodal_tensors,RandomForest,7,cpu_mean,0.0,0.0
trainticket_graph_cache_derived_multimodal_tensors,RandomForest,7,cpu_max,0.0,0.0
trainticket_graph_cache_derived_multimodal_tensors,RandomForest,7,memory_mean,0.0,0.0
trainticket_graph_cache_derived_multimodal_tensors,RandomForest,7,memory_max,0.0,0.0
trainticket_graph_cache_derived_multimodal_tensors,RandomForest,7,network_or_size_mean,0.0,0.0
trainticket_graph_cache_derived_multimodal_tensors,RandomForest,7,latency_mean,0.0,0.0
trainticket_graph_cache_derived_multimodal_tensors,RandomForest,7,input_numeric_column_count,0.0,0.0
trainticket_graph_cache_derived_multimodal_tensors,RandomForest,7,latency_max,0.0,0.0
trainticket_graph_cache_derived_multimodal_tensors,RandomForest,7,latency_p95_proxy,0.0,0.0
trainticket_graph_cache_derived_multimodal_tensors,RandomForest,7,latency_p99_proxy,0.0,0.0
trainticket_graph_cache_derived_multimodal_tensors,RandomForest,7,span_duration_mean,0.0,0.0
trainticket_graph_cache_derived_multimodal_tensors,RandomForest,7,trace_depth_proxy,0.0,0.0
trainticket_graph_cache_derived_multimodal_tensors,RandomForest,7,fanout_proxy,0.0,0.0
trainticket_graph_cache_derived_multimodal_tensors,RandomForest,7,log_error_indicator,0.0,0.0
trainticket_graph_cache_derived_multimodal_tensors,RandomForest,7,log_template_frequency_proxy,0.0,0.0
trainticket_graph_cache_derived_multimodal_tensors,RandomForest,7,log_entropy_proxy,0.0,0.0
trainticket_graph_cache_derived_multimodal_tensors,RandomForest,7,service_metric_entropy,0.0,0.0
trainticket_graph_cache_derived_multimodal_tensors,RandomForest,7,rolling_latency_mean,0.0,0.0
trainticket_graph_cache_derived_multimodal_tensors,RandomForest,7,rolling_latency_std,0.0,0.0
trainticket_graph_cache_derived_multimodal_tensors,RandomForest,7,ewma_latency,0.0,0.0
trainticket_graph_cache_derived_multimodal_tensors,RandomForest,7,rolling_zscore_latency,0.0,0.0
trainticket_graph_cache_derived_multimodal_tensors,RandomForest,7,latency_threshold_p95,0.0,0.0
trainticket_graph_cache_derived_multimodal_tensors,RandomForest,7,latency_threshold_exceeded,0.0,0.0
trainticket_graph_cache_derived_multimodal_tensors,XGBoost,13,error_rate,0.2465277777777778,0.0012276159395600132
trainticket_graph_cache_derived_multimodal_tensors,XGBoost,13,input_numeric_column_count,0.0,0.0
trainticket_graph_cache_derived_multimodal_tensors,XGBoost,13,request_rate,0.0,0.0
trainticket_graph_cache_derived_multimodal_tensors,XGBoost,13,cpu_mean,0.0,0.0
trainticket_graph_cache_derived_multimodal_tensors,XGBoost,13,cpu_max,0.0,0.0
trainticket_graph_cache_derived_multimodal_tensors,XGBoost,13,memory_mean,0.0,0.0
trainticket_graph_cache_derived_multimodal_tensors,XGBoost,13,memory_max,0.0,0.0
trainticket_graph_cache_derived_multimodal_tensors,XGBoost,13,network_or_size_mean,0.0,0.0
trainticket_graph_cache_derived_multimodal_tensors,XGBoost,13,latency_mean,0.0,0.0
trainticket_graph_cache_derived_multimodal_tensors,XGBoost,13,latency_max,0.0,0.0
trainticket_graph_cache_derived_multimodal_tensors,XGBoost,13,latency_p95_proxy,0.0,0.0
trainticket_graph_cache_derived_multimodal_tensors,XGBoost,13,latency_p99_proxy,0.0,0.0
trainticket_graph_cache_derived_multimodal_tensors,XGBoost,13,span_duration_mean,0.0,0.0
trainticket_graph_cache_derived_multimodal_tensors,XGBoost,13,failed_span_ratio,0.0,0.0
trainticket_graph_cache_derived_multimodal_tensors,XGBoost,13,trace_depth_proxy,0.0,0.0
trainticket_graph_cache_derived_multimodal_tensors,XGBoost,13,fanout_proxy,0.0,0.0
trainticket_graph_cache_derived_multimodal_tensors,XGBoost,13,log_error_indicator,0.0,0.0
trainticket_graph_cache_derived_multimodal_tensors,XGBoost,13,log_template_frequency_proxy,0.0,0.0
trainticket_graph_cache_derived_multimodal_tensors,XGBoost,13,log_entropy_proxy,0.0,0.0
trainticket_graph_cache_derived_multimodal_tensors,XGBoost,13,service_metric_entropy,0.0,0.0
trainticket_graph_cache_derived_multimodal_tensors,XGBoost,13,rolling_latency_mean,0.0,0.0
trainticket_graph_cache_derived_multimodal_tensors,XGBoost,13,rolling_latency_std,0.0,0.0
trainticket_graph_cache_derived_multimodal_tensors,XGBoost,13,ewma_latency,0.0,0.0
trainticket_graph_cache_derived_multimodal_tensors,XGBoost,13,rolling_zscore_latency,0.0,0.0
trainticket_graph_cache_derived_multimodal_tensors,XGBoost,13,latency_threshold_p95,0.0,0.0
trainticket_graph_cache_derived_multimodal_tensors,XGBoost,13,latency_threshold_exceeded,0.0,0.0
trainticket_graph_cache_derived_multimodal_tensors,RandomForest,13,error_rate,0.13183288383115174,0.006366565254163775
trainticket_graph_cache_derived_multimodal_tensors,RandomForest,13,failed_span_ratio,0.041291639472750274,0.003307032019280392
trainticket_graph_cache_derived_multimodal_tensors,RandomForest,13,request_rate,0.0,0.0
trainticket_graph_cache_derived_multimodal_tensors,RandomForest,13,cpu_mean,0.0,0.0
trainticket_graph_cache_derived_multimodal_tensors,RandomForest,13,cpu_max,0.0,0.0
trainticket_graph_cache_derived_multimodal_tensors,RandomForest,13,memory_mean,0.0,0.0
trainticket_graph_cache_derived_multimodal_tensors,RandomForest,13,memory_max,0.0,0.0
trainticket_graph_cache_derived_multimodal_tensors,RandomForest,13,network_or_size_mean,0.0,0.0
trainticket_graph_cache_derived_multimodal_tensors,RandomForest,13,latency_mean,0.0,0.0
trainticket_graph_cache_derived_multimodal_tensors,RandomForest,13,input_numeric_column_count,0.0,0.0
trainticket_graph_cache_derived_multimodal_tensors,RandomForest,13,latency_max,0.0,0.0
trainticket_graph_cache_derived_multimodal_tensors,RandomForest,13,latency_p95_proxy,0.0,0.0
trainticket_graph_cache_derived_multimodal_tensors,RandomForest,13,latency_p99_proxy,0.0,0.0
trainticket_graph_cache_derived_multimodal_tensors,RandomForest,13,span_duration_mean,0.0,0.0
trainticket_graph_cache_derived_multimodal_tensors,RandomForest,13,trace_depth_proxy,0.0,0.0
trainticket_graph_cache_derived_multimodal_tensors,RandomForest,13,fanout_proxy,0.0,0.0
trainticket_graph_cache_derived_multimodal_tensors,RandomForest,13,log_error_indicator,0.0,0.0
trainticket_graph_cache_derived_multimodal_tensors,RandomForest,13,log_template_frequency_proxy,0.0,0.0
trainticket_graph_cache_derived_multimodal_tensors,RandomForest,13,log_entropy_proxy,0.0,0.0
trainticket_graph_cache_derived_multimodal_tensors,RandomForest,13,service_metric_entropy,0.0,0.0
trainticket_graph_cache_derived_multimodal_tensors,RandomForest,13,rolling_latency_mean,0.0,0.0
trainticket_graph_cache_derived_multimodal_tensors,RandomForest,13,rolling_latency_std,0.0,0.0
trainticket_graph_cache_derived_multimodal_tensors,RandomForest,13,ewma_latency,0.0,0.0
trainticket_graph_cache_derived_multimodal_tensors,RandomForest,13,rolling_zscore_latency,0.0,0.0
trainticket_graph_cache_derived_multimodal_tensors,RandomForest,13,latency_threshold_p95,0.0,0.0
trainticket_graph_cache_derived_multimodal_tensors,RandomForest,13,latency_threshold_exceeded,0.0,0.0
trainticket_graph_cache_derived_multimodal_tensors,XGBoost,21,error_rate,0.2387152777777778,0.0012276159395600132
trainticket_graph_cache_derived_multimodal_tensors,XGBoost,21,input_numeric_column_count,0.0,0.0
trainticket_graph_cache_derived_multimodal_tensors,XGBoost,21,request_rate,0.0,0.0
trainticket_graph_cache_derived_multimodal_tensors,XGBoost,21,cpu_mean,0.0,0.0
trainticket_graph_cache_derived_multimodal_tensors,XGBoost,21,cpu_max,0.0,0.0
trainticket_graph_cache_derived_multimodal_tensors,XGBoost,21,memory_mean,0.0,0.0
trainticket_graph_cache_derived_multimodal_tensors,XGBoost,21,memory_max,0.0,0.0
trainticket_graph_cache_derived_multimodal_tensors,XGBoost,21,network_or_size_mean,0.0,0.0
trainticket_graph_cache_derived_multimodal_tensors,XGBoost,21,latency_mean,0.0,0.0
trainticket_graph_cache_derived_multimodal_tensors,XGBoost,21,latency_max,0.0,0.0
trainticket_graph_cache_derived_multimodal_tensors,XGBoost,21,latency_p95_proxy,0.0,0.0
trainticket_graph_cache_derived_multimodal_tensors,XGBoost,21,latency_p99_proxy,0.0,0.0
trainticket_graph_cache_derived_multimodal_tensors,XGBoost,21,span_duration_mean,0.0,0.0
trainticket_graph_cache_derived_multimodal_tensors,XGBoost,21,failed_span_ratio,0.0,0.0
trainticket_graph_cache_derived_multimodal_tensors,XGBoost,21,trace_depth_proxy,0.0,0.0
trainticket_graph_cache_derived_multimodal_tensors,XGBoost,21,fanout_proxy,0.0,0.0
trainticket_graph_cache_derived_multimodal_tensors,XGBoost,21,log_error_indicator,0.0,0.0
trainticket_graph_cache_derived_multimodal_tensors,XGBoost,21,log_template_frequency_proxy,0.0,0.0
trainticket_graph_cache_derived_multimodal_tensors,XGBoost,21,log_entropy_proxy,0.0,0.0
trainticket_graph_cache_derived_multimodal_tensors,XGBoost,21,service_metric_entropy,0.0,0.0
trainticket_graph_cache_derived_multimodal_tensors,XGBoost,21,rolling_latency_mean,0.0,0.0
trainticket_graph_cache_derived_multimodal_tensors,XGBoost,21,rolling_latency_std,0.0,0.0
trainticket_graph_cache_derived_multimodal_tensors,XGBoost,21,ewma_latency,0.0,0.0
trainticket_graph_cache_derived_multimodal_tensors,XGBoost,21,rolling_zscore_latency,0.0,0.0
trainticket_graph_cache_derived_multimodal_tensors,XGBoost,21,latency_threshold_p95,0.0,0.0
trainticket_graph_cache_derived_multimodal_tensors,XGBoost,21,latency_threshold_exceeded,0.0,0.0
trainticket_graph_cache_derived_multimodal_tensors,RandomForest,21,failed_span_ratio,0.0752599668969488,0.002123303722362626
trainticket_graph_cache_derived_multimodal_tensors,RandomForest,21,error_rate,0.07030996546017905,0.0032770646853765408
trainticket_graph_cache_derived_multimodal_tensors,RandomForest,21,request_rate,0.0,0.0
trainticket_graph_cache_derived_multimodal_tensors,RandomForest,21,cpu_mean,0.0,0.0
trainticket_graph_cache_derived_multimodal_tensors,RandomForest,21,cpu_max,0.0,0.0
trainticket_graph_cache_derived_multimodal_tensors,RandomForest,21,memory_mean,0.0,0.0
trainticket_graph_cache_derived_multimodal_tensors,RandomForest,21,memory_max,0.0,0.0
trainticket_graph_cache_derived_multimodal_tensors,RandomForest,21,network_or_size_mean,0.0,0.0
trainticket_graph_cache_derived_multimodal_tensors,RandomForest,21,latency_mean,0.0,0.0
trainticket_graph_cache_derived_multimodal_tensors,RandomForest,21,input_numeric_column_count,0.0,0.0
trainticket_graph_cache_derived_multimodal_tensors,RandomForest,21,latency_max,0.0,0.0
trainticket_graph_cache_derived_multimodal_tensors,RandomForest,21,latency_p95_proxy,0.0,0.0
trainticket_graph_cache_derived_multimodal_tensors,RandomForest,21,latency_p99_proxy,0.0,0.0
trainticket_graph_cache_derived_multimodal_tensors,RandomForest,21,span_duration_mean,0.0,0.0
trainticket_graph_cache_derived_multimodal_tensors,RandomForest,21,trace_depth_proxy,0.0,0.0
trainticket_graph_cache_derived_multimodal_tensors,RandomForest,21,fanout_proxy,0.0,0.0
trainticket_graph_cache_derived_multimodal_tensors,RandomForest,21,log_error_indicator,0.0,0.0
trainticket_graph_cache_derived_multimodal_tensors,RandomForest,21,log_template_frequency_proxy,0.0,0.0
trainticket_graph_cache_derived_multimodal_tensors,RandomForest,21,log_entropy_proxy,0.0,0.0
trainticket_graph_cache_derived_multimodal_tensors,RandomForest,21,service_metric_entropy,0.0,0.0
trainticket_graph_cache_derived_multimodal_tensors,RandomForest,21,rolling_latency_mean,0.0,0.0
trainticket_graph_cache_derived_multimodal_tensors,RandomForest,21,rolling_latency_std,0.0,0.0
trainticket_graph_cache_derived_multimodal_tensors,RandomForest,21,ewma_latency,0.0,0.0
trainticket_graph_cache_derived_multimodal_tensors,RandomForest,21,rolling_zscore_latency,0.0,0.0
trainticket_graph_cache_derived_multimodal_tensors,RandomForest,21,latency_threshold_p95,0.0,0.0
trainticket_graph_cache_derived_multimodal_tensors,RandomForest,21,latency_threshold_exceeded,0.0,0.0
trainticket_graph_cache_derived_multimodal_tensors,XGBoost,99,error_rate,0.23524305555555558,0.010911289140604614
trainticket_graph_cache_derived_multimodal_tensors,XGBoost,99,input_numeric_column_count,0.0,0.0
trainticket_graph_cache_derived_multimodal_tensors,XGBoost,99,request_rate,0.0,0.0
trainticket_graph_cache_derived_multimodal_tensors,XGBoost,99,cpu_mean,0.0,0.0
trainticket_graph_cache_derived_multimodal_tensors,XGBoost,99,cpu_max,0.0,0.0
trainticket_graph_cache_derived_multimodal_tensors,XGBoost,99,memory_mean,0.0,0.0
trainticket_graph_cache_derived_multimodal_tensors,XGBoost,99,memory_max,0.0,0.0
trainticket_graph_cache_derived_multimodal_tensors,XGBoost,99,network_or_size_mean,0.0,0.0
trainticket_graph_cache_derived_multimodal_tensors,XGBoost,99,latency_mean,0.0,0.0
trainticket_graph_cache_derived_multimodal_tensors,XGBoost,99,latency_max,0.0,0.0
trainticket_graph_cache_derived_multimodal_tensors,XGBoost,99,latency_p95_proxy,0.0,0.0
trainticket_graph_cache_derived_multimodal_tensors,XGBoost,99,latency_p99_proxy,0.0,0.0
trainticket_graph_cache_derived_multimodal_tensors,XGBoost,99,span_duration_mean,0.0,0.0
trainticket_graph_cache_derived_multimodal_tensors,XGBoost,99,failed_span_ratio,0.0,0.0
trainticket_graph_cache_derived_multimodal_tensors,XGBoost,99,trace_depth_proxy,0.0,0.0
trainticket_graph_cache_derived_multimodal_tensors,XGBoost,99,fanout_proxy,0.0,0.0
trainticket_graph_cache_derived_multimodal_tensors,XGBoost,99,log_error_indicator,0.0,0.0
trainticket_graph_cache_derived_multimodal_tensors,XGBoost,99,log_template_frequency_proxy,0.0,0.0
trainticket_graph_cache_derived_multimodal_tensors,XGBoost,99,log_entropy_proxy,0.0,0.0
trainticket_graph_cache_derived_multimodal_tensors,XGBoost,99,service_metric_entropy,0.0,0.0
trainticket_graph_cache_derived_multimodal_tensors,XGBoost,99,rolling_latency_mean,0.0,0.0
trainticket_graph_cache_derived_multimodal_tensors,XGBoost,99,rolling_latency_std,0.0,0.0
trainticket_graph_cache_derived_multimodal_tensors,XGBoost,99,ewma_latency,0.0,0.0
trainticket_graph_cache_derived_multimodal_tensors,XGBoost,99,rolling_zscore_latency,0.0,0.0
trainticket_graph_cache_derived_multimodal_tensors,XGBoost,99,latency_threshold_p95,0.0,0.0
trainticket_graph_cache_derived_multimodal_tensors,XGBoost,99,latency_threshold_exceeded,0.0,0.0
trainticket_graph_cache_derived_multimodal_tensors,RandomForest,99,failed_span_ratio,0.18325200271383002,0.007681578071371415
trainticket_graph_cache_derived_multimodal_tensors,RandomForest,99,error_rate,0.0008680570272776578,0.0006138105714397186
trainticket_graph_cache_derived_multimodal_tensors,RandomForest,99,request_rate,0.0,0.0
trainticket_graph_cache_derived_multimodal_tensors,RandomForest,99,cpu_mean,0.0,0.0
trainticket_graph_cache_derived_multimodal_tensors,RandomForest,99,cpu_max,0.0,0.0
trainticket_graph_cache_derived_multimodal_tensors,RandomForest,99,memory_mean,0.0,0.0
trainticket_graph_cache_derived_multimodal_tensors,RandomForest,99,memory_max,0.0,0.0
trainticket_graph_cache_derived_multimodal_tensors,RandomForest,99,network_or_size_mean,0.0,0.0
trainticket_graph_cache_derived_multimodal_tensors,RandomForest,99,latency_mean,0.0,0.0
trainticket_graph_cache_derived_multimodal_tensors,RandomForest,99,input_numeric_column_count,0.0,0.0
trainticket_graph_cache_derived_multimodal_tensors,RandomForest,99,latency_max,0.0,0.0
trainticket_graph_cache_derived_multimodal_tensors,RandomForest,99,latency_p95_proxy,0.0,0.0
trainticket_graph_cache_derived_multimodal_tensors,RandomForest,99,latency_p99_proxy,0.0,0.0
trainticket_graph_cache_derived_multimodal_tensors,RandomForest,99,span_duration_mean,0.0,0.0
trainticket_graph_cache_derived_multimodal_tensors,RandomForest,99,trace_depth_proxy,0.0,0.0
trainticket_graph_cache_derived_multimodal_tensors,RandomForest,99,fanout_proxy,0.0,0.0
trainticket_graph_cache_derived_multimodal_tensors,RandomForest,99,log_error_indicator,0.0,0.0
trainticket_graph_cache_derived_multimodal_tensors,RandomForest,99,log_template_frequency_proxy,0.0,0.0
trainticket_graph_cache_derived_multimodal_tensors,RandomForest,99,log_entropy_proxy,0.0,0.0
trainticket_graph_cache_derived_multimodal_tensors,RandomForest,99,service_metric_entropy,0.0,0.0
trainticket_graph_cache_derived_multimodal_tensors,RandomForest,99,rolling_latency_mean,0.0,0.0
trainticket_graph_cache_derived_multimodal_tensors,RandomForest,99,rolling_latency_std,0.0,0.0
trainticket_graph_cache_derived_multimodal_tensors,RandomForest,99,ewma_latency,0.0,0.0
trainticket_graph_cache_derived_multimodal_tensors,RandomForest,99,rolling_zscore_latency,0.0,0.0
trainticket_graph_cache_derived_multimodal_tensors,RandomForest,99,latency_threshold_p95,0.0,0.0
trainticket_graph_cache_derived_multimodal_tensors,RandomForest,99,latency_threshold_exceeded,0.0,0.0
trainticket_graph_cache_derived_multimodal_tensors,XGBoost,314,error_rate,0.24045138888888887,0.00805001605511782
trainticket_graph_cache_derived_multimodal_tensors,XGBoost,314,input_numeric_column_count,0.0,0.0
trainticket_graph_cache_derived_multimodal_tensors,XGBoost,314,request_rate,0.0,0.0
trainticket_graph_cache_derived_multimodal_tensors,XGBoost,314,cpu_mean,0.0,0.0
trainticket_graph_cache_derived_multimodal_tensors,XGBoost,314,cpu_max,0.0,0.0
trainticket_graph_cache_derived_multimodal_tensors,XGBoost,314,memory_mean,0.0,0.0
trainticket_graph_cache_derived_multimodal_tensors,XGBoost,314,memory_max,0.0,0.0
trainticket_graph_cache_derived_multimodal_tensors,XGBoost,314,network_or_size_mean,0.0,0.0
trainticket_graph_cache_derived_multimodal_tensors,XGBoost,314,latency_mean,0.0,0.0
trainticket_graph_cache_derived_multimodal_tensors,XGBoost,314,latency_max,0.0,0.0
trainticket_graph_cache_derived_multimodal_tensors,XGBoost,314,latency_p95_proxy,0.0,0.0
trainticket_graph_cache_derived_multimodal_tensors,XGBoost,314,latency_p99_proxy,0.0,0.0
trainticket_graph_cache_derived_multimodal_tensors,XGBoost,314,span_duration_mean,0.0,0.0
trainticket_graph_cache_derived_multimodal_tensors,XGBoost,314,failed_span_ratio,0.0,0.0
trainticket_graph_cache_derived_multimodal_tensors,XGBoost,314,trace_depth_proxy,0.0,0.0
trainticket_graph_cache_derived_multimodal_tensors,XGBoost,314,fanout_proxy,0.0,0.0
trainticket_graph_cache_derived_multimodal_tensors,XGBoost,314,log_error_indicator,0.0,0.0
trainticket_graph_cache_derived_multimodal_tensors,XGBoost,314,log_template_frequency_proxy,0.0,0.0
trainticket_graph_cache_derived_multimodal_tensors,XGBoost,314,log_entropy_proxy,0.0,0.0
trainticket_graph_cache_derived_multimodal_tensors,XGBoost,314,service_metric_entropy,0.0,0.0
trainticket_graph_cache_derived_multimodal_tensors,XGBoost,314,rolling_latency_mean,0.0,0.0
trainticket_graph_cache_derived_multimodal_tensors,XGBoost,314,rolling_latency_std,0.0,0.0
trainticket_graph_cache_derived_multimodal_tensors,XGBoost,314,ewma_latency,0.0,0.0
trainticket_graph_cache_derived_multimodal_tensors,XGBoost,314,rolling_zscore_latency,0.0,0.0
trainticket_graph_cache_derived_multimodal_tensors,XGBoost,314,latency_threshold_p95,0.0,0.0
trainticket_graph_cache_derived_multimodal_tensors,XGBoost,314,latency_threshold_exceeded,0.0,0.0
trainticket_graph_cache_derived_multimodal_tensors,RandomForest,314,error_rate,0.18040724722631477,0.007620282896078403
trainticket_graph_cache_derived_multimodal_tensors,RandomForest,314,failed_span_ratio,0.017012967118231193,0.0018890504905376326
trainticket_graph_cache_derived_multimodal_tensors,RandomForest,314,request_rate,0.0,0.0
trainticket_graph_cache_derived_multimodal_tensors,RandomForest,314,cpu_mean,0.0,0.0
trainticket_graph_cache_derived_multimodal_tensors,RandomForest,314,cpu_max,0.0,0.0
trainticket_graph_cache_derived_multimodal_tensors,RandomForest,314,memory_mean,0.0,0.0
trainticket_graph_cache_derived_multimodal_tensors,RandomForest,314,memory_max,0.0,0.0
trainticket_graph_cache_derived_multimodal_tensors,RandomForest,314,network_or_size_mean,0.0,0.0
trainticket_graph_cache_derived_multimodal_tensors,RandomForest,314,latency_mean,0.0,0.0
trainticket_graph_cache_derived_multimodal_tensors,RandomForest,314,input_numeric_column_count,0.0,0.0
trainticket_graph_cache_derived_multimodal_tensors,RandomForest,314,latency_max,0.0,0.0
trainticket_graph_cache_derived_multimodal_tensors,RandomForest,314,latency_p95_proxy,0.0,0.0
trainticket_graph_cache_derived_multimodal_tensors,RandomForest,314,latency_p99_proxy,0.0,0.0
trainticket_graph_cache_derived_multimodal_tensors,RandomForest,314,span_duration_mean,0.0,0.0
trainticket_graph_cache_derived_multimodal_tensors,RandomForest,314,trace_depth_proxy,0.0,0.0
trainticket_graph_cache_derived_multimodal_tensors,RandomForest,314,fanout_proxy,0.0,0.0
trainticket_graph_cache_derived_multimodal_tensors,RandomForest,314,log_error_indicator,0.0,0.0
trainticket_graph_cache_derived_multimodal_tensors,RandomForest,314,log_template_frequency_proxy,0.0,0.0
trainticket_graph_cache_derived_multimodal_tensors,RandomForest,314,log_entropy_proxy,0.0,0.0
trainticket_graph_cache_derived_multimodal_tensors,RandomForest,314,service_metric_entropy,0.0,0.0
trainticket_graph_cache_derived_multimodal_tensors,RandomForest,314,rolling_latency_mean,0.0,0.0
trainticket_graph_cache_derived_multimodal_tensors,RandomForest,314,rolling_latency_std,0.0,0.0
trainticket_graph_cache_derived_multimodal_tensors,RandomForest,314,ewma_latency,0.0,0.0
trainticket_graph_cache_derived_multimodal_tensors,RandomForest,314,rolling_zscore_latency,0.0,0.0
trainticket_graph_cache_derived_multimodal_tensors,RandomForest,314,latency_threshold_p95,0.0,0.0
trainticket_graph_cache_derived_multimodal_tensors,RandomForest,314,latency_threshold_exceeded,0.0,0.0
trainticket_graph_cache_derived_multimodal_tensors,XGBoost,2718,error_rate,0.24392361111111113,0.0068350762795241484
trainticket_graph_cache_derived_multimodal_tensors,XGBoost,2718,input_numeric_column_count,0.0,0.0
trainticket_graph_cache_derived_multimodal_tensors,XGBoost,2718,request_rate,0.0,0.0
trainticket_graph_cache_derived_multimodal_tensors,XGBoost,2718,cpu_mean,0.0,0.0
trainticket_graph_cache_derived_multimodal_tensors,XGBoost,2718,cpu_max,0.0,0.0
trainticket_graph_cache_derived_multimodal_tensors,XGBoost,2718,memory_mean,0.0,0.0
trainticket_graph_cache_derived_multimodal_tensors,XGBoost,2718,memory_max,0.0,0.0
trainticket_graph_cache_derived_multimodal_tensors,XGBoost,2718,network_or_size_mean,0.0,0.0
trainticket_graph_cache_derived_multimodal_tensors,XGBoost,2718,latency_mean,0.0,0.0
trainticket_graph_cache_derived_multimodal_tensors,XGBoost,2718,latency_max,0.0,0.0
trainticket_graph_cache_derived_multimodal_tensors,XGBoost,2718,latency_p95_proxy,0.0,0.0
trainticket_graph_cache_derived_multimodal_tensors,XGBoost,2718,latency_p99_proxy,0.0,0.0
trainticket_graph_cache_derived_multimodal_tensors,XGBoost,2718,span_duration_mean,0.0,0.0
trainticket_graph_cache_derived_multimodal_tensors,XGBoost,2718,failed_span_ratio,0.0,0.0
trainticket_graph_cache_derived_multimodal_tensors,XGBoost,2718,trace_depth_proxy,0.0,0.0
trainticket_graph_cache_derived_multimodal_tensors,XGBoost,2718,fanout_proxy,0.0,0.0
trainticket_graph_cache_derived_multimodal_tensors,XGBoost,2718,log_error_indicator,0.0,0.0
trainticket_graph_cache_derived_multimodal_tensors,XGBoost,2718,log_template_frequency_proxy,0.0,0.0
trainticket_graph_cache_derived_multimodal_tensors,XGBoost,2718,log_entropy_proxy,0.0,0.0
trainticket_graph_cache_derived_multimodal_tensors,XGBoost,2718,service_metric_entropy,0.0,0.0
trainticket_graph_cache_derived_multimodal_tensors,XGBoost,2718,rolling_latency_mean,0.0,0.0
trainticket_graph_cache_derived_multimodal_tensors,XGBoost,2718,rolling_latency_std,0.0,0.0
trainticket_graph_cache_derived_multimodal_tensors,XGBoost,2718,ewma_latency,0.0,0.0
trainticket_graph_cache_derived_multimodal_tensors,XGBoost,2718,rolling_zscore_latency,0.0,0.0
trainticket_graph_cache_derived_multimodal_tensors,XGBoost,2718,latency_threshold_p95,0.0,0.0
trainticket_graph_cache_derived_multimodal_tensors,XGBoost,2718,latency_threshold_exceeded,0.0,0.0
trainticket_graph_cache_derived_multimodal_tensors,RandomForest,2718,failed_span_ratio,0.08146627744328898,0.004431910109672673
trainticket_graph_cache_derived_multimodal_tensors,RandomForest,2718,error_rate,0.05411053203708963,0.005966966341738952
trainticket_graph_cache_derived_multimodal_tensors,RandomForest,2718,request_rate,0.0,0.0
trainticket_graph_cache_derived_multimodal_tensors,RandomForest,2718,cpu_mean,0.0,0.0
trainticket_graph_cache_derived_multimodal_tensors,RandomForest,2718,cpu_max,0.0,0.0
trainticket_graph_cache_derived_multimodal_tensors,RandomForest,2718,memory_mean,0.0,0.0
trainticket_graph_cache_derived_multimodal_tensors,RandomForest,2718,memory_max,0.0,0.0
trainticket_graph_cache_derived_multimodal_tensors,RandomForest,2718,network_or_size_mean,0.0,0.0
trainticket_graph_cache_derived_multimodal_tensors,RandomForest,2718,latency_mean,0.0,0.0
trainticket_graph_cache_derived_multimodal_tensors,RandomForest,2718,input_numeric_column_count,0.0,0.0
trainticket_graph_cache_derived_multimodal_tensors,RandomForest,2718,latency_max,0.0,0.0
trainticket_graph_cache_derived_multimodal_tensors,RandomForest,2718,latency_p95_proxy,0.0,0.0
trainticket_graph_cache_derived_multimodal_tensors,RandomForest,2718,latency_p99_proxy,0.0,0.0
trainticket_graph_cache_derived_multimodal_tensors,RandomForest,2718,span_duration_mean,0.0,0.0
trainticket_graph_cache_derived_multimodal_tensors,RandomForest,2718,trace_depth_proxy,0.0,0.0
trainticket_graph_cache_derived_multimodal_tensors,RandomForest,2718,fanout_proxy,0.0,0.0
trainticket_graph_cache_derived_multimodal_tensors,RandomForest,2718,log_error_indicator,0.0,0.0
trainticket_graph_cache_derived_multimodal_tensors,RandomForest,2718,log_template_frequency_proxy,0.0,0.0
trainticket_graph_cache_derived_multimodal_tensors,RandomForest,2718,log_entropy_proxy,0.0,0.0
trainticket_graph_cache_derived_multimodal_tensors,RandomForest,2718,service_metric_entropy,0.0,0.0
trainticket_graph_cache_derived_multimodal_tensors,RandomForest,2718,rolling_latency_mean,0.0,0.0
trainticket_graph_cache_derived_multimodal_tensors,RandomForest,2718,rolling_latency_std,0.0,0.0
trainticket_graph_cache_derived_multimodal_tensors,RandomForest,2718,ewma_latency,0.0,0.0
trainticket_graph_cache_derived_multimodal_tensors,RandomForest,2718,rolling_zscore_latency,0.0,0.0
trainticket_graph_cache_derived_multimodal_tensors,RandomForest,2718,latency_threshold_p95,0.0,0.0
trainticket_graph_cache_derived_multimodal_tensors,RandomForest,2718,latency_threshold_exceeded,0.0,0.0
trainticket_graph_cache_derived_multimodal_tensors,XGBoost,9001,error_rate,0.23611111111111113,0.0068350762795241484
trainticket_graph_cache_derived_multimodal_tensors,XGBoost,9001,input_numeric_column_count,0.0,0.0
trainticket_graph_cache_derived_multimodal_tensors,XGBoost,9001,request_rate,0.0,0.0
trainticket_graph_cache_derived_multimodal_tensors,XGBoost,9001,cpu_mean,0.0,0.0
trainticket_graph_cache_derived_multimodal_tensors,XGBoost,9001,cpu_max,0.0,0.0
trainticket_graph_cache_derived_multimodal_tensors,XGBoost,9001,memory_mean,0.0,0.0
trainticket_graph_cache_derived_multimodal_tensors,XGBoost,9001,memory_max,0.0,0.0
trainticket_graph_cache_derived_multimodal_tensors,XGBoost,9001,network_or_size_mean,0.0,0.0
trainticket_graph_cache_derived_multimodal_tensors,XGBoost,9001,latency_mean,0.0,0.0
trainticket_graph_cache_derived_multimodal_tensors,XGBoost,9001,latency_max,0.0,0.0
trainticket_graph_cache_derived_multimodal_tensors,XGBoost,9001,latency_p95_proxy,0.0,0.0
trainticket_graph_cache_derived_multimodal_tensors,XGBoost,9001,latency_p99_proxy,0.0,0.0
trainticket_graph_cache_derived_multimodal_tensors,XGBoost,9001,span_duration_mean,0.0,0.0
trainticket_graph_cache_derived_multimodal_tensors,XGBoost,9001,failed_span_ratio,0.0,0.0
trainticket_graph_cache_derived_multimodal_tensors,XGBoost,9001,trace_depth_proxy,0.0,0.0
trainticket_graph_cache_derived_multimodal_tensors,XGBoost,9001,fanout_proxy,0.0,0.0
trainticket_graph_cache_derived_multimodal_tensors,XGBoost,9001,log_error_indicator,0.0,0.0
trainticket_graph_cache_derived_multimodal_tensors,XGBoost,9001,log_template_frequency_proxy,0.0,0.0
trainticket_graph_cache_derived_multimodal_tensors,XGBoost,9001,log_entropy_proxy,0.0,0.0
trainticket_graph_cache_derived_multimodal_tensors,XGBoost,9001,service_metric_entropy,0.0,0.0
trainticket_graph_cache_derived_multimodal_tensors,XGBoost,9001,rolling_latency_mean,0.0,0.0
trainticket_graph_cache_derived_multimodal_tensors,XGBoost,9001,rolling_latency_std,0.0,0.0
trainticket_graph_cache_derived_multimodal_tensors,XGBoost,9001,ewma_latency,0.0,0.0
trainticket_graph_cache_derived_multimodal_tensors,XGBoost,9001,rolling_zscore_latency,0.0,0.0
trainticket_graph_cache_derived_multimodal_tensors,XGBoost,9001,latency_threshold_p95,0.0,0.0
trainticket_graph_cache_derived_multimodal_tensors,XGBoost,9001,latency_threshold_exceeded,0.0,0.0
trainticket_graph_cache_derived_multimodal_tensors,RandomForest,9001,failed_span_ratio,0.2001681378730559,0.0062057970019795605
trainticket_graph_cache_derived_multimodal_tensors,RandomForest,9001,input_numeric_column_count,0.0,0.0
trainticket_graph_cache_derived_multimodal_tensors,RandomForest,9001,error_rate,0.0,0.0
trainticket_graph_cache_derived_multimodal_tensors,RandomForest,9001,cpu_mean,0.0,0.0
trainticket_graph_cache_derived_multimodal_tensors,RandomForest,9001,cpu_max,0.0,0.0
trainticket_graph_cache_derived_multimodal_tensors,RandomForest,9001,memory_mean,0.0,0.0
trainticket_graph_cache_derived_multimodal_tensors,RandomForest,9001,memory_max,0.0,0.0
trainticket_graph_cache_derived_multimodal_tensors,RandomForest,9001,network_or_size_mean,0.0,0.0
trainticket_graph_cache_derived_multimodal_tensors,RandomForest,9001,latency_mean,0.0,0.0
trainticket_graph_cache_derived_multimodal_tensors,RandomForest,9001,request_rate,0.0,0.0
trainticket_graph_cache_derived_multimodal_tensors,RandomForest,9001,latency_max,0.0,0.0
trainticket_graph_cache_derived_multimodal_tensors,RandomForest,9001,latency_p95_proxy,0.0,0.0
trainticket_graph_cache_derived_multimodal_tensors,RandomForest,9001,latency_p99_proxy,0.0,0.0
trainticket_graph_cache_derived_multimodal_tensors,RandomForest,9001,span_duration_mean,0.0,0.0
trainticket_graph_cache_derived_multimodal_tensors,RandomForest,9001,trace_depth_proxy,0.0,0.0
trainticket_graph_cache_derived_multimodal_tensors,RandomForest,9001,fanout_proxy,0.0,0.0
trainticket_graph_cache_derived_multimodal_tensors,RandomForest,9001,log_error_indicator,0.0,0.0
trainticket_graph_cache_derived_multimodal_tensors,RandomForest,9001,log_template_frequency_proxy,0.0,0.0
trainticket_graph_cache_derived_multimodal_tensors,RandomForest,9001,log_entropy_proxy,0.0,0.0
trainticket_graph_cache_derived_multimodal_tensors,RandomForest,9001,service_metric_entropy,0.0,0.0
trainticket_graph_cache_derived_multimodal_tensors,RandomForest,9001,rolling_latency_mean,0.0,0.0
trainticket_graph_cache_derived_multimodal_tensors,RandomForest,9001,rolling_latency_std,0.0,0.0
trainticket_graph_cache_derived_multimodal_tensors,RandomForest,9001,ewma_latency,0.0,0.0
trainticket_graph_cache_derived_multimodal_tensors,RandomForest,9001,rolling_zscore_latency,0.0,0.0
trainticket_graph_cache_derived_multimodal_tensors,RandomForest,9001,latency_threshold_p95,0.0,0.0
trainticket_graph_cache_derived_multimodal_tensors,RandomForest,9001,latency_threshold_exceeded,0.0,0.0
