physical_data_source,experimental_view,relative_path,file_role,size_bytes,status
Zenodo record 14590730 (RCAEval benchmark artifacts),RCAEval recursive service-fault CSV windows,RE1/RE1-OB/adservice_cpu/1/data.csv,metrics,2669597,selected
Zenodo record 14590730 (RCAEval benchmark artifacts),RCAEval recursive service-fault CSV windows,RE1/RE1-OB/adservice_cpu/2/data.csv,metrics,2665108,selected
Zenodo record 14590730 (RCAEval benchmark artifacts),RCAEval recursive service-fault CSV windows,RE1/RE1-OB/adservice_cpu/3/data.csv,metrics,2665499,selected
Zenodo record 14590730 (RCAEval benchmark artifacts),RCAEval recursive service-fault CSV windows,RE1/RE1-OB/adservice_cpu/4/data.csv,metrics,2642686,selected
Zenodo record 14590730 (RCAEval benchmark artifacts),RCAEval recursive service-fault CSV windows,RE1/RE1-OB/adservice_cpu/5/data.csv,metrics,2649231,selected
Zenodo record 14590730 (RCAEval benchmark artifacts),RCAEval recursive service-fault CSV windows,RE1/RE1-OB/adservice_delay/1/data.csv,metrics,555820,selected
Zenodo record 14590730 (RCAEval benchmark artifacts),RCAEval recursive service-fault CSV windows,RE1/RE1-OB/adservice_delay/2/data.csv,metrics,551720,selected
Zenodo record 14590730 (RCAEval benchmark artifacts),RCAEval recursive service-fault CSV windows,RE1/RE1-OB/adservice_delay/3/data.csv,metrics,549827,selected
Zenodo record 14590730 (RCAEval benchmark artifacts),RCAEval recursive service-fault CSV windows,RE1/RE1-OB/adservice_delay/4/data.csv,metrics,553096,selected
Zenodo record 14590730 (RCAEval benchmark artifacts),RCAEval recursive service-fault CSV windows,RE1/RE1-OB/adservice_delay/5/data.csv,metrics,556281,selected
Zenodo record 14590730 (RCAEval benchmark artifacts),RCAEval recursive service-fault CSV windows,RE1/RE1-OB/adservice_disk/1/data.csv,metrics,573786,selected
Zenodo record 14590730 (RCAEval benchmark artifacts),RCAEval recursive service-fault CSV windows,RE1/RE1-OB/adservice_disk/2/data.csv,metrics,575971,selected
Zenodo record 14590730 (RCAEval benchmark artifacts),RCAEval recursive service-fault CSV windows,RE1/RE1-OB/adservice_disk/3/data.csv,metrics,576290,selected
Zenodo record 14590730 (RCAEval benchmark artifacts),RCAEval recursive service-fault CSV windows,RE1/RE1-OB/adservice_disk/4/data.csv,metrics,574555,selected
Zenodo record 14590730 (RCAEval benchmark artifacts),RCAEval recursive service-fault CSV windows,RE1/RE1-OB/adservice_disk/5/data.csv,metrics,574617,selected
Zenodo record 14590730 (RCAEval benchmark artifacts),RCAEval recursive service-fault CSV windows,RE1/RE1-OB/adservice_loss/1/data.csv,metrics,560156,selected
Zenodo record 14590730 (RCAEval benchmark artifacts),RCAEval recursive service-fault CSV windows,RE1/RE1-OB/adservice_loss/2/data.csv,metrics,561764,selected
Zenodo record 14590730 (RCAEval benchmark artifacts),RCAEval recursive service-fault CSV windows,RE1/RE1-OB/adservice_loss/3/data.csv,metrics,559222,selected
Zenodo record 14590730 (RCAEval benchmark artifacts),RCAEval recursive service-fault CSV windows,RE1/RE1-OB/adservice_loss/4/data.csv,metrics,557961,selected
Zenodo record 14590730 (RCAEval benchmark artifacts),RCAEval recursive service-fault CSV windows,RE1/RE1-OB/adservice_loss/5/data.csv,metrics,560091,selected
Zenodo record 14590730 (RCAEval benchmark artifacts),RCAEval recursive service-fault CSV windows,RE1/RE1-OB/adservice_mem/1/data.csv,metrics,2659193,selected
Zenodo record 14590730 (RCAEval benchmark artifacts),RCAEval recursive service-fault CSV windows,RE1/RE1-OB/adservice_mem/2/data.csv,metrics,2642088,selected
Zenodo record 14590730 (RCAEval benchmark artifacts),RCAEval recursive service-fault CSV windows,RE1/RE1-OB/adservice_mem/3/data.csv,metrics,2644968,selected
Zenodo record 14590730 (RCAEval benchmark artifacts),RCAEval recursive service-fault CSV windows,RE1/RE1-OB/adservice_mem/4/data.csv,metrics,2644785,selected
Zenodo record 14590730 (RCAEval benchmark artifacts),RCAEval recursive service-fault CSV windows,RE1/RE1-OB/adservice_mem/5/data.csv,metrics,2645643,selected
Zenodo record 14590730 (RCAEval benchmark artifacts),RCAEval recursive service-fault CSV windows,RE1/RE1-OB/cartservice_cpu/1/data.csv,metrics,2645583,selected
Zenodo record 14590730 (RCAEval benchmark artifacts),RCAEval recursive service-fault CSV windows,RE1/RE1-OB/cartservice_cpu/2/data.csv,metrics,2645402,selected
Zenodo record 14590730 (RCAEval benchmark artifacts),RCAEval recursive service-fault CSV windows,RE1/RE1-OB/cartservice_cpu/3/data.csv,metrics,2645915,selected
Zenodo record 14590730 (RCAEval benchmark artifacts),RCAEval recursive service-fault CSV windows,RE1/RE1-OB/cartservice_cpu/4/data.csv,metrics,2643592,selected
Zenodo record 14590730 (RCAEval benchmark artifacts),RCAEval recursive service-fault CSV windows,RE1/RE1-OB/cartservice_cpu/5/data.csv,metrics,2648268,selected
Zenodo record 14590730 (RCAEval benchmark artifacts),RCAEval recursive service-fault CSV windows,RE1/RE1-OB/cartservice_delay/1/data.csv,metrics,576064,selected
Zenodo record 14590730 (RCAEval benchmark artifacts),RCAEval recursive service-fault CSV windows,RE1/RE1-OB/cartservice_delay/2/data.csv,metrics,574514,selected
Zenodo record 14590730 (RCAEval benchmark artifacts),RCAEval recursive service-fault CSV windows,RE1/RE1-OB/cartservice_delay/3/data.csv,metrics,574243,selected
Zenodo record 14590730 (RCAEval benchmark artifacts),RCAEval recursive service-fault CSV windows,RE1/RE1-OB/cartservice_delay/4/data.csv,metrics,575270,selected
Zenodo record 14590730 (RCAEval benchmark artifacts),RCAEval recursive service-fault CSV windows,RE1/RE1-OB/cartservice_delay/5/data.csv,metrics,576592,selected
Zenodo record 14590730 (RCAEval benchmark artifacts),RCAEval recursive service-fault CSV windows,RE1/RE1-OB/cartservice_disk/1/data.csv,metrics,572774,selected
Zenodo record 14590730 (RCAEval benchmark artifacts),RCAEval recursive service-fault CSV windows,RE1/RE1-OB/cartservice_disk/2/data.csv,metrics,576593,selected
Zenodo record 14590730 (RCAEval benchmark artifacts),RCAEval recursive service-fault CSV windows,RE1/RE1-OB/cartservice_disk/3/data.csv,metrics,580731,selected
Zenodo record 14590730 (RCAEval benchmark artifacts),RCAEval recursive service-fault CSV windows,RE1/RE1-OB/cartservice_disk/4/data.csv,metrics,573315,selected
Zenodo record 14590730 (RCAEval benchmark artifacts),RCAEval recursive service-fault CSV windows,RE1/RE1-OB/cartservice_disk/5/data.csv,metrics,581049,selected
Zenodo record 14590730 (RCAEval benchmark artifacts),RCAEval recursive service-fault CSV windows,RE1/RE1-OB/cartservice_loss/1/data.csv,metrics,576057,selected
Zenodo record 14590730 (RCAEval benchmark artifacts),RCAEval recursive service-fault CSV windows,RE1/RE1-OB/cartservice_loss/2/data.csv,metrics,548408,selected
Zenodo record 14590730 (RCAEval benchmark artifacts),RCAEval recursive service-fault CSV windows,RE1/RE1-OB/cartservice_loss/3/data.csv,metrics,548558,selected
Zenodo record 14590730 (RCAEval benchmark artifacts),RCAEval recursive service-fault CSV windows,RE1/RE1-OB/cartservice_loss/4/data.csv,metrics,551345,selected
Zenodo record 14590730 (RCAEval benchmark artifacts),RCAEval recursive service-fault CSV windows,RE1/RE1-OB/cartservice_loss/5/data.csv,metrics,549004,selected
Zenodo record 14590730 (RCAEval benchmark artifacts),RCAEval recursive service-fault CSV windows,RE1/RE1-OB/cartservice_mem/1/data.csv,metrics,2657342,selected
Zenodo record 14590730 (RCAEval benchmark artifacts),RCAEval recursive service-fault CSV windows,RE1/RE1-OB/cartservice_mem/2/data.csv,metrics,2655396,selected
Zenodo record 14590730 (RCAEval benchmark artifacts),RCAEval recursive service-fault CSV windows,RE1/RE1-OB/cartservice_mem/3/data.csv,metrics,2649565,selected
Zenodo record 14590730 (RCAEval benchmark artifacts),RCAEval recursive service-fault CSV windows,RE1/RE1-OB/cartservice_mem/4/data.csv,metrics,2648584,selected
Zenodo record 14590730 (RCAEval benchmark artifacts),RCAEval recursive service-fault CSV windows,RE1/RE1-OB/cartservice_mem/5/data.csv,metrics,2653941,selected
Zenodo record 14590730 (RCAEval benchmark artifacts),RCAEval recursive service-fault CSV windows,RE1/RE1-OB/checkoutservice_cpu/1/data.csv,metrics,2650842,selected
Zenodo record 14590730 (RCAEval benchmark artifacts),RCAEval recursive service-fault CSV windows,RE1/RE1-OB/checkoutservice_cpu/2/data.csv,metrics,2697081,selected
Zenodo record 14590730 (RCAEval benchmark artifacts),RCAEval recursive service-fault CSV windows,RE1/RE1-OB/checkoutservice_cpu/3/data.csv,metrics,2650480,selected
Zenodo record 14590730 (RCAEval benchmark artifacts),RCAEval recursive service-fault CSV windows,RE1/RE1-OB/checkoutservice_cpu/4/data.csv,metrics,1696260,selected
Zenodo record 14590730 (RCAEval benchmark artifacts),RCAEval recursive service-fault CSV windows,RE1/RE1-OB/checkoutservice_cpu/5/data.csv,metrics,2685281,selected
Zenodo record 14590730 (RCAEval benchmark artifacts),RCAEval recursive service-fault CSV windows,RE1/RE1-OB/checkoutservice_delay/1/data.csv,metrics,574038,selected
Zenodo record 14590730 (RCAEval benchmark artifacts),RCAEval recursive service-fault CSV windows,RE1/RE1-OB/checkoutservice_delay/2/data.csv,metrics,574872,selected
Zenodo record 14590730 (RCAEval benchmark artifacts),RCAEval recursive service-fault CSV windows,RE1/RE1-OB/checkoutservice_delay/3/data.csv,metrics,575139,selected
Zenodo record 14590730 (RCAEval benchmark artifacts),RCAEval recursive service-fault CSV windows,RE1/RE1-OB/checkoutservice_delay/4/data.csv,metrics,575388,selected
Zenodo record 14590730 (RCAEval benchmark artifacts),RCAEval recursive service-fault CSV windows,RE1/RE1-OB/checkoutservice_delay/5/data.csv,metrics,576644,selected
Zenodo record 14590730 (RCAEval benchmark artifacts),RCAEval recursive service-fault CSV windows,RE1/RE1-OB/checkoutservice_disk/1/data.csv,metrics,573877,selected
Zenodo record 14590730 (RCAEval benchmark artifacts),RCAEval recursive service-fault CSV windows,RE1/RE1-OB/checkoutservice_disk/2/data.csv,metrics,577684,selected
Zenodo record 14590730 (RCAEval benchmark artifacts),RCAEval recursive service-fault CSV windows,RE1/RE1-OB/checkoutservice_disk/3/data.csv,metrics,577432,selected
Zenodo record 14590730 (RCAEval benchmark artifacts),RCAEval recursive service-fault CSV windows,RE1/RE1-OB/checkoutservice_disk/4/data.csv,metrics,575299,selected
Zenodo record 14590730 (RCAEval benchmark artifacts),RCAEval recursive service-fault CSV windows,RE1/RE1-OB/checkoutservice_disk/5/data.csv,metrics,578459,selected
Zenodo record 14590730 (RCAEval benchmark artifacts),RCAEval recursive service-fault CSV windows,RE1/RE1-OB/checkoutservice_loss/1/data.csv,metrics,560617,selected
Zenodo record 14590730 (RCAEval benchmark artifacts),RCAEval recursive service-fault CSV windows,RE1/RE1-OB/checkoutservice_loss/2/data.csv,metrics,560480,selected
Zenodo record 14590730 (RCAEval benchmark artifacts),RCAEval recursive service-fault CSV windows,RE1/RE1-OB/checkoutservice_loss/3/data.csv,metrics,560522,selected
Zenodo record 14590730 (RCAEval benchmark artifacts),RCAEval recursive service-fault CSV windows,RE1/RE1-OB/checkoutservice_loss/4/data.csv,metrics,560261,selected
Zenodo record 14590730 (RCAEval benchmark artifacts),RCAEval recursive service-fault CSV windows,RE1/RE1-OB/checkoutservice_loss/5/data.csv,metrics,561458,selected
Zenodo record 14590730 (RCAEval benchmark artifacts),RCAEval recursive service-fault CSV windows,RE1/RE1-OB/checkoutservice_mem/1/data.csv,metrics,2656160,selected
Zenodo record 14590730 (RCAEval benchmark artifacts),RCAEval recursive service-fault CSV windows,RE1/RE1-OB/checkoutservice_mem/2/data.csv,metrics,2660909,selected
Zenodo record 14590730 (RCAEval benchmark artifacts),RCAEval recursive service-fault CSV windows,RE1/RE1-OB/checkoutservice_mem/3/data.csv,metrics,2717881,selected
Zenodo record 14590730 (RCAEval benchmark artifacts),RCAEval recursive service-fault CSV windows,RE1/RE1-OB/checkoutservice_mem/4/data.csv,metrics,2715808,selected
Zenodo record 14590730 (RCAEval benchmark artifacts),RCAEval recursive service-fault CSV windows,RE1/RE1-OB/checkoutservice_mem/5/data.csv,metrics,2675647,selected
Zenodo record 14590730 (RCAEval benchmark artifacts),RCAEval recursive service-fault CSV windows,RE1/RE1-OB/currencyservice_cpu/1/data.csv,metrics,2681276,selected
Zenodo record 14590730 (RCAEval benchmark artifacts),RCAEval recursive service-fault CSV windows,RE1/RE1-OB/currencyservice_cpu/2/data.csv,metrics,2707942,selected
Zenodo record 14590730 (RCAEval benchmark artifacts),RCAEval recursive service-fault CSV windows,RE1/RE1-OB/currencyservice_cpu/3/data.csv,metrics,2655003,selected
Zenodo record 14590730 (RCAEval benchmark artifacts),RCAEval recursive service-fault CSV windows,RE1/RE1-OB/currencyservice_cpu/4/data.csv,metrics,2684821,selected
Zenodo record 14590730 (RCAEval benchmark artifacts),RCAEval recursive service-fault CSV windows,RE1/RE1-OB/currencyservice_cpu/5/data.csv,metrics,2677023,selected
Zenodo record 14590730 (RCAEval benchmark artifacts),RCAEval recursive service-fault CSV windows,RE1/RE1-OB/currencyservice_delay/1/data.csv,metrics,564856,selected
Zenodo record 14590730 (RCAEval benchmark artifacts),RCAEval recursive service-fault CSV windows,RE1/RE1-OB/currencyservice_delay/2/data.csv,metrics,567462,selected
Zenodo record 14590730 (RCAEval benchmark artifacts),RCAEval recursive service-fault CSV windows,RE1/RE1-OB/currencyservice_delay/3/data.csv,metrics,575533,selected
Zenodo record 14590730 (RCAEval benchmark artifacts),RCAEval recursive service-fault CSV windows,RE1/RE1-OB/currencyservice_delay/4/data.csv,metrics,575803,selected
Zenodo record 14590730 (RCAEval benchmark artifacts),RCAEval recursive service-fault CSV windows,RE1/RE1-OB/currencyservice_delay/5/data.csv,metrics,566839,selected
Zenodo record 14590730 (RCAEval benchmark artifacts),RCAEval recursive service-fault CSV windows,RE1/RE1-OB/currencyservice_disk/1/data.csv,metrics,572958,selected
Zenodo record 14590730 (RCAEval benchmark artifacts),RCAEval recursive service-fault CSV windows,RE1/RE1-OB/currencyservice_disk/2/data.csv,metrics,577873,selected
Zenodo record 14590730 (RCAEval benchmark artifacts),RCAEval recursive service-fault CSV windows,RE1/RE1-OB/currencyservice_disk/3/data.csv,metrics,576250,selected
Zenodo record 14590730 (RCAEval benchmark artifacts),RCAEval recursive service-fault CSV windows,RE1/RE1-OB/currencyservice_disk/4/data.csv,metrics,572205,selected
Zenodo record 14590730 (RCAEval benchmark artifacts),RCAEval recursive service-fault CSV windows,RE1/RE1-OB/currencyservice_disk/5/data.csv,metrics,571124,selected
Zenodo record 14590730 (RCAEval benchmark artifacts),RCAEval recursive service-fault CSV windows,RE1/RE1-OB/currencyservice_loss/1/data.csv,metrics,577212,selected
Zenodo record 14590730 (RCAEval benchmark artifacts),RCAEval recursive service-fault CSV windows,RE1/RE1-OB/currencyservice_loss/2/data.csv,metrics,570113,selected
Zenodo record 14590730 (RCAEval benchmark artifacts),RCAEval recursive service-fault CSV windows,RE1/RE1-OB/currencyservice_loss/3/data.csv,metrics,570387,selected
Zenodo record 14590730 (RCAEval benchmark artifacts),RCAEval recursive service-fault CSV windows,RE1/RE1-OB/currencyservice_loss/4/data.csv,metrics,569932,selected
Zenodo record 14590730 (RCAEval benchmark artifacts),RCAEval recursive service-fault CSV windows,RE1/RE1-OB/currencyservice_loss/5/data.csv,metrics,570040,selected
Zenodo record 14590730 (RCAEval benchmark artifacts),RCAEval recursive service-fault CSV windows,RE1/RE1-OB/currencyservice_mem/1/data.csv,metrics,2704309,selected
Zenodo record 14590730 (RCAEval benchmark artifacts),RCAEval recursive service-fault CSV windows,RE1/RE1-OB/currencyservice_mem/2/data.csv,metrics,2693837,selected
Zenodo record 14590730 (RCAEval benchmark artifacts),RCAEval recursive service-fault CSV windows,RE1/RE1-OB/currencyservice_mem/3/data.csv,metrics,2704425,selected
Zenodo record 14590730 (RCAEval benchmark artifacts),RCAEval recursive service-fault CSV windows,RE1/RE1-OB/currencyservice_mem/4/data.csv,metrics,2669539,selected
Zenodo record 14590730 (RCAEval benchmark artifacts),RCAEval recursive service-fault CSV windows,RE1/RE1-OB/currencyservice_mem/5/data.csv,metrics,2669312,selected
Zenodo record 14590730 (RCAEval benchmark artifacts),RCAEval recursive service-fault CSV windows,RE1/RE1-OB/productcatalogservice_cpu/1/data.csv,metrics,2677757,selected
Zenodo record 14590730 (RCAEval benchmark artifacts),RCAEval recursive service-fault CSV windows,RE1/RE1-OB/productcatalogservice_cpu/2/data.csv,metrics,2681640,selected
Zenodo record 14590730 (RCAEval benchmark artifacts),RCAEval recursive service-fault CSV windows,RE1/RE1-OB/productcatalogservice_cpu/3/data.csv,metrics,2461763,selected
Zenodo record 14590730 (RCAEval benchmark artifacts),RCAEval recursive service-fault CSV windows,RE1/RE1-OB/productcatalogservice_cpu/4/data.csv,metrics,2666667,selected
Zenodo record 14590730 (RCAEval benchmark artifacts),RCAEval recursive service-fault CSV windows,RE1/RE1-OB/productcatalogservice_cpu/5/data.csv,metrics,2658032,selected
Zenodo record 14590730 (RCAEval benchmark artifacts),RCAEval recursive service-fault CSV windows,RE1/RE1-OB/productcatalogservice_delay/1/data.csv,metrics,568268,selected
Zenodo record 14590730 (RCAEval benchmark artifacts),RCAEval recursive service-fault CSV windows,RE1/RE1-OB/productcatalogservice_delay/2/data.csv,metrics,566645,selected
Zenodo record 14590730 (RCAEval benchmark artifacts),RCAEval recursive service-fault CSV windows,RE1/RE1-OB/productcatalogservice_delay/3/data.csv,metrics,566318,selected
Zenodo record 14590730 (RCAEval benchmark artifacts),RCAEval recursive service-fault CSV windows,RE1/RE1-OB/productcatalogservice_delay/4/data.csv,metrics,561361,selected
Zenodo record 14590730 (RCAEval benchmark artifacts),RCAEval recursive service-fault CSV windows,RE1/RE1-OB/productcatalogservice_delay/5/data.csv,metrics,565510,selected
Zenodo record 14590730 (RCAEval benchmark artifacts),RCAEval recursive service-fault CSV windows,RE1/RE1-OB/productcatalogservice_disk/1/data.csv,metrics,573740,selected
Zenodo record 14590730 (RCAEval benchmark artifacts),RCAEval recursive service-fault CSV windows,RE1/RE1-OB/productcatalogservice_disk/2/data.csv,metrics,574540,selected
Zenodo record 14590730 (RCAEval benchmark artifacts),RCAEval recursive service-fault CSV windows,RE1/RE1-OB/productcatalogservice_disk/3/data.csv,metrics,571444,selected
Zenodo record 14590730 (RCAEval benchmark artifacts),RCAEval recursive service-fault CSV windows,RE1/RE1-OB/productcatalogservice_disk/4/data.csv,metrics,574942,selected
Zenodo record 14590730 (RCAEval benchmark artifacts),RCAEval recursive service-fault CSV windows,RE1/RE1-OB/productcatalogservice_disk/5/data.csv,metrics,574900,selected
Zenodo record 14590730 (RCAEval benchmark artifacts),RCAEval recursive service-fault CSV windows,RE1/RE1-OB/productcatalogservice_loss/1/data.csv,metrics,579706,selected
Zenodo record 14590730 (RCAEval benchmark artifacts),RCAEval recursive service-fault CSV windows,RE1/RE1-OB/productcatalogservice_loss/2/data.csv,metrics,581280,selected
Zenodo record 14590730 (RCAEval benchmark artifacts),RCAEval recursive service-fault CSV windows,RE1/RE1-OB/productcatalogservice_loss/3/data.csv,metrics,579824,selected
Zenodo record 14590730 (RCAEval benchmark artifacts),RCAEval recursive service-fault CSV windows,RE1/RE1-OB/productcatalogservice_loss/4/data.csv,metrics,580329,selected
Zenodo record 14590730 (RCAEval benchmark artifacts),RCAEval recursive service-fault CSV windows,RE1/RE1-OB/productcatalogservice_loss/5/data.csv,metrics,580162,selected
Zenodo record 14590730 (RCAEval benchmark artifacts),RCAEval recursive service-fault CSV windows,RE1/RE1-OB/productcatalogservice_mem/1/data.csv,metrics,2674275,selected
Zenodo record 14590730 (RCAEval benchmark artifacts),RCAEval recursive service-fault CSV windows,RE1/RE1-OB/productcatalogservice_mem/2/data.csv,metrics,2699479,selected
Zenodo record 14590730 (RCAEval benchmark artifacts),RCAEval recursive service-fault CSV windows,RE1/RE1-OB/productcatalogservice_mem/3/data.csv,metrics,2681723,selected
Zenodo record 14590730 (RCAEval benchmark artifacts),RCAEval recursive service-fault CSV windows,RE1/RE1-OB/productcatalogservice_mem/4/data.csv,metrics,2678516,selected
Zenodo record 14590730 (RCAEval benchmark artifacts),RCAEval recursive service-fault CSV windows,RE1/RE1-OB/productcatalogservice_mem/5/data.csv,metrics,2669631,selected
Zenodo record 14590730 (RCAEval benchmark artifacts),RCAEval recursive service-fault CSV windows,RE1/RE1-SS/carts_cpu/1/data.csv,metrics,3538735,selected
Zenodo record 14590730 (RCAEval benchmark artifacts),RCAEval recursive service-fault CSV windows,RE1/RE1-SS/carts_cpu/1/simple_data.csv,metrics,565224,selected
Zenodo record 14590730 (RCAEval benchmark artifacts),RCAEval recursive service-fault CSV windows,RE1/RE1-SS/carts_cpu/2/data.csv,metrics,3523844,selected
Zenodo record 14590730 (RCAEval benchmark artifacts),RCAEval recursive service-fault CSV windows,RE1/RE1-SS/carts_cpu/2/simple_data.csv,metrics,562855,selected
Zenodo record 14590730 (RCAEval benchmark artifacts),RCAEval recursive service-fault CSV windows,RE1/RE1-SS/carts_cpu/3/data.csv,metrics,3523312,selected
Zenodo record 14590730 (RCAEval benchmark artifacts),RCAEval recursive service-fault CSV windows,RE1/RE1-SS/carts_cpu/3/simple_data.csv,metrics,571987,selected
Zenodo record 14590730 (RCAEval benchmark artifacts),RCAEval recursive service-fault CSV windows,RE1/RE1-SS/carts_cpu/4/data.csv,metrics,3525430,selected
Zenodo record 14590730 (RCAEval benchmark artifacts),RCAEval recursive service-fault CSV windows,RE1/RE1-SS/carts_cpu/4/simple_data.csv,metrics,558098,selected
Zenodo record 14590730 (RCAEval benchmark artifacts),RCAEval recursive service-fault CSV windows,RE1/RE1-SS/carts_cpu/5/data.csv,metrics,3540494,selected
Zenodo record 14590730 (RCAEval benchmark artifacts),RCAEval recursive service-fault CSV windows,RE1/RE1-SS/carts_cpu/5/simple_data.csv,metrics,571376,selected
Zenodo record 14590730 (RCAEval benchmark artifacts),RCAEval recursive service-fault CSV windows,RE1/RE1-SS/carts_delay/1/data.csv,metrics,3556647,selected
Zenodo record 14590730 (RCAEval benchmark artifacts),RCAEval recursive service-fault CSV windows,RE1/RE1-SS/carts_delay/1/simple_data.csv,metrics,576635,selected
Zenodo record 14590730 (RCAEval benchmark artifacts),RCAEval recursive service-fault CSV windows,RE1/RE1-SS/carts_delay/2/data.csv,metrics,3550784,selected
Zenodo record 14590730 (RCAEval benchmark artifacts),RCAEval recursive service-fault CSV windows,RE1/RE1-SS/carts_delay/2/simple_data.csv,metrics,566974,selected
Zenodo record 14590730 (RCAEval benchmark artifacts),RCAEval recursive service-fault CSV windows,RE1/RE1-SS/carts_delay/3/data.csv,metrics,3547786,selected
Zenodo record 14590730 (RCAEval benchmark artifacts),RCAEval recursive service-fault CSV windows,RE1/RE1-SS/carts_delay/3/simple_data.csv,metrics,566761,selected
Zenodo record 14590730 (RCAEval benchmark artifacts),RCAEval recursive service-fault CSV windows,RE1/RE1-SS/carts_delay/4/data.csv,metrics,3504019,selected
Zenodo record 14590730 (RCAEval benchmark artifacts),RCAEval recursive service-fault CSV windows,RE1/RE1-SS/carts_delay/4/simple_data.csv,metrics,548622,selected
Zenodo record 14590730 (RCAEval benchmark artifacts),RCAEval recursive service-fault CSV windows,RE1/RE1-SS/carts_delay/5/data.csv,metrics,3539962,selected
Zenodo record 14590730 (RCAEval benchmark artifacts),RCAEval recursive service-fault CSV windows,RE1/RE1-SS/carts_delay/5/simple_data.csv,metrics,567534,selected
Zenodo record 14590730 (RCAEval benchmark artifacts),RCAEval recursive service-fault CSV windows,RE1/RE1-SS/carts_disk/1/data.csv,metrics,3383247,selected
Zenodo record 14590730 (RCAEval benchmark artifacts),RCAEval recursive service-fault CSV windows,RE1/RE1-SS/carts_disk/1/simple_data.csv,metrics,561862,selected
Zenodo record 14590730 (RCAEval benchmark artifacts),RCAEval recursive service-fault CSV windows,RE1/RE1-SS/carts_disk/2/data.csv,metrics,3371266,selected
Zenodo record 14590730 (RCAEval benchmark artifacts),RCAEval recursive service-fault CSV windows,RE1/RE1-SS/carts_disk/2/simple_data.csv,metrics,561356,selected
Zenodo record 14590730 (RCAEval benchmark artifacts),RCAEval recursive service-fault CSV windows,RE1/RE1-SS/carts_disk/3/data.csv,metrics,3374591,selected
Zenodo record 14590730 (RCAEval benchmark artifacts),RCAEval recursive service-fault CSV windows,RE1/RE1-SS/carts_disk/3/simple_data.csv,metrics,553564,selected
Zenodo record 14590730 (RCAEval benchmark artifacts),RCAEval recursive service-fault CSV windows,RE1/RE1-SS/carts_disk/4/data.csv,metrics,3370807,selected
Zenodo record 14590730 (RCAEval benchmark artifacts),RCAEval recursive service-fault CSV windows,RE1/RE1-SS/carts_disk/4/simple_data.csv,metrics,561375,selected
Zenodo record 14590730 (RCAEval benchmark artifacts),RCAEval recursive service-fault CSV windows,RE1/RE1-SS/carts_disk/5/data.csv,metrics,3389324,selected
Zenodo record 14590730 (RCAEval benchmark artifacts),RCAEval recursive service-fault CSV windows,RE1/RE1-SS/carts_disk/5/simple_data.csv,metrics,562870,selected
Zenodo record 14590730 (RCAEval benchmark artifacts),RCAEval recursive service-fault CSV windows,RE1/RE1-SS/carts_loss/1/data.csv,metrics,3559504,selected
Zenodo record 14590730 (RCAEval benchmark artifacts),RCAEval recursive service-fault CSV windows,RE1/RE1-SS/carts_loss/1/simple_data.csv,metrics,578889,selected
Zenodo record 14590730 (RCAEval benchmark artifacts),RCAEval recursive service-fault CSV windows,RE1/RE1-SS/carts_loss/2/data.csv,metrics,3531682,selected
Zenodo record 14590730 (RCAEval benchmark artifacts),RCAEval recursive service-fault CSV windows,RE1/RE1-SS/carts_loss/2/simple_data.csv,metrics,561892,selected
Zenodo record 14590730 (RCAEval benchmark artifacts),RCAEval recursive service-fault CSV windows,RE1/RE1-SS/carts_loss/3/data.csv,metrics,3554157,selected
Zenodo record 14590730 (RCAEval benchmark artifacts),RCAEval recursive service-fault CSV windows,RE1/RE1-SS/carts_loss/3/simple_data.csv,metrics,572197,selected
Zenodo record 14590730 (RCAEval benchmark artifacts),RCAEval recursive service-fault CSV windows,RE1/RE1-SS/carts_loss/4/data.csv,metrics,3513255,selected
Zenodo record 14590730 (RCAEval benchmark artifacts),RCAEval recursive service-fault CSV windows,RE1/RE1-SS/carts_loss/4/simple_data.csv,metrics,562473,selected
Zenodo record 14590730 (RCAEval benchmark artifacts),RCAEval recursive service-fault CSV windows,RE1/RE1-SS/carts_loss/5/data.csv,metrics,3523880,selected
Zenodo record 14590730 (RCAEval benchmark artifacts),RCAEval recursive service-fault CSV windows,RE1/RE1-SS/carts_loss/5/simple_data.csv,metrics,566033,selected
Zenodo record 14590730 (RCAEval benchmark artifacts),RCAEval recursive service-fault CSV windows,RE1/RE1-SS/carts_mem/1/data.csv,metrics,3540569,selected
Zenodo record 14590730 (RCAEval benchmark artifacts),RCAEval recursive service-fault CSV windows,RE1/RE1-SS/carts_mem/1/simple_data.csv,metrics,564111,selected
Zenodo record 14590730 (RCAEval benchmark artifacts),RCAEval recursive service-fault CSV windows,RE1/RE1-SS/carts_mem/2/data.csv,metrics,3529435,selected
Zenodo record 14590730 (RCAEval benchmark artifacts),RCAEval recursive service-fault CSV windows,RE1/RE1-SS/carts_mem/2/simple_data.csv,metrics,559903,selected
Zenodo record 14590730 (RCAEval benchmark artifacts),RCAEval recursive service-fault CSV windows,RE1/RE1-SS/carts_mem/3/data.csv,metrics,3520513,selected
Zenodo record 14590730 (RCAEval benchmark artifacts),RCAEval recursive service-fault CSV windows,RE1/RE1-SS/carts_mem/3/simple_data.csv,metrics,563438,selected
Zenodo record 14590730 (RCAEval benchmark artifacts),RCAEval recursive service-fault CSV windows,RE1/RE1-SS/carts_mem/4/data.csv,metrics,3546238,selected
Zenodo record 14590730 (RCAEval benchmark artifacts),RCAEval recursive service-fault CSV windows,RE1/RE1-SS/carts_mem/4/simple_data.csv,metrics,569103,selected
Zenodo record 14590730 (RCAEval benchmark artifacts),RCAEval recursive service-fault CSV windows,RE1/RE1-SS/carts_mem/5/data.csv,metrics,3536199,selected
Zenodo record 14590730 (RCAEval benchmark artifacts),RCAEval recursive service-fault CSV windows,RE1/RE1-SS/carts_mem/5/simple_data.csv,metrics,566827,selected
Zenodo record 14590730 (RCAEval benchmark artifacts),RCAEval recursive service-fault CSV windows,RE1/RE1-SS/catalogue_cpu/1/data.csv,metrics,3546726,selected
Zenodo record 14590730 (RCAEval benchmark artifacts),RCAEval recursive service-fault CSV windows,RE1/RE1-SS/catalogue_cpu/1/simple_data.csv,metrics,566742,selected
Zenodo record 14590730 (RCAEval benchmark artifacts),RCAEval recursive service-fault CSV windows,RE1/RE1-SS/catalogue_cpu/2/data.csv,metrics,3515048,selected
Zenodo record 14590730 (RCAEval benchmark artifacts),RCAEval recursive service-fault CSV windows,RE1/RE1-SS/catalogue_cpu/2/simple_data.csv,metrics,558380,selected
Zenodo record 14590730 (RCAEval benchmark artifacts),RCAEval recursive service-fault CSV windows,RE1/RE1-SS/catalogue_cpu/3/data.csv,metrics,3524237,selected
Zenodo record 14590730 (RCAEval benchmark artifacts),RCAEval recursive service-fault CSV windows,RE1/RE1-SS/catalogue_cpu/3/simple_data.csv,metrics,564299,selected
Zenodo record 14590730 (RCAEval benchmark artifacts),RCAEval recursive service-fault CSV windows,RE1/RE1-SS/catalogue_cpu/4/data.csv,metrics,3522322,selected
Zenodo record 14590730 (RCAEval benchmark artifacts),RCAEval recursive service-fault CSV windows,RE1/RE1-SS/catalogue_cpu/4/simple_data.csv,metrics,558258,selected
Zenodo record 14590730 (RCAEval benchmark artifacts),RCAEval recursive service-fault CSV windows,RE1/RE1-SS/catalogue_cpu/5/data.csv,metrics,3541754,selected
Zenodo record 14590730 (RCAEval benchmark artifacts),RCAEval recursive service-fault CSV windows,RE1/RE1-SS/catalogue_cpu/5/simple_data.csv,metrics,571236,selected
Zenodo record 14590730 (RCAEval benchmark artifacts),RCAEval recursive service-fault CSV windows,RE1/RE1-SS/catalogue_delay/1/data.csv,metrics,3528998,selected
Zenodo record 14590730 (RCAEval benchmark artifacts),RCAEval recursive service-fault CSV windows,RE1/RE1-SS/catalogue_delay/1/simple_data.csv,metrics,559255,selected
Zenodo record 14590730 (RCAEval benchmark artifacts),RCAEval recursive service-fault CSV windows,RE1/RE1-SS/catalogue_delay/2/data.csv,metrics,3538442,selected
Zenodo record 14590730 (RCAEval benchmark artifacts),RCAEval recursive service-fault CSV windows,RE1/RE1-SS/catalogue_delay/2/simple_data.csv,metrics,571093,selected
Zenodo record 14590730 (RCAEval benchmark artifacts),RCAEval recursive service-fault CSV windows,RE1/RE1-SS/catalogue_delay/3/data.csv,metrics,3546162,selected
Zenodo record 14590730 (RCAEval benchmark artifacts),RCAEval recursive service-fault CSV windows,RE1/RE1-SS/catalogue_delay/3/simple_data.csv,metrics,567791,selected
Zenodo record 14590730 (RCAEval benchmark artifacts),RCAEval recursive service-fault CSV windows,RE1/RE1-SS/catalogue_delay/4/data.csv,metrics,3551493,selected
Zenodo record 14590730 (RCAEval benchmark artifacts),RCAEval recursive service-fault CSV windows,RE1/RE1-SS/catalogue_delay/4/simple_data.csv,metrics,571714,selected
Zenodo record 14590730 (RCAEval benchmark artifacts),RCAEval recursive service-fault CSV windows,RE1/RE1-SS/catalogue_delay/5/data.csv,metrics,3536747,selected
Zenodo record 14590730 (RCAEval benchmark artifacts),RCAEval recursive service-fault CSV windows,RE1/RE1-SS/catalogue_delay/5/simple_data.csv,metrics,560884,selected
Zenodo record 14590730 (RCAEval benchmark artifacts),RCAEval recursive service-fault CSV windows,RE1/RE1-SS/catalogue_disk/1/data.csv,metrics,3380206,selected
Zenodo record 14590730 (RCAEval benchmark artifacts),RCAEval recursive service-fault CSV windows,RE1/RE1-SS/catalogue_disk/1/simple_data.csv,metrics,560491,selected
Zenodo record 14590730 (RCAEval benchmark artifacts),RCAEval recursive service-fault CSV windows,RE1/RE1-SS/catalogue_disk/2/data.csv,metrics,3385868,selected
Zenodo record 14590730 (RCAEval benchmark artifacts),RCAEval recursive service-fault CSV windows,RE1/RE1-SS/catalogue_disk/2/simple_data.csv,metrics,569126,selected
Zenodo record 14590730 (RCAEval benchmark artifacts),RCAEval recursive service-fault CSV windows,RE1/RE1-SS/catalogue_disk/3/data.csv,metrics,3135743,selected
Zenodo record 14590730 (RCAEval benchmark artifacts),RCAEval recursive service-fault CSV windows,RE1/RE1-SS/catalogue_disk/3/simple_data.csv,metrics,521458,selected
Zenodo record 14590730 (RCAEval benchmark artifacts),RCAEval recursive service-fault CSV windows,RE1/RE1-SS/catalogue_disk/4/data.csv,metrics,3118508,selected
Zenodo record 14590730 (RCAEval benchmark artifacts),RCAEval recursive service-fault CSV windows,RE1/RE1-SS/catalogue_disk/4/simple_data.csv,metrics,570446,selected
Zenodo record 14590730 (RCAEval benchmark artifacts),RCAEval recursive service-fault CSV windows,RE1/RE1-SS/catalogue_disk/5/data.csv,metrics,3394021,selected
Zenodo record 14590730 (RCAEval benchmark artifacts),RCAEval recursive service-fault CSV windows,RE1/RE1-SS/catalogue_disk/5/simple_data.csv,metrics,566002,selected
Zenodo record 14590730 (RCAEval benchmark artifacts),RCAEval recursive service-fault CSV windows,RE1/RE1-SS/catalogue_loss/1/data.csv,metrics,3546912,selected
Zenodo record 14590730 (RCAEval benchmark artifacts),RCAEval recursive service-fault CSV windows,RE1/RE1-SS/catalogue_loss/1/simple_data.csv,metrics,572849,selected
Zenodo record 14590730 (RCAEval benchmark artifacts),RCAEval recursive service-fault CSV windows,RE1/RE1-SS/catalogue_loss/2/data.csv,metrics,3534835,selected
Zenodo record 14590730 (RCAEval benchmark artifacts),RCAEval recursive service-fault CSV windows,RE1/RE1-SS/catalogue_loss/2/simple_data.csv,metrics,566105,selected
Zenodo record 14590730 (RCAEval benchmark artifacts),RCAEval recursive service-fault CSV windows,RE1/RE1-SS/catalogue_loss/3/data.csv,metrics,3527857,selected
Zenodo record 14590730 (RCAEval benchmark artifacts),RCAEval recursive service-fault CSV windows,RE1/RE1-SS/catalogue_loss/3/simple_data.csv,metrics,569659,selected
Zenodo record 14590730 (RCAEval benchmark artifacts),RCAEval recursive service-fault CSV windows,RE1/RE1-SS/catalogue_loss/4/data.csv,metrics,3533274,selected
Zenodo record 14590730 (RCAEval benchmark artifacts),RCAEval recursive service-fault CSV windows,RE1/RE1-SS/catalogue_loss/4/simple_data.csv,metrics,563199,selected
Zenodo record 14590730 (RCAEval benchmark artifacts),RCAEval recursive service-fault CSV windows,RE1/RE1-SS/catalogue_loss/5/data.csv,metrics,3532098,selected
Zenodo record 14590730 (RCAEval benchmark artifacts),RCAEval recursive service-fault CSV windows,RE1/RE1-SS/catalogue_loss/5/simple_data.csv,metrics,571646,selected
Zenodo record 14590730 (RCAEval benchmark artifacts),RCAEval recursive service-fault CSV windows,RE1/RE1-SS/catalogue_mem/1/data.csv,metrics,3530216,selected
Zenodo record 14590730 (RCAEval benchmark artifacts),RCAEval recursive service-fault CSV windows,RE1/RE1-SS/catalogue_mem/1/simple_data.csv,metrics,561895,selected
Zenodo record 14590730 (RCAEval benchmark artifacts),RCAEval recursive service-fault CSV windows,RE1/RE1-SS/catalogue_mem/2/data.csv,metrics,3535805,selected
Zenodo record 14590730 (RCAEval benchmark artifacts),RCAEval recursive service-fault CSV windows,RE1/RE1-SS/catalogue_mem/2/simple_data.csv,metrics,564302,selected
Zenodo record 14590730 (RCAEval benchmark artifacts),RCAEval recursive service-fault CSV windows,RE1/RE1-SS/catalogue_mem/3/data.csv,metrics,3554896,selected
Zenodo record 14590730 (RCAEval benchmark artifacts),RCAEval recursive service-fault CSV windows,RE1/RE1-SS/catalogue_mem/3/simple_data.csv,metrics,572861,selected
Zenodo record 14590730 (RCAEval benchmark artifacts),RCAEval recursive service-fault CSV windows,RE1/RE1-SS/catalogue_mem/4/data.csv,metrics,3518150,selected
Zenodo record 14590730 (RCAEval benchmark artifacts),RCAEval recursive service-fault CSV windows,RE1/RE1-SS/catalogue_mem/4/simple_data.csv,metrics,555912,selected
Zenodo record 14590730 (RCAEval benchmark artifacts),RCAEval recursive service-fault CSV windows,RE1/RE1-SS/catalogue_mem/5/data.csv,metrics,3548600,selected
Zenodo record 14590730 (RCAEval benchmark artifacts),RCAEval recursive service-fault CSV windows,RE1/RE1-SS/catalogue_mem/5/simple_data.csv,metrics,572659,selected
Zenodo record 14590730 (RCAEval benchmark artifacts),RCAEval recursive service-fault CSV windows,RE1/RE1-SS/orders_cpu/1/data.csv,metrics,3539298,selected
Zenodo record 14590730 (RCAEval benchmark artifacts),RCAEval recursive service-fault CSV windows,RE1/RE1-SS/orders_cpu/1/simple_data.csv,metrics,568774,selected
Zenodo record 14590730 (RCAEval benchmark artifacts),RCAEval recursive service-fault CSV windows,RE1/RE1-SS/orders_cpu/2/data.csv,metrics,3539029,selected
Zenodo record 14590730 (RCAEval benchmark artifacts),RCAEval recursive service-fault CSV windows,RE1/RE1-SS/orders_cpu/2/simple_data.csv,metrics,564442,selected
Zenodo record 14590730 (RCAEval benchmark artifacts),RCAEval recursive service-fault CSV windows,RE1/RE1-SS/orders_cpu/3/data.csv,metrics,3548349,selected
Zenodo record 14590730 (RCAEval benchmark artifacts),RCAEval recursive service-fault CSV windows,RE1/RE1-SS/orders_cpu/3/simple_data.csv,metrics,571472,selected
Zenodo record 14590730 (RCAEval benchmark artifacts),RCAEval recursive service-fault CSV windows,RE1/RE1-SS/orders_cpu/4/data.csv,metrics,3529035,selected
Zenodo record 14590730 (RCAEval benchmark artifacts),RCAEval recursive service-fault CSV windows,RE1/RE1-SS/orders_cpu/4/simple_data.csv,metrics,563115,selected
Zenodo record 14590730 (RCAEval benchmark artifacts),RCAEval recursive service-fault CSV windows,RE1/RE1-SS/orders_cpu/5/data.csv,metrics,3551799,selected
Zenodo record 14590730 (RCAEval benchmark artifacts),RCAEval recursive service-fault CSV windows,RE1/RE1-SS/orders_cpu/5/simple_data.csv,metrics,576044,selected
Zenodo record 14590730 (RCAEval benchmark artifacts),RCAEval recursive service-fault CSV windows,RE1/RE1-SS/orders_delay/1/data.csv,metrics,3503831,selected
Zenodo record 14590730 (RCAEval benchmark artifacts),RCAEval recursive service-fault CSV windows,RE1/RE1-SS/orders_delay/1/simple_data.csv,metrics,563696,selected
Zenodo record 14590730 (RCAEval benchmark artifacts),RCAEval recursive service-fault CSV windows,RE1/RE1-SS/orders_delay/2/data.csv,metrics,3483176,selected
Zenodo record 14590730 (RCAEval benchmark artifacts),RCAEval recursive service-fault CSV windows,RE1/RE1-SS/orders_delay/2/simple_data.csv,metrics,546270,selected
Zenodo record 14590730 (RCAEval benchmark artifacts),RCAEval recursive service-fault CSV windows,RE1/RE1-SS/orders_delay/3/data.csv,metrics,3508075,selected
Zenodo record 14590730 (RCAEval benchmark artifacts),RCAEval recursive service-fault CSV windows,RE1/RE1-SS/orders_delay/3/simple_data.csv,metrics,564793,selected
Zenodo record 14590730 (RCAEval benchmark artifacts),RCAEval recursive service-fault CSV windows,RE1/RE1-SS/orders_delay/4/data.csv,metrics,3496176,selected
Zenodo record 14590730 (RCAEval benchmark artifacts),RCAEval recursive service-fault CSV windows,RE1/RE1-SS/orders_delay/4/simple_data.csv,metrics,547766,selected
Zenodo record 14590730 (RCAEval benchmark artifacts),RCAEval recursive service-fault CSV windows,RE1/RE1-SS/orders_delay/5/data.csv,metrics,3509827,selected
Zenodo record 14590730 (RCAEval benchmark artifacts),RCAEval recursive service-fault CSV windows,RE1/RE1-SS/orders_delay/5/simple_data.csv,metrics,567757,selected
Zenodo record 14590730 (RCAEval benchmark artifacts),RCAEval recursive service-fault CSV windows,RE1/RE1-SS/orders_disk/1/data.csv,metrics,3386408,selected
Zenodo record 14590730 (RCAEval benchmark artifacts),RCAEval recursive service-fault CSV windows,RE1/RE1-SS/orders_disk/1/simple_data.csv,metrics,565318,selected
Zenodo record 14590730 (RCAEval benchmark artifacts),RCAEval recursive service-fault CSV windows,RE1/RE1-SS/orders_disk/2/data.csv,metrics,3398715,selected
Zenodo record 14590730 (RCAEval benchmark artifacts),RCAEval recursive service-fault CSV windows,RE1/RE1-SS/orders_disk/2/simple_data.csv,metrics,559249,selected
Zenodo record 14590730 (RCAEval benchmark artifacts),RCAEval recursive service-fault CSV windows,RE1/RE1-SS/orders_disk/3/data.csv,metrics,3389295,selected
Zenodo record 14590730 (RCAEval benchmark artifacts),RCAEval recursive service-fault CSV windows,RE1/RE1-SS/orders_disk/3/simple_data.csv,metrics,563827,selected
Zenodo record 14590730 (RCAEval benchmark artifacts),RCAEval recursive service-fault CSV windows,RE1/RE1-SS/orders_disk/4/data.csv,metrics,3397178,selected
Zenodo record 14590730 (RCAEval benchmark artifacts),RCAEval recursive service-fault CSV windows,RE1/RE1-SS/orders_disk/4/simple_data.csv,metrics,566787,selected
Zenodo record 14590730 (RCAEval benchmark artifacts),RCAEval recursive service-fault CSV windows,RE1/RE1-SS/orders_disk/5/data.csv,metrics,3384324,selected
Zenodo record 14590730 (RCAEval benchmark artifacts),RCAEval recursive service-fault CSV windows,RE1/RE1-SS/orders_disk/5/simple_data.csv,metrics,561572,selected
Zenodo record 14590730 (RCAEval benchmark artifacts),RCAEval recursive service-fault CSV windows,RE1/RE1-SS/orders_loss/1/data.csv,metrics,3556445,selected
Zenodo record 14590730 (RCAEval benchmark artifacts),RCAEval recursive service-fault CSV windows,RE1/RE1-SS/orders_loss/1/simple_data.csv,metrics,578671,selected
Zenodo record 14590730 (RCAEval benchmark artifacts),RCAEval recursive service-fault CSV windows,RE1/RE1-SS/orders_loss/2/data.csv,metrics,3539593,selected
Zenodo record 14590730 (RCAEval benchmark artifacts),RCAEval recursive service-fault CSV windows,RE1/RE1-SS/orders_loss/2/simple_data.csv,metrics,581935,selected
Zenodo record 14590730 (RCAEval benchmark artifacts),RCAEval recursive service-fault CSV windows,RE1/RE1-SS/orders_loss/3/data.csv,metrics,3559834,selected
Zenodo record 14590730 (RCAEval benchmark artifacts),RCAEval recursive service-fault CSV windows,RE1/RE1-SS/orders_loss/3/simple_data.csv,metrics,568740,selected
Zenodo record 14590730 (RCAEval benchmark artifacts),RCAEval recursive service-fault CSV windows,RE1/RE1-SS/orders_loss/4/data.csv,metrics,3520841,selected
Zenodo record 14590730 (RCAEval benchmark artifacts),RCAEval recursive service-fault CSV windows,RE1/RE1-SS/orders_loss/4/simple_data.csv,metrics,570330,selected
Zenodo record 14590730 (RCAEval benchmark artifacts),RCAEval recursive service-fault CSV windows,RE1/RE1-SS/orders_loss/5/data.csv,metrics,3530303,selected
Zenodo record 14590730 (RCAEval benchmark artifacts),RCAEval recursive service-fault CSV windows,RE1/RE1-SS/orders_loss/5/simple_data.csv,metrics,580664,selected
Zenodo record 14590730 (RCAEval benchmark artifacts),RCAEval recursive service-fault CSV windows,RE1/RE1-SS/orders_mem/1/data.csv,metrics,3532362,selected
Zenodo record 14590730 (RCAEval benchmark artifacts),RCAEval recursive service-fault CSV windows,RE1/RE1-SS/orders_mem/1/simple_data.csv,metrics,566156,selected
Zenodo record 14590730 (RCAEval benchmark artifacts),RCAEval recursive service-fault CSV windows,RE1/RE1-SS/orders_mem/2/data.csv,metrics,3539846,selected
Zenodo record 14590730 (RCAEval benchmark artifacts),RCAEval recursive service-fault CSV windows,RE1/RE1-SS/orders_mem/2/simple_data.csv,metrics,563845,selected
Zenodo record 14590730 (RCAEval benchmark artifacts),RCAEval recursive service-fault CSV windows,RE1/RE1-SS/orders_mem/3/data.csv,metrics,3544039,selected
Zenodo record 14590730 (RCAEval benchmark artifacts),RCAEval recursive service-fault CSV windows,RE1/RE1-SS/orders_mem/3/simple_data.csv,metrics,569236,selected
Zenodo record 14590730 (RCAEval benchmark artifacts),RCAEval recursive service-fault CSV windows,RE1/RE1-SS/orders_mem/4/data.csv,metrics,3533626,selected
Zenodo record 14590730 (RCAEval benchmark artifacts),RCAEval recursive service-fault CSV windows,RE1/RE1-SS/orders_mem/4/simple_data.csv,metrics,564292,selected
Zenodo record 14590730 (RCAEval benchmark artifacts),RCAEval recursive service-fault CSV windows,RE1/RE1-SS/orders_mem/5/data.csv,metrics,3522153,selected
Zenodo record 14590730 (RCAEval benchmark artifacts),RCAEval recursive service-fault CSV windows,RE1/RE1-SS/orders_mem/5/simple_data.csv,metrics,558805,selected
Zenodo record 14590730 (RCAEval benchmark artifacts),RCAEval recursive service-fault CSV windows,RE1/RE1-SS/payment_cpu/1/data.csv,metrics,3541576,selected
Zenodo record 14590730 (RCAEval benchmark artifacts),RCAEval recursive service-fault CSV windows,RE1/RE1-SS/payment_cpu/1/simple_data.csv,metrics,562861,selected
Zenodo record 14590730 (RCAEval benchmark artifacts),RCAEval recursive service-fault CSV windows,RE1/RE1-SS/payment_cpu/2/data.csv,metrics,3504856,selected
Zenodo record 14590730 (RCAEval benchmark artifacts),RCAEval recursive service-fault CSV windows,RE1/RE1-SS/payment_cpu/2/simple_data.csv,metrics,555279,selected
Zenodo record 14590730 (RCAEval benchmark artifacts),RCAEval recursive service-fault CSV windows,RE1/RE1-SS/payment_cpu/3/data.csv,metrics,3532384,selected
Zenodo record 14590730 (RCAEval benchmark artifacts),RCAEval recursive service-fault CSV windows,RE1/RE1-SS/payment_cpu/3/simple_data.csv,metrics,572096,selected
Zenodo record 14590730 (RCAEval benchmark artifacts),RCAEval recursive service-fault CSV windows,RE1/RE1-SS/payment_cpu/4/data.csv,metrics,3521471,selected
Zenodo record 14590730 (RCAEval benchmark artifacts),RCAEval recursive service-fault CSV windows,RE1/RE1-SS/payment_cpu/4/simple_data.csv,metrics,556626,selected
Zenodo record 14590730 (RCAEval benchmark artifacts),RCAEval recursive service-fault CSV windows,RE1/RE1-SS/payment_cpu/5/data.csv,metrics,3540416,selected
Zenodo record 14590730 (RCAEval benchmark artifacts),RCAEval recursive service-fault CSV windows,RE1/RE1-SS/payment_cpu/5/simple_data.csv,metrics,570821,selected
Zenodo record 14590730 (RCAEval benchmark artifacts),RCAEval recursive service-fault CSV windows,RE1/RE1-SS/payment_delay/1/data.csv,metrics,3514723,selected
Zenodo record 14590730 (RCAEval benchmark artifacts),RCAEval recursive service-fault CSV windows,RE1/RE1-SS/payment_delay/1/simple_data.csv,metrics,556776,selected
Zenodo record 14590730 (RCAEval benchmark artifacts),RCAEval recursive service-fault CSV windows,RE1/RE1-SS/payment_delay/2/data.csv,metrics,3513347,selected
Zenodo record 14590730 (RCAEval benchmark artifacts),RCAEval recursive service-fault CSV windows,RE1/RE1-SS/payment_delay/2/simple_data.csv,metrics,551823,selected
Zenodo record 14590730 (RCAEval benchmark artifacts),RCAEval recursive service-fault CSV windows,RE1/RE1-SS/payment_delay/3/data.csv,metrics,3525255,selected
Zenodo record 14590730 (RCAEval benchmark artifacts),RCAEval recursive service-fault CSV windows,RE1/RE1-SS/payment_delay/3/simple_data.csv,metrics,571481,selected
Zenodo record 14590730 (RCAEval benchmark artifacts),RCAEval recursive service-fault CSV windows,RE1/RE1-SS/payment_delay/4/data.csv,metrics,3520566,selected
Zenodo record 14590730 (RCAEval benchmark artifacts),RCAEval recursive service-fault CSV windows,RE1/RE1-SS/payment_delay/4/simple_data.csv,metrics,558722,selected
Zenodo record 14590730 (RCAEval benchmark artifacts),RCAEval recursive service-fault CSV windows,RE1/RE1-SS/payment_delay/5/data.csv,metrics,3530533,selected
Zenodo record 14590730 (RCAEval benchmark artifacts),RCAEval recursive service-fault CSV windows,RE1/RE1-SS/payment_delay/5/simple_data.csv,metrics,570308,selected
Zenodo record 14590730 (RCAEval benchmark artifacts),RCAEval recursive service-fault CSV windows,RE1/RE1-SS/payment_disk/1/data.csv,metrics,3381815,selected
Zenodo record 14590730 (RCAEval benchmark artifacts),RCAEval recursive service-fault CSV windows,RE1/RE1-SS/payment_disk/1/simple_data.csv,metrics,562466,selected
Zenodo record 14590730 (RCAEval benchmark artifacts),RCAEval recursive service-fault CSV windows,RE1/RE1-SS/payment_disk/2/data.csv,metrics,3390255,selected
Zenodo record 14590730 (RCAEval benchmark artifacts),RCAEval recursive service-fault CSV windows,RE1/RE1-SS/payment_disk/2/simple_data.csv,metrics,561787,selected
Zenodo record 14590730 (RCAEval benchmark artifacts),RCAEval recursive service-fault CSV windows,RE1/RE1-SS/payment_disk/3/data.csv,metrics,3342611,selected
Zenodo record 14590730 (RCAEval benchmark artifacts),RCAEval recursive service-fault CSV windows,RE1/RE1-SS/payment_disk/3/simple_data.csv,metrics,560404,selected
Zenodo record 14590730 (RCAEval benchmark artifacts),RCAEval recursive service-fault CSV windows,RE1/RE1-SS/payment_disk/4/data.csv,metrics,3382531,selected
Zenodo record 14590730 (RCAEval benchmark artifacts),RCAEval recursive service-fault CSV windows,RE1/RE1-SS/payment_disk/4/simple_data.csv,metrics,557803,selected
Zenodo record 14590730 (RCAEval benchmark artifacts),RCAEval recursive service-fault CSV windows,RE1/RE1-SS/payment_disk/5/data.csv,metrics,3396960,selected
Zenodo record 14590730 (RCAEval benchmark artifacts),RCAEval recursive service-fault CSV windows,RE1/RE1-SS/payment_disk/5/simple_data.csv,metrics,562258,selected
Zenodo record 14590730 (RCAEval benchmark artifacts),RCAEval recursive service-fault CSV windows,RE1/RE1-SS/payment_loss/1/data.csv,metrics,3533764,selected
Zenodo record 14590730 (RCAEval benchmark artifacts),RCAEval recursive service-fault CSV windows,RE1/RE1-SS/payment_loss/1/simple_data.csv,metrics,576214,selected
Zenodo record 14590730 (RCAEval benchmark artifacts),RCAEval recursive service-fault CSV windows,RE1/RE1-SS/payment_loss/2/data.csv,metrics,3547461,selected
Zenodo record 14590730 (RCAEval benchmark artifacts),RCAEval recursive service-fault CSV windows,RE1/RE1-SS/payment_loss/2/simple_data.csv,metrics,576865,selected
Zenodo record 14590730 (RCAEval benchmark artifacts),RCAEval recursive service-fault CSV windows,RE1/RE1-SS/payment_loss/3/data.csv,metrics,3507632,selected
Zenodo record 14590730 (RCAEval benchmark artifacts),RCAEval recursive service-fault CSV windows,RE1/RE1-SS/payment_loss/3/simple_data.csv,metrics,559646,selected
Zenodo record 14590730 (RCAEval benchmark artifacts),RCAEval recursive service-fault CSV windows,RE1/RE1-SS/payment_loss/4/data.csv,metrics,3551369,selected
Zenodo record 14590730 (RCAEval benchmark artifacts),RCAEval recursive service-fault CSV windows,RE1/RE1-SS/payment_loss/4/simple_data.csv,metrics,577944,selected
Zenodo record 14590730 (RCAEval benchmark artifacts),RCAEval recursive service-fault CSV windows,RE1/RE1-SS/payment_loss/5/data.csv,metrics,3539568,selected
Zenodo record 14590730 (RCAEval benchmark artifacts),RCAEval recursive service-fault CSV windows,RE1/RE1-SS/payment_loss/5/simple_data.csv,metrics,574463,selected
Zenodo record 14590730 (RCAEval benchmark artifacts),RCAEval recursive service-fault CSV windows,RE1/RE1-SS/payment_mem/1/data.csv,metrics,3567000,selected
Zenodo record 14590730 (RCAEval benchmark artifacts),RCAEval recursive service-fault CSV windows,RE1/RE1-SS/payment_mem/1/simple_data.csv,metrics,572566,selected
Zenodo record 14590730 (RCAEval benchmark artifacts),RCAEval recursive service-fault CSV windows,RE1/RE1-SS/payment_mem/2/data.csv,metrics,3521091,selected
Zenodo record 14590730 (RCAEval benchmark artifacts),RCAEval recursive service-fault CSV windows,RE1/RE1-SS/payment_mem/2/simple_data.csv,metrics,552923,selected
Zenodo record 14590730 (RCAEval benchmark artifacts),RCAEval recursive service-fault CSV windows,RE1/RE1-SS/payment_mem/3/data.csv,metrics,3544701,selected
Zenodo record 14590730 (RCAEval benchmark artifacts),RCAEval recursive service-fault CSV windows,RE1/RE1-SS/payment_mem/3/simple_data.csv,metrics,569816,selected
Zenodo record 14590730 (RCAEval benchmark artifacts),RCAEval recursive service-fault CSV windows,RE1/RE1-SS/payment_mem/4/data.csv,metrics,3540858,selected
Zenodo record 14590730 (RCAEval benchmark artifacts),RCAEval recursive service-fault CSV windows,RE1/RE1-SS/payment_mem/4/simple_data.csv,metrics,560078,selected
Zenodo record 14590730 (RCAEval benchmark artifacts),RCAEval recursive service-fault CSV windows,RE1/RE1-SS/payment_mem/5/data.csv,metrics,3547205,selected
Zenodo record 14590730 (RCAEval benchmark artifacts),RCAEval recursive service-fault CSV windows,RE1/RE1-SS/payment_mem/5/simple_data.csv,metrics,568670,selected
Zenodo record 14590730 (RCAEval benchmark artifacts),RCAEval recursive service-fault CSV windows,RE1/RE1-SS/user_cpu/1/data.csv,metrics,3532162,selected
Zenodo record 14590730 (RCAEval benchmark artifacts),RCAEval recursive service-fault CSV windows,RE1/RE1-SS/user_cpu/1/simple_data.csv,metrics,560719,selected
Zenodo record 14590730 (RCAEval benchmark artifacts),RCAEval recursive service-fault CSV windows,RE1/RE1-SS/user_cpu/2/data.csv,metrics,3528797,selected
Zenodo record 14590730 (RCAEval benchmark artifacts),RCAEval recursive service-fault CSV windows,RE1/RE1-SS/user_cpu/2/simple_data.csv,metrics,565404,selected
Zenodo record 14590730 (RCAEval benchmark artifacts),RCAEval recursive service-fault CSV windows,RE1/RE1-SS/user_cpu/3/data.csv,metrics,3535284,selected
Zenodo record 14590730 (RCAEval benchmark artifacts),RCAEval recursive service-fault CSV windows,RE1/RE1-SS/user_cpu/3/simple_data.csv,metrics,575878,selected
Zenodo record 14590730 (RCAEval benchmark artifacts),RCAEval recursive service-fault CSV windows,RE1/RE1-SS/user_cpu/4/data.csv,metrics,3548887,selected
Zenodo record 14590730 (RCAEval benchmark artifacts),RCAEval recursive service-fault CSV windows,RE1/RE1-SS/user_cpu/4/simple_data.csv,metrics,573425,selected
Zenodo record 14590730 (RCAEval benchmark artifacts),RCAEval recursive service-fault CSV windows,RE1/RE1-SS/user_cpu/5/data.csv,metrics,3518987,selected
Zenodo record 14590730 (RCAEval benchmark artifacts),RCAEval recursive service-fault CSV windows,RE1/RE1-SS/user_cpu/5/simple_data.csv,metrics,558565,selected
Zenodo record 14590730 (RCAEval benchmark artifacts),RCAEval recursive service-fault CSV windows,RE1/RE1-SS/user_delay/1/data.csv,metrics,3547497,selected
Zenodo record 14590730 (RCAEval benchmark artifacts),RCAEval recursive service-fault CSV windows,RE1/RE1-SS/user_delay/1/simple_data.csv,metrics,572912,selected
Zenodo record 14590730 (RCAEval benchmark artifacts),RCAEval recursive service-fault CSV windows,RE1/RE1-SS/user_delay/2/data.csv,metrics,3522264,selected
Zenodo record 14590730 (RCAEval benchmark artifacts),RCAEval recursive service-fault CSV windows,RE1/RE1-SS/user_delay/2/simple_data.csv,metrics,556143,selected
Zenodo record 14590730 (RCAEval benchmark artifacts),RCAEval recursive service-fault CSV windows,RE1/RE1-SS/user_delay/3/data.csv,metrics,3533861,selected
Zenodo record 14590730 (RCAEval benchmark artifacts),RCAEval recursive service-fault CSV windows,RE1/RE1-SS/user_delay/3/simple_data.csv,metrics,567840,selected
Zenodo record 14590730 (RCAEval benchmark artifacts),RCAEval recursive service-fault CSV windows,RE1/RE1-SS/user_delay/4/data.csv,metrics,3514244,selected
Zenodo record 14590730 (RCAEval benchmark artifacts),RCAEval recursive service-fault CSV windows,RE1/RE1-SS/user_delay/4/simple_data.csv,metrics,560889,selected
Zenodo record 14590730 (RCAEval benchmark artifacts),RCAEval recursive service-fault CSV windows,RE1/RE1-SS/user_delay/5/data.csv,metrics,3538581,selected
Zenodo record 14590730 (RCAEval benchmark artifacts),RCAEval recursive service-fault CSV windows,RE1/RE1-SS/user_delay/5/simple_data.csv,metrics,571141,selected
Zenodo record 14590730 (RCAEval benchmark artifacts),RCAEval recursive service-fault CSV windows,RE1/RE1-SS/user_disk/1/data.csv,metrics,3396866,selected
Zenodo record 14590730 (RCAEval benchmark artifacts),RCAEval recursive service-fault CSV windows,RE1/RE1-SS/user_disk/1/simple_data.csv,metrics,562552,selected
Zenodo record 14590730 (RCAEval benchmark artifacts),RCAEval recursive service-fault CSV windows,RE1/RE1-SS/user_disk/2/data.csv,metrics,3402925,selected
Zenodo record 14590730 (RCAEval benchmark artifacts),RCAEval recursive service-fault CSV windows,RE1/RE1-SS/user_disk/2/simple_data.csv,metrics,564054,selected
Zenodo record 14590730 (RCAEval benchmark artifacts),RCAEval recursive service-fault CSV windows,RE1/RE1-SS/user_disk/3/data.csv,metrics,3403385,selected
Zenodo record 14590730 (RCAEval benchmark artifacts),RCAEval recursive service-fault CSV windows,RE1/RE1-SS/user_disk/3/simple_data.csv,metrics,558672,selected
Zenodo record 14590730 (RCAEval benchmark artifacts),RCAEval recursive service-fault CSV windows,RE1/RE1-SS/user_disk/4/data.csv,metrics,3401620,selected
Zenodo record 14590730 (RCAEval benchmark artifacts),RCAEval recursive service-fault CSV windows,RE1/RE1-SS/user_disk/4/simple_data.csv,metrics,559808,selected
Zenodo record 14590730 (RCAEval benchmark artifacts),RCAEval recursive service-fault CSV windows,RE1/RE1-SS/user_disk/5/data.csv,metrics,3411593,selected
Zenodo record 14590730 (RCAEval benchmark artifacts),RCAEval recursive service-fault CSV windows,RE1/RE1-SS/user_disk/5/simple_data.csv,metrics,566954,selected
Zenodo record 14590730 (RCAEval benchmark artifacts),RCAEval recursive service-fault CSV windows,RE1/RE1-SS/user_loss/1/data.csv,metrics,3540900,selected
Zenodo record 14590730 (RCAEval benchmark artifacts),RCAEval recursive service-fault CSV windows,RE1/RE1-SS/user_loss/1/simple_data.csv,metrics,579452,selected
Zenodo record 14590730 (RCAEval benchmark artifacts),RCAEval recursive service-fault CSV windows,RE1/RE1-SS/user_loss/2/data.csv,metrics,3508079,selected
Zenodo record 14590730 (RCAEval benchmark artifacts),RCAEval recursive service-fault CSV windows,RE1/RE1-SS/user_loss/2/simple_data.csv,metrics,559638,selected
Zenodo record 14590730 (RCAEval benchmark artifacts),RCAEval recursive service-fault CSV windows,RE1/RE1-SS/user_loss/3/data.csv,metrics,3537960,selected
Zenodo record 14590730 (RCAEval benchmark artifacts),RCAEval recursive service-fault CSV windows,RE1/RE1-SS/user_loss/3/simple_data.csv,metrics,571826,selected
Zenodo record 14590730 (RCAEval benchmark artifacts),RCAEval recursive service-fault CSV windows,RE1/RE1-SS/user_loss/4/data.csv,metrics,3537218,selected
Zenodo record 14590730 (RCAEval benchmark artifacts),RCAEval recursive service-fault CSV windows,RE1/RE1-SS/user_loss/4/simple_data.csv,metrics,567519,selected
Zenodo record 14590730 (RCAEval benchmark artifacts),RCAEval recursive service-fault CSV windows,RE1/RE1-SS/user_loss/5/data.csv,metrics,3537666,selected
Zenodo record 14590730 (RCAEval benchmark artifacts),RCAEval recursive service-fault CSV windows,RE1/RE1-SS/user_loss/5/simple_data.csv,metrics,579407,selected
Zenodo record 14590730 (RCAEval benchmark artifacts),RCAEval recursive service-fault CSV windows,RE1/RE1-SS/user_mem/1/data.csv,metrics,3131041,selected
Zenodo record 14590730 (RCAEval benchmark artifacts),RCAEval recursive service-fault CSV windows,RE1/RE1-SS/user_mem/1/simple_data.csv,metrics,494337,selected
Zenodo record 14590730 (RCAEval benchmark artifacts),RCAEval recursive service-fault CSV windows,RE1/RE1-SS/user_mem/2/data.csv,metrics,3539288,selected
Zenodo record 14590730 (RCAEval benchmark artifacts),RCAEval recursive service-fault CSV windows,RE1/RE1-SS/user_mem/2/simple_data.csv,metrics,570879,selected
Zenodo record 14590730 (RCAEval benchmark artifacts),RCAEval recursive service-fault CSV windows,RE1/RE1-SS/user_mem/3/data.csv,metrics,3575085,selected
Zenodo record 14590730 (RCAEval benchmark artifacts),RCAEval recursive service-fault CSV windows,RE1/RE1-SS/user_mem/3/simple_data.csv,metrics,563874,selected
Zenodo record 14590730 (RCAEval benchmark artifacts),RCAEval recursive service-fault CSV windows,RE1/RE1-SS/user_mem/4/data.csv,metrics,3549508,selected
Zenodo record 14590730 (RCAEval benchmark artifacts),RCAEval recursive service-fault CSV windows,RE1/RE1-SS/user_mem/4/simple_data.csv,metrics,564924,selected
Zenodo record 14590730 (RCAEval benchmark artifacts),RCAEval recursive service-fault CSV windows,RE1/RE1-SS/user_mem/5/data.csv,metrics,3492862,selected
Zenodo record 14590730 (RCAEval benchmark artifacts),RCAEval recursive service-fault CSV windows,RE1/RE1-SS/user_mem/5/simple_data.csv,metrics,566421,selected
Zenodo record 14590730 (RCAEval benchmark artifacts),RCAEval recursive service-fault CSV windows,RE1/RE1-TT/ts-auth-service_cpu/1/data.csv,metrics,12776238,selected
Zenodo record 14590730 (RCAEval benchmark artifacts),RCAEval recursive service-fault CSV windows,RE1/RE1-TT/ts-auth-service_cpu/1/simple_data.csv,metrics,2820197,selected
Zenodo record 14590730 (RCAEval benchmark artifacts),RCAEval recursive service-fault CSV windows,RE1/RE1-TT/ts-auth-service_cpu/2/data.csv,metrics,12975490,selected
Zenodo record 14590730 (RCAEval benchmark artifacts),RCAEval recursive service-fault CSV windows,RE1/RE1-TT/ts-auth-service_cpu/2/simple_data.csv,metrics,2891154,selected
Zenodo record 14590730 (RCAEval benchmark artifacts),RCAEval recursive service-fault CSV windows,RE1/RE1-TT/ts-auth-service_cpu/3/data.csv,metrics,12635434,selected
Zenodo record 14590730 (RCAEval benchmark artifacts),RCAEval recursive service-fault CSV windows,RE1/RE1-TT/ts-auth-service_cpu/3/simple_data.csv,metrics,2797189,selected
Zenodo record 14590730 (RCAEval benchmark artifacts),RCAEval recursive service-fault CSV windows,RE1/RE1-TT/ts-auth-service_cpu/4/data.csv,metrics,11885037,selected
Zenodo record 14590730 (RCAEval benchmark artifacts),RCAEval recursive service-fault CSV windows,RE1/RE1-TT/ts-auth-service_cpu/4/simple_data.csv,metrics,2630468,selected
Zenodo record 14590730 (RCAEval benchmark artifacts),RCAEval recursive service-fault CSV windows,RE1/RE1-TT/ts-auth-service_cpu/5/data.csv,metrics,11868135,selected
Zenodo record 14590730 (RCAEval benchmark artifacts),RCAEval recursive service-fault CSV windows,RE1/RE1-TT/ts-auth-service_cpu/5/simple_data.csv,metrics,2624090,selected
Zenodo record 14590730 (RCAEval benchmark artifacts),RCAEval recursive service-fault CSV windows,RE1/RE1-TT/ts-auth-service_delay/1/data.csv,metrics,12798571,selected
Zenodo record 14590730 (RCAEval benchmark artifacts),RCAEval recursive service-fault CSV windows,RE1/RE1-TT/ts-auth-service_delay/1/simple_data.csv,metrics,2830409,selected
Zenodo record 14590730 (RCAEval benchmark artifacts),RCAEval recursive service-fault CSV windows,RE1/RE1-TT/ts-auth-service_delay/2/data.csv,metrics,12670438,selected
Zenodo record 14590730 (RCAEval benchmark artifacts),RCAEval recursive service-fault CSV windows,RE1/RE1-TT/ts-auth-service_delay/2/simple_data.csv,metrics,2794696,selected
Zenodo record 14590730 (RCAEval benchmark artifacts),RCAEval recursive service-fault CSV windows,RE1/RE1-TT/ts-auth-service_delay/3/data.csv,metrics,12589889,selected
Zenodo record 14590730 (RCAEval benchmark artifacts),RCAEval recursive service-fault CSV windows,RE1/RE1-TT/ts-auth-service_delay/3/simple_data.csv,metrics,2802008,selected
Zenodo record 14590730 (RCAEval benchmark artifacts),RCAEval recursive service-fault CSV windows,RE1/RE1-TT/ts-auth-service_delay/4/data.csv,metrics,11894689,selected
Zenodo record 14590730 (RCAEval benchmark artifacts),RCAEval recursive service-fault CSV windows,RE1/RE1-TT/ts-auth-service_delay/4/simple_data.csv,metrics,2638376,selected
Zenodo record 14590730 (RCAEval benchmark artifacts),RCAEval recursive service-fault CSV windows,RE1/RE1-TT/ts-auth-service_delay/5/data.csv,metrics,11871547,selected
Zenodo record 14590730 (RCAEval benchmark artifacts),RCAEval recursive service-fault CSV windows,RE1/RE1-TT/ts-auth-service_delay/5/simple_data.csv,metrics,2640572,selected
Zenodo record 14590730 (RCAEval benchmark artifacts),RCAEval recursive service-fault CSV windows,RE1/RE1-TT/ts-auth-service_disk/1/data.csv,metrics,12890637,selected
Zenodo record 14590730 (RCAEval benchmark artifacts),RCAEval recursive service-fault CSV windows,RE1/RE1-TT/ts-auth-service_disk/1/simple_data.csv,metrics,2196768,selected
Zenodo record 14590730 (RCAEval benchmark artifacts),RCAEval recursive service-fault CSV windows,RE1/RE1-TT/ts-auth-service_disk/2/data.csv,metrics,12984781,selected
Zenodo record 14590730 (RCAEval benchmark artifacts),RCAEval recursive service-fault CSV windows,RE1/RE1-TT/ts-auth-service_disk/2/simple_data.csv,metrics,2217358,selected
Zenodo record 14590730 (RCAEval benchmark artifacts),RCAEval recursive service-fault CSV windows,RE1/RE1-TT/ts-auth-service_disk/3/data.csv,metrics,12972490,selected
Zenodo record 14590730 (RCAEval benchmark artifacts),RCAEval recursive service-fault CSV windows,RE1/RE1-TT/ts-auth-service_disk/3/simple_data.csv,metrics,2218777,selected
Zenodo record 14590730 (RCAEval benchmark artifacts),RCAEval recursive service-fault CSV windows,RE1/RE1-TT/ts-auth-service_disk/4/data.csv,metrics,13054231,selected
Zenodo record 14590730 (RCAEval benchmark artifacts),RCAEval recursive service-fault CSV windows,RE1/RE1-TT/ts-auth-service_disk/4/simple_data.csv,metrics,2229735,selected
Zenodo record 14590730 (RCAEval benchmark artifacts),RCAEval recursive service-fault CSV windows,RE1/RE1-TT/ts-auth-service_disk/5/data.csv,metrics,12853257,selected
Zenodo record 14590730 (RCAEval benchmark artifacts),RCAEval recursive service-fault CSV windows,RE1/RE1-TT/ts-auth-service_disk/5/simple_data.csv,metrics,2194960,selected
Zenodo record 14590730 (RCAEval benchmark artifacts),RCAEval recursive service-fault CSV windows,RE1/RE1-TT/ts-auth-service_loss/1/data.csv,metrics,12768144,selected
Zenodo record 14590730 (RCAEval benchmark artifacts),RCAEval recursive service-fault CSV windows,RE1/RE1-TT/ts-auth-service_loss/1/simple_data.csv,metrics,2846591,selected
Zenodo record 14590730 (RCAEval benchmark artifacts),RCAEval recursive service-fault CSV windows,RE1/RE1-TT/ts-auth-service_loss/2/data.csv,metrics,12710275,selected
Zenodo record 14590730 (RCAEval benchmark artifacts),RCAEval recursive service-fault CSV windows,RE1/RE1-TT/ts-auth-service_loss/2/simple_data.csv,metrics,2809264,selected
Zenodo record 14590730 (RCAEval benchmark artifacts),RCAEval recursive service-fault CSV windows,RE1/RE1-TT/ts-auth-service_loss/3/data.csv,metrics,12634538,selected
Zenodo record 14590730 (RCAEval benchmark artifacts),RCAEval recursive service-fault CSV windows,RE1/RE1-TT/ts-auth-service_loss/3/simple_data.csv,metrics,2790442,selected
Zenodo record 14590730 (RCAEval benchmark artifacts),RCAEval recursive service-fault CSV windows,RE1/RE1-TT/ts-auth-service_loss/4/data.csv,metrics,12073409,selected
Zenodo record 14590730 (RCAEval benchmark artifacts),RCAEval recursive service-fault CSV windows,RE1/RE1-TT/ts-auth-service_loss/4/simple_data.csv,metrics,2648449,selected
Zenodo record 14590730 (RCAEval benchmark artifacts),RCAEval recursive service-fault CSV windows,RE1/RE1-TT/ts-auth-service_loss/5/data.csv,metrics,12008022,selected
Zenodo record 14590730 (RCAEval benchmark artifacts),RCAEval recursive service-fault CSV windows,RE1/RE1-TT/ts-auth-service_loss/5/simple_data.csv,metrics,2642517,selected
Zenodo record 14590730 (RCAEval benchmark artifacts),RCAEval recursive service-fault CSV windows,RE1/RE1-TT/ts-auth-service_mem/1/data.csv,metrics,12756884,selected
Zenodo record 14590730 (RCAEval benchmark artifacts),RCAEval recursive service-fault CSV windows,RE1/RE1-TT/ts-auth-service_mem/1/simple_data.csv,metrics,2824909,selected
Zenodo record 14590730 (RCAEval benchmark artifacts),RCAEval recursive service-fault CSV windows,RE1/RE1-TT/ts-auth-service_mem/2/data.csv,metrics,11992588,selected
Zenodo record 14590730 (RCAEval benchmark artifacts),RCAEval recursive service-fault CSV windows,RE1/RE1-TT/ts-auth-service_mem/2/simple_data.csv,metrics,2626987,selected
Zenodo record 14590730 (RCAEval benchmark artifacts),RCAEval recursive service-fault CSV windows,RE1/RE1-TT/ts-auth-service_mem/3/data.csv,metrics,12609267,selected
Zenodo record 14590730 (RCAEval benchmark artifacts),RCAEval recursive service-fault CSV windows,RE1/RE1-TT/ts-auth-service_mem/3/simple_data.csv,metrics,2808508,selected
Zenodo record 14590730 (RCAEval benchmark artifacts),RCAEval recursive service-fault CSV windows,RE1/RE1-TT/ts-auth-service_mem/4/data.csv,metrics,12083436,selected
Zenodo record 14590730 (RCAEval benchmark artifacts),RCAEval recursive service-fault CSV windows,RE1/RE1-TT/ts-auth-service_mem/4/simple_data.csv,metrics,2649534,selected
Zenodo record 14590730 (RCAEval benchmark artifacts),RCAEval recursive service-fault CSV windows,RE1/RE1-TT/ts-auth-service_mem/5/data.csv,metrics,11975042,selected
Zenodo record 14590730 (RCAEval benchmark artifacts),RCAEval recursive service-fault CSV windows,RE1/RE1-TT/ts-auth-service_mem/5/simple_data.csv,metrics,2627919,selected
Zenodo record 14590730 (RCAEval benchmark artifacts),RCAEval recursive service-fault CSV windows,RE1/RE1-TT/ts-order-service_cpu/1/data.csv,metrics,12913414,selected
Zenodo record 14590730 (RCAEval benchmark artifacts),RCAEval recursive service-fault CSV windows,RE1/RE1-TT/ts-order-service_cpu/1/simple_data.csv,metrics,2863005,selected
Zenodo record 14590730 (RCAEval benchmark artifacts),RCAEval recursive service-fault CSV windows,RE1/RE1-TT/ts-order-service_cpu/2/data.csv,metrics,12546424,selected
Zenodo record 14590730 (RCAEval benchmark artifacts),RCAEval recursive service-fault CSV windows,RE1/RE1-TT/ts-order-service_cpu/2/simple_data.csv,metrics,2757170,selected
Zenodo record 14590730 (RCAEval benchmark artifacts),RCAEval recursive service-fault CSV windows,RE1/RE1-TT/ts-order-service_cpu/3/data.csv,metrics,11938919,selected
Zenodo record 14590730 (RCAEval benchmark artifacts),RCAEval recursive service-fault CSV windows,RE1/RE1-TT/ts-order-service_cpu/3/simple_data.csv,metrics,2631853,selected
Zenodo record 14590730 (RCAEval benchmark artifacts),RCAEval recursive service-fault CSV windows,RE1/RE1-TT/ts-order-service_cpu/4/data.csv,metrics,11984885,selected
Zenodo record 14590730 (RCAEval benchmark artifacts),RCAEval recursive service-fault CSV windows,RE1/RE1-TT/ts-order-service_cpu/4/simple_data.csv,metrics,2637222,selected
Zenodo record 14590730 (RCAEval benchmark artifacts),RCAEval recursive service-fault CSV windows,RE1/RE1-TT/ts-order-service_cpu/5/data.csv,metrics,11981937,selected
Zenodo record 14590730 (RCAEval benchmark artifacts),RCAEval recursive service-fault CSV windows,RE1/RE1-TT/ts-order-service_cpu/5/simple_data.csv,metrics,2647349,selected
Zenodo record 14590730 (RCAEval benchmark artifacts),RCAEval recursive service-fault CSV windows,RE1/RE1-TT/ts-order-service_delay/1/data.csv,metrics,12859683,selected
Zenodo record 14590730 (RCAEval benchmark artifacts),RCAEval recursive service-fault CSV windows,RE1/RE1-TT/ts-order-service_delay/1/simple_data.csv,metrics,2855500,selected
Zenodo record 14590730 (RCAEval benchmark artifacts),RCAEval recursive service-fault CSV windows,RE1/RE1-TT/ts-order-service_delay/2/data.csv,metrics,12562025,selected
Zenodo record 14590730 (RCAEval benchmark artifacts),RCAEval recursive service-fault CSV windows,RE1/RE1-TT/ts-order-service_delay/2/simple_data.csv,metrics,2778992,selected
Zenodo record 14590730 (RCAEval benchmark artifacts),RCAEval recursive service-fault CSV windows,RE1/RE1-TT/ts-order-service_delay/3/data.csv,metrics,11951713,selected
Zenodo record 14590730 (RCAEval benchmark artifacts),RCAEval recursive service-fault CSV windows,RE1/RE1-TT/ts-order-service_delay/3/simple_data.csv,metrics,2652003,selected
Zenodo record 14590730 (RCAEval benchmark artifacts),RCAEval recursive service-fault CSV windows,RE1/RE1-TT/ts-order-service_delay/4/data.csv,metrics,11965421,selected
Zenodo record 14590730 (RCAEval benchmark artifacts),RCAEval recursive service-fault CSV windows,RE1/RE1-TT/ts-order-service_delay/4/simple_data.csv,metrics,2641237,selected
Zenodo record 14590730 (RCAEval benchmark artifacts),RCAEval recursive service-fault CSV windows,RE1/RE1-TT/ts-order-service_delay/5/data.csv,metrics,11938727,selected
Zenodo record 14590730 (RCAEval benchmark artifacts),RCAEval recursive service-fault CSV windows,RE1/RE1-TT/ts-order-service_delay/5/simple_data.csv,metrics,2640147,selected
Zenodo record 14590730 (RCAEval benchmark artifacts),RCAEval recursive service-fault CSV windows,RE1/RE1-TT/ts-order-service_disk/1/data.csv,metrics,13051749,selected
Zenodo record 14590730 (RCAEval benchmark artifacts),RCAEval recursive service-fault CSV windows,RE1/RE1-TT/ts-order-service_disk/1/simple_data.csv,metrics,2226913,selected
Zenodo record 14590730 (RCAEval benchmark artifacts),RCAEval recursive service-fault CSV windows,RE1/RE1-TT/ts-order-service_disk/2/data.csv,metrics,12911020,selected
Zenodo record 14590730 (RCAEval benchmark artifacts),RCAEval recursive service-fault CSV windows,RE1/RE1-TT/ts-order-service_disk/2/simple_data.csv,metrics,2217808,selected
Zenodo record 14590730 (RCAEval benchmark artifacts),RCAEval recursive service-fault CSV windows,RE1/RE1-TT/ts-order-service_disk/3/data.csv,metrics,13047544,selected
Zenodo record 14590730 (RCAEval benchmark artifacts),RCAEval recursive service-fault CSV windows,RE1/RE1-TT/ts-order-service_disk/3/simple_data.csv,metrics,2235887,selected
Zenodo record 14590730 (RCAEval benchmark artifacts),RCAEval recursive service-fault CSV windows,RE1/RE1-TT/ts-order-service_disk/4/data.csv,metrics,12915015,selected
Zenodo record 14590730 (RCAEval benchmark artifacts),RCAEval recursive service-fault CSV windows,RE1/RE1-TT/ts-order-service_disk/4/simple_data.csv,metrics,2207744,selected
Zenodo record 14590730 (RCAEval benchmark artifacts),RCAEval recursive service-fault CSV windows,RE1/RE1-TT/ts-order-service_disk/5/data.csv,metrics,13066160,selected
Zenodo record 14590730 (RCAEval benchmark artifacts),RCAEval recursive service-fault CSV windows,RE1/RE1-TT/ts-order-service_disk/5/simple_data.csv,metrics,2240392,selected
Zenodo record 14590730 (RCAEval benchmark artifacts),RCAEval recursive service-fault CSV windows,RE1/RE1-TT/ts-order-service_loss/1/data.csv,metrics,12833329,selected
Zenodo record 14590730 (RCAEval benchmark artifacts),RCAEval recursive service-fault CSV windows,RE1/RE1-TT/ts-order-service_loss/1/simple_data.csv,metrics,2876861,selected
Zenodo record 14590730 (RCAEval benchmark artifacts),RCAEval recursive service-fault CSV windows,RE1/RE1-TT/ts-order-service_loss/2/data.csv,metrics,12684971,selected
Zenodo record 14590730 (RCAEval benchmark artifacts),RCAEval recursive service-fault CSV windows,RE1/RE1-TT/ts-order-service_loss/2/simple_data.csv,metrics,2814900,selected
Zenodo record 14590730 (RCAEval benchmark artifacts),RCAEval recursive service-fault CSV windows,RE1/RE1-TT/ts-order-service_loss/3/data.csv,metrics,11961804,selected
Zenodo record 14590730 (RCAEval benchmark artifacts),RCAEval recursive service-fault CSV windows,RE1/RE1-TT/ts-order-service_loss/3/simple_data.csv,metrics,2634632,selected
Zenodo record 14590730 (RCAEval benchmark artifacts),RCAEval recursive service-fault CSV windows,RE1/RE1-TT/ts-order-service_loss/4/data.csv,metrics,12051953,selected
Zenodo record 14590730 (RCAEval benchmark artifacts),RCAEval recursive service-fault CSV windows,RE1/RE1-TT/ts-order-service_loss/4/simple_data.csv,metrics,2656698,selected
Zenodo record 14590730 (RCAEval benchmark artifacts),RCAEval recursive service-fault CSV windows,RE1/RE1-TT/ts-order-service_loss/5/data.csv,metrics,11984371,selected
Zenodo record 14590730 (RCAEval benchmark artifacts),RCAEval recursive service-fault CSV windows,RE1/RE1-TT/ts-order-service_loss/5/simple_data.csv,metrics,2638606,selected
Zenodo record 14590730 (RCAEval benchmark artifacts),RCAEval recursive service-fault CSV windows,RE1/RE1-TT/ts-order-service_mem/1/data.csv,metrics,12005119,selected
Zenodo record 14590730 (RCAEval benchmark artifacts),RCAEval recursive service-fault CSV windows,RE1/RE1-TT/ts-order-service_mem/1/simple_data.csv,metrics,2624725,selected
Zenodo record 14590730 (RCAEval benchmark artifacts),RCAEval recursive service-fault CSV windows,RE1/RE1-TT/ts-order-service_mem/2/data.csv,metrics,12004537,selected
Zenodo record 14590730 (RCAEval benchmark artifacts),RCAEval recursive service-fault CSV windows,RE1/RE1-TT/ts-order-service_mem/2/simple_data.csv,metrics,2627175,selected
Zenodo record 14590730 (RCAEval benchmark artifacts),RCAEval recursive service-fault CSV windows,RE1/RE1-TT/ts-order-service_mem/3/data.csv,metrics,11221892,selected
Zenodo record 14590730 (RCAEval benchmark artifacts),RCAEval recursive service-fault CSV windows,RE1/RE1-TT/ts-order-service_mem/3/simple_data.csv,metrics,2424936,selected
Zenodo record 14590730 (RCAEval benchmark artifacts),RCAEval recursive service-fault CSV windows,RE1/RE1-TT/ts-order-service_mem/4/data.csv,metrics,11965249,selected
Zenodo record 14590730 (RCAEval benchmark artifacts),RCAEval recursive service-fault CSV windows,RE1/RE1-TT/ts-order-service_mem/4/simple_data.csv,metrics,2618095,selected
Zenodo record 14590730 (RCAEval benchmark artifacts),RCAEval recursive service-fault CSV windows,RE1/RE1-TT/ts-order-service_mem/5/data.csv,metrics,12007872,selected
Zenodo record 14590730 (RCAEval benchmark artifacts),RCAEval recursive service-fault CSV windows,RE1/RE1-TT/ts-order-service_mem/5/simple_data.csv,metrics,2630292,selected
Zenodo record 14590730 (RCAEval benchmark artifacts),RCAEval recursive service-fault CSV windows,RE1/RE1-TT/ts-route-service_cpu/1/data.csv,metrics,12905389,selected
Zenodo record 14590730 (RCAEval benchmark artifacts),RCAEval recursive service-fault CSV windows,RE1/RE1-TT/ts-route-service_cpu/1/simple_data.csv,metrics,2866115,selected
Zenodo record 14590730 (RCAEval benchmark artifacts),RCAEval recursive service-fault CSV windows,RE1/RE1-TT/ts-route-service_cpu/2/data.csv,metrics,12718091,selected
Zenodo record 14590730 (RCAEval benchmark artifacts),RCAEval recursive service-fault CSV windows,RE1/RE1-TT/ts-route-service_cpu/2/simple_data.csv,metrics,2808042,selected
Zenodo record 14590730 (RCAEval benchmark artifacts),RCAEval recursive service-fault CSV windows,RE1/RE1-TT/ts-route-service_cpu/3/data.csv,metrics,12712937,selected
Zenodo record 14590730 (RCAEval benchmark artifacts),RCAEval recursive service-fault CSV windows,RE1/RE1-TT/ts-route-service_cpu/3/simple_data.csv,metrics,2801830,selected
Zenodo record 14590730 (RCAEval benchmark artifacts),RCAEval recursive service-fault CSV windows,RE1/RE1-TT/ts-route-service_cpu/4/data.csv,metrics,12043267,selected
Zenodo record 14590730 (RCAEval benchmark artifacts),RCAEval recursive service-fault CSV windows,RE1/RE1-TT/ts-route-service_cpu/4/simple_data.csv,metrics,2657330,selected
Zenodo record 14590730 (RCAEval benchmark artifacts),RCAEval recursive service-fault CSV windows,RE1/RE1-TT/ts-route-service_cpu/5/data.csv,metrics,11933846,selected
Zenodo record 14590730 (RCAEval benchmark artifacts),RCAEval recursive service-fault CSV windows,RE1/RE1-TT/ts-route-service_cpu/5/simple_data.csv,metrics,2629892,selected
Zenodo record 14590730 (RCAEval benchmark artifacts),RCAEval recursive service-fault CSV windows,RE1/RE1-TT/ts-route-service_delay/1/data.csv,metrics,12825892,selected
Zenodo record 14590730 (RCAEval benchmark artifacts),RCAEval recursive service-fault CSV windows,RE1/RE1-TT/ts-route-service_delay/1/simple_data.csv,metrics,2825120,selected
Zenodo record 14590730 (RCAEval benchmark artifacts),RCAEval recursive service-fault CSV windows,RE1/RE1-TT/ts-route-service_delay/2/data.csv,metrics,12683033,selected
Zenodo record 14590730 (RCAEval benchmark artifacts),RCAEval recursive service-fault CSV windows,RE1/RE1-TT/ts-route-service_delay/2/simple_data.csv,metrics,2810031,selected
Zenodo record 14590730 (RCAEval benchmark artifacts),RCAEval recursive service-fault CSV windows,RE1/RE1-TT/ts-route-service_delay/3/data.csv,metrics,12678367,selected
Zenodo record 14590730 (RCAEval benchmark artifacts),RCAEval recursive service-fault CSV windows,RE1/RE1-TT/ts-route-service_delay/3/simple_data.csv,metrics,2812819,selected
Zenodo record 14590730 (RCAEval benchmark artifacts),RCAEval recursive service-fault CSV windows,RE1/RE1-TT/ts-route-service_delay/4/data.csv,metrics,11940386,selected
Zenodo record 14590730 (RCAEval benchmark artifacts),RCAEval recursive service-fault CSV windows,RE1/RE1-TT/ts-route-service_delay/4/simple_data.csv,metrics,2628682,selected
Zenodo record 14590730 (RCAEval benchmark artifacts),RCAEval recursive service-fault CSV windows,RE1/RE1-TT/ts-route-service_delay/5/data.csv,metrics,11884396,selected
Zenodo record 14590730 (RCAEval benchmark artifacts),RCAEval recursive service-fault CSV windows,RE1/RE1-TT/ts-route-service_delay/5/simple_data.csv,metrics,2634633,selected
Zenodo record 14590730 (RCAEval benchmark artifacts),RCAEval recursive service-fault CSV windows,RE1/RE1-TT/ts-route-service_disk/1/data.csv,metrics,12958155,selected
Zenodo record 14590730 (RCAEval benchmark artifacts),RCAEval recursive service-fault CSV windows,RE1/RE1-TT/ts-route-service_disk/1/simple_data.csv,metrics,2193171,selected
Zenodo record 14590730 (RCAEval benchmark artifacts),RCAEval recursive service-fault CSV windows,RE1/RE1-TT/ts-route-service_disk/2/data.csv,metrics,12981689,selected
Zenodo record 14590730 (RCAEval benchmark artifacts),RCAEval recursive service-fault CSV windows,RE1/RE1-TT/ts-route-service_disk/2/simple_data.csv,metrics,2224926,selected
Zenodo record 14590730 (RCAEval benchmark artifacts),RCAEval recursive service-fault CSV windows,RE1/RE1-TT/ts-route-service_disk/3/data.csv,metrics,13039512,selected
Zenodo record 14590730 (RCAEval benchmark artifacts),RCAEval recursive service-fault CSV windows,RE1/RE1-TT/ts-route-service_disk/3/simple_data.csv,metrics,2235417,selected
Zenodo record 14590730 (RCAEval benchmark artifacts),RCAEval recursive service-fault CSV windows,RE1/RE1-TT/ts-route-service_disk/4/data.csv,metrics,12806155,selected
Zenodo record 14590730 (RCAEval benchmark artifacts),RCAEval recursive service-fault CSV windows,RE1/RE1-TT/ts-route-service_disk/4/simple_data.csv,metrics,2202406,selected
Zenodo record 14590730 (RCAEval benchmark artifacts),RCAEval recursive service-fault CSV windows,RE1/RE1-TT/ts-route-service_disk/5/data.csv,metrics,13018425,selected
Zenodo record 14590730 (RCAEval benchmark artifacts),RCAEval recursive service-fault CSV windows,RE1/RE1-TT/ts-route-service_disk/5/simple_data.csv,metrics,2223777,selected
Zenodo record 14590730 (RCAEval benchmark artifacts),RCAEval recursive service-fault CSV windows,RE1/RE1-TT/ts-route-service_loss/1/data.csv,metrics,11982900,selected
Zenodo record 14590730 (RCAEval benchmark artifacts),RCAEval recursive service-fault CSV windows,RE1/RE1-TT/ts-route-service_loss/1/simple_data.csv,metrics,2626586,selected
Zenodo record 14590730 (RCAEval benchmark artifacts),RCAEval recursive service-fault CSV windows,RE1/RE1-TT/ts-route-service_loss/2/data.csv,metrics,12805454,selected
Zenodo record 14590730 (RCAEval benchmark artifacts),RCAEval recursive service-fault CSV windows,RE1/RE1-TT/ts-route-service_loss/2/simple_data.csv,metrics,2833960,selected
Zenodo record 14590730 (RCAEval benchmark artifacts),RCAEval recursive service-fault CSV windows,RE1/RE1-TT/ts-route-service_loss/3/data.csv,metrics,12774304,selected
Zenodo record 14590730 (RCAEval benchmark artifacts),RCAEval recursive service-fault CSV windows,RE1/RE1-TT/ts-route-service_loss/3/simple_data.csv,metrics,2834163,selected
Zenodo record 14590730 (RCAEval benchmark artifacts),RCAEval recursive service-fault CSV windows,RE1/RE1-TT/ts-route-service_loss/4/data.csv,metrics,12060724,selected
Zenodo record 14590730 (RCAEval benchmark artifacts),RCAEval recursive service-fault CSV windows,RE1/RE1-TT/ts-route-service_loss/4/simple_data.csv,metrics,2649219,selected
Zenodo record 14590730 (RCAEval benchmark artifacts),RCAEval recursive service-fault CSV windows,RE1/RE1-TT/ts-route-service_loss/5/data.csv,metrics,11944220,selected
Zenodo record 14590730 (RCAEval benchmark artifacts),RCAEval recursive service-fault CSV windows,RE1/RE1-TT/ts-route-service_loss/5/simple_data.csv,metrics,2627404,selected
Zenodo record 14590730 (RCAEval benchmark artifacts),RCAEval recursive service-fault CSV windows,RE1/RE1-TT/ts-route-service_mem/1/data.csv,metrics,11999371,selected
Zenodo record 14590730 (RCAEval benchmark artifacts),RCAEval recursive service-fault CSV windows,RE1/RE1-TT/ts-route-service_mem/1/simple_data.csv,metrics,2627686,selected
Zenodo record 14590730 (RCAEval benchmark artifacts),RCAEval recursive service-fault CSV windows,RE1/RE1-TT/ts-route-service_mem/2/data.csv,metrics,12104585,selected
Zenodo record 14590730 (RCAEval benchmark artifacts),RCAEval recursive service-fault CSV windows,RE1/RE1-TT/ts-route-service_mem/2/simple_data.csv,metrics,2644953,selected
Zenodo record 14590730 (RCAEval benchmark artifacts),RCAEval recursive service-fault CSV windows,RE1/RE1-TT/ts-route-service_mem/3/data.csv,metrics,12014263,selected
Zenodo record 14590730 (RCAEval benchmark artifacts),RCAEval recursive service-fault CSV windows,RE1/RE1-TT/ts-route-service_mem/3/simple_data.csv,metrics,2627087,selected
Zenodo record 14590730 (RCAEval benchmark artifacts),RCAEval recursive service-fault CSV windows,RE1/RE1-TT/ts-route-service_mem/4/data.csv,metrics,12019425,selected
Zenodo record 14590730 (RCAEval benchmark artifacts),RCAEval recursive service-fault CSV windows,RE1/RE1-TT/ts-route-service_mem/4/simple_data.csv,metrics,2620390,selected
Zenodo record 14590730 (RCAEval benchmark artifacts),RCAEval recursive service-fault CSV windows,RE1/RE1-TT/ts-route-service_mem/5/data.csv,metrics,11947827,selected
Zenodo record 14590730 (RCAEval benchmark artifacts),RCAEval recursive service-fault CSV windows,RE1/RE1-TT/ts-route-service_mem/5/simple_data.csv,metrics,2621377,selected
Zenodo record 14590730 (RCAEval benchmark artifacts),RCAEval recursive service-fault CSV windows,RE1/RE1-TT/ts-train-service_cpu/1/data.csv,metrics,12901723,selected
Zenodo record 14590730 (RCAEval benchmark artifacts),RCAEval recursive service-fault CSV windows,RE1/RE1-TT/ts-train-service_cpu/1/simple_data.csv,metrics,2872668,selected
Zenodo record 14590730 (RCAEval benchmark artifacts),RCAEval recursive service-fault CSV windows,RE1/RE1-TT/ts-train-service_cpu/2/data.csv,metrics,12873265,selected
Zenodo record 14590730 (RCAEval benchmark artifacts),RCAEval recursive service-fault CSV windows,RE1/RE1-TT/ts-train-service_cpu/2/simple_data.csv,metrics,2863073,selected
Zenodo record 14590730 (RCAEval benchmark artifacts),RCAEval recursive service-fault CSV windows,RE1/RE1-TT/ts-train-service_cpu/3/data.csv,metrics,12679022,selected
Zenodo record 14590730 (RCAEval benchmark artifacts),RCAEval recursive service-fault CSV windows,RE1/RE1-TT/ts-train-service_cpu/3/simple_data.csv,metrics,2814573,selected
Zenodo record 14590730 (RCAEval benchmark artifacts),RCAEval recursive service-fault CSV windows,RE1/RE1-TT/ts-train-service_cpu/4/data.csv,metrics,11982586,selected
Zenodo record 14590730 (RCAEval benchmark artifacts),RCAEval recursive service-fault CSV windows,RE1/RE1-TT/ts-train-service_cpu/4/simple_data.csv,metrics,2640837,selected
Zenodo record 14590730 (RCAEval benchmark artifacts),RCAEval recursive service-fault CSV windows,RE1/RE1-TT/ts-train-service_cpu/5/data.csv,metrics,12098729,selected
Zenodo record 14590730 (RCAEval benchmark artifacts),RCAEval recursive service-fault CSV windows,RE1/RE1-TT/ts-train-service_cpu/5/simple_data.csv,metrics,2680744,selected
Zenodo record 14590730 (RCAEval benchmark artifacts),RCAEval recursive service-fault CSV windows,RE1/RE1-TT/ts-train-service_delay/1/data.csv,metrics,12811683,selected
Zenodo record 14590730 (RCAEval benchmark artifacts),RCAEval recursive service-fault CSV windows,RE1/RE1-TT/ts-train-service_delay/1/simple_data.csv,metrics,2853294,selected
Zenodo record 14590730 (RCAEval benchmark artifacts),RCAEval recursive service-fault CSV windows,RE1/RE1-TT/ts-train-service_delay/2/data.csv,metrics,12623200,selected
Zenodo record 14590730 (RCAEval benchmark artifacts),RCAEval recursive service-fault CSV windows,RE1/RE1-TT/ts-train-service_delay/2/simple_data.csv,metrics,2789828,selected
Zenodo record 14590730 (RCAEval benchmark artifacts),RCAEval recursive service-fault CSV windows,RE1/RE1-TT/ts-train-service_delay/3/data.csv,metrics,12605955,selected
Zenodo record 14590730 (RCAEval benchmark artifacts),RCAEval recursive service-fault CSV windows,RE1/RE1-TT/ts-train-service_delay/3/simple_data.csv,metrics,2809304,selected
Zenodo record 14590730 (RCAEval benchmark artifacts),RCAEval recursive service-fault CSV windows,RE1/RE1-TT/ts-train-service_delay/4/data.csv,metrics,11872055,selected
Zenodo record 14590730 (RCAEval benchmark artifacts),RCAEval recursive service-fault CSV windows,RE1/RE1-TT/ts-train-service_delay/4/simple_data.csv,metrics,2620238,selected
Zenodo record 14590730 (RCAEval benchmark artifacts),RCAEval recursive service-fault CSV windows,RE1/RE1-TT/ts-train-service_delay/5/data.csv,metrics,11820266,selected
Zenodo record 14590730 (RCAEval benchmark artifacts),RCAEval recursive service-fault CSV windows,RE1/RE1-TT/ts-train-service_delay/5/simple_data.csv,metrics,2613598,selected
Zenodo record 14590730 (RCAEval benchmark artifacts),RCAEval recursive service-fault CSV windows,RE1/RE1-TT/ts-train-service_disk/1/data.csv,metrics,12918761,selected
Zenodo record 14590730 (RCAEval benchmark artifacts),RCAEval recursive service-fault CSV windows,RE1/RE1-TT/ts-train-service_disk/1/simple_data.csv,metrics,2197252,selected
Zenodo record 14590730 (RCAEval benchmark artifacts),RCAEval recursive service-fault CSV windows,RE1/RE1-TT/ts-train-service_disk/2/data.csv,metrics,12834076,selected
Zenodo record 14590730 (RCAEval benchmark artifacts),RCAEval recursive service-fault CSV windows,RE1/RE1-TT/ts-train-service_disk/2/simple_data.csv,metrics,2192306,selected
Zenodo record 14590730 (RCAEval benchmark artifacts),RCAEval recursive service-fault CSV windows,RE1/RE1-TT/ts-train-service_disk/3/data.csv,metrics,12927490,selected
Zenodo record 14590730 (RCAEval benchmark artifacts),RCAEval recursive service-fault CSV windows,RE1/RE1-TT/ts-train-service_disk/3/simple_data.csv,metrics,2209351,selected
Zenodo record 14590730 (RCAEval benchmark artifacts),RCAEval recursive service-fault CSV windows,RE1/RE1-TT/ts-train-service_disk/4/data.csv,metrics,12750594,selected
Zenodo record 14590730 (RCAEval benchmark artifacts),RCAEval recursive service-fault CSV windows,RE1/RE1-TT/ts-train-service_disk/4/simple_data.csv,metrics,2182297,selected
Zenodo record 14590730 (RCAEval benchmark artifacts),RCAEval recursive service-fault CSV windows,RE1/RE1-TT/ts-train-service_disk/5/data.csv,metrics,12833269,selected
Zenodo record 14590730 (RCAEval benchmark artifacts),RCAEval recursive service-fault CSV windows,RE1/RE1-TT/ts-train-service_disk/5/simple_data.csv,metrics,2193564,selected
Zenodo record 14590730 (RCAEval benchmark artifacts),RCAEval recursive service-fault CSV windows,RE1/RE1-TT/ts-train-service_loss/1/data.csv,metrics,11913142,selected
Zenodo record 14590730 (RCAEval benchmark artifacts),RCAEval recursive service-fault CSV windows,RE1/RE1-TT/ts-train-service_loss/1/simple_data.csv,metrics,2625700,selected
Zenodo record 14590730 (RCAEval benchmark artifacts),RCAEval recursive service-fault CSV windows,RE1/RE1-TT/ts-train-service_loss/2/data.csv,metrics,12659468,selected
Zenodo record 14590730 (RCAEval benchmark artifacts),RCAEval recursive service-fault CSV windows,RE1/RE1-TT/ts-train-service_loss/2/simple_data.csv,metrics,2791287,selected
Zenodo record 14590730 (RCAEval benchmark artifacts),RCAEval recursive service-fault CSV windows,RE1/RE1-TT/ts-train-service_loss/3/data.csv,metrics,12741557,selected
Zenodo record 14590730 (RCAEval benchmark artifacts),RCAEval recursive service-fault CSV windows,RE1/RE1-TT/ts-train-service_loss/3/simple_data.csv,metrics,2821521,selected
Zenodo record 14590730 (RCAEval benchmark artifacts),RCAEval recursive service-fault CSV windows,RE1/RE1-TT/ts-train-service_loss/4/data.csv,metrics,11965365,selected
Zenodo record 14590730 (RCAEval benchmark artifacts),RCAEval recursive service-fault CSV windows,RE1/RE1-TT/ts-train-service_loss/4/simple_data.csv,metrics,2632009,selected
Zenodo record 14590730 (RCAEval benchmark artifacts),RCAEval recursive service-fault CSV windows,RE1/RE1-TT/ts-train-service_loss/5/data.csv,metrics,11917102,selected
Zenodo record 14590730 (RCAEval benchmark artifacts),RCAEval recursive service-fault CSV windows,RE1/RE1-TT/ts-train-service_loss/5/simple_data.csv,metrics,2617505,selected
Zenodo record 14590730 (RCAEval benchmark artifacts),RCAEval recursive service-fault CSV windows,RE1/RE1-TT/ts-train-service_mem/1/data.csv,metrics,12963938,selected
Zenodo record 14590730 (RCAEval benchmark artifacts),RCAEval recursive service-fault CSV windows,RE1/RE1-TT/ts-train-service_mem/1/simple_data.csv,metrics,2879099,selected
Zenodo record 14590730 (RCAEval benchmark artifacts),RCAEval recursive service-fault CSV windows,RE1/RE1-TT/ts-train-service_mem/2/data.csv,metrics,12841127,selected
Zenodo record 14590730 (RCAEval benchmark artifacts),RCAEval recursive service-fault CSV windows,RE1/RE1-TT/ts-train-service_mem/2/simple_data.csv,metrics,2845074,selected
Zenodo record 14590730 (RCAEval benchmark artifacts),RCAEval recursive service-fault CSV windows,RE1/RE1-TT/ts-train-service_mem/3/data.csv,metrics,12853349,selected
Zenodo record 14590730 (RCAEval benchmark artifacts),RCAEval recursive service-fault CSV windows,RE1/RE1-TT/ts-train-service_mem/3/simple_data.csv,metrics,2828793,selected
Zenodo record 14590730 (RCAEval benchmark artifacts),RCAEval recursive service-fault CSV windows,RE1/RE1-TT/ts-train-service_mem/4/data.csv,metrics,12080583,selected
Zenodo record 14590730 (RCAEval benchmark artifacts),RCAEval recursive service-fault CSV windows,RE1/RE1-TT/ts-train-service_mem/4/simple_data.csv,metrics,2638977,selected
Zenodo record 14590730 (RCAEval benchmark artifacts),RCAEval recursive service-fault CSV windows,RE1/RE1-TT/ts-train-service_mem/5/data.csv,metrics,12026458,selected
Zenodo record 14590730 (RCAEval benchmark artifacts),RCAEval recursive service-fault CSV windows,RE1/RE1-TT/ts-train-service_mem/5/simple_data.csv,metrics,2621172,selected
Zenodo record 14590730 (RCAEval benchmark artifacts),RCAEval recursive service-fault CSV windows,RE1/RE1-TT/ts-travel-service_cpu/1/data.csv,metrics,12924162,selected
Zenodo record 14590730 (RCAEval benchmark artifacts),RCAEval recursive service-fault CSV windows,RE1/RE1-TT/ts-travel-service_cpu/1/simple_data.csv,metrics,2899255,selected
Zenodo record 14590730 (RCAEval benchmark artifacts),RCAEval recursive service-fault CSV windows,RE1/RE1-TT/ts-travel-service_cpu/2/data.csv,metrics,12685793,selected
Zenodo record 14590730 (RCAEval benchmark artifacts),RCAEval recursive service-fault CSV windows,RE1/RE1-TT/ts-travel-service_cpu/2/simple_data.csv,metrics,2799960,selected
Zenodo record 14590730 (RCAEval benchmark artifacts),RCAEval recursive service-fault CSV windows,RE1/RE1-TT/ts-travel-service_cpu/3/data.csv,metrics,12702583,selected
Zenodo record 14590730 (RCAEval benchmark artifacts),RCAEval recursive service-fault CSV windows,RE1/RE1-TT/ts-travel-service_cpu/3/simple_data.csv,metrics,2827722,selected
Zenodo record 14590730 (RCAEval benchmark artifacts),RCAEval recursive service-fault CSV windows,RE1/RE1-TT/ts-travel-service_cpu/4/data.csv,metrics,11967120,selected
Zenodo record 14590730 (RCAEval benchmark artifacts),RCAEval recursive service-fault CSV windows,RE1/RE1-TT/ts-travel-service_cpu/4/simple_data.csv,metrics,2641542,selected
Zenodo record 14590730 (RCAEval benchmark artifacts),RCAEval recursive service-fault CSV windows,RE1/RE1-TT/ts-travel-service_cpu/5/data.csv,metrics,11897185,selected
Zenodo record 14590730 (RCAEval benchmark artifacts),RCAEval recursive service-fault CSV windows,RE1/RE1-TT/ts-travel-service_cpu/5/simple_data.csv,metrics,2628986,selected
Zenodo record 14590730 (RCAEval benchmark artifacts),RCAEval recursive service-fault CSV windows,RE1/RE1-TT/ts-travel-service_delay/1/data.csv,metrics,12756788,selected
Zenodo record 14590730 (RCAEval benchmark artifacts),RCAEval recursive service-fault CSV windows,RE1/RE1-TT/ts-travel-service_delay/1/simple_data.csv,metrics,2814945,selected
Zenodo record 14590730 (RCAEval benchmark artifacts),RCAEval recursive service-fault CSV windows,RE1/RE1-TT/ts-travel-service_delay/2/data.csv,metrics,11919282,selected
Zenodo record 14590730 (RCAEval benchmark artifacts),RCAEval recursive service-fault CSV windows,RE1/RE1-TT/ts-travel-service_delay/2/simple_data.csv,metrics,2617901,selected
Zenodo record 14590730 (RCAEval benchmark artifacts),RCAEval recursive service-fault CSV windows,RE1/RE1-TT/ts-travel-service_delay/3/data.csv,metrics,12230025,selected
Zenodo record 14590730 (RCAEval benchmark artifacts),RCAEval recursive service-fault CSV windows,RE1/RE1-TT/ts-travel-service_delay/3/simple_data.csv,metrics,2699307,selected
Zenodo record 14590730 (RCAEval benchmark artifacts),RCAEval recursive service-fault CSV windows,RE1/RE1-TT/ts-travel-service_delay/4/data.csv,metrics,11953742,selected
Zenodo record 14590730 (RCAEval benchmark artifacts),RCAEval recursive service-fault CSV windows,RE1/RE1-TT/ts-travel-service_delay/4/simple_data.csv,metrics,2636819,selected
Zenodo record 14590730 (RCAEval benchmark artifacts),RCAEval recursive service-fault CSV windows,RE1/RE1-TT/ts-travel-service_delay/5/data.csv,metrics,11803961,selected
Zenodo record 14590730 (RCAEval benchmark artifacts),RCAEval recursive service-fault CSV windows,RE1/RE1-TT/ts-travel-service_delay/5/simple_data.csv,metrics,2605036,selected
Zenodo record 14590730 (RCAEval benchmark artifacts),RCAEval recursive service-fault CSV windows,RE1/RE1-TT/ts-travel-service_disk/1/data.csv,metrics,12948269,selected
Zenodo record 14590730 (RCAEval benchmark artifacts),RCAEval recursive service-fault CSV windows,RE1/RE1-TT/ts-travel-service_disk/1/simple_data.csv,metrics,2208575,selected
Zenodo record 14590730 (RCAEval benchmark artifacts),RCAEval recursive service-fault CSV windows,RE1/RE1-TT/ts-travel-service_disk/2/data.csv,metrics,12944251,selected
Zenodo record 14590730 (RCAEval benchmark artifacts),RCAEval recursive service-fault CSV windows,RE1/RE1-TT/ts-travel-service_disk/2/simple_data.csv,metrics,2213332,selected
Zenodo record 14590730 (RCAEval benchmark artifacts),RCAEval recursive service-fault CSV windows,RE1/RE1-TT/ts-travel-service_disk/3/data.csv,metrics,12866839,selected
Zenodo record 14590730 (RCAEval benchmark artifacts),RCAEval recursive service-fault CSV windows,RE1/RE1-TT/ts-travel-service_disk/3/simple_data.csv,metrics,2195194,selected
Zenodo record 14590730 (RCAEval benchmark artifacts),RCAEval recursive service-fault CSV windows,RE1/RE1-TT/ts-travel-service_disk/4/data.csv,metrics,12868142,selected
Zenodo record 14590730 (RCAEval benchmark artifacts),RCAEval recursive service-fault CSV windows,RE1/RE1-TT/ts-travel-service_disk/4/simple_data.csv,metrics,2192002,selected
Zenodo record 14590730 (RCAEval benchmark artifacts),RCAEval recursive service-fault CSV windows,RE1/RE1-TT/ts-travel-service_disk/5/data.csv,metrics,12919085,selected
Zenodo record 14590730 (RCAEval benchmark artifacts),RCAEval recursive service-fault CSV windows,RE1/RE1-TT/ts-travel-service_disk/5/simple_data.csv,metrics,2193057,selected
Zenodo record 14590730 (RCAEval benchmark artifacts),RCAEval recursive service-fault CSV windows,RE1/RE1-TT/ts-travel-service_loss/1/data.csv,metrics,12818513,selected
Zenodo record 14590730 (RCAEval benchmark artifacts),RCAEval recursive service-fault CSV windows,RE1/RE1-TT/ts-travel-service_loss/1/simple_data.csv,metrics,2853471,selected
Zenodo record 14590730 (RCAEval benchmark artifacts),RCAEval recursive service-fault CSV windows,RE1/RE1-TT/ts-travel-service_loss/2/data.csv,metrics,11874580,selected
Zenodo record 14590730 (RCAEval benchmark artifacts),RCAEval recursive service-fault CSV windows,RE1/RE1-TT/ts-travel-service_loss/2/simple_data.csv,metrics,2628171,selected
Zenodo record 14590730 (RCAEval benchmark artifacts),RCAEval recursive service-fault CSV windows,RE1/RE1-TT/ts-travel-service_loss/3/data.csv,metrics,12070004,selected
Zenodo record 14590730 (RCAEval benchmark artifacts),RCAEval recursive service-fault CSV windows,RE1/RE1-TT/ts-travel-service_loss/3/simple_data.csv,metrics,2655603,selected
Zenodo record 14590730 (RCAEval benchmark artifacts),RCAEval recursive service-fault CSV windows,RE1/RE1-TT/ts-travel-service_loss/4/data.csv,metrics,12074103,selected
Zenodo record 14590730 (RCAEval benchmark artifacts),RCAEval recursive service-fault CSV windows,RE1/RE1-TT/ts-travel-service_loss/4/simple_data.csv,metrics,2658263,selected
Zenodo record 14590730 (RCAEval benchmark artifacts),RCAEval recursive service-fault CSV windows,RE1/RE1-TT/ts-travel-service_loss/5/data.csv,metrics,12003541,selected
Zenodo record 14590730 (RCAEval benchmark artifacts),RCAEval recursive service-fault CSV windows,RE1/RE1-TT/ts-travel-service_loss/5/simple_data.csv,metrics,2637402,selected
Zenodo record 14590730 (RCAEval benchmark artifacts),RCAEval recursive service-fault CSV windows,RE1/RE1-TT/ts-travel-service_mem/1/data.csv,metrics,13066256,selected
Zenodo record 14590730 (RCAEval benchmark artifacts),RCAEval recursive service-fault CSV windows,RE1/RE1-TT/ts-travel-service_mem/1/simple_data.csv,metrics,2887040,selected
Zenodo record 14590730 (RCAEval benchmark artifacts),RCAEval recursive service-fault CSV windows,RE1/RE1-TT/ts-travel-service_mem/2/data.csv,metrics,11882791,selected
Zenodo record 14590730 (RCAEval benchmark artifacts),RCAEval recursive service-fault CSV windows,RE1/RE1-TT/ts-travel-service_mem/2/simple_data.csv,metrics,2618065,selected
Zenodo record 14590730 (RCAEval benchmark artifacts),RCAEval recursive service-fault CSV windows,RE1/RE1-TT/ts-travel-service_mem/3/data.csv,metrics,11952379,selected
Zenodo record 14590730 (RCAEval benchmark artifacts),RCAEval recursive service-fault CSV windows,RE1/RE1-TT/ts-travel-service_mem/3/simple_data.csv,metrics,2631651,selected
Zenodo record 14590730 (RCAEval benchmark artifacts),RCAEval recursive service-fault CSV windows,RE1/RE1-TT/ts-travel-service_mem/4/data.csv,metrics,12027676,selected
Zenodo record 14590730 (RCAEval benchmark artifacts),RCAEval recursive service-fault CSV windows,RE1/RE1-TT/ts-travel-service_mem/4/simple_data.csv,metrics,2621832,selected
Zenodo record 14590730 (RCAEval benchmark artifacts),RCAEval recursive service-fault CSV windows,RE1/RE1-TT/ts-travel-service_mem/5/data.csv,metrics,12985880,selected
Zenodo record 14590730 (RCAEval benchmark artifacts),RCAEval recursive service-fault CSV windows,RE1/RE1-TT/ts-travel-service_mem/5/simple_data.csv,metrics,2870269,selected
Zenodo record 14590730 (RCAEval benchmark artifacts),RCAEval recursive service-fault CSV windows,RE2/RE2-OB/checkoutservice_cpu/1/logs.csv,logs,23515107,selected
Zenodo record 14590730 (RCAEval benchmark artifacts),RCAEval recursive service-fault CSV windows,RE2/RE2-OB/checkoutservice_cpu/1/logts.csv,logs,9951,selected
Zenodo record 14590730 (RCAEval benchmark artifacts),RCAEval recursive service-fault CSV windows,RE2/RE2-OB/checkoutservice_cpu/1/metrics.csv,metrics,6782127,selected
Zenodo record 14590730 (RCAEval benchmark artifacts),RCAEval recursive service-fault CSV windows,RE2/RE2-OB/checkoutservice_cpu/1/simple_metrics.csv,metrics,1188347,selected
Zenodo record 14590730 (RCAEval benchmark artifacts),RCAEval recursive service-fault CSV windows,RE2/RE2-OB/checkoutservice_cpu/1/traces.csv,traces,71632229,selected
Zenodo record 14590730 (RCAEval benchmark artifacts),RCAEval recursive service-fault CSV windows,RE2/RE2-OB/checkoutservice_cpu/1/tracets_err.csv,traces,8113,selected
Zenodo record 14590730 (RCAEval benchmark artifacts),RCAEval recursive service-fault CSV windows,RE2/RE2-OB/checkoutservice_cpu/1/tracets_lat.csv,traces,4876,selected
Zenodo record 14590730 (RCAEval benchmark artifacts),RCAEval recursive service-fault CSV windows,RE2/RE2-OB/checkoutservice_cpu/2/logs.csv,logs,9923146,selected
Zenodo record 14590730 (RCAEval benchmark artifacts),RCAEval recursive service-fault CSV windows,RE2/RE2-OB/checkoutservice_cpu/2/logts.csv,logs,7290,selected
Zenodo record 14590730 (RCAEval benchmark artifacts),RCAEval recursive service-fault CSV windows,RE2/RE2-OB/checkoutservice_cpu/2/metrics.csv,metrics,4515490,selected
Zenodo record 14590730 (RCAEval benchmark artifacts),RCAEval recursive service-fault CSV windows,RE2/RE2-OB/checkoutservice_cpu/2/simple_metrics.csv,metrics,814487,selected
Zenodo record 14590730 (RCAEval benchmark artifacts),RCAEval recursive service-fault CSV windows,RE2/RE2-OB/checkoutservice_cpu/2/traces.csv,traces,36547839,selected
Zenodo record 14590730 (RCAEval benchmark artifacts),RCAEval recursive service-fault CSV windows,RE2/RE2-OB/checkoutservice_cpu/2/tracets_err.csv,traces,4479,selected
Zenodo record 14590730 (RCAEval benchmark artifacts),RCAEval recursive service-fault CSV windows,RE2/RE2-OB/checkoutservice_cpu/2/tracets_lat.csv,traces,2839,selected
Zenodo record 14590730 (RCAEval benchmark artifacts),RCAEval recursive service-fault CSV windows,RE2/RE2-OB/checkoutservice_cpu/3/logs.csv,logs,15985009,selected
Zenodo record 14590730 (RCAEval benchmark artifacts),RCAEval recursive service-fault CSV windows,RE2/RE2-OB/checkoutservice_cpu/3/logts.csv,logs,9842,selected
Zenodo record 14590730 (RCAEval benchmark artifacts),RCAEval recursive service-fault CSV windows,RE2/RE2-OB/checkoutservice_cpu/3/metrics.csv,metrics,6855921,selected
Zenodo record 14590730 (RCAEval benchmark artifacts),RCAEval recursive service-fault CSV windows,RE2/RE2-OB/checkoutservice_cpu/3/simple_metrics.csv,metrics,1196602,selected
Zenodo record 14590730 (RCAEval benchmark artifacts),RCAEval recursive service-fault CSV windows,RE2/RE2-OB/checkoutservice_cpu/3/traces.csv,traces,74594729,selected
Zenodo record 14590730 (RCAEval benchmark artifacts),RCAEval recursive service-fault CSV windows,RE2/RE2-OB/checkoutservice_cpu/3/tracets_err.csv,traces,8098,selected
Zenodo record 14590730 (RCAEval benchmark artifacts),RCAEval recursive service-fault CSV windows,RE2/RE2-OB/checkoutservice_cpu/3/tracets_lat.csv,traces,5964,selected
Zenodo record 14590730 (RCAEval benchmark artifacts),RCAEval recursive service-fault CSV windows,RE2/RE2-OB/checkoutservice_delay/1/logs.csv,logs,15964589,selected
Zenodo record 14590730 (RCAEval benchmark artifacts),RCAEval recursive service-fault CSV windows,RE2/RE2-OB/checkoutservice_delay/1/logts.csv,logs,9956,selected
Zenodo record 14590730 (RCAEval benchmark artifacts),RCAEval recursive service-fault CSV windows,RE2/RE2-OB/checkoutservice_delay/1/metrics.csv,metrics,6841347,selected
Zenodo record 14590730 (RCAEval benchmark artifacts),RCAEval recursive service-fault CSV windows,RE2/RE2-OB/checkoutservice_delay/1/simple_metrics.csv,metrics,1192999,selected
Zenodo record 14590730 (RCAEval benchmark artifacts),RCAEval recursive service-fault CSV windows,RE2/RE2-OB/checkoutservice_delay/1/traces.csv,traces,74050509,selected
Zenodo record 14590730 (RCAEval benchmark artifacts),RCAEval recursive service-fault CSV windows,RE2/RE2-OB/checkoutservice_delay/1/tracets_err.csv,traces,8113,selected
Zenodo record 14590730 (RCAEval benchmark artifacts),RCAEval recursive service-fault CSV windows,RE2/RE2-OB/checkoutservice_delay/1/tracets_lat.csv,traces,4982,selected
Zenodo record 14590730 (RCAEval benchmark artifacts),RCAEval recursive service-fault CSV windows,RE2/RE2-OB/checkoutservice_delay/2/logs.csv,logs,15713333,selected
Zenodo record 14590730 (RCAEval benchmark artifacts),RCAEval recursive service-fault CSV windows,RE2/RE2-OB/checkoutservice_delay/2/logts.csv,logs,9865,selected
Zenodo record 14590730 (RCAEval benchmark artifacts),RCAEval recursive service-fault CSV windows,RE2/RE2-OB/checkoutservice_delay/2/metrics.csv,metrics,6819562,selected
Zenodo record 14590730 (RCAEval benchmark artifacts),RCAEval recursive service-fault CSV windows,RE2/RE2-OB/checkoutservice_delay/2/simple_metrics.csv,metrics,1186203,selected
Zenodo record 14590730 (RCAEval benchmark artifacts),RCAEval recursive service-fault CSV windows,RE2/RE2-OB/checkoutservice_delay/2/traces.csv,traces,73535767,selected
Zenodo record 14590730 (RCAEval benchmark artifacts),RCAEval recursive service-fault CSV windows,RE2/RE2-OB/checkoutservice_delay/2/tracets_err.csv,traces,8113,selected
Zenodo record 14590730 (RCAEval benchmark artifacts),RCAEval recursive service-fault CSV windows,RE2/RE2-OB/checkoutservice_delay/2/tracets_lat.csv,traces,4981,selected
Zenodo record 14590730 (RCAEval benchmark artifacts),RCAEval recursive service-fault CSV windows,RE2/RE2-OB/checkoutservice_delay/3/logs.csv,logs,15881155,selected
Zenodo record 14590730 (RCAEval benchmark artifacts),RCAEval recursive service-fault CSV windows,RE2/RE2-OB/checkoutservice_delay/3/logts.csv,logs,9930,selected
Zenodo record 14590730 (RCAEval benchmark artifacts),RCAEval recursive service-fault CSV windows,RE2/RE2-OB/checkoutservice_delay/3/metrics.csv,metrics,6800496,selected
Zenodo record 14590730 (RCAEval benchmark artifacts),RCAEval recursive service-fault CSV windows,RE2/RE2-OB/checkoutservice_delay/3/simple_metrics.csv,metrics,1176790,selected
Zenodo record 14590730 (RCAEval benchmark artifacts),RCAEval recursive service-fault CSV windows,RE2/RE2-OB/checkoutservice_delay/3/traces.csv,traces,73979768,selected
Zenodo record 14590730 (RCAEval benchmark artifacts),RCAEval recursive service-fault CSV windows,RE2/RE2-OB/checkoutservice_delay/3/tracets_err.csv,traces,8098,selected
Zenodo record 14590730 (RCAEval benchmark artifacts),RCAEval recursive service-fault CSV windows,RE2/RE2-OB/checkoutservice_delay/3/tracets_lat.csv,traces,5952,selected
Zenodo record 14590730 (RCAEval benchmark artifacts),RCAEval recursive service-fault CSV windows,RE2/RE2-OB/checkoutservice_disk/1/logs.csv,logs,23483015,selected
Zenodo record 14590730 (RCAEval benchmark artifacts),RCAEval recursive service-fault CSV windows,RE2/RE2-OB/checkoutservice_disk/1/logts.csv,logs,9844,selected
Zenodo record 14590730 (RCAEval benchmark artifacts),RCAEval recursive service-fault CSV windows,RE2/RE2-OB/checkoutservice_disk/1/metrics.csv,metrics,6890673,selected
Zenodo record 14590730 (RCAEval benchmark artifacts),RCAEval recursive service-fault CSV windows,RE2/RE2-OB/checkoutservice_disk/1/simple_metrics.csv,metrics,1206969,selected
Zenodo record 14590730 (RCAEval benchmark artifacts),RCAEval recursive service-fault CSV windows,RE2/RE2-OB/checkoutservice_disk/1/traces.csv,traces,71462981,selected
Zenodo record 14590730 (RCAEval benchmark artifacts),RCAEval recursive service-fault CSV windows,RE2/RE2-OB/checkoutservice_disk/1/tracets_err.csv,traces,8034,selected
Zenodo record 14590730 (RCAEval benchmark artifacts),RCAEval recursive service-fault CSV windows,RE2/RE2-OB/checkoutservice_disk/1/tracets_lat.csv,traces,4835,selected
Zenodo record 14590730 (RCAEval benchmark artifacts),RCAEval recursive service-fault CSV windows,RE2/RE2-OB/checkoutservice_disk/2/logs.csv,logs,16103057,selected
Zenodo record 14590730 (RCAEval benchmark artifacts),RCAEval recursive service-fault CSV windows,RE2/RE2-OB/checkoutservice_disk/2/logts.csv,logs,10000,selected
Zenodo record 14590730 (RCAEval benchmark artifacts),RCAEval recursive service-fault CSV windows,RE2/RE2-OB/checkoutservice_disk/2/metrics.csv,metrics,6745956,selected
Zenodo record 14590730 (RCAEval benchmark artifacts),RCAEval recursive service-fault CSV windows,RE2/RE2-OB/checkoutservice_disk/2/simple_metrics.csv,metrics,1191044,selected
Zenodo record 14590730 (RCAEval benchmark artifacts),RCAEval recursive service-fault CSV windows,RE2/RE2-OB/checkoutservice_disk/2/traces.csv,traces,74451729,selected
Zenodo record 14590730 (RCAEval benchmark artifacts),RCAEval recursive service-fault CSV windows,RE2/RE2-OB/checkoutservice_disk/2/tracets_err.csv,traces,8113,selected
Zenodo record 14590730 (RCAEval benchmark artifacts),RCAEval recursive service-fault CSV windows,RE2/RE2-OB/checkoutservice_disk/2/tracets_lat.csv,traces,4984,selected
Zenodo record 14590730 (RCAEval benchmark artifacts),RCAEval recursive service-fault CSV windows,RE2/RE2-OB/checkoutservice_disk/3/logs.csv,logs,16077847,selected
Zenodo record 14590730 (RCAEval benchmark artifacts),RCAEval recursive service-fault CSV windows,RE2/RE2-OB/checkoutservice_disk/3/logts.csv,logs,9824,selected
Zenodo record 14590730 (RCAEval benchmark artifacts),RCAEval recursive service-fault CSV windows,RE2/RE2-OB/checkoutservice_disk/3/metrics.csv,metrics,6717135,selected
Zenodo record 14590730 (RCAEval benchmark artifacts),RCAEval recursive service-fault CSV windows,RE2/RE2-OB/checkoutservice_disk/3/simple_metrics.csv,metrics,1194915,selected
Zenodo record 14590730 (RCAEval benchmark artifacts),RCAEval recursive service-fault CSV windows,RE2/RE2-OB/checkoutservice_disk/3/traces.csv,traces,74962770,selected
Zenodo record 14590730 (RCAEval benchmark artifacts),RCAEval recursive service-fault CSV windows,RE2/RE2-OB/checkoutservice_disk/3/tracets_err.csv,traces,8065,selected
Zenodo record 14590730 (RCAEval benchmark artifacts),RCAEval recursive service-fault CSV windows,RE2/RE2-OB/checkoutservice_disk/3/tracets_lat.csv,traces,8052,selected
Zenodo record 14590730 (RCAEval benchmark artifacts),RCAEval recursive service-fault CSV windows,RE2/RE2-OB/checkoutservice_loss/1/logs.csv,logs,23114730,selected
Zenodo record 14590730 (RCAEval benchmark artifacts),RCAEval recursive service-fault CSV windows,RE2/RE2-OB/checkoutservice_loss/1/logts.csv,logs,11839,selected
Zenodo record 14590730 (RCAEval benchmark artifacts),RCAEval recursive service-fault CSV windows,RE2/RE2-OB/checkoutservice_loss/1/metrics.csv,metrics,6775872,selected
Zenodo record 14590730 (RCAEval benchmark artifacts),RCAEval recursive service-fault CSV windows,RE2/RE2-OB/checkoutservice_loss/1/simple_metrics.csv,metrics,1186082,selected
Zenodo record 14590730 (RCAEval benchmark artifacts),RCAEval recursive service-fault CSV windows,RE2/RE2-OB/checkoutservice_loss/1/traces.csv,traces,70507878,selected
Zenodo record 14590730 (RCAEval benchmark artifacts),RCAEval recursive service-fault CSV windows,RE2/RE2-OB/checkoutservice_loss/1/tracets_err.csv,traces,8111,selected
Zenodo record 14590730 (RCAEval benchmark artifacts),RCAEval recursive service-fault CSV windows,RE2/RE2-OB/checkoutservice_loss/1/tracets_lat.csv,traces,5788,selected
Zenodo record 14590730 (RCAEval benchmark artifacts),RCAEval recursive service-fault CSV windows,RE2/RE2-OB/checkoutservice_loss/2/logs.csv,logs,15877888,selected
Zenodo record 14590730 (RCAEval benchmark artifacts),RCAEval recursive service-fault CSV windows,RE2/RE2-OB/checkoutservice_loss/2/logts.csv,logs,9854,selected
Zenodo record 14590730 (RCAEval benchmark artifacts),RCAEval recursive service-fault CSV windows,RE2/RE2-OB/checkoutservice_loss/2/metrics.csv,metrics,6814208,selected
Zenodo record 14590730 (RCAEval benchmark artifacts),RCAEval recursive service-fault CSV windows,RE2/RE2-OB/checkoutservice_loss/2/simple_metrics.csv,metrics,1192186,selected
Zenodo record 14590730 (RCAEval benchmark artifacts),RCAEval recursive service-fault CSV windows,RE2/RE2-OB/checkoutservice_loss/2/traces.csv,traces,74202523,selected
Zenodo record 14590730 (RCAEval benchmark artifacts),RCAEval recursive service-fault CSV windows,RE2/RE2-OB/checkoutservice_loss/2/tracets_err.csv,traces,8098,selected
Zenodo record 14590730 (RCAEval benchmark artifacts),RCAEval recursive service-fault CSV windows,RE2/RE2-OB/checkoutservice_loss/2/tracets_lat.csv,traces,5848,selected
Zenodo record 14590730 (RCAEval benchmark artifacts),RCAEval recursive service-fault CSV windows,RE2/RE2-OB/checkoutservice_loss/3/logs.csv,logs,15866241,selected
Zenodo record 14590730 (RCAEval benchmark artifacts),RCAEval recursive service-fault CSV windows,RE2/RE2-OB/checkoutservice_loss/3/logts.csv,logs,10977,selected
Zenodo record 14590730 (RCAEval benchmark artifacts),RCAEval recursive service-fault CSV windows,RE2/RE2-OB/checkoutservice_loss/3/metrics.csv,metrics,6635146,selected
Zenodo record 14590730 (RCAEval benchmark artifacts),RCAEval recursive service-fault CSV windows,RE2/RE2-OB/checkoutservice_loss/3/simple_metrics.csv,metrics,1187327,selected
Zenodo record 14590730 (RCAEval benchmark artifacts),RCAEval recursive service-fault CSV windows,RE2/RE2-OB/checkoutservice_loss/3/traces.csv,traces,73551307,selected
Zenodo record 14590730 (RCAEval benchmark artifacts),RCAEval recursive service-fault CSV windows,RE2/RE2-OB/checkoutservice_loss/3/tracets_err.csv,traces,8098,selected
Zenodo record 14590730 (RCAEval benchmark artifacts),RCAEval recursive service-fault CSV windows,RE2/RE2-OB/checkoutservice_loss/3/tracets_lat.csv,traces,6038,selected
Zenodo record 14590730 (RCAEval benchmark artifacts),RCAEval recursive service-fault CSV windows,RE2/RE2-OB/checkoutservice_mem/1/logs.csv,logs,24494482,selected
Zenodo record 14590730 (RCAEval benchmark artifacts),RCAEval recursive service-fault CSV windows,RE2/RE2-OB/checkoutservice_mem/1/logts.csv,logs,9965,selected
Zenodo record 14590730 (RCAEval benchmark artifacts),RCAEval recursive service-fault CSV windows,RE2/RE2-OB/checkoutservice_mem/1/metrics.csv,metrics,6797485,selected
Zenodo record 14590730 (RCAEval benchmark artifacts),RCAEval recursive service-fault CSV windows,RE2/RE2-OB/checkoutservice_mem/1/simple_metrics.csv,metrics,1186175,selected
Zenodo record 14590730 (RCAEval benchmark artifacts),RCAEval recursive service-fault CSV windows,RE2/RE2-OB/checkoutservice_mem/1/traces.csv,traces,74180251,selected
Zenodo record 14590730 (RCAEval benchmark artifacts),RCAEval recursive service-fault CSV windows,RE2/RE2-OB/checkoutservice_mem/1/tracets_err.csv,traces,8113,selected
Zenodo record 14590730 (RCAEval benchmark artifacts),RCAEval recursive service-fault CSV windows,RE2/RE2-OB/checkoutservice_mem/1/tracets_lat.csv,traces,4868,selected
Zenodo record 14590730 (RCAEval benchmark artifacts),RCAEval recursive service-fault CSV windows,RE2/RE2-OB/checkoutservice_mem/2/logs.csv,logs,11022943,selected
Zenodo record 14590730 (RCAEval benchmark artifacts),RCAEval recursive service-fault CSV windows,RE2/RE2-OB/checkoutservice_mem/2/logts.csv,logs,7715,selected
Zenodo record 14590730 (RCAEval benchmark artifacts),RCAEval recursive service-fault CSV windows,RE2/RE2-OB/checkoutservice_mem/2/metrics.csv,metrics,5048726,selected
Zenodo record 14590730 (RCAEval benchmark artifacts),RCAEval recursive service-fault CSV windows,RE2/RE2-OB/checkoutservice_mem/2/simple_metrics.csv,metrics,886053,selected
Zenodo record 14590730 (RCAEval benchmark artifacts),RCAEval recursive service-fault CSV windows,RE2/RE2-OB/checkoutservice_mem/2/traces.csv,traces,59766022,selected
Zenodo record 14590730 (RCAEval benchmark artifacts),RCAEval recursive service-fault CSV windows,RE2/RE2-OB/checkoutservice_mem/2/tracets_err.csv,traces,6534,selected
Zenodo record 14590730 (RCAEval benchmark artifacts),RCAEval recursive service-fault CSV windows,RE2/RE2-OB/checkoutservice_mem/2/tracets_lat.csv,traces,4061,selected
Zenodo record 14590730 (RCAEval benchmark artifacts),RCAEval recursive service-fault CSV windows,RE2/RE2-OB/checkoutservice_mem/3/logs.csv,logs,16019940,selected
Zenodo record 14590730 (RCAEval benchmark artifacts),RCAEval recursive service-fault CSV windows,RE2/RE2-OB/checkoutservice_mem/3/logts.csv,logs,9875,selected
Zenodo record 14590730 (RCAEval benchmark artifacts),RCAEval recursive service-fault CSV windows,RE2/RE2-OB/checkoutservice_mem/3/metrics.csv,metrics,6893110,selected
Zenodo record 14590730 (RCAEval benchmark artifacts),RCAEval recursive service-fault CSV windows,RE2/RE2-OB/checkoutservice_mem/3/simple_metrics.csv,metrics,1210102,selected
Zenodo record 14590730 (RCAEval benchmark artifacts),RCAEval recursive service-fault CSV windows,RE2/RE2-OB/checkoutservice_mem/3/traces.csv,traces,74582606,selected
Zenodo record 14590730 (RCAEval benchmark artifacts),RCAEval recursive service-fault CSV windows,RE2/RE2-OB/checkoutservice_mem/3/tracets_err.csv,traces,8098,selected
Zenodo record 14590730 (RCAEval benchmark artifacts),RCAEval recursive service-fault CSV windows,RE2/RE2-OB/checkoutservice_mem/3/tracets_lat.csv,traces,5931,selected
Zenodo record 14590730 (RCAEval benchmark artifacts),RCAEval recursive service-fault CSV windows,RE2/RE2-OB/checkoutservice_socket/1/logs.csv,logs,15878281,selected
Zenodo record 14590730 (RCAEval benchmark artifacts),RCAEval recursive service-fault CSV windows,RE2/RE2-OB/checkoutservice_socket/1/logts.csv,logs,9925,selected
Zenodo record 14590730 (RCAEval benchmark artifacts),RCAEval recursive service-fault CSV windows,RE2/RE2-OB/checkoutservice_socket/1/metrics.csv,metrics,6875263,selected
Zenodo record 14590730 (RCAEval benchmark artifacts),RCAEval recursive service-fault CSV windows,RE2/RE2-OB/checkoutservice_socket/1/simple_metrics.csv,metrics,1191574,selected
Zenodo record 14590730 (RCAEval benchmark artifacts),RCAEval recursive service-fault CSV windows,RE2/RE2-OB/checkoutservice_socket/1/traces.csv,traces,73855091,selected
Zenodo record 14590730 (RCAEval benchmark artifacts),RCAEval recursive service-fault CSV windows,RE2/RE2-OB/checkoutservice_socket/1/tracets_err.csv,traces,8095,selected
Zenodo record 14590730 (RCAEval benchmark artifacts),RCAEval recursive service-fault CSV windows,RE2/RE2-OB/checkoutservice_socket/1/tracets_lat.csv,traces,6132,selected
Zenodo record 14590730 (RCAEval benchmark artifacts),RCAEval recursive service-fault CSV windows,RE2/RE2-OB/checkoutservice_socket/2/logs.csv,logs,15888474,selected
Zenodo record 14590730 (RCAEval benchmark artifacts),RCAEval recursive service-fault CSV windows,RE2/RE2-OB/checkoutservice_socket/2/logts.csv,logs,9985,selected
Zenodo record 14590730 (RCAEval benchmark artifacts),RCAEval recursive service-fault CSV windows,RE2/RE2-OB/checkoutservice_socket/2/metrics.csv,metrics,6867658,selected
Zenodo record 14590730 (RCAEval benchmark artifacts),RCAEval recursive service-fault CSV windows,RE2/RE2-OB/checkoutservice_socket/2/simple_metrics.csv,metrics,1191262,selected
Zenodo record 14590730 (RCAEval benchmark artifacts),RCAEval recursive service-fault CSV windows,RE2/RE2-OB/checkoutservice_socket/2/traces.csv,traces,73946903,selected
Zenodo record 14590730 (RCAEval benchmark artifacts),RCAEval recursive service-fault CSV windows,RE2/RE2-OB/checkoutservice_socket/2/tracets_err.csv,traces,8113,selected
Zenodo record 14590730 (RCAEval benchmark artifacts),RCAEval recursive service-fault CSV windows,RE2/RE2-OB/checkoutservice_socket/2/tracets_lat.csv,traces,4993,selected
Zenodo record 14590730 (RCAEval benchmark artifacts),RCAEval recursive service-fault CSV windows,RE2/RE2-OB/checkoutservice_socket/3/logs.csv,logs,16047245,selected
Zenodo record 14590730 (RCAEval benchmark artifacts),RCAEval recursive service-fault CSV windows,RE2/RE2-OB/checkoutservice_socket/3/logts.csv,logs,9910,selected
Zenodo record 14590730 (RCAEval benchmark artifacts),RCAEval recursive service-fault CSV windows,RE2/RE2-OB/checkoutservice_socket/3/metrics.csv,metrics,6864671,selected
Zenodo record 14590730 (RCAEval benchmark artifacts),RCAEval recursive service-fault CSV windows,RE2/RE2-OB/checkoutservice_socket/3/simple_metrics.csv,metrics,1195100,selected
Zenodo record 14590730 (RCAEval benchmark artifacts),RCAEval recursive service-fault CSV windows,RE2/RE2-OB/checkoutservice_socket/3/traces.csv,traces,74608170,selected
Zenodo record 14590730 (RCAEval benchmark artifacts),RCAEval recursive service-fault CSV windows,RE2/RE2-OB/checkoutservice_socket/3/tracets_err.csv,traces,8113,selected
Zenodo record 14590730 (RCAEval benchmark artifacts),RCAEval recursive service-fault CSV windows,RE2/RE2-OB/checkoutservice_socket/3/tracets_lat.csv,traces,5002,selected
Zenodo record 14590730 (RCAEval benchmark artifacts),RCAEval recursive service-fault CSV windows,RE2/RE2-OB/currencyservice_cpu/1/logs.csv,logs,15763352,selected
Zenodo record 14590730 (RCAEval benchmark artifacts),RCAEval recursive service-fault CSV windows,RE2/RE2-OB/currencyservice_cpu/1/logts.csv,logs,9928,selected
Zenodo record 14590730 (RCAEval benchmark artifacts),RCAEval recursive service-fault CSV windows,RE2/RE2-OB/currencyservice_cpu/1/metrics.csv,metrics,6862362,selected
Zenodo record 14590730 (RCAEval benchmark artifacts),RCAEval recursive service-fault CSV windows,RE2/RE2-OB/currencyservice_cpu/1/simple_metrics.csv,metrics,1193340,selected
Zenodo record 14590730 (RCAEval benchmark artifacts),RCAEval recursive service-fault CSV windows,RE2/RE2-OB/currencyservice_cpu/1/traces.csv,traces,73388958,selected
Zenodo record 14590730 (RCAEval benchmark artifacts),RCAEval recursive service-fault CSV windows,RE2/RE2-OB/currencyservice_cpu/1/tracets_err.csv,traces,8113,selected
Zenodo record 14590730 (RCAEval benchmark artifacts),RCAEval recursive service-fault CSV windows,RE2/RE2-OB/currencyservice_cpu/1/tracets_lat.csv,traces,4871,selected
Zenodo record 14590730 (RCAEval benchmark artifacts),RCAEval recursive service-fault CSV windows,RE2/RE2-OB/currencyservice_cpu/2/logs.csv,logs,15707051,selected
Zenodo record 14590730 (RCAEval benchmark artifacts),RCAEval recursive service-fault CSV windows,RE2/RE2-OB/currencyservice_cpu/2/logts.csv,logs,9901,selected
Zenodo record 14590730 (RCAEval benchmark artifacts),RCAEval recursive service-fault CSV windows,RE2/RE2-OB/currencyservice_cpu/2/metrics.csv,metrics,6832794,selected
Zenodo record 14590730 (RCAEval benchmark artifacts),RCAEval recursive service-fault CSV windows,RE2/RE2-OB/currencyservice_cpu/2/simple_metrics.csv,metrics,1181432,selected
Zenodo record 14590730 (RCAEval benchmark artifacts),RCAEval recursive service-fault CSV windows,RE2/RE2-OB/currencyservice_cpu/2/traces.csv,traces,73264458,selected
Zenodo record 14590730 (RCAEval benchmark artifacts),RCAEval recursive service-fault CSV windows,RE2/RE2-OB/currencyservice_cpu/2/tracets_err.csv,traces,8113,selected
Zenodo record 14590730 (RCAEval benchmark artifacts),RCAEval recursive service-fault CSV windows,RE2/RE2-OB/currencyservice_cpu/2/tracets_lat.csv,traces,4865,selected
Zenodo record 14590730 (RCAEval benchmark artifacts),RCAEval recursive service-fault CSV windows,RE2/RE2-OB/currencyservice_cpu/3/logs.csv,logs,15832352,selected
Zenodo record 14590730 (RCAEval benchmark artifacts),RCAEval recursive service-fault CSV windows,RE2/RE2-OB/currencyservice_cpu/3/logts.csv,logs,9886,selected
Zenodo record 14590730 (RCAEval benchmark artifacts),RCAEval recursive service-fault CSV windows,RE2/RE2-OB/currencyservice_cpu/3/metrics.csv,metrics,6845346,selected
Zenodo record 14590730 (RCAEval benchmark artifacts),RCAEval recursive service-fault CSV windows,RE2/RE2-OB/currencyservice_cpu/3/simple_metrics.csv,metrics,1192228,selected
Zenodo record 14590730 (RCAEval benchmark artifacts),RCAEval recursive service-fault CSV windows,RE2/RE2-OB/currencyservice_cpu/3/traces.csv,traces,73799339,selected
Zenodo record 14590730 (RCAEval benchmark artifacts),RCAEval recursive service-fault CSV windows,RE2/RE2-OB/currencyservice_cpu/3/tracets_err.csv,traces,8095,selected
Zenodo record 14590730 (RCAEval benchmark artifacts),RCAEval recursive service-fault CSV windows,RE2/RE2-OB/currencyservice_cpu/3/tracets_lat.csv,traces,6008,selected
Zenodo record 14590730 (RCAEval benchmark artifacts),RCAEval recursive service-fault CSV windows,RE2/RE2-OB/currencyservice_delay/1/logs.csv,logs,14553345,selected
Zenodo record 14590730 (RCAEval benchmark artifacts),RCAEval recursive service-fault CSV windows,RE2/RE2-OB/currencyservice_delay/1/logts.csv,logs,9845,selected
Zenodo record 14590730 (RCAEval benchmark artifacts),RCAEval recursive service-fault CSV windows,RE2/RE2-OB/currencyservice_delay/1/metrics.csv,metrics,6837311,selected
Zenodo record 14590730 (RCAEval benchmark artifacts),RCAEval recursive service-fault CSV windows,RE2/RE2-OB/currencyservice_delay/1/simple_metrics.csv,metrics,1190133,selected
Zenodo record 14590730 (RCAEval benchmark artifacts),RCAEval recursive service-fault CSV windows,RE2/RE2-OB/currencyservice_delay/1/traces.csv,traces,70123628,selected
Zenodo record 14590730 (RCAEval benchmark artifacts),RCAEval recursive service-fault CSV windows,RE2/RE2-OB/currencyservice_delay/1/tracets_err.csv,traces,8113,selected
Zenodo record 14590730 (RCAEval benchmark artifacts),RCAEval recursive service-fault CSV windows,RE2/RE2-OB/currencyservice_delay/1/tracets_lat.csv,traces,4885,selected
Zenodo record 14590730 (RCAEval benchmark artifacts),RCAEval recursive service-fault CSV windows,RE2/RE2-OB/currencyservice_delay/2/logs.csv,logs,10842741,selected
Zenodo record 14590730 (RCAEval benchmark artifacts),RCAEval recursive service-fault CSV windows,RE2/RE2-OB/currencyservice_delay/2/logts.csv,logs,9100,selected
Zenodo record 14590730 (RCAEval benchmark artifacts),RCAEval recursive service-fault CSV windows,RE2/RE2-OB/currencyservice_delay/2/metrics.csv,metrics,6830998,selected
Zenodo record 14590730 (RCAEval benchmark artifacts),RCAEval recursive service-fault CSV windows,RE2/RE2-OB/currencyservice_delay/2/simple_metrics.csv,metrics,1186247,selected
Zenodo record 14590730 (RCAEval benchmark artifacts),RCAEval recursive service-fault CSV windows,RE2/RE2-OB/currencyservice_delay/2/traces.csv,traces,70520200,selected
Zenodo record 14590730 (RCAEval benchmark artifacts),RCAEval recursive service-fault CSV windows,RE2/RE2-OB/currencyservice_delay/2/tracets_err.csv,traces,8113,selected
Zenodo record 14590730 (RCAEval benchmark artifacts),RCAEval recursive service-fault CSV windows,RE2/RE2-OB/currencyservice_delay/2/tracets_lat.csv,traces,4893,selected
Zenodo record 14590730 (RCAEval benchmark artifacts),RCAEval recursive service-fault CSV windows,RE2/RE2-OB/currencyservice_delay/3/logs.csv,logs,10717405,selected
Zenodo record 14590730 (RCAEval benchmark artifacts),RCAEval recursive service-fault CSV windows,RE2/RE2-OB/currencyservice_delay/3/logts.csv,logs,9045,selected
Zenodo record 14590730 (RCAEval benchmark artifacts),RCAEval recursive service-fault CSV windows,RE2/RE2-OB/currencyservice_delay/3/metrics.csv,metrics,6848546,selected
Zenodo record 14590730 (RCAEval benchmark artifacts),RCAEval recursive service-fault CSV windows,RE2/RE2-OB/currencyservice_delay/3/simple_metrics.csv,metrics,1196330,selected
Zenodo record 14590730 (RCAEval benchmark artifacts),RCAEval recursive service-fault CSV windows,RE2/RE2-OB/currencyservice_delay/3/traces.csv,traces,69288233,selected
Zenodo record 14590730 (RCAEval benchmark artifacts),RCAEval recursive service-fault CSV windows,RE2/RE2-OB/currencyservice_delay/3/tracets_err.csv,traces,8113,selected
Zenodo record 14590730 (RCAEval benchmark artifacts),RCAEval recursive service-fault CSV windows,RE2/RE2-OB/currencyservice_delay/3/tracets_lat.csv,traces,4897,selected
Zenodo record 14590730 (RCAEval benchmark artifacts),RCAEval recursive service-fault CSV windows,RE2/RE2-OB/currencyservice_disk/1/logs.csv,logs,21629878,selected
Zenodo record 14590730 (RCAEval benchmark artifacts),RCAEval recursive service-fault CSV windows,RE2/RE2-OB/currencyservice_disk/1/logts.csv,logs,9788,selected
Zenodo record 14590730 (RCAEval benchmark artifacts),RCAEval recursive service-fault CSV windows,RE2/RE2-OB/currencyservice_disk/1/metrics.csv,metrics,6861684,selected
Zenodo record 14590730 (RCAEval benchmark artifacts),RCAEval recursive service-fault CSV windows,RE2/RE2-OB/currencyservice_disk/1/simple_metrics.csv,metrics,1196943,selected
Zenodo record 14590730 (RCAEval benchmark artifacts),RCAEval recursive service-fault CSV windows,RE2/RE2-OB/currencyservice_disk/1/traces.csv,traces,66046489,selected
Zenodo record 14590730 (RCAEval benchmark artifacts),RCAEval recursive service-fault CSV windows,RE2/RE2-OB/currencyservice_disk/1/tracets_err.csv,traces,8113,selected
Zenodo record 14590730 (RCAEval benchmark artifacts),RCAEval recursive service-fault CSV windows,RE2/RE2-OB/currencyservice_disk/1/tracets_lat.csv,traces,4957,selected
Zenodo record 14590730 (RCAEval benchmark artifacts),RCAEval recursive service-fault CSV windows,RE2/RE2-OB/currencyservice_disk/2/logs.csv,logs,15544167,selected
Zenodo record 14590730 (RCAEval benchmark artifacts),RCAEval recursive service-fault CSV windows,RE2/RE2-OB/currencyservice_disk/2/logts.csv,logs,9909,selected
Zenodo record 14590730 (RCAEval benchmark artifacts),RCAEval recursive service-fault CSV windows,RE2/RE2-OB/currencyservice_disk/2/metrics.csv,metrics,6947350,selected
Zenodo record 14590730 (RCAEval benchmark artifacts),RCAEval recursive service-fault CSV windows,RE2/RE2-OB/currencyservice_disk/2/simple_metrics.csv,metrics,1211609,selected
Zenodo record 14590730 (RCAEval benchmark artifacts),RCAEval recursive service-fault CSV windows,RE2/RE2-OB/currencyservice_disk/2/traces.csv,traces,72400661,selected
Zenodo record 14590730 (RCAEval benchmark artifacts),RCAEval recursive service-fault CSV windows,RE2/RE2-OB/currencyservice_disk/2/tracets_err.csv,traces,8110,selected
Zenodo record 14590730 (RCAEval benchmark artifacts),RCAEval recursive service-fault CSV windows,RE2/RE2-OB/currencyservice_disk/2/tracets_lat.csv,traces,5131,selected
Zenodo record 14590730 (RCAEval benchmark artifacts),RCAEval recursive service-fault CSV windows,RE2/RE2-OB/currencyservice_disk/3/logs.csv,logs,15780107,selected
Zenodo record 14590730 (RCAEval benchmark artifacts),RCAEval recursive service-fault CSV windows,RE2/RE2-OB/currencyservice_disk/3/logts.csv,logs,9921,selected
Zenodo record 14590730 (RCAEval benchmark artifacts),RCAEval recursive service-fault CSV windows,RE2/RE2-OB/currencyservice_disk/3/metrics.csv,metrics,6937045,selected
Zenodo record 14590730 (RCAEval benchmark artifacts),RCAEval recursive service-fault CSV windows,RE2/RE2-OB/currencyservice_disk/3/simple_metrics.csv,metrics,1206385,selected
Zenodo record 14590730 (RCAEval benchmark artifacts),RCAEval recursive service-fault CSV windows,RE2/RE2-OB/currencyservice_disk/3/traces.csv,traces,73718434,selected
Zenodo record 14590730 (RCAEval benchmark artifacts),RCAEval recursive service-fault CSV windows,RE2/RE2-OB/currencyservice_disk/3/tracets_err.csv,traces,8113,selected
Zenodo record 14590730 (RCAEval benchmark artifacts),RCAEval recursive service-fault CSV windows,RE2/RE2-OB/currencyservice_disk/3/tracets_lat.csv,traces,4940,selected
Zenodo record 14590730 (RCAEval benchmark artifacts),RCAEval recursive service-fault CSV windows,RE2/RE2-OB/currencyservice_loss/1/logs.csv,logs,18152000,selected
Zenodo record 14590730 (RCAEval benchmark artifacts),RCAEval recursive service-fault CSV windows,RE2/RE2-OB/currencyservice_loss/1/logts.csv,logs,12978,selected
Zenodo record 14590730 (RCAEval benchmark artifacts),RCAEval recursive service-fault CSV windows,RE2/RE2-OB/currencyservice_loss/1/metrics.csv,metrics,6689440,selected
Zenodo record 14590730 (RCAEval benchmark artifacts),RCAEval recursive service-fault CSV windows,RE2/RE2-OB/currencyservice_loss/1/simple_metrics.csv,metrics,1157622,selected
Zenodo record 14590730 (RCAEval benchmark artifacts),RCAEval recursive service-fault CSV windows,RE2/RE2-OB/currencyservice_loss/1/traces.csv,traces,52172256,selected
Zenodo record 14590730 (RCAEval benchmark artifacts),RCAEval recursive service-fault CSV windows,RE2/RE2-OB/currencyservice_loss/1/tracets_err.csv,traces,8011,selected
Zenodo record 14590730 (RCAEval benchmark artifacts),RCAEval recursive service-fault CSV windows,RE2/RE2-OB/currencyservice_loss/1/tracets_lat.csv,traces,6231,selected
Zenodo record 14590730 (RCAEval benchmark artifacts),RCAEval recursive service-fault CSV windows,RE2/RE2-OB/currencyservice_loss/2/logs.csv,logs,11516793,selected
Zenodo record 14590730 (RCAEval benchmark artifacts),RCAEval recursive service-fault CSV windows,RE2/RE2-OB/currencyservice_loss/2/logts.csv,logs,10615,selected
Zenodo record 14590730 (RCAEval benchmark artifacts),RCAEval recursive service-fault CSV windows,RE2/RE2-OB/currencyservice_loss/2/metrics.csv,metrics,6884296,selected
Zenodo record 14590730 (RCAEval benchmark artifacts),RCAEval recursive service-fault CSV windows,RE2/RE2-OB/currencyservice_loss/2/simple_metrics.csv,metrics,1204924,selected
Zenodo record 14590730 (RCAEval benchmark artifacts),RCAEval recursive service-fault CSV windows,RE2/RE2-OB/currencyservice_loss/2/traces.csv,traces,66728349,selected
Zenodo record 14590730 (RCAEval benchmark artifacts),RCAEval recursive service-fault CSV windows,RE2/RE2-OB/currencyservice_loss/2/tracets_err.csv,traces,8116,selected
Zenodo record 14590730 (RCAEval benchmark artifacts),RCAEval recursive service-fault CSV windows,RE2/RE2-OB/currencyservice_loss/2/tracets_lat.csv,traces,4943,selected
Zenodo record 14590730 (RCAEval benchmark artifacts),RCAEval recursive service-fault CSV windows,RE2/RE2-OB/currencyservice_loss/3/logs.csv,logs,13862620,selected
Zenodo record 14590730 (RCAEval benchmark artifacts),RCAEval recursive service-fault CSV windows,RE2/RE2-OB/currencyservice_loss/3/logts.csv,logs,10515,selected
Zenodo record 14590730 (RCAEval benchmark artifacts),RCAEval recursive service-fault CSV windows,RE2/RE2-OB/currencyservice_loss/3/metrics.csv,metrics,6827209,selected
Zenodo record 14590730 (RCAEval benchmark artifacts),RCAEval recursive service-fault CSV windows,RE2/RE2-OB/currencyservice_loss/3/simple_metrics.csv,metrics,1190266,selected
Zenodo record 14590730 (RCAEval benchmark artifacts),RCAEval recursive service-fault CSV windows,RE2/RE2-OB/currencyservice_loss/3/traces.csv,traces,64755796,selected
Zenodo record 14590730 (RCAEval benchmark artifacts),RCAEval recursive service-fault CSV windows,RE2/RE2-OB/currencyservice_loss/3/tracets_err.csv,traces,8099,selected
Zenodo record 14590730 (RCAEval benchmark artifacts),RCAEval recursive service-fault CSV windows,RE2/RE2-OB/currencyservice_loss/3/tracets_lat.csv,traces,6067,selected
Zenodo record 14590730 (RCAEval benchmark artifacts),RCAEval recursive service-fault CSV windows,RE2/RE2-OB/currencyservice_mem/1/logs.csv,logs,22720244,selected
Zenodo record 14590730 (RCAEval benchmark artifacts),RCAEval recursive service-fault CSV windows,RE2/RE2-OB/currencyservice_mem/1/logts.csv,logs,9871,selected
Zenodo record 14590730 (RCAEval benchmark artifacts),RCAEval recursive service-fault CSV windows,RE2/RE2-OB/currencyservice_mem/1/metrics.csv,metrics,6733833,selected
Zenodo record 14590730 (RCAEval benchmark artifacts),RCAEval recursive service-fault CSV windows,RE2/RE2-OB/currencyservice_mem/1/simple_metrics.csv,metrics,1174390,selected
Zenodo record 14590730 (RCAEval benchmark artifacts),RCAEval recursive service-fault CSV windows,RE2/RE2-OB/currencyservice_mem/1/traces.csv,traces,69289671,selected
Zenodo record 14590730 (RCAEval benchmark artifacts),RCAEval recursive service-fault CSV windows,RE2/RE2-OB/currencyservice_mem/1/tracets_err.csv,traces,8098,selected
Zenodo record 14590730 (RCAEval benchmark artifacts),RCAEval recursive service-fault CSV windows,RE2/RE2-OB/currencyservice_mem/1/tracets_lat.csv,traces,5949,selected
Zenodo record 14590730 (RCAEval benchmark artifacts),RCAEval recursive service-fault CSV windows,RE2/RE2-OB/currencyservice_mem/2/logs.csv,logs,15175391,selected
Zenodo record 14590730 (RCAEval benchmark artifacts),RCAEval recursive service-fault CSV windows,RE2/RE2-OB/currencyservice_mem/2/logts.csv,logs,10265,selected
Zenodo record 14590730 (RCAEval benchmark artifacts),RCAEval recursive service-fault CSV windows,RE2/RE2-OB/currencyservice_mem/2/metrics.csv,metrics,6672810,selected
Zenodo record 14590730 (RCAEval benchmark artifacts),RCAEval recursive service-fault CSV windows,RE2/RE2-OB/currencyservice_mem/2/simple_metrics.csv,metrics,1201335,selected
Zenodo record 14590730 (RCAEval benchmark artifacts),RCAEval recursive service-fault CSV windows,RE2/RE2-OB/currencyservice_mem/2/traces.csv,traces,70752566,selected
Zenodo record 14590730 (RCAEval benchmark artifacts),RCAEval recursive service-fault CSV windows,RE2/RE2-OB/currencyservice_mem/2/tracets_err.csv,traces,8119,selected
Zenodo record 14590730 (RCAEval benchmark artifacts),RCAEval recursive service-fault CSV windows,RE2/RE2-OB/currencyservice_mem/2/tracets_lat.csv,traces,4976,selected
Zenodo record 14590730 (RCAEval benchmark artifacts),RCAEval recursive service-fault CSV windows,RE2/RE2-OB/currencyservice_mem/3/logs.csv,logs,15142840,selected
Zenodo record 14590730 (RCAEval benchmark artifacts),RCAEval recursive service-fault CSV windows,RE2/RE2-OB/currencyservice_mem/3/logts.csv,logs,10319,selected
Zenodo record 14590730 (RCAEval benchmark artifacts),RCAEval recursive service-fault CSV windows,RE2/RE2-OB/currencyservice_mem/3/metrics.csv,metrics,6851496,selected
Zenodo record 14590730 (RCAEval benchmark artifacts),RCAEval recursive service-fault CSV windows,RE2/RE2-OB/currencyservice_mem/3/simple_metrics.csv,metrics,1195621,selected
Zenodo record 14590730 (RCAEval benchmark artifacts),RCAEval recursive service-fault CSV windows,RE2/RE2-OB/currencyservice_mem/3/traces.csv,traces,70370974,selected
Zenodo record 14590730 (RCAEval benchmark artifacts),RCAEval recursive service-fault CSV windows,RE2/RE2-OB/currencyservice_mem/3/tracets_err.csv,traces,8124,selected
Zenodo record 14590730 (RCAEval benchmark artifacts),RCAEval recursive service-fault CSV windows,RE2/RE2-OB/currencyservice_mem/3/tracets_lat.csv,traces,4985,selected
Zenodo record 14590730 (RCAEval benchmark artifacts),RCAEval recursive service-fault CSV windows,RE2/RE2-OB/currencyservice_socket/1/logs.csv,logs,24433159,selected
Zenodo record 14590730 (RCAEval benchmark artifacts),RCAEval recursive service-fault CSV windows,RE2/RE2-OB/currencyservice_socket/1/logts.csv,logs,9958,selected
Zenodo record 14590730 (RCAEval benchmark artifacts),RCAEval recursive service-fault CSV windows,RE2/RE2-OB/currencyservice_socket/1/metrics.csv,metrics,6764424,selected
Zenodo record 14590730 (RCAEval benchmark artifacts),RCAEval recursive service-fault CSV windows,RE2/RE2-OB/currencyservice_socket/1/simple_metrics.csv,metrics,1182545,selected
Zenodo record 14590730 (RCAEval benchmark artifacts),RCAEval recursive service-fault CSV windows,RE2/RE2-OB/currencyservice_socket/1/traces.csv,traces,74266150,selected
Zenodo record 14590730 (RCAEval benchmark artifacts),RCAEval recursive service-fault CSV windows,RE2/RE2-OB/currencyservice_socket/1/tracets_err.csv,traces,8092,selected
Zenodo record 14590730 (RCAEval benchmark artifacts),RCAEval recursive service-fault CSV windows,RE2/RE2-OB/currencyservice_socket/1/tracets_lat.csv,traces,6314,selected
Zenodo record 14590730 (RCAEval benchmark artifacts),RCAEval recursive service-fault CSV windows,RE2/RE2-OB/currencyservice_socket/2/logs.csv,logs,15640016,selected
Zenodo record 14590730 (RCAEval benchmark artifacts),RCAEval recursive service-fault CSV windows,RE2/RE2-OB/currencyservice_socket/2/logts.csv,logs,9860,selected
Zenodo record 14590730 (RCAEval benchmark artifacts),RCAEval recursive service-fault CSV windows,RE2/RE2-OB/currencyservice_socket/2/metrics.csv,metrics,6862767,selected
Zenodo record 14590730 (RCAEval benchmark artifacts),RCAEval recursive service-fault CSV windows,RE2/RE2-OB/currencyservice_socket/2/simple_metrics.csv,metrics,1197046,selected
Zenodo record 14590730 (RCAEval benchmark artifacts),RCAEval recursive service-fault CSV windows,RE2/RE2-OB/currencyservice_socket/2/traces.csv,traces,73087672,selected
Zenodo record 14590730 (RCAEval benchmark artifacts),RCAEval recursive service-fault CSV windows,RE2/RE2-OB/currencyservice_socket/2/tracets_err.csv,traces,8113,selected
Zenodo record 14590730 (RCAEval benchmark artifacts),RCAEval recursive service-fault CSV windows,RE2/RE2-OB/currencyservice_socket/2/tracets_lat.csv,traces,4908,selected
Zenodo record 14590730 (RCAEval benchmark artifacts),RCAEval recursive service-fault CSV windows,RE2/RE2-OB/currencyservice_socket/3/logs.csv,logs,15662682,selected
Zenodo record 14590730 (RCAEval benchmark artifacts),RCAEval recursive service-fault CSV windows,RE2/RE2-OB/currencyservice_socket/3/logts.csv,logs,9923,selected
Zenodo record 14590730 (RCAEval benchmark artifacts),RCAEval recursive service-fault CSV windows,RE2/RE2-OB/currencyservice_socket/3/metrics.csv,metrics,6863879,selected
Zenodo record 14590730 (RCAEval benchmark artifacts),RCAEval recursive service-fault CSV windows,RE2/RE2-OB/currencyservice_socket/3/simple_metrics.csv,metrics,1198404,selected
Zenodo record 14590730 (RCAEval benchmark artifacts),RCAEval recursive service-fault CSV windows,RE2/RE2-OB/currencyservice_socket/3/traces.csv,traces,72796826,selected
Zenodo record 14590730 (RCAEval benchmark artifacts),RCAEval recursive service-fault CSV windows,RE2/RE2-OB/currencyservice_socket/3/tracets_err.csv,traces,8113,selected
Zenodo record 14590730 (RCAEval benchmark artifacts),RCAEval recursive service-fault CSV windows,RE2/RE2-OB/currencyservice_socket/3/tracets_lat.csv,traces,4953,selected
Zenodo record 14590730 (RCAEval benchmark artifacts),RCAEval recursive service-fault CSV windows,RE2/RE2-OB/emailservice_cpu/1/logs.csv,logs,23450993,selected
Zenodo record 14590730 (RCAEval benchmark artifacts),RCAEval recursive service-fault CSV windows,RE2/RE2-OB/emailservice_cpu/1/logts.csv,logs,9842,selected
Zenodo record 14590730 (RCAEval benchmark artifacts),RCAEval recursive service-fault CSV windows,RE2/RE2-OB/emailservice_cpu/1/metrics.csv,metrics,6805056,selected
Zenodo record 14590730 (RCAEval benchmark artifacts),RCAEval recursive service-fault CSV windows,RE2/RE2-OB/emailservice_cpu/1/simple_metrics.csv,metrics,1190756,selected
Zenodo record 14590730 (RCAEval benchmark artifacts),RCAEval recursive service-fault CSV windows,RE2/RE2-OB/emailservice_cpu/1/traces.csv,traces,71713904,selected
Zenodo record 14590730 (RCAEval benchmark artifacts),RCAEval recursive service-fault CSV windows,RE2/RE2-OB/emailservice_cpu/1/tracets_err.csv,traces,8034,selected
Zenodo record 14590730 (RCAEval benchmark artifacts),RCAEval recursive service-fault CSV windows,RE2/RE2-OB/emailservice_cpu/1/tracets_lat.csv,traces,4837,selected
Zenodo record 14590730 (RCAEval benchmark artifacts),RCAEval recursive service-fault CSV windows,RE2/RE2-OB/emailservice_cpu/2/logs.csv,logs,16132746,selected
Zenodo record 14590730 (RCAEval benchmark artifacts),RCAEval recursive service-fault CSV windows,RE2/RE2-OB/emailservice_cpu/2/logts.csv,logs,9950,selected
Zenodo record 14590730 (RCAEval benchmark artifacts),RCAEval recursive service-fault CSV windows,RE2/RE2-OB/emailservice_cpu/2/metrics.csv,metrics,6865812,selected
Zenodo record 14590730 (RCAEval benchmark artifacts),RCAEval recursive service-fault CSV windows,RE2/RE2-OB/emailservice_cpu/2/simple_metrics.csv,metrics,1200685,selected
Zenodo record 14590730 (RCAEval benchmark artifacts),RCAEval recursive service-fault CSV windows,RE2/RE2-OB/emailservice_cpu/2/traces.csv,traces,74931944,selected
Zenodo record 14590730 (RCAEval benchmark artifacts),RCAEval recursive service-fault CSV windows,RE2/RE2-OB/emailservice_cpu/2/tracets_err.csv,traces,8095,selected
Zenodo record 14590730 (RCAEval benchmark artifacts),RCAEval recursive service-fault CSV windows,RE2/RE2-OB/emailservice_cpu/2/tracets_lat.csv,traces,6158,selected
Zenodo record 14590730 (RCAEval benchmark artifacts),RCAEval recursive service-fault CSV windows,RE2/RE2-OB/emailservice_cpu/3/logs.csv,logs,16207736,selected
Zenodo record 14590730 (RCAEval benchmark artifacts),RCAEval recursive service-fault CSV windows,RE2/RE2-OB/emailservice_cpu/3/logts.csv,logs,9875,selected
Zenodo record 14590730 (RCAEval benchmark artifacts),RCAEval recursive service-fault CSV windows,RE2/RE2-OB/emailservice_cpu/3/metrics.csv,metrics,6881479,selected
Zenodo record 14590730 (RCAEval benchmark artifacts),RCAEval recursive service-fault CSV windows,RE2/RE2-OB/emailservice_cpu/3/simple_metrics.csv,metrics,1199994,selected
Zenodo record 14590730 (RCAEval benchmark artifacts),RCAEval recursive service-fault CSV windows,RE2/RE2-OB/emailservice_cpu/3/traces.csv,traces,75404122,selected
Zenodo record 14590730 (RCAEval benchmark artifacts),RCAEval recursive service-fault CSV windows,RE2/RE2-OB/emailservice_cpu/3/tracets_err.csv,traces,8113,selected
Zenodo record 14590730 (RCAEval benchmark artifacts),RCAEval recursive service-fault CSV windows,RE2/RE2-OB/emailservice_cpu/3/tracets_lat.csv,traces,5000,selected
Zenodo record 14590730 (RCAEval benchmark artifacts),RCAEval recursive service-fault CSV windows,RE2/RE2-OB/emailservice_delay/1/logs.csv,logs,15964154,selected
Zenodo record 14590730 (RCAEval benchmark artifacts),RCAEval recursive service-fault CSV windows,RE2/RE2-OB/emailservice_delay/1/logts.csv,logs,9899,selected
Zenodo record 14590730 (RCAEval benchmark artifacts),RCAEval recursive service-fault CSV windows,RE2/RE2-OB/emailservice_delay/1/metrics.csv,metrics,6672693,selected
Zenodo record 14590730 (RCAEval benchmark artifacts),RCAEval recursive service-fault CSV windows,RE2/RE2-OB/emailservice_delay/1/simple_metrics.csv,metrics,1197117,selected
Zenodo record 14590730 (RCAEval benchmark artifacts),RCAEval recursive service-fault CSV windows,RE2/RE2-OB/emailservice_delay/1/traces.csv,traces,74202625,selected
Zenodo record 14590730 (RCAEval benchmark artifacts),RCAEval recursive service-fault CSV windows,RE2/RE2-OB/emailservice_delay/1/tracets_err.csv,traces,8113,selected
Zenodo record 14590730 (RCAEval benchmark artifacts),RCAEval recursive service-fault CSV windows,RE2/RE2-OB/emailservice_delay/1/tracets_lat.csv,traces,5006,selected
Zenodo record 14590730 (RCAEval benchmark artifacts),RCAEval recursive service-fault CSV windows,RE2/RE2-OB/emailservice_delay/2/logs.csv,logs,16004463,selected
Zenodo record 14590730 (RCAEval benchmark artifacts),RCAEval recursive service-fault CSV windows,RE2/RE2-OB/emailservice_delay/2/logts.csv,logs,9928,selected
Zenodo record 14590730 (RCAEval benchmark artifacts),RCAEval recursive service-fault CSV windows,RE2/RE2-OB/emailservice_delay/2/metrics.csv,metrics,6677814,selected
Zenodo record 14590730 (RCAEval benchmark artifacts),RCAEval recursive service-fault CSV windows,RE2/RE2-OB/emailservice_delay/2/simple_metrics.csv,metrics,1200056,selected
Zenodo record 14590730 (RCAEval benchmark artifacts),RCAEval recursive service-fault CSV windows,RE2/RE2-OB/emailservice_delay/2/traces.csv,traces,74175433,selected
Zenodo record 14590730 (RCAEval benchmark artifacts),RCAEval recursive service-fault CSV windows,RE2/RE2-OB/emailservice_delay/2/tracets_err.csv,traces,8113,selected
Zenodo record 14590730 (RCAEval benchmark artifacts),RCAEval recursive service-fault CSV windows,RE2/RE2-OB/emailservice_delay/2/tracets_lat.csv,traces,5007,selected
Zenodo record 14590730 (RCAEval benchmark artifacts),RCAEval recursive service-fault CSV windows,RE2/RE2-OB/emailservice_delay/3/logs.csv,logs,16032575,selected
Zenodo record 14590730 (RCAEval benchmark artifacts),RCAEval recursive service-fault CSV windows,RE2/RE2-OB/emailservice_delay/3/logts.csv,logs,9922,selected
Zenodo record 14590730 (RCAEval benchmark artifacts),RCAEval recursive service-fault CSV windows,RE2/RE2-OB/emailservice_delay/3/metrics.csv,metrics,6684494,selected
Zenodo record 14590730 (RCAEval benchmark artifacts),RCAEval recursive service-fault CSV windows,RE2/RE2-OB/emailservice_delay/3/simple_metrics.csv,metrics,1206319,selected
Zenodo record 14590730 (RCAEval benchmark artifacts),RCAEval recursive service-fault CSV windows,RE2/RE2-OB/emailservice_delay/3/traces.csv,traces,74424979,selected
Zenodo record 14590730 (RCAEval benchmark artifacts),RCAEval recursive service-fault CSV windows,RE2/RE2-OB/emailservice_delay/3/tracets_err.csv,traces,8113,selected
Zenodo record 14590730 (RCAEval benchmark artifacts),RCAEval recursive service-fault CSV windows,RE2/RE2-OB/emailservice_delay/3/tracets_lat.csv,traces,5004,selected
Zenodo record 14590730 (RCAEval benchmark artifacts),RCAEval recursive service-fault CSV windows,RE2/RE2-OB/emailservice_disk/1/logs.csv,logs,23126827,selected
Zenodo record 14590730 (RCAEval benchmark artifacts),RCAEval recursive service-fault CSV windows,RE2/RE2-OB/emailservice_disk/1/logts.csv,logs,9853,selected
Zenodo record 14590730 (RCAEval benchmark artifacts),RCAEval recursive service-fault CSV windows,RE2/RE2-OB/emailservice_disk/1/metrics.csv,metrics,6895187,selected
Zenodo record 14590730 (RCAEval benchmark artifacts),RCAEval recursive service-fault CSV windows,RE2/RE2-OB/emailservice_disk/1/simple_metrics.csv,metrics,1204531,selected
Zenodo record 14590730 (RCAEval benchmark artifacts),RCAEval recursive service-fault CSV windows,RE2/RE2-OB/emailservice_disk/1/traces.csv,traces,70719745,selected
Zenodo record 14590730 (RCAEval benchmark artifacts),RCAEval recursive service-fault CSV windows,RE2/RE2-OB/emailservice_disk/1/tracets_err.csv,traces,8113,selected
Zenodo record 14590730 (RCAEval benchmark artifacts),RCAEval recursive service-fault CSV windows,RE2/RE2-OB/emailservice_disk/1/tracets_lat.csv,traces,4885,selected
Zenodo record 14590730 (RCAEval benchmark artifacts),RCAEval recursive service-fault CSV windows,RE2/RE2-OB/emailservice_disk/2/logs.csv,logs,16124336,selected
Zenodo record 14590730 (RCAEval benchmark artifacts),RCAEval recursive service-fault CSV windows,RE2/RE2-OB/emailservice_disk/2/logts.csv,logs,9904,selected
Zenodo record 14590730 (RCAEval benchmark artifacts),RCAEval recursive service-fault CSV windows,RE2/RE2-OB/emailservice_disk/2/metrics.csv,metrics,7015502,selected
Zenodo record 14590730 (RCAEval benchmark artifacts),RCAEval recursive service-fault CSV windows,RE2/RE2-OB/emailservice_disk/2/simple_metrics.csv,metrics,1213638,selected
Zenodo record 14590730 (RCAEval benchmark artifacts),RCAEval recursive service-fault CSV windows,RE2/RE2-OB/emailservice_disk/2/traces.csv,traces,74813646,selected
Zenodo record 14590730 (RCAEval benchmark artifacts),RCAEval recursive service-fault CSV windows,RE2/RE2-OB/emailservice_disk/2/tracets_err.csv,traces,8110,selected
Zenodo record 14590730 (RCAEval benchmark artifacts),RCAEval recursive service-fault CSV windows,RE2/RE2-OB/emailservice_disk/2/tracets_lat.csv,traces,5198,selected
Zenodo record 14590730 (RCAEval benchmark artifacts),RCAEval recursive service-fault CSV windows,RE2/RE2-OB/emailservice_disk/3/logs.csv,logs,14567483,selected
Zenodo record 14590730 (RCAEval benchmark artifacts),RCAEval recursive service-fault CSV windows,RE2/RE2-OB/emailservice_disk/3/logts.csv,logs,9094,selected
Zenodo record 14590730 (RCAEval benchmark artifacts),RCAEval recursive service-fault CSV windows,RE2/RE2-OB/emailservice_disk/3/metrics.csv,metrics,6784738,selected
Zenodo record 14590730 (RCAEval benchmark artifacts),RCAEval recursive service-fault CSV windows,RE2/RE2-OB/emailservice_disk/3/simple_metrics.csv,metrics,1224807,selected
Zenodo record 14590730 (RCAEval benchmark artifacts),RCAEval recursive service-fault CSV windows,RE2/RE2-OB/emailservice_disk/3/traces.csv,traces,67547937,selected
Zenodo record 14590730 (RCAEval benchmark artifacts),RCAEval recursive service-fault CSV windows,RE2/RE2-OB/emailservice_disk/3/tracets_err.csv,traces,7402,selected
Zenodo record 14590730 (RCAEval benchmark artifacts),RCAEval recursive service-fault CSV windows,RE2/RE2-OB/emailservice_disk/3/tracets_lat.csv,traces,4566,selected
Zenodo record 14590730 (RCAEval benchmark artifacts),RCAEval recursive service-fault CSV windows,RE2/RE2-OB/emailservice_loss/1/logs.csv,logs,23254297,selected
Zenodo record 14590730 (RCAEval benchmark artifacts),RCAEval recursive service-fault CSV windows,RE2/RE2-OB/emailservice_loss/1/logts.csv,logs,10939,selected
Zenodo record 14590730 (RCAEval benchmark artifacts),RCAEval recursive service-fault CSV windows,RE2/RE2-OB/emailservice_loss/1/metrics.csv,metrics,6777308,selected
Zenodo record 14590730 (RCAEval benchmark artifacts),RCAEval recursive service-fault CSV windows,RE2/RE2-OB/emailservice_loss/1/simple_metrics.csv,metrics,1189907,selected
Zenodo record 14590730 (RCAEval benchmark artifacts),RCAEval recursive service-fault CSV windows,RE2/RE2-OB/emailservice_loss/1/traces.csv,traces,70611006,selected
Zenodo record 14590730 (RCAEval benchmark artifacts),RCAEval recursive service-fault CSV windows,RE2/RE2-OB/emailservice_loss/1/tracets_err.csv,traces,8123,selected
Zenodo record 14590730 (RCAEval benchmark artifacts),RCAEval recursive service-fault CSV windows,RE2/RE2-OB/emailservice_loss/1/tracets_lat.csv,traces,4878,selected
Zenodo record 14590730 (RCAEval benchmark artifacts),RCAEval recursive service-fault CSV windows,RE2/RE2-OB/emailservice_loss/2/logs.csv,logs,16054244,selected
Zenodo record 14590730 (RCAEval benchmark artifacts),RCAEval recursive service-fault CSV windows,RE2/RE2-OB/emailservice_loss/2/logts.csv,logs,10962,selected
Zenodo record 14590730 (RCAEval benchmark artifacts),RCAEval recursive service-fault CSV windows,RE2/RE2-OB/emailservice_loss/2/metrics.csv,metrics,6693749,selected
Zenodo record 14590730 (RCAEval benchmark artifacts),RCAEval recursive service-fault CSV windows,RE2/RE2-OB/emailservice_loss/2/simple_metrics.csv,metrics,1207105,selected
Zenodo record 14590730 (RCAEval benchmark artifacts),RCAEval recursive service-fault CSV windows,RE2/RE2-OB/emailservice_loss/2/traces.csv,traces,74940766,selected
Zenodo record 14590730 (RCAEval benchmark artifacts),RCAEval recursive service-fault CSV windows,RE2/RE2-OB/emailservice_loss/2/tracets_err.csv,traces,8122,selected
Zenodo record 14590730 (RCAEval benchmark artifacts),RCAEval recursive service-fault CSV windows,RE2/RE2-OB/emailservice_loss/2/tracets_lat.csv,traces,5007,selected
Zenodo record 14590730 (RCAEval benchmark artifacts),RCAEval recursive service-fault CSV windows,RE2/RE2-OB/emailservice_loss/3/logs.csv,logs,15897882,selected
Zenodo record 14590730 (RCAEval benchmark artifacts),RCAEval recursive service-fault CSV windows,RE2/RE2-OB/emailservice_loss/3/logts.csv,logs,11010,selected
Zenodo record 14590730 (RCAEval benchmark artifacts),RCAEval recursive service-fault CSV windows,RE2/RE2-OB/emailservice_loss/3/metrics.csv,metrics,6681017,selected
Zenodo record 14590730 (RCAEval benchmark artifacts),RCAEval recursive service-fault CSV windows,RE2/RE2-OB/emailservice_loss/3/simple_metrics.csv,metrics,1204222,selected
Zenodo record 14590730 (RCAEval benchmark artifacts),RCAEval recursive service-fault CSV windows,RE2/RE2-OB/emailservice_loss/3/traces.csv,traces,73632866,selected
Zenodo record 14590730 (RCAEval benchmark artifacts),RCAEval recursive service-fault CSV windows,RE2/RE2-OB/emailservice_loss/3/tracets_err.csv,traces,8117,selected
Zenodo record 14590730 (RCAEval benchmark artifacts),RCAEval recursive service-fault CSV windows,RE2/RE2-OB/emailservice_loss/3/tracets_lat.csv,traces,5001,selected
Zenodo record 14590730 (RCAEval benchmark artifacts),RCAEval recursive service-fault CSV windows,RE2/RE2-OB/emailservice_mem/1/logs.csv,logs,24317664,selected
Zenodo record 14590730 (RCAEval benchmark artifacts),RCAEval recursive service-fault CSV windows,RE2/RE2-OB/emailservice_mem/1/logts.csv,logs,9793,selected
Zenodo record 14590730 (RCAEval benchmark artifacts),RCAEval recursive service-fault CSV windows,RE2/RE2-OB/emailservice_mem/1/metrics.csv,metrics,6775175,selected
Zenodo record 14590730 (RCAEval benchmark artifacts),RCAEval recursive service-fault CSV windows,RE2/RE2-OB/emailservice_mem/1/simple_metrics.csv,metrics,1183805,selected
Zenodo record 14590730 (RCAEval benchmark artifacts),RCAEval recursive service-fault CSV windows,RE2/RE2-OB/emailservice_mem/1/traces.csv,traces,73947368,selected
Zenodo record 14590730 (RCAEval benchmark artifacts),RCAEval recursive service-fault CSV windows,RE2/RE2-OB/emailservice_mem/1/tracets_err.csv,traces,8034,selected
Zenodo record 14590730 (RCAEval benchmark artifacts),RCAEval recursive service-fault CSV windows,RE2/RE2-OB/emailservice_mem/1/tracets_lat.csv,traces,4929,selected
Zenodo record 14590730 (RCAEval benchmark artifacts),RCAEval recursive service-fault CSV windows,RE2/RE2-OB/emailservice_mem/2/logs.csv,logs,15976065,selected
Zenodo record 14590730 (RCAEval benchmark artifacts),RCAEval recursive service-fault CSV windows,RE2/RE2-OB/emailservice_mem/2/logts.csv,logs,9921,selected
Zenodo record 14590730 (RCAEval benchmark artifacts),RCAEval recursive service-fault CSV windows,RE2/RE2-OB/emailservice_mem/2/metrics.csv,metrics,6884382,selected
Zenodo record 14590730 (RCAEval benchmark artifacts),RCAEval recursive service-fault CSV windows,RE2/RE2-OB/emailservice_mem/2/simple_metrics.csv,metrics,1198133,selected
Zenodo record 14590730 (RCAEval benchmark artifacts),RCAEval recursive service-fault CSV windows,RE2/RE2-OB/emailservice_mem/2/traces.csv,traces,74178959,selected
Zenodo record 14590730 (RCAEval benchmark artifacts),RCAEval recursive service-fault CSV windows,RE2/RE2-OB/emailservice_mem/2/tracets_err.csv,traces,8113,selected
Zenodo record 14590730 (RCAEval benchmark artifacts),RCAEval recursive service-fault CSV windows,RE2/RE2-OB/emailservice_mem/2/tracets_lat.csv,traces,5026,selected
Zenodo record 14590730 (RCAEval benchmark artifacts),RCAEval recursive service-fault CSV windows,RE2/RE2-OB/emailservice_mem/3/logs.csv,logs,15892222,selected
Zenodo record 14590730 (RCAEval benchmark artifacts),RCAEval recursive service-fault CSV windows,RE2/RE2-OB/emailservice_mem/3/logts.csv,logs,9908,selected
Zenodo record 14590730 (RCAEval benchmark artifacts),RCAEval recursive service-fault CSV windows,RE2/RE2-OB/emailservice_mem/3/metrics.csv,metrics,6929079,selected
Zenodo record 14590730 (RCAEval benchmark artifacts),RCAEval recursive service-fault CSV windows,RE2/RE2-OB/emailservice_mem/3/simple_metrics.csv,metrics,1204291,selected
Zenodo record 14590730 (RCAEval benchmark artifacts),RCAEval recursive service-fault CSV windows,RE2/RE2-OB/emailservice_mem/3/traces.csv,traces,72289943,selected
Zenodo record 14590730 (RCAEval benchmark artifacts),RCAEval recursive service-fault CSV windows,RE2/RE2-OB/emailservice_mem/3/tracets_err.csv,traces,8110,selected
Zenodo record 14590730 (RCAEval benchmark artifacts),RCAEval recursive service-fault CSV windows,RE2/RE2-OB/emailservice_mem/3/tracets_lat.csv,traces,5220,selected
Zenodo record 14590730 (RCAEval benchmark artifacts),RCAEval recursive service-fault CSV windows,RE2/RE2-OB/emailservice_socket/1/logs.csv,logs,16067292,selected
Zenodo record 14590730 (RCAEval benchmark artifacts),RCAEval recursive service-fault CSV windows,RE2/RE2-OB/emailservice_socket/1/logts.csv,logs,9810,selected
Zenodo record 14590730 (RCAEval benchmark artifacts),RCAEval recursive service-fault CSV windows,RE2/RE2-OB/emailservice_socket/1/metrics.csv,metrics,6692091,selected
Zenodo record 14590730 (RCAEval benchmark artifacts),RCAEval recursive service-fault CSV windows,RE2/RE2-OB/emailservice_socket/1/simple_metrics.csv,metrics,1202324,selected
Zenodo record 14590730 (RCAEval benchmark artifacts),RCAEval recursive service-fault CSV windows,RE2/RE2-OB/emailservice_socket/1/traces.csv,traces,74667322,selected
Zenodo record 14590730 (RCAEval benchmark artifacts),RCAEval recursive service-fault CSV windows,RE2/RE2-OB/emailservice_socket/1/tracets_err.csv,traces,8034,selected
Zenodo record 14590730 (RCAEval benchmark artifacts),RCAEval recursive service-fault CSV windows,RE2/RE2-OB/emailservice_socket/1/tracets_lat.csv,traces,4960,selected
Zenodo record 14590730 (RCAEval benchmark artifacts),RCAEval recursive service-fault CSV windows,RE2/RE2-OB/emailservice_socket/2/logs.csv,logs,16177718,selected
Zenodo record 14590730 (RCAEval benchmark artifacts),RCAEval recursive service-fault CSV windows,RE2/RE2-OB/emailservice_socket/2/logts.csv,logs,9955,selected
Zenodo record 14590730 (RCAEval benchmark artifacts),RCAEval recursive service-fault CSV windows,RE2/RE2-OB/emailservice_socket/2/metrics.csv,metrics,6691275,selected
Zenodo record 14590730 (RCAEval benchmark artifacts),RCAEval recursive service-fault CSV windows,RE2/RE2-OB/emailservice_socket/2/simple_metrics.csv,metrics,1201473,selected
Zenodo record 14590730 (RCAEval benchmark artifacts),RCAEval recursive service-fault CSV windows,RE2/RE2-OB/emailservice_socket/2/traces.csv,traces,75032955,selected
Zenodo record 14590730 (RCAEval benchmark artifacts),RCAEval recursive service-fault CSV windows,RE2/RE2-OB/emailservice_socket/2/tracets_err.csv,traces,8113,selected
Zenodo record 14590730 (RCAEval benchmark artifacts),RCAEval recursive service-fault CSV windows,RE2/RE2-OB/emailservice_socket/2/tracets_lat.csv,traces,5001,selected
Zenodo record 14590730 (RCAEval benchmark artifacts),RCAEval recursive service-fault CSV windows,RE2/RE2-OB/emailservice_socket/3/logs.csv,logs,15955716,selected
Zenodo record 14590730 (RCAEval benchmark artifacts),RCAEval recursive service-fault CSV windows,RE2/RE2-OB/emailservice_socket/3/logts.csv,logs,9961,selected
Zenodo record 14590730 (RCAEval benchmark artifacts),RCAEval recursive service-fault CSV windows,RE2/RE2-OB/emailservice_socket/3/metrics.csv,metrics,6673271,selected
Zenodo record 14590730 (RCAEval benchmark artifacts),RCAEval recursive service-fault CSV windows,RE2/RE2-OB/emailservice_socket/3/simple_metrics.csv,metrics,1193313,selected
Zenodo record 14590730 (RCAEval benchmark artifacts),RCAEval recursive service-fault CSV windows,RE2/RE2-OB/emailservice_socket/3/traces.csv,traces,74311795,selected
Zenodo record 14590730 (RCAEval benchmark artifacts),RCAEval recursive service-fault CSV windows,RE2/RE2-OB/emailservice_socket/3/tracets_err.csv,traces,8113,selected
Zenodo record 14590730 (RCAEval benchmark artifacts),RCAEval recursive service-fault CSV windows,RE2/RE2-OB/emailservice_socket/3/tracets_lat.csv,traces,5020,selected
Zenodo record 14590730 (RCAEval benchmark artifacts),RCAEval recursive service-fault CSV windows,RE2/RE2-OB/productcatalogservice_cpu/1/logs.csv,logs,23559067,selected
Zenodo record 14590730 (RCAEval benchmark artifacts),RCAEval recursive service-fault CSV windows,RE2/RE2-OB/productcatalogservice_cpu/1/logts.csv,logs,9889,selected
Zenodo record 14590730 (RCAEval benchmark artifacts),RCAEval recursive service-fault CSV windows,RE2/RE2-OB/productcatalogservice_cpu/1/metrics.csv,metrics,6755553,selected
Zenodo record 14590730 (RCAEval benchmark artifacts),RCAEval recursive service-fault CSV windows,RE2/RE2-OB/productcatalogservice_cpu/1/simple_metrics.csv,metrics,1172614,selected
Zenodo record 14590730 (RCAEval benchmark artifacts),RCAEval recursive service-fault CSV windows,RE2/RE2-OB/productcatalogservice_cpu/1/traces.csv,traces,71844304,selected
Zenodo record 14590730 (RCAEval benchmark artifacts),RCAEval recursive service-fault CSV windows,RE2/RE2-OB/productcatalogservice_cpu/1/tracets_err.csv,traces,8113,selected
Zenodo record 14590730 (RCAEval benchmark artifacts),RCAEval recursive service-fault CSV windows,RE2/RE2-OB/productcatalogservice_cpu/1/tracets_lat.csv,traces,4991,selected
Zenodo record 14590730 (RCAEval benchmark artifacts),RCAEval recursive service-fault CSV windows,RE2/RE2-OB/productcatalogservice_cpu/2/logs.csv,logs,15678366,selected
Zenodo record 14590730 (RCAEval benchmark artifacts),RCAEval recursive service-fault CSV windows,RE2/RE2-OB/productcatalogservice_cpu/2/logts.csv,logs,9854,selected
Zenodo record 14590730 (RCAEval benchmark artifacts),RCAEval recursive service-fault CSV windows,RE2/RE2-OB/productcatalogservice_cpu/2/metrics.csv,metrics,6789988,selected
Zenodo record 14590730 (RCAEval benchmark artifacts),RCAEval recursive service-fault CSV windows,RE2/RE2-OB/productcatalogservice_cpu/2/simple_metrics.csv,metrics,1180172,selected
Zenodo record 14590730 (RCAEval benchmark artifacts),RCAEval recursive service-fault CSV windows,RE2/RE2-OB/productcatalogservice_cpu/2/traces.csv,traces,73149430,selected
Zenodo record 14590730 (RCAEval benchmark artifacts),RCAEval recursive service-fault CSV windows,RE2/RE2-OB/productcatalogservice_cpu/2/tracets_err.csv,traces,8113,selected
Zenodo record 14590730 (RCAEval benchmark artifacts),RCAEval recursive service-fault CSV windows,RE2/RE2-OB/productcatalogservice_cpu/2/tracets_lat.csv,traces,5058,selected
Zenodo record 14590730 (RCAEval benchmark artifacts),RCAEval recursive service-fault CSV windows,RE2/RE2-OB/productcatalogservice_cpu/3/logs.csv,logs,15895064,selected
Zenodo record 14590730 (RCAEval benchmark artifacts),RCAEval recursive service-fault CSV windows,RE2/RE2-OB/productcatalogservice_cpu/3/logts.csv,logs,9916,selected
Zenodo record 14590730 (RCAEval benchmark artifacts),RCAEval recursive service-fault CSV windows,RE2/RE2-OB/productcatalogservice_cpu/3/metrics.csv,metrics,6789902,selected
Zenodo record 14590730 (RCAEval benchmark artifacts),RCAEval recursive service-fault CSV windows,RE2/RE2-OB/productcatalogservice_cpu/3/simple_metrics.csv,metrics,1179749,selected
Zenodo record 14590730 (RCAEval benchmark artifacts),RCAEval recursive service-fault CSV windows,RE2/RE2-OB/productcatalogservice_cpu/3/traces.csv,traces,74016432,selected
Zenodo record 14590730 (RCAEval benchmark artifacts),RCAEval recursive service-fault CSV windows,RE2/RE2-OB/productcatalogservice_cpu/3/tracets_err.csv,traces,8113,selected
Zenodo record 14590730 (RCAEval benchmark artifacts),RCAEval recursive service-fault CSV windows,RE2/RE2-OB/productcatalogservice_cpu/3/tracets_lat.csv,traces,5072,selected
Zenodo record 14590730 (RCAEval benchmark artifacts),RCAEval recursive service-fault CSV windows,RE2/RE2-OB/productcatalogservice_delay/1/logs.csv,logs,21931253,selected
Zenodo record 14590730 (RCAEval benchmark artifacts),RCAEval recursive service-fault CSV windows,RE2/RE2-OB/productcatalogservice_delay/1/logts.csv,logs,9821,selected
Zenodo record 14590730 (RCAEval benchmark artifacts),RCAEval recursive service-fault CSV windows,RE2/RE2-OB/productcatalogservice_delay/1/metrics.csv,metrics,6753317,selected
Zenodo record 14590730 (RCAEval benchmark artifacts),RCAEval recursive service-fault CSV windows,RE2/RE2-OB/productcatalogservice_delay/1/simple_metrics.csv,metrics,1151563,selected
Zenodo record 14590730 (RCAEval benchmark artifacts),RCAEval recursive service-fault CSV windows,RE2/RE2-OB/productcatalogservice_delay/1/traces.csv,traces,66783420,selected
Zenodo record 14590730 (RCAEval benchmark artifacts),RCAEval recursive service-fault CSV windows,RE2/RE2-OB/productcatalogservice_delay/1/tracets_err.csv,traces,8113,selected
Zenodo record 14590730 (RCAEval benchmark artifacts),RCAEval recursive service-fault CSV windows,RE2/RE2-OB/productcatalogservice_delay/1/tracets_lat.csv,traces,4954,selected
Zenodo record 14590730 (RCAEval benchmark artifacts),RCAEval recursive service-fault CSV windows,RE2/RE2-OB/productcatalogservice_delay/2/logs.csv,logs,14267452,selected
Zenodo record 14590730 (RCAEval benchmark artifacts),RCAEval recursive service-fault CSV windows,RE2/RE2-OB/productcatalogservice_delay/2/logts.csv,logs,9833,selected
Zenodo record 14590730 (RCAEval benchmark artifacts),RCAEval recursive service-fault CSV windows,RE2/RE2-OB/productcatalogservice_delay/2/metrics.csv,metrics,6799139,selected
Zenodo record 14590730 (RCAEval benchmark artifacts),RCAEval recursive service-fault CSV windows,RE2/RE2-OB/productcatalogservice_delay/2/simple_metrics.csv,metrics,1170313,selected
Zenodo record 14590730 (RCAEval benchmark artifacts),RCAEval recursive service-fault CSV windows,RE2/RE2-OB/productcatalogservice_delay/2/traces.csv,traces,66668551,selected
Zenodo record 14590730 (RCAEval benchmark artifacts),RCAEval recursive service-fault CSV windows,RE2/RE2-OB/productcatalogservice_delay/2/tracets_err.csv,traces,8113,selected
Zenodo record 14590730 (RCAEval benchmark artifacts),RCAEval recursive service-fault CSV windows,RE2/RE2-OB/productcatalogservice_delay/2/tracets_lat.csv,traces,4939,selected
Zenodo record 14590730 (RCAEval benchmark artifacts),RCAEval recursive service-fault CSV windows,RE2/RE2-OB/productcatalogservice_delay/3/logs.csv,logs,14313673,selected
Zenodo record 14590730 (RCAEval benchmark artifacts),RCAEval recursive service-fault CSV windows,RE2/RE2-OB/productcatalogservice_delay/3/logts.csv,logs,9800,selected
Zenodo record 14590730 (RCAEval benchmark artifacts),RCAEval recursive service-fault CSV windows,RE2/RE2-OB/productcatalogservice_delay/3/metrics.csv,metrics,6774604,selected
Zenodo record 14590730 (RCAEval benchmark artifacts),RCAEval recursive service-fault CSV windows,RE2/RE2-OB/productcatalogservice_delay/3/simple_metrics.csv,metrics,1167251,selected
Zenodo record 14590730 (RCAEval benchmark artifacts),RCAEval recursive service-fault CSV windows,RE2/RE2-OB/productcatalogservice_delay/3/traces.csv,traces,66881504,selected
Zenodo record 14590730 (RCAEval benchmark artifacts),RCAEval recursive service-fault CSV windows,RE2/RE2-OB/productcatalogservice_delay/3/tracets_err.csv,traces,8107,selected
Zenodo record 14590730 (RCAEval benchmark artifacts),RCAEval recursive service-fault CSV windows,RE2/RE2-OB/productcatalogservice_delay/3/tracets_lat.csv,traces,5324,selected
Zenodo record 14590730 (RCAEval benchmark artifacts),RCAEval recursive service-fault CSV windows,RE2/RE2-OB/productcatalogservice_disk/1/logs.csv,logs,22998711,selected
Zenodo record 14590730 (RCAEval benchmark artifacts),RCAEval recursive service-fault CSV windows,RE2/RE2-OB/productcatalogservice_disk/1/logts.csv,logs,9845,selected
Zenodo record 14590730 (RCAEval benchmark artifacts),RCAEval recursive service-fault CSV windows,RE2/RE2-OB/productcatalogservice_disk/1/metrics.csv,metrics,6881570,selected
Zenodo record 14590730 (RCAEval benchmark artifacts),RCAEval recursive service-fault CSV windows,RE2/RE2-OB/productcatalogservice_disk/1/simple_metrics.csv,metrics,1195576,selected
Zenodo record 14590730 (RCAEval benchmark artifacts),RCAEval recursive service-fault CSV windows,RE2/RE2-OB/productcatalogservice_disk/1/traces.csv,traces,70101148,selected
Zenodo record 14590730 (RCAEval benchmark artifacts),RCAEval recursive service-fault CSV windows,RE2/RE2-OB/productcatalogservice_disk/1/tracets_err.csv,traces,8113,selected
Zenodo record 14590730 (RCAEval benchmark artifacts),RCAEval recursive service-fault CSV windows,RE2/RE2-OB/productcatalogservice_disk/1/tracets_lat.csv,traces,5054,selected
Zenodo record 14590730 (RCAEval benchmark artifacts),RCAEval recursive service-fault CSV windows,RE2/RE2-OB/productcatalogservice_disk/2/logs.csv,logs,15792501,selected
Zenodo record 14590730 (RCAEval benchmark artifacts),RCAEval recursive service-fault CSV windows,RE2/RE2-OB/productcatalogservice_disk/2/logts.csv,logs,9899,selected
Zenodo record 14590730 (RCAEval benchmark artifacts),RCAEval recursive service-fault CSV windows,RE2/RE2-OB/productcatalogservice_disk/2/metrics.csv,metrics,6901688,selected
Zenodo record 14590730 (RCAEval benchmark artifacts),RCAEval recursive service-fault CSV windows,RE2/RE2-OB/productcatalogservice_disk/2/simple_metrics.csv,metrics,1199836,selected
Zenodo record 14590730 (RCAEval benchmark artifacts),RCAEval recursive service-fault CSV windows,RE2/RE2-OB/productcatalogservice_disk/2/traces.csv,traces,73595661,selected
Zenodo record 14590730 (RCAEval benchmark artifacts),RCAEval recursive service-fault CSV windows,RE2/RE2-OB/productcatalogservice_disk/2/tracets_err.csv,traces,8098,selected
Zenodo record 14590730 (RCAEval benchmark artifacts),RCAEval recursive service-fault CSV windows,RE2/RE2-OB/productcatalogservice_disk/2/tracets_lat.csv,traces,6026,selected
Zenodo record 14590730 (RCAEval benchmark artifacts),RCAEval recursive service-fault CSV windows,RE2/RE2-OB/productcatalogservice_disk/3/logs.csv,logs,15735606,selected
Zenodo record 14590730 (RCAEval benchmark artifacts),RCAEval recursive service-fault CSV windows,RE2/RE2-OB/productcatalogservice_disk/3/logts.csv,logs,9965,selected
Zenodo record 14590730 (RCAEval benchmark artifacts),RCAEval recursive service-fault CSV windows,RE2/RE2-OB/productcatalogservice_disk/3/metrics.csv,metrics,6722221,selected
Zenodo record 14590730 (RCAEval benchmark artifacts),RCAEval recursive service-fault CSV windows,RE2/RE2-OB/productcatalogservice_disk/3/simple_metrics.csv,metrics,1195912,selected
Zenodo record 14590730 (RCAEval benchmark artifacts),RCAEval recursive service-fault CSV windows,RE2/RE2-OB/productcatalogservice_disk/3/traces.csv,traces,73121908,selected
Zenodo record 14590730 (RCAEval benchmark artifacts),RCAEval recursive service-fault CSV windows,RE2/RE2-OB/productcatalogservice_disk/3/tracets_err.csv,traces,8095,selected
Zenodo record 14590730 (RCAEval benchmark artifacts),RCAEval recursive service-fault CSV windows,RE2/RE2-OB/productcatalogservice_disk/3/tracets_lat.csv,traces,6209,selected
Zenodo record 14590730 (RCAEval benchmark artifacts),RCAEval recursive service-fault CSV windows,RE2/RE2-OB/productcatalogservice_loss/1/logs.csv,logs,16101311,selected
Zenodo record 14590730 (RCAEval benchmark artifacts),RCAEval recursive service-fault CSV windows,RE2/RE2-OB/productcatalogservice_loss/1/logts.csv,logs,18380,selected
Zenodo record 14590730 (RCAEval benchmark artifacts),RCAEval recursive service-fault CSV windows,RE2/RE2-OB/productcatalogservice_loss/1/metrics.csv,metrics,6715677,selected
Zenodo record 14590730 (RCAEval benchmark artifacts),RCAEval recursive service-fault CSV windows,RE2/RE2-OB/productcatalogservice_loss/1/simple_metrics.csv,metrics,1152729,selected
Zenodo record 14590730 (RCAEval benchmark artifacts),RCAEval recursive service-fault CSV windows,RE2/RE2-OB/productcatalogservice_loss/1/traces.csv,traces,46491167,selected
Zenodo record 14590730 (RCAEval benchmark artifacts),RCAEval recursive service-fault CSV windows,RE2/RE2-OB/productcatalogservice_loss/1/tracets_err.csv,traces,7876,selected
Zenodo record 14590730 (RCAEval benchmark artifacts),RCAEval recursive service-fault CSV windows,RE2/RE2-OB/productcatalogservice_loss/1/tracets_lat.csv,traces,6076,selected
Zenodo record 14590730 (RCAEval benchmark artifacts),RCAEval recursive service-fault CSV windows,RE2/RE2-OB/productcatalogservice_loss/2/logs.csv,logs,10859725,selected
Zenodo record 14590730 (RCAEval benchmark artifacts),RCAEval recursive service-fault CSV windows,RE2/RE2-OB/productcatalogservice_loss/2/logts.csv,logs,18584,selected
Zenodo record 14590730 (RCAEval benchmark artifacts),RCAEval recursive service-fault CSV windows,RE2/RE2-OB/productcatalogservice_loss/2/metrics.csv,metrics,6704757,selected
Zenodo record 14590730 (RCAEval benchmark artifacts),RCAEval recursive service-fault CSV windows,RE2/RE2-OB/productcatalogservice_loss/2/simple_metrics.csv,metrics,1149954,selected
Zenodo record 14590730 (RCAEval benchmark artifacts),RCAEval recursive service-fault CSV windows,RE2/RE2-OB/productcatalogservice_loss/2/traces.csv,traces,47490813,selected
Zenodo record 14590730 (RCAEval benchmark artifacts),RCAEval recursive service-fault CSV windows,RE2/RE2-OB/productcatalogservice_loss/2/tracets_err.csv,traces,8026,selected
Zenodo record 14590730 (RCAEval benchmark artifacts),RCAEval recursive service-fault CSV windows,RE2/RE2-OB/productcatalogservice_loss/2/tracets_lat.csv,traces,6561,selected
Zenodo record 14590730 (RCAEval benchmark artifacts),RCAEval recursive service-fault CSV windows,RE2/RE2-OB/productcatalogservice_loss/3/logs.csv,logs,13247331,selected
Zenodo record 14590730 (RCAEval benchmark artifacts),RCAEval recursive service-fault CSV windows,RE2/RE2-OB/productcatalogservice_loss/3/logts.csv,logs,18682,selected
Zenodo record 14590730 (RCAEval benchmark artifacts),RCAEval recursive service-fault CSV windows,RE2/RE2-OB/productcatalogservice_loss/3/metrics.csv,metrics,6759570,selected
Zenodo record 14590730 (RCAEval benchmark artifacts),RCAEval recursive service-fault CSV windows,RE2/RE2-OB/productcatalogservice_loss/3/simple_metrics.csv,metrics,1188736,selected
Zenodo record 14590730 (RCAEval benchmark artifacts),RCAEval recursive service-fault CSV windows,RE2/RE2-OB/productcatalogservice_loss/3/traces.csv,traces,60989802,selected
Zenodo record 14590730 (RCAEval benchmark artifacts),RCAEval recursive service-fault CSV windows,RE2/RE2-OB/productcatalogservice_loss/3/tracets_err.csv,traces,8110,selected
Zenodo record 14590730 (RCAEval benchmark artifacts),RCAEval recursive service-fault CSV windows,RE2/RE2-OB/productcatalogservice_loss/3/tracets_lat.csv,traces,6071,selected
Zenodo record 14590730 (RCAEval benchmark artifacts),RCAEval recursive service-fault CSV windows,RE2/RE2-OB/productcatalogservice_mem/1/logs.csv,logs,19052585,selected
Zenodo record 14590730 (RCAEval benchmark artifacts),RCAEval recursive service-fault CSV windows,RE2/RE2-OB/productcatalogservice_mem/1/logts.csv,logs,10830,selected
Zenodo record 14590730 (RCAEval benchmark artifacts),RCAEval recursive service-fault CSV windows,RE2/RE2-OB/productcatalogservice_mem/1/metrics.csv,metrics,6810764,selected
Zenodo record 14590730 (RCAEval benchmark artifacts),RCAEval recursive service-fault CSV windows,RE2/RE2-OB/productcatalogservice_mem/1/simple_metrics.csv,metrics,1181179,selected
Zenodo record 14590730 (RCAEval benchmark artifacts),RCAEval recursive service-fault CSV windows,RE2/RE2-OB/productcatalogservice_mem/1/traces.csv,traces,57984329,selected
Zenodo record 14590730 (RCAEval benchmark artifacts),RCAEval recursive service-fault CSV windows,RE2/RE2-OB/productcatalogservice_mem/1/tracets_err.csv,traces,8117,selected
Zenodo record 14590730 (RCAEval benchmark artifacts),RCAEval recursive service-fault CSV windows,RE2/RE2-OB/productcatalogservice_mem/1/tracets_lat.csv,traces,4994,selected
Zenodo record 14590730 (RCAEval benchmark artifacts),RCAEval recursive service-fault CSV windows,RE2/RE2-OB/productcatalogservice_mem/2/logs.csv,logs,14480339,selected
Zenodo record 14590730 (RCAEval benchmark artifacts),RCAEval recursive service-fault CSV windows,RE2/RE2-OB/productcatalogservice_mem/2/logts.csv,logs,10239,selected
Zenodo record 14590730 (RCAEval benchmark artifacts),RCAEval recursive service-fault CSV windows,RE2/RE2-OB/productcatalogservice_mem/2/metrics.csv,metrics,6822445,selected
Zenodo record 14590730 (RCAEval benchmark artifacts),RCAEval recursive service-fault CSV windows,RE2/RE2-OB/productcatalogservice_mem/2/simple_metrics.csv,metrics,1184578,selected
Zenodo record 14590730 (RCAEval benchmark artifacts),RCAEval recursive service-fault CSV windows,RE2/RE2-OB/productcatalogservice_mem/2/traces.csv,traces,58620448,selected
Zenodo record 14590730 (RCAEval benchmark artifacts),RCAEval recursive service-fault CSV windows,RE2/RE2-OB/productcatalogservice_mem/2/tracets_err.csv,traces,8119,selected
Zenodo record 14590730 (RCAEval benchmark artifacts),RCAEval recursive service-fault CSV windows,RE2/RE2-OB/productcatalogservice_mem/2/tracets_lat.csv,traces,5007,selected
Zenodo record 14590730 (RCAEval benchmark artifacts),RCAEval recursive service-fault CSV windows,RE2/RE2-OB/productcatalogservice_mem/3/logs.csv,logs,13957900,selected
Zenodo record 14590730 (RCAEval benchmark artifacts),RCAEval recursive service-fault CSV windows,RE2/RE2-OB/productcatalogservice_mem/3/logts.csv,logs,10171,selected
Zenodo record 14590730 (RCAEval benchmark artifacts),RCAEval recursive service-fault CSV windows,RE2/RE2-OB/productcatalogservice_mem/3/metrics.csv,metrics,6801981,selected
Zenodo record 14590730 (RCAEval benchmark artifacts),RCAEval recursive service-fault CSV windows,RE2/RE2-OB/productcatalogservice_mem/3/simple_metrics.csv,metrics,1181415,selected
Zenodo record 14590730 (RCAEval benchmark artifacts),RCAEval recursive service-fault CSV windows,RE2/RE2-OB/productcatalogservice_mem/3/traces.csv,traces,50473904,selected
Zenodo record 14590730 (RCAEval benchmark artifacts),RCAEval recursive service-fault CSV windows,RE2/RE2-OB/productcatalogservice_mem/3/tracets_err.csv,traces,8099,selected
Zenodo record 14590730 (RCAEval benchmark artifacts),RCAEval recursive service-fault CSV windows,RE2/RE2-OB/productcatalogservice_mem/3/tracets_lat.csv,traces,5951,selected
Zenodo record 14590730 (RCAEval benchmark artifacts),RCAEval recursive service-fault CSV windows,RE2/RE2-OB/productcatalogservice_socket/1/logs.csv,logs,23088553,selected
Zenodo record 14590730 (RCAEval benchmark artifacts),RCAEval recursive service-fault CSV windows,RE2/RE2-OB/productcatalogservice_socket/1/logts.csv,logs,9883,selected
Zenodo record 14590730 (RCAEval benchmark artifacts),RCAEval recursive service-fault CSV windows,RE2/RE2-OB/productcatalogservice_socket/1/metrics.csv,metrics,6805768,selected
Zenodo record 14590730 (RCAEval benchmark artifacts),RCAEval recursive service-fault CSV windows,RE2/RE2-OB/productcatalogservice_socket/1/simple_metrics.csv,metrics,1177863,selected
Zenodo record 14590730 (RCAEval benchmark artifacts),RCAEval recursive service-fault CSV windows,RE2/RE2-OB/productcatalogservice_socket/1/traces.csv,traces,70139371,selected
Zenodo record 14590730 (RCAEval benchmark artifacts),RCAEval recursive service-fault CSV windows,RE2/RE2-OB/productcatalogservice_socket/1/tracets_err.csv,traces,8113,selected
Zenodo record 14590730 (RCAEval benchmark artifacts),RCAEval recursive service-fault CSV windows,RE2/RE2-OB/productcatalogservice_socket/1/tracets_lat.csv,traces,5017,selected
Zenodo record 14590730 (RCAEval benchmark artifacts),RCAEval recursive service-fault CSV windows,RE2/RE2-OB/productcatalogservice_socket/2/logs.csv,logs,15858798,selected
Zenodo record 14590730 (RCAEval benchmark artifacts),RCAEval recursive service-fault CSV windows,RE2/RE2-OB/productcatalogservice_socket/2/logts.csv,logs,9904,selected
Zenodo record 14590730 (RCAEval benchmark artifacts),RCAEval recursive service-fault CSV windows,RE2/RE2-OB/productcatalogservice_socket/2/metrics.csv,metrics,6836337,selected
Zenodo record 14590730 (RCAEval benchmark artifacts),RCAEval recursive service-fault CSV windows,RE2/RE2-OB/productcatalogservice_socket/2/simple_metrics.csv,metrics,1178924,selected
Zenodo record 14590730 (RCAEval benchmark artifacts),RCAEval recursive service-fault CSV windows,RE2/RE2-OB/productcatalogservice_socket/2/traces.csv,traces,73531982,selected
Zenodo record 14590730 (RCAEval benchmark artifacts),RCAEval recursive service-fault CSV windows,RE2/RE2-OB/productcatalogservice_socket/2/tracets_err.csv,traces,8113,selected
Zenodo record 14590730 (RCAEval benchmark artifacts),RCAEval recursive service-fault CSV windows,RE2/RE2-OB/productcatalogservice_socket/2/tracets_lat.csv,traces,5057,selected
Zenodo record 14590730 (RCAEval benchmark artifacts),RCAEval recursive service-fault CSV windows,RE2/RE2-OB/productcatalogservice_socket/3/logs.csv,logs,16019527,selected
Zenodo record 14590730 (RCAEval benchmark artifacts),RCAEval recursive service-fault CSV windows,RE2/RE2-OB/productcatalogservice_socket/3/logts.csv,logs,9935,selected
Zenodo record 14590730 (RCAEval benchmark artifacts),RCAEval recursive service-fault CSV windows,RE2/RE2-OB/productcatalogservice_socket/3/metrics.csv,metrics,6847997,selected
Zenodo record 14590730 (RCAEval benchmark artifacts),RCAEval recursive service-fault CSV windows,RE2/RE2-OB/productcatalogservice_socket/3/simple_metrics.csv,metrics,1188682,selected
Zenodo record 14590730 (RCAEval benchmark artifacts),RCAEval recursive service-fault CSV windows,RE2/RE2-OB/productcatalogservice_socket/3/traces.csv,traces,74437777,selected
Zenodo record 14590730 (RCAEval benchmark artifacts),RCAEval recursive service-fault CSV windows,RE2/RE2-OB/productcatalogservice_socket/3/tracets_err.csv,traces,8113,selected
Zenodo record 14590730 (RCAEval benchmark artifacts),RCAEval recursive service-fault CSV windows,RE2/RE2-OB/productcatalogservice_socket/3/tracets_lat.csv,traces,5042,selected
Zenodo record 14590730 (RCAEval benchmark artifacts),RCAEval recursive service-fault CSV windows,RE2/RE2-OB/recommendationservice_cpu/1/logs.csv,logs,23494355,selected
Zenodo record 14590730 (RCAEval benchmark artifacts),RCAEval recursive service-fault CSV windows,RE2/RE2-OB/recommendationservice_cpu/1/logts.csv,logs,9930,selected
Zenodo record 14590730 (RCAEval benchmark artifacts),RCAEval recursive service-fault CSV windows,RE2/RE2-OB/recommendationservice_cpu/1/metrics.csv,metrics,6985441,selected
Zenodo record 14590730 (RCAEval benchmark artifacts),RCAEval recursive service-fault CSV windows,RE2/RE2-OB/recommendationservice_cpu/1/simple_metrics.csv,metrics,1175812,selected
Zenodo record 14590730 (RCAEval benchmark artifacts),RCAEval recursive service-fault CSV windows,RE2/RE2-OB/recommendationservice_cpu/1/traces.csv,traces,71444501,selected
Zenodo record 14590730 (RCAEval benchmark artifacts),RCAEval recursive service-fault CSV windows,RE2/RE2-OB/recommendationservice_cpu/1/tracets_err.csv,traces,8113,selected
Zenodo record 14590730 (RCAEval benchmark artifacts),RCAEval recursive service-fault CSV windows,RE2/RE2-OB/recommendationservice_cpu/1/tracets_lat.csv,traces,4945,selected
Zenodo record 14590730 (RCAEval benchmark artifacts),RCAEval recursive service-fault CSV windows,RE2/RE2-OB/recommendationservice_cpu/2/logs.csv,logs,15949246,selected
Zenodo record 14590730 (RCAEval benchmark artifacts),RCAEval recursive service-fault CSV windows,RE2/RE2-OB/recommendationservice_cpu/2/logts.csv,logs,9921,selected
Zenodo record 14590730 (RCAEval benchmark artifacts),RCAEval recursive service-fault CSV windows,RE2/RE2-OB/recommendationservice_cpu/2/metrics.csv,metrics,6832051,selected
Zenodo record 14590730 (RCAEval benchmark artifacts),RCAEval recursive service-fault CSV windows,RE2/RE2-OB/recommendationservice_cpu/2/simple_metrics.csv,metrics,1198204,selected
Zenodo record 14590730 (RCAEval benchmark artifacts),RCAEval recursive service-fault CSV windows,RE2/RE2-OB/recommendationservice_cpu/2/traces.csv,traces,74221872,selected
Zenodo record 14590730 (RCAEval benchmark artifacts),RCAEval recursive service-fault CSV windows,RE2/RE2-OB/recommendationservice_cpu/2/tracets_err.csv,traces,8113,selected
Zenodo record 14590730 (RCAEval benchmark artifacts),RCAEval recursive service-fault CSV windows,RE2/RE2-OB/recommendationservice_cpu/2/tracets_lat.csv,traces,5049,selected
Zenodo record 14590730 (RCAEval benchmark artifacts),RCAEval recursive service-fault CSV windows,RE2/RE2-OB/recommendationservice_cpu/3/logs.csv,logs,16094074,selected
Zenodo record 14590730 (RCAEval benchmark artifacts),RCAEval recursive service-fault CSV windows,RE2/RE2-OB/recommendationservice_cpu/3/logts.csv,logs,9977,selected
Zenodo record 14590730 (RCAEval benchmark artifacts),RCAEval recursive service-fault CSV windows,RE2/RE2-OB/recommendationservice_cpu/3/metrics.csv,metrics,6816400,selected
Zenodo record 14590730 (RCAEval benchmark artifacts),RCAEval recursive service-fault CSV windows,RE2/RE2-OB/recommendationservice_cpu/3/simple_metrics.csv,metrics,1192606,selected
Zenodo record 14590730 (RCAEval benchmark artifacts),RCAEval recursive service-fault CSV windows,RE2/RE2-OB/recommendationservice_cpu/3/traces.csv,traces,74958217,selected
Zenodo record 14590730 (RCAEval benchmark artifacts),RCAEval recursive service-fault CSV windows,RE2/RE2-OB/recommendationservice_cpu/3/tracets_err.csv,traces,8095,selected
Zenodo record 14590730 (RCAEval benchmark artifacts),RCAEval recursive service-fault CSV windows,RE2/RE2-OB/recommendationservice_cpu/3/tracets_lat.csv,traces,6206,selected
Zenodo record 14590730 (RCAEval benchmark artifacts),RCAEval recursive service-fault CSV windows,RE2/RE2-OB/recommendationservice_delay/1/logs.csv,logs,23622771,selected
Zenodo record 14590730 (RCAEval benchmark artifacts),RCAEval recursive service-fault CSV windows,RE2/RE2-OB/recommendationservice_delay/1/logts.csv,logs,9855,selected
Zenodo record 14590730 (RCAEval benchmark artifacts),RCAEval recursive service-fault CSV windows,RE2/RE2-OB/recommendationservice_delay/1/metrics.csv,metrics,6813652,selected
Zenodo record 14590730 (RCAEval benchmark artifacts),RCAEval recursive service-fault CSV windows,RE2/RE2-OB/recommendationservice_delay/1/simple_metrics.csv,metrics,1186109,selected
Zenodo record 14590730 (RCAEval benchmark artifacts),RCAEval recursive service-fault CSV windows,RE2/RE2-OB/recommendationservice_delay/1/traces.csv,traces,71971092,selected
Zenodo record 14590730 (RCAEval benchmark artifacts),RCAEval recursive service-fault CSV windows,RE2/RE2-OB/recommendationservice_delay/1/tracets_err.csv,traces,8113,selected
Zenodo record 14590730 (RCAEval benchmark artifacts),RCAEval recursive service-fault CSV windows,RE2/RE2-OB/recommendationservice_delay/1/tracets_lat.csv,traces,4996,selected
Zenodo record 14590730 (RCAEval benchmark artifacts),RCAEval recursive service-fault CSV windows,RE2/RE2-OB/recommendationservice_delay/2/logs.csv,logs,15578867,selected
Zenodo record 14590730 (RCAEval benchmark artifacts),RCAEval recursive service-fault CSV windows,RE2/RE2-OB/recommendationservice_delay/2/logts.csv,logs,9827,selected
Zenodo record 14590730 (RCAEval benchmark artifacts),RCAEval recursive service-fault CSV windows,RE2/RE2-OB/recommendationservice_delay/2/metrics.csv,metrics,6817771,selected
Zenodo record 14590730 (RCAEval benchmark artifacts),RCAEval recursive service-fault CSV windows,RE2/RE2-OB/recommendationservice_delay/2/simple_metrics.csv,metrics,1187345,selected
Zenodo record 14590730 (RCAEval benchmark artifacts),RCAEval recursive service-fault CSV windows,RE2/RE2-OB/recommendationservice_delay/2/traces.csv,traces,72418457,selected
Zenodo record 14590730 (RCAEval benchmark artifacts),RCAEval recursive service-fault CSV windows,RE2/RE2-OB/recommendationservice_delay/2/tracets_err.csv,traces,8034,selected
Zenodo record 14590730 (RCAEval benchmark artifacts),RCAEval recursive service-fault CSV windows,RE2/RE2-OB/recommendationservice_delay/2/tracets_lat.csv,traces,4946,selected
Zenodo record 14590730 (RCAEval benchmark artifacts),RCAEval recursive service-fault CSV windows,RE2/RE2-OB/recommendationservice_delay/3/logs.csv,logs,15628178,selected
Zenodo record 14590730 (RCAEval benchmark artifacts),RCAEval recursive service-fault CSV windows,RE2/RE2-OB/recommendationservice_delay/3/logts.csv,logs,9926,selected
Zenodo record 14590730 (RCAEval benchmark artifacts),RCAEval recursive service-fault CSV windows,RE2/RE2-OB/recommendationservice_delay/3/metrics.csv,metrics,6814027,selected
Zenodo record 14590730 (RCAEval benchmark artifacts),RCAEval recursive service-fault CSV windows,RE2/RE2-OB/recommendationservice_delay/3/simple_metrics.csv,metrics,1187182,selected
Zenodo record 14590730 (RCAEval benchmark artifacts),RCAEval recursive service-fault CSV windows,RE2/RE2-OB/recommendationservice_delay/3/traces.csv,traces,72528746,selected
Zenodo record 14590730 (RCAEval benchmark artifacts),RCAEval recursive service-fault CSV windows,RE2/RE2-OB/recommendationservice_delay/3/tracets_err.csv,traces,8098,selected
Zenodo record 14590730 (RCAEval benchmark artifacts),RCAEval recursive service-fault CSV windows,RE2/RE2-OB/recommendationservice_delay/3/tracets_lat.csv,traces,5950,selected
Zenodo record 14590730 (RCAEval benchmark artifacts),RCAEval recursive service-fault CSV windows,RE2/RE2-OB/recommendationservice_disk/1/logs.csv,logs,23333765,selected
Zenodo record 14590730 (RCAEval benchmark artifacts),RCAEval recursive service-fault CSV windows,RE2/RE2-OB/recommendationservice_disk/1/logts.csv,logs,9911,selected
Zenodo record 14590730 (RCAEval benchmark artifacts),RCAEval recursive service-fault CSV windows,RE2/RE2-OB/recommendationservice_disk/1/metrics.csv,metrics,6875577,selected
Zenodo record 14590730 (RCAEval benchmark artifacts),RCAEval recursive service-fault CSV windows,RE2/RE2-OB/recommendationservice_disk/1/simple_metrics.csv,metrics,1192608,selected
Zenodo record 14590730 (RCAEval benchmark artifacts),RCAEval recursive service-fault CSV windows,RE2/RE2-OB/recommendationservice_disk/1/traces.csv,traces,71519359,selected
Zenodo record 14590730 (RCAEval benchmark artifacts),RCAEval recursive service-fault CSV windows,RE2/RE2-OB/recommendationservice_disk/1/tracets_err.csv,traces,8113,selected
Zenodo record 14590730 (RCAEval benchmark artifacts),RCAEval recursive service-fault CSV windows,RE2/RE2-OB/recommendationservice_disk/1/tracets_lat.csv,traces,4939,selected
Zenodo record 14590730 (RCAEval benchmark artifacts),RCAEval recursive service-fault CSV windows,RE2/RE2-OB/recommendationservice_disk/2/logs.csv,logs,15907595,selected
Zenodo record 14590730 (RCAEval benchmark artifacts),RCAEval recursive service-fault CSV windows,RE2/RE2-OB/recommendationservice_disk/2/logts.csv,logs,9931,selected
Zenodo record 14590730 (RCAEval benchmark artifacts),RCAEval recursive service-fault CSV windows,RE2/RE2-OB/recommendationservice_disk/2/metrics.csv,metrics,6923218,selected
Zenodo record 14590730 (RCAEval benchmark artifacts),RCAEval recursive service-fault CSV windows,RE2/RE2-OB/recommendationservice_disk/2/simple_metrics.csv,metrics,1205678,selected
Zenodo record 14590730 (RCAEval benchmark artifacts),RCAEval recursive service-fault CSV windows,RE2/RE2-OB/recommendationservice_disk/2/traces.csv,traces,73835072,selected
Zenodo record 14590730 (RCAEval benchmark artifacts),RCAEval recursive service-fault CSV windows,RE2/RE2-OB/recommendationservice_disk/2/tracets_err.csv,traces,8098,selected
Zenodo record 14590730 (RCAEval benchmark artifacts),RCAEval recursive service-fault CSV windows,RE2/RE2-OB/recommendationservice_disk/2/tracets_lat.csv,traces,6015,selected
Zenodo record 14590730 (RCAEval benchmark artifacts),RCAEval recursive service-fault CSV windows,RE2/RE2-OB/recommendationservice_disk/3/logs.csv,logs,16062773,selected
Zenodo record 14590730 (RCAEval benchmark artifacts),RCAEval recursive service-fault CSV windows,RE2/RE2-OB/recommendationservice_disk/3/logts.csv,logs,9961,selected
Zenodo record 14590730 (RCAEval benchmark artifacts),RCAEval recursive service-fault CSV windows,RE2/RE2-OB/recommendationservice_disk/3/metrics.csv,metrics,6924767,selected
Zenodo record 14590730 (RCAEval benchmark artifacts),RCAEval recursive service-fault CSV windows,RE2/RE2-OB/recommendationservice_disk/3/simple_metrics.csv,metrics,1213594,selected
Zenodo record 14590730 (RCAEval benchmark artifacts),RCAEval recursive service-fault CSV windows,RE2/RE2-OB/recommendationservice_disk/3/traces.csv,traces,74858815,selected
Zenodo record 14590730 (RCAEval benchmark artifacts),RCAEval recursive service-fault CSV windows,RE2/RE2-OB/recommendationservice_disk/3/tracets_err.csv,traces,8107,selected
Zenodo record 14590730 (RCAEval benchmark artifacts),RCAEval recursive service-fault CSV windows,RE2/RE2-OB/recommendationservice_disk/3/tracets_lat.csv,traces,5454,selected
Zenodo record 14590730 (RCAEval benchmark artifacts),RCAEval recursive service-fault CSV windows,RE2/RE2-OB/recommendationservice_loss/1/logs.csv,logs,20211054,selected
Zenodo record 14590730 (RCAEval benchmark artifacts),RCAEval recursive service-fault CSV windows,RE2/RE2-OB/recommendationservice_loss/1/logts.csv,logs,17031,selected
Zenodo record 14590730 (RCAEval benchmark artifacts),RCAEval recursive service-fault CSV windows,RE2/RE2-OB/recommendationservice_loss/1/metrics.csv,metrics,6428511,selected
Zenodo record 14590730 (RCAEval benchmark artifacts),RCAEval recursive service-fault CSV windows,RE2/RE2-OB/recommendationservice_loss/1/simple_metrics.csv,metrics,1129561,selected
Zenodo record 14590730 (RCAEval benchmark artifacts),RCAEval recursive service-fault CSV windows,RE2/RE2-OB/recommendationservice_loss/1/traces.csv,traces,54439755,selected
Zenodo record 14590730 (RCAEval benchmark artifacts),RCAEval recursive service-fault CSV windows,RE2/RE2-OB/recommendationservice_loss/1/tracets_err.csv,traces,8244,selected
Zenodo record 14590730 (RCAEval benchmark artifacts),RCAEval recursive service-fault CSV windows,RE2/RE2-OB/recommendationservice_loss/1/tracets_lat.csv,traces,4927,selected
Zenodo record 14590730 (RCAEval benchmark artifacts),RCAEval recursive service-fault CSV windows,RE2/RE2-OB/recommendationservice_loss/2/logs.csv,logs,15061491,selected
Zenodo record 14590730 (RCAEval benchmark artifacts),RCAEval recursive service-fault CSV windows,RE2/RE2-OB/recommendationservice_loss/2/logts.csv,logs,11310,selected
Zenodo record 14590730 (RCAEval benchmark artifacts),RCAEval recursive service-fault CSV windows,RE2/RE2-OB/recommendationservice_loss/2/metrics.csv,metrics,6842240,selected
Zenodo record 14590730 (RCAEval benchmark artifacts),RCAEval recursive service-fault CSV windows,RE2/RE2-OB/recommendationservice_loss/2/simple_metrics.csv,metrics,1193652,selected
Zenodo record 14590730 (RCAEval benchmark artifacts),RCAEval recursive service-fault CSV windows,RE2/RE2-OB/recommendationservice_loss/2/traces.csv,traces,67681893,selected
Zenodo record 14590730 (RCAEval benchmark artifacts),RCAEval recursive service-fault CSV windows,RE2/RE2-OB/recommendationservice_loss/2/tracets_err.csv,traces,8132,selected
Zenodo record 14590730 (RCAEval benchmark artifacts),RCAEval recursive service-fault CSV windows,RE2/RE2-OB/recommendationservice_loss/2/tracets_lat.csv,traces,5998,selected
Zenodo record 14590730 (RCAEval benchmark artifacts),RCAEval recursive service-fault CSV windows,RE2/RE2-OB/recommendationservice_loss/3/logs.csv,logs,14796177,selected
Zenodo record 14590730 (RCAEval benchmark artifacts),RCAEval recursive service-fault CSV windows,RE2/RE2-OB/recommendationservice_loss/3/logts.csv,logs,11357,selected
Zenodo record 14590730 (RCAEval benchmark artifacts),RCAEval recursive service-fault CSV windows,RE2/RE2-OB/recommendationservice_loss/3/metrics.csv,metrics,6576062,selected
Zenodo record 14590730 (RCAEval benchmark artifacts),RCAEval recursive service-fault CSV windows,RE2/RE2-OB/recommendationservice_loss/3/simple_metrics.csv,metrics,1164717,selected
Zenodo record 14590730 (RCAEval benchmark artifacts),RCAEval recursive service-fault CSV windows,RE2/RE2-OB/recommendationservice_loss/3/traces.csv,traces,66376410,selected
Zenodo record 14590730 (RCAEval benchmark artifacts),RCAEval recursive service-fault CSV windows,RE2/RE2-OB/recommendationservice_loss/3/tracets_err.csv,traces,8147,selected
Zenodo record 14590730 (RCAEval benchmark artifacts),RCAEval recursive service-fault CSV windows,RE2/RE2-OB/recommendationservice_loss/3/tracets_lat.csv,traces,5001,selected
Zenodo record 14590730 (RCAEval benchmark artifacts),RCAEval recursive service-fault CSV windows,RE2/RE2-OB/recommendationservice_mem/1/logs.csv,logs,23954642,selected
Zenodo record 14590730 (RCAEval benchmark artifacts),RCAEval recursive service-fault CSV windows,RE2/RE2-OB/recommendationservice_mem/1/logts.csv,logs,9920,selected
Zenodo record 14590730 (RCAEval benchmark artifacts),RCAEval recursive service-fault CSV windows,RE2/RE2-OB/recommendationservice_mem/1/metrics.csv,metrics,6775625,selected
Zenodo record 14590730 (RCAEval benchmark artifacts),RCAEval recursive service-fault CSV windows,RE2/RE2-OB/recommendationservice_mem/1/simple_metrics.csv,metrics,1167934,selected
Zenodo record 14590730 (RCAEval benchmark artifacts),RCAEval recursive service-fault CSV windows,RE2/RE2-OB/recommendationservice_mem/1/traces.csv,traces,72903752,selected
Zenodo record 14590730 (RCAEval benchmark artifacts),RCAEval recursive service-fault CSV windows,RE2/RE2-OB/recommendationservice_mem/1/tracets_err.csv,traces,8113,selected
Zenodo record 14590730 (RCAEval benchmark artifacts),RCAEval recursive service-fault CSV windows,RE2/RE2-OB/recommendationservice_mem/1/tracets_lat.csv,traces,5058,selected
Zenodo record 14590730 (RCAEval benchmark artifacts),RCAEval recursive service-fault CSV windows,RE2/RE2-OB/recommendationservice_mem/2/logs.csv,logs,15499641,selected
Zenodo record 14590730 (RCAEval benchmark artifacts),RCAEval recursive service-fault CSV windows,RE2/RE2-OB/recommendationservice_mem/2/logts.csv,logs,9857,selected
Zenodo record 14590730 (RCAEval benchmark artifacts),RCAEval recursive service-fault CSV windows,RE2/RE2-OB/recommendationservice_mem/2/metrics.csv,metrics,6840261,selected
Zenodo record 14590730 (RCAEval benchmark artifacts),RCAEval recursive service-fault CSV windows,RE2/RE2-OB/recommendationservice_mem/2/simple_metrics.csv,metrics,1202326,selected
Zenodo record 14590730 (RCAEval benchmark artifacts),RCAEval recursive service-fault CSV windows,RE2/RE2-OB/recommendationservice_mem/2/traces.csv,traces,72162308,selected
Zenodo record 14590730 (RCAEval benchmark artifacts),RCAEval recursive service-fault CSV windows,RE2/RE2-OB/recommendationservice_mem/2/tracets_err.csv,traces,8113,selected
Zenodo record 14590730 (RCAEval benchmark artifacts),RCAEval recursive service-fault CSV windows,RE2/RE2-OB/recommendationservice_mem/2/tracets_lat.csv,traces,5080,selected
Zenodo record 14590730 (RCAEval benchmark artifacts),RCAEval recursive service-fault CSV windows,RE2/RE2-OB/recommendationservice_mem/3/logs.csv,logs,15441588,selected
Zenodo record 14590730 (RCAEval benchmark artifacts),RCAEval recursive service-fault CSV windows,RE2/RE2-OB/recommendationservice_mem/3/logts.csv,logs,9870,selected
Zenodo record 14590730 (RCAEval benchmark artifacts),RCAEval recursive service-fault CSV windows,RE2/RE2-OB/recommendationservice_mem/3/metrics.csv,metrics,6821194,selected
Zenodo record 14590730 (RCAEval benchmark artifacts),RCAEval recursive service-fault CSV windows,RE2/RE2-OB/recommendationservice_mem/3/simple_metrics.csv,metrics,1196919,selected
Zenodo record 14590730 (RCAEval benchmark artifacts),RCAEval recursive service-fault CSV windows,RE2/RE2-OB/recommendationservice_mem/3/traces.csv,traces,72099195,selected
Zenodo record 14590730 (RCAEval benchmark artifacts),RCAEval recursive service-fault CSV windows,RE2/RE2-OB/recommendationservice_mem/3/tracets_err.csv,traces,8110,selected
Zenodo record 14590730 (RCAEval benchmark artifacts),RCAEval recursive service-fault CSV windows,RE2/RE2-OB/recommendationservice_mem/3/tracets_lat.csv,traces,5272,selected
Zenodo record 14590730 (RCAEval benchmark artifacts),RCAEval recursive service-fault CSV windows,RE2/RE2-OB/recommendationservice_socket/1/logs.csv,logs,18067514,selected
Zenodo record 14590730 (RCAEval benchmark artifacts),RCAEval recursive service-fault CSV windows,RE2/RE2-OB/recommendationservice_socket/1/logts.csv,logs,9314,selected
Zenodo record 14590730 (RCAEval benchmark artifacts),RCAEval recursive service-fault CSV windows,RE2/RE2-OB/recommendationservice_socket/1/metrics.csv,metrics,6846588,selected
Zenodo record 14590730 (RCAEval benchmark artifacts),RCAEval recursive service-fault CSV windows,RE2/RE2-OB/recommendationservice_socket/1/simple_metrics.csv,metrics,1183565,selected
Zenodo record 14590730 (RCAEval benchmark artifacts),RCAEval recursive service-fault CSV windows,RE2/RE2-OB/recommendationservice_socket/1/traces.csv,traces,55518033,selected
Zenodo record 14590730 (RCAEval benchmark artifacts),RCAEval recursive service-fault CSV windows,RE2/RE2-OB/recommendationservice_socket/1/tracets_err.csv,traces,8107,selected
Zenodo record 14590730 (RCAEval benchmark artifacts),RCAEval recursive service-fault CSV windows,RE2/RE2-OB/recommendationservice_socket/1/tracets_lat.csv,traces,5358,selected
Zenodo record 14590730 (RCAEval benchmark artifacts),RCAEval recursive service-fault CSV windows,RE2/RE2-OB/recommendationservice_socket/2/logs.csv,logs,16003048,selected
Zenodo record 14590730 (RCAEval benchmark artifacts),RCAEval recursive service-fault CSV windows,RE2/RE2-OB/recommendationservice_socket/2/logts.csv,logs,9891,selected
Zenodo record 14590730 (RCAEval benchmark artifacts),RCAEval recursive service-fault CSV windows,RE2/RE2-OB/recommendationservice_socket/2/metrics.csv,metrics,6826576,selected
Zenodo record 14590730 (RCAEval benchmark artifacts),RCAEval recursive service-fault CSV windows,RE2/RE2-OB/recommendationservice_socket/2/simple_metrics.csv,metrics,1192337,selected
Zenodo record 14590730 (RCAEval benchmark artifacts),RCAEval recursive service-fault CSV windows,RE2/RE2-OB/recommendationservice_socket/2/traces.csv,traces,74474848,selected
Zenodo record 14590730 (RCAEval benchmark artifacts),RCAEval recursive service-fault CSV windows,RE2/RE2-OB/recommendationservice_socket/2/tracets_err.csv,traces,8113,selected
Zenodo record 14590730 (RCAEval benchmark artifacts),RCAEval recursive service-fault CSV windows,RE2/RE2-OB/recommendationservice_socket/2/tracets_lat.csv,traces,5033,selected
Zenodo record 14590730 (RCAEval benchmark artifacts),RCAEval recursive service-fault CSV windows,RE2/RE2-OB/recommendationservice_socket/3/logs.csv,logs,15910965,selected
Zenodo record 14590730 (RCAEval benchmark artifacts),RCAEval recursive service-fault CSV windows,RE2/RE2-OB/recommendationservice_socket/3/logts.csv,logs,9895,selected
Zenodo record 14590730 (RCAEval benchmark artifacts),RCAEval recursive service-fault CSV windows,RE2/RE2-OB/recommendationservice_socket/3/metrics.csv,metrics,6828865,selected
Zenodo record 14590730 (RCAEval benchmark artifacts),RCAEval recursive service-fault CSV windows,RE2/RE2-OB/recommendationservice_socket/3/simple_metrics.csv,metrics,1193585,selected
Zenodo record 14590730 (RCAEval benchmark artifacts),RCAEval recursive service-fault CSV windows,RE2/RE2-OB/recommendationservice_socket/3/traces.csv,traces,74363912,selected
Zenodo record 14590730 (RCAEval benchmark artifacts),RCAEval recursive service-fault CSV windows,RE2/RE2-OB/recommendationservice_socket/3/tracets_err.csv,traces,8113,selected
Zenodo record 14590730 (RCAEval benchmark artifacts),RCAEval recursive service-fault CSV windows,RE2/RE2-OB/recommendationservice_socket/3/tracets_lat.csv,traces,5021,selected
Zenodo record 14590730 (RCAEval benchmark artifacts),RCAEval recursive service-fault CSV windows,RE2/RE2-SS/carts_cpu/1/logs.csv,logs,17534710,selected
Zenodo record 14590730 (RCAEval benchmark artifacts),RCAEval recursive service-fault CSV windows,RE2/RE2-SS/carts_cpu/1/logts.csv,logs,16093,selected
Zenodo record 14590730 (RCAEval benchmark artifacts),RCAEval recursive service-fault CSV windows,RE2/RE2-SS/carts_cpu/1/metrics.csv,metrics,6792025,selected
Zenodo record 14590730 (RCAEval benchmark artifacts),RCAEval recursive service-fault CSV windows,RE2/RE2-SS/carts_cpu/1/simple_metrics.csv,metrics,1235477,selected
Zenodo record 14590730 (RCAEval benchmark artifacts),RCAEval recursive service-fault CSV windows,RE2/RE2-SS/carts_cpu/2/logs.csv,logs,17494082,selected
Zenodo record 14590730 (RCAEval benchmark artifacts),RCAEval recursive service-fault CSV windows,RE2/RE2-SS/carts_cpu/2/logts.csv,logs,18169,selected
Zenodo record 14590730 (RCAEval benchmark artifacts),RCAEval recursive service-fault CSV windows,RE2/RE2-SS/carts_cpu/2/metrics.csv,metrics,6766225,selected
Zenodo record 14590730 (RCAEval benchmark artifacts),RCAEval recursive service-fault CSV windows,RE2/RE2-SS/carts_cpu/2/simple_metrics.csv,metrics,1250223,selected
Zenodo record 14590730 (RCAEval benchmark artifacts),RCAEval recursive service-fault CSV windows,RE2/RE2-SS/carts_cpu/3/logs.csv,logs,17625434,selected
Zenodo record 14590730 (RCAEval benchmark artifacts),RCAEval recursive service-fault CSV windows,RE2/RE2-SS/carts_cpu/3/logts.csv,logs,16141,selected
Zenodo record 14590730 (RCAEval benchmark artifacts),RCAEval recursive service-fault CSV windows,RE2/RE2-SS/carts_cpu/3/metrics.csv,metrics,6729269,selected
Zenodo record 14590730 (RCAEval benchmark artifacts),RCAEval recursive service-fault CSV windows,RE2/RE2-SS/carts_cpu/3/simple_metrics.csv,metrics,1248438,selected
Zenodo record 14590730 (RCAEval benchmark artifacts),RCAEval recursive service-fault CSV windows,RE2/RE2-SS/carts_delay/1/logs.csv,logs,16805214,selected
Zenodo record 14590730 (RCAEval benchmark artifacts),RCAEval recursive service-fault CSV windows,RE2/RE2-SS/carts_delay/1/logts.csv,logs,16270,selected
Zenodo record 14590730 (RCAEval benchmark artifacts),RCAEval recursive service-fault CSV windows,RE2/RE2-SS/carts_delay/1/metrics.csv,metrics,6795920,selected
Zenodo record 14590730 (RCAEval benchmark artifacts),RCAEval recursive service-fault CSV windows,RE2/RE2-SS/carts_delay/1/simple_metrics.csv,metrics,1241516,selected
Zenodo record 14590730 (RCAEval benchmark artifacts),RCAEval recursive service-fault CSV windows,RE2/RE2-SS/carts_delay/2/logs.csv,logs,16845142,selected
Zenodo record 14590730 (RCAEval benchmark artifacts),RCAEval recursive service-fault CSV windows,RE2/RE2-SS/carts_delay/2/logts.csv,logs,16001,selected
Zenodo record 14590730 (RCAEval benchmark artifacts),RCAEval recursive service-fault CSV windows,RE2/RE2-SS/carts_delay/2/metrics.csv,metrics,6697233,selected
Zenodo record 14590730 (RCAEval benchmark artifacts),RCAEval recursive service-fault CSV windows,RE2/RE2-SS/carts_delay/2/simple_metrics.csv,metrics,1202708,selected
Zenodo record 14590730 (RCAEval benchmark artifacts),RCAEval recursive service-fault CSV windows,RE2/RE2-SS/carts_delay/3/logs.csv,logs,16687902,selected
Zenodo record 14590730 (RCAEval benchmark artifacts),RCAEval recursive service-fault CSV windows,RE2/RE2-SS/carts_delay/3/logts.csv,logs,15957,selected
Zenodo record 14590730 (RCAEval benchmark artifacts),RCAEval recursive service-fault CSV windows,RE2/RE2-SS/carts_delay/3/metrics.csv,metrics,6713407,selected
Zenodo record 14590730 (RCAEval benchmark artifacts),RCAEval recursive service-fault CSV windows,RE2/RE2-SS/carts_delay/3/simple_metrics.csv,metrics,1203280,selected
Zenodo record 14590730 (RCAEval benchmark artifacts),RCAEval recursive service-fault CSV windows,RE2/RE2-SS/carts_disk/1/logs.csv,logs,17790632,selected
Zenodo record 14590730 (RCAEval benchmark artifacts),RCAEval recursive service-fault CSV windows,RE2/RE2-SS/carts_disk/1/logts.csv,logs,15701,selected
Zenodo record 14590730 (RCAEval benchmark artifacts),RCAEval recursive service-fault CSV windows,RE2/RE2-SS/carts_disk/1/metrics.csv,metrics,6895114,selected
Zenodo record 14590730 (RCAEval benchmark artifacts),RCAEval recursive service-fault CSV windows,RE2/RE2-SS/carts_disk/1/simple_metrics.csv,metrics,1262935,selected
Zenodo record 14590730 (RCAEval benchmark artifacts),RCAEval recursive service-fault CSV windows,RE2/RE2-SS/carts_disk/2/logs.csv,logs,17703383,selected
Zenodo record 14590730 (RCAEval benchmark artifacts),RCAEval recursive service-fault CSV windows,RE2/RE2-SS/carts_disk/2/logts.csv,logs,16063,selected
Zenodo record 14590730 (RCAEval benchmark artifacts),RCAEval recursive service-fault CSV windows,RE2/RE2-SS/carts_disk/2/metrics.csv,metrics,6806184,selected
Zenodo record 14590730 (RCAEval benchmark artifacts),RCAEval recursive service-fault CSV windows,RE2/RE2-SS/carts_disk/2/simple_metrics.csv,metrics,1251623,selected
Zenodo record 14590730 (RCAEval benchmark artifacts),RCAEval recursive service-fault CSV windows,RE2/RE2-SS/carts_disk/3/logs.csv,logs,17664723,selected
Zenodo record 14590730 (RCAEval benchmark artifacts),RCAEval recursive service-fault CSV windows,RE2/RE2-SS/carts_disk/3/logts.csv,logs,16330,selected
Zenodo record 14590730 (RCAEval benchmark artifacts),RCAEval recursive service-fault CSV windows,RE2/RE2-SS/carts_disk/3/metrics.csv,metrics,6816322,selected
Zenodo record 14590730 (RCAEval benchmark artifacts),RCAEval recursive service-fault CSV windows,RE2/RE2-SS/carts_disk/3/simple_metrics.csv,metrics,1253107,selected
Zenodo record 14590730 (RCAEval benchmark artifacts),RCAEval recursive service-fault CSV windows,RE2/RE2-SS/carts_loss/1/logs.csv,logs,17094255,selected
Zenodo record 14590730 (RCAEval benchmark artifacts),RCAEval recursive service-fault CSV windows,RE2/RE2-SS/carts_loss/1/logts.csv,logs,17677,selected
Zenodo record 14590730 (RCAEval benchmark artifacts),RCAEval recursive service-fault CSV windows,RE2/RE2-SS/carts_loss/1/metrics.csv,metrics,6795313,selected
Zenodo record 14590730 (RCAEval benchmark artifacts),RCAEval recursive service-fault CSV windows,RE2/RE2-SS/carts_loss/1/simple_metrics.csv,metrics,1246264,selected
Zenodo record 14590730 (RCAEval benchmark artifacts),RCAEval recursive service-fault CSV windows,RE2/RE2-SS/carts_loss/2/logs.csv,logs,17177589,selected
Zenodo record 14590730 (RCAEval benchmark artifacts),RCAEval recursive service-fault CSV windows,RE2/RE2-SS/carts_loss/2/logts.csv,logs,16456,selected
Zenodo record 14590730 (RCAEval benchmark artifacts),RCAEval recursive service-fault CSV windows,RE2/RE2-SS/carts_loss/2/metrics.csv,metrics,6776684,selected
Zenodo record 14590730 (RCAEval benchmark artifacts),RCAEval recursive service-fault CSV windows,RE2/RE2-SS/carts_loss/2/simple_metrics.csv,metrics,1245483,selected
Zenodo record 14590730 (RCAEval benchmark artifacts),RCAEval recursive service-fault CSV windows,RE2/RE2-SS/carts_loss/3/logs.csv,logs,17032905,selected
Zenodo record 14590730 (RCAEval benchmark artifacts),RCAEval recursive service-fault CSV windows,RE2/RE2-SS/carts_loss/3/logts.csv,logs,16647,selected
Zenodo record 14590730 (RCAEval benchmark artifacts),RCAEval recursive service-fault CSV windows,RE2/RE2-SS/carts_loss/3/metrics.csv,metrics,6739697,selected
Zenodo record 14590730 (RCAEval benchmark artifacts),RCAEval recursive service-fault CSV windows,RE2/RE2-SS/carts_loss/3/simple_metrics.csv,metrics,1252257,selected
Zenodo record 14590730 (RCAEval benchmark artifacts),RCAEval recursive service-fault CSV windows,RE2/RE2-SS/carts_mem/1/logs.csv,logs,17758185,selected
Zenodo record 14590730 (RCAEval benchmark artifacts),RCAEval recursive service-fault CSV windows,RE2/RE2-SS/carts_mem/1/logts.csv,logs,16409,selected
Zenodo record 14590730 (RCAEval benchmark artifacts),RCAEval recursive service-fault CSV windows,RE2/RE2-SS/carts_mem/1/metrics.csv,metrics,6884369,selected
Zenodo record 14590730 (RCAEval benchmark artifacts),RCAEval recursive service-fault CSV windows,RE2/RE2-SS/carts_mem/1/simple_metrics.csv,metrics,1255380,selected
Zenodo record 14590730 (RCAEval benchmark artifacts),RCAEval recursive service-fault CSV windows,RE2/RE2-SS/carts_mem/2/logs.csv,logs,17430320,selected
Zenodo record 14590730 (RCAEval benchmark artifacts),RCAEval recursive service-fault CSV windows,RE2/RE2-SS/carts_mem/2/logts.csv,logs,15658,selected
Zenodo record 14590730 (RCAEval benchmark artifacts),RCAEval recursive service-fault CSV windows,RE2/RE2-SS/carts_mem/2/metrics.csv,metrics,6717447,selected
Zenodo record 14590730 (RCAEval benchmark artifacts),RCAEval recursive service-fault CSV windows,RE2/RE2-SS/carts_mem/2/simple_metrics.csv,metrics,1232059,selected
Zenodo record 14590730 (RCAEval benchmark artifacts),RCAEval recursive service-fault CSV windows,RE2/RE2-SS/carts_mem/3/logs.csv,logs,17507063,selected
Zenodo record 14590730 (RCAEval benchmark artifacts),RCAEval recursive service-fault CSV windows,RE2/RE2-SS/carts_mem/3/logts.csv,logs,16125,selected
Zenodo record 14590730 (RCAEval benchmark artifacts),RCAEval recursive service-fault CSV windows,RE2/RE2-SS/carts_mem/3/metrics.csv,metrics,6831163,selected
Zenodo record 14590730 (RCAEval benchmark artifacts),RCAEval recursive service-fault CSV windows,RE2/RE2-SS/carts_mem/3/simple_metrics.csv,metrics,1249197,selected
Zenodo record 14590730 (RCAEval benchmark artifacts),RCAEval recursive service-fault CSV windows,RE2/RE2-SS/carts_socket/1/logs.csv,logs,20972758,selected
Zenodo record 14590730 (RCAEval benchmark artifacts),RCAEval recursive service-fault CSV windows,RE2/RE2-SS/carts_socket/1/logts.csv,logs,16056,selected
Zenodo record 14590730 (RCAEval benchmark artifacts),RCAEval recursive service-fault CSV windows,RE2/RE2-SS/carts_socket/1/metrics.csv,metrics,6722661,selected
Zenodo record 14590730 (RCAEval benchmark artifacts),RCAEval recursive service-fault CSV windows,RE2/RE2-SS/carts_socket/1/simple_metrics.csv,metrics,1246660,selected
Zenodo record 14590730 (RCAEval benchmark artifacts),RCAEval recursive service-fault CSV windows,RE2/RE2-SS/carts_socket/2/logs.csv,logs,17507366,selected
Zenodo record 14590730 (RCAEval benchmark artifacts),RCAEval recursive service-fault CSV windows,RE2/RE2-SS/carts_socket/2/logts.csv,logs,16146,selected
Zenodo record 14590730 (RCAEval benchmark artifacts),RCAEval recursive service-fault CSV windows,RE2/RE2-SS/carts_socket/2/metrics.csv,metrics,6796321,selected
Zenodo record 14590730 (RCAEval benchmark artifacts),RCAEval recursive service-fault CSV windows,RE2/RE2-SS/carts_socket/2/simple_metrics.csv,metrics,1247390,selected
Zenodo record 14590730 (RCAEval benchmark artifacts),RCAEval recursive service-fault CSV windows,RE2/RE2-SS/carts_socket/3/logs.csv,logs,17426300,selected
Zenodo record 14590730 (RCAEval benchmark artifacts),RCAEval recursive service-fault CSV windows,RE2/RE2-SS/carts_socket/3/logts.csv,logs,16075,selected
Zenodo record 14590730 (RCAEval benchmark artifacts),RCAEval recursive service-fault CSV windows,RE2/RE2-SS/carts_socket/3/metrics.csv,metrics,6769738,selected
Zenodo record 14590730 (RCAEval benchmark artifacts),RCAEval recursive service-fault CSV windows,RE2/RE2-SS/carts_socket/3/simple_metrics.csv,metrics,1235837,selected
Zenodo record 14590730 (RCAEval benchmark artifacts),RCAEval recursive service-fault CSV windows,RE2/RE2-SS/catalogue_cpu/1/logs.csv,logs,15721599,selected
Zenodo record 14590730 (RCAEval benchmark artifacts),RCAEval recursive service-fault CSV windows,RE2/RE2-SS/catalogue_cpu/1/logts.csv,logs,17684,selected
Zenodo record 14590730 (RCAEval benchmark artifacts),RCAEval recursive service-fault CSV windows,RE2/RE2-SS/catalogue_cpu/1/metrics.csv,metrics,6603783,selected
Zenodo record 14590730 (RCAEval benchmark artifacts),RCAEval recursive service-fault CSV windows,RE2/RE2-SS/catalogue_cpu/1/simple_metrics.csv,metrics,1190518,selected
Zenodo record 14590730 (RCAEval benchmark artifacts),RCAEval recursive service-fault CSV windows,RE2/RE2-SS/catalogue_cpu/2/logs.csv,logs,15031303,selected
Zenodo record 14590730 (RCAEval benchmark artifacts),RCAEval recursive service-fault CSV windows,RE2/RE2-SS/catalogue_cpu/2/logts.csv,logs,16970,selected
Zenodo record 14590730 (RCAEval benchmark artifacts),RCAEval recursive service-fault CSV windows,RE2/RE2-SS/catalogue_cpu/2/metrics.csv,metrics,6643336,selected
Zenodo record 14590730 (RCAEval benchmark artifacts),RCAEval recursive service-fault CSV windows,RE2/RE2-SS/catalogue_cpu/2/simple_metrics.csv,metrics,1199864,selected
Zenodo record 14590730 (RCAEval benchmark artifacts),RCAEval recursive service-fault CSV windows,RE2/RE2-SS/catalogue_cpu/3/logs.csv,logs,17601287,selected
Zenodo record 14590730 (RCAEval benchmark artifacts),RCAEval recursive service-fault CSV windows,RE2/RE2-SS/catalogue_cpu/3/logts.csv,logs,15743,selected
Zenodo record 14590730 (RCAEval benchmark artifacts),RCAEval recursive service-fault CSV windows,RE2/RE2-SS/catalogue_cpu/3/metrics.csv,metrics,6802768,selected
Zenodo record 14590730 (RCAEval benchmark artifacts),RCAEval recursive service-fault CSV windows,RE2/RE2-SS/catalogue_cpu/3/simple_metrics.csv,metrics,1241382,selected
Zenodo record 14590730 (RCAEval benchmark artifacts),RCAEval recursive service-fault CSV windows,RE2/RE2-SS/catalogue_delay/1/logs.csv,logs,22556229,selected
Zenodo record 14590730 (RCAEval benchmark artifacts),RCAEval recursive service-fault CSV windows,RE2/RE2-SS/catalogue_delay/1/logts.csv,logs,15946,selected
Zenodo record 14590730 (RCAEval benchmark artifacts),RCAEval recursive service-fault CSV windows,RE2/RE2-SS/catalogue_delay/1/metrics.csv,metrics,6703199,selected
Zenodo record 14590730 (RCAEval benchmark artifacts),RCAEval recursive service-fault CSV windows,RE2/RE2-SS/catalogue_delay/1/simple_metrics.csv,metrics,1238930,selected
Zenodo record 14590730 (RCAEval benchmark artifacts),RCAEval recursive service-fault CSV windows,RE2/RE2-SS/catalogue_delay/2/logs.csv,logs,17138504,selected
Zenodo record 14590730 (RCAEval benchmark artifacts),RCAEval recursive service-fault CSV windows,RE2/RE2-SS/catalogue_delay/2/logts.csv,logs,15674,selected
Zenodo record 14590730 (RCAEval benchmark artifacts),RCAEval recursive service-fault CSV windows,RE2/RE2-SS/catalogue_delay/2/metrics.csv,metrics,6718722,selected
Zenodo record 14590730 (RCAEval benchmark artifacts),RCAEval recursive service-fault CSV windows,RE2/RE2-SS/catalogue_delay/2/simple_metrics.csv,metrics,1217387,selected
Zenodo record 14590730 (RCAEval benchmark artifacts),RCAEval recursive service-fault CSV windows,RE2/RE2-SS/catalogue_delay/3/logs.csv,logs,15898202,selected
Zenodo record 14590730 (RCAEval benchmark artifacts),RCAEval recursive service-fault CSV windows,RE2/RE2-SS/catalogue_delay/3/logts.csv,logs,26452,selected
Zenodo record 14590730 (RCAEval benchmark artifacts),RCAEval recursive service-fault CSV windows,RE2/RE2-SS/catalogue_delay/3/metrics.csv,metrics,6754926,selected
Zenodo record 14590730 (RCAEval benchmark artifacts),RCAEval recursive service-fault CSV windows,RE2/RE2-SS/catalogue_delay/3/simple_metrics.csv,metrics,1236760,selected
Zenodo record 14590730 (RCAEval benchmark artifacts),RCAEval recursive service-fault CSV windows,RE2/RE2-SS/catalogue_disk/1/logs.csv,logs,21037800,selected
Zenodo record 14590730 (RCAEval benchmark artifacts),RCAEval recursive service-fault CSV windows,RE2/RE2-SS/catalogue_disk/1/logts.csv,logs,15742,selected
Zenodo record 14590730 (RCAEval benchmark artifacts),RCAEval recursive service-fault CSV windows,RE2/RE2-SS/catalogue_disk/1/metrics.csv,metrics,6697815,selected
Zenodo record 14590730 (RCAEval benchmark artifacts),RCAEval recursive service-fault CSV windows,RE2/RE2-SS/catalogue_disk/1/simple_metrics.csv,metrics,1226647,selected
Zenodo record 14590730 (RCAEval benchmark artifacts),RCAEval recursive service-fault CSV windows,RE2/RE2-SS/catalogue_disk/2/logs.csv,logs,17507038,selected
Zenodo record 14590730 (RCAEval benchmark artifacts),RCAEval recursive service-fault CSV windows,RE2/RE2-SS/catalogue_disk/2/logts.csv,logs,16047,selected
Zenodo record 14590730 (RCAEval benchmark artifacts),RCAEval recursive service-fault CSV windows,RE2/RE2-SS/catalogue_disk/2/metrics.csv,metrics,6902915,selected
Zenodo record 14590730 (RCAEval benchmark artifacts),RCAEval recursive service-fault CSV windows,RE2/RE2-SS/catalogue_disk/2/simple_metrics.csv,metrics,1250573,selected
Zenodo record 14590730 (RCAEval benchmark artifacts),RCAEval recursive service-fault CSV windows,RE2/RE2-SS/catalogue_disk/3/logs.csv,logs,17551812,selected
Zenodo record 14590730 (RCAEval benchmark artifacts),RCAEval recursive service-fault CSV windows,RE2/RE2-SS/catalogue_disk/3/logts.csv,logs,16490,selected
Zenodo record 14590730 (RCAEval benchmark artifacts),RCAEval recursive service-fault CSV windows,RE2/RE2-SS/catalogue_disk/3/metrics.csv,metrics,6886879,selected
Zenodo record 14590730 (RCAEval benchmark artifacts),RCAEval recursive service-fault CSV windows,RE2/RE2-SS/catalogue_disk/3/simple_metrics.csv,metrics,1265569,selected
Zenodo record 14590730 (RCAEval benchmark artifacts),RCAEval recursive service-fault CSV windows,RE2/RE2-SS/catalogue_loss/1/logs.csv,logs,11308900,selected
Zenodo record 14590730 (RCAEval benchmark artifacts),RCAEval recursive service-fault CSV windows,RE2/RE2-SS/catalogue_loss/1/logts.csv,logs,26074,selected
Zenodo record 14590730 (RCAEval benchmark artifacts),RCAEval recursive service-fault CSV windows,RE2/RE2-SS/catalogue_loss/1/metrics.csv,metrics,6435448,selected
Zenodo record 14590730 (RCAEval benchmark artifacts),RCAEval recursive service-fault CSV windows,RE2/RE2-SS/catalogue_loss/1/simple_metrics.csv,metrics,1155146,selected
Zenodo record 14590730 (RCAEval benchmark artifacts),RCAEval recursive service-fault CSV windows,RE2/RE2-SS/catalogue_loss/2/logs.csv,logs,11784289,selected
Zenodo record 14590730 (RCAEval benchmark artifacts),RCAEval recursive service-fault CSV windows,RE2/RE2-SS/catalogue_loss/2/logts.csv,logs,27207,selected
Zenodo record 14590730 (RCAEval benchmark artifacts),RCAEval recursive service-fault CSV windows,RE2/RE2-SS/catalogue_loss/2/metrics.csv,metrics,6495782,selected
Zenodo record 14590730 (RCAEval benchmark artifacts),RCAEval recursive service-fault CSV windows,RE2/RE2-SS/catalogue_loss/2/simple_metrics.csv,metrics,1179123,selected
Zenodo record 14590730 (RCAEval benchmark artifacts),RCAEval recursive service-fault CSV windows,RE2/RE2-SS/catalogue_loss/3/logs.csv,logs,12139865,selected
Zenodo record 14590730 (RCAEval benchmark artifacts),RCAEval recursive service-fault CSV windows,RE2/RE2-SS/catalogue_loss/3/logts.csv,logs,26676,selected
Zenodo record 14590730 (RCAEval benchmark artifacts),RCAEval recursive service-fault CSV windows,RE2/RE2-SS/catalogue_loss/3/metrics.csv,metrics,6529276,selected
Zenodo record 14590730 (RCAEval benchmark artifacts),RCAEval recursive service-fault CSV windows,RE2/RE2-SS/catalogue_loss/3/simple_metrics.csv,metrics,1186981,selected
Zenodo record 14590730 (RCAEval benchmark artifacts),RCAEval recursive service-fault CSV windows,RE2/RE2-SS/catalogue_mem/1/logs.csv,logs,17524588,selected
Zenodo record 14590730 (RCAEval benchmark artifacts),RCAEval recursive service-fault CSV windows,RE2/RE2-SS/catalogue_mem/1/logts.csv,logs,16260,selected
Zenodo record 14590730 (RCAEval benchmark artifacts),RCAEval recursive service-fault CSV windows,RE2/RE2-SS/catalogue_mem/1/metrics.csv,metrics,6845038,selected
Zenodo record 14590730 (RCAEval benchmark artifacts),RCAEval recursive service-fault CSV windows,RE2/RE2-SS/catalogue_mem/1/simple_metrics.csv,metrics,1252809,selected
Zenodo record 14590730 (RCAEval benchmark artifacts),RCAEval recursive service-fault CSV windows,RE2/RE2-SS/catalogue_mem/2/logs.csv,logs,17514337,selected
Zenodo record 14590730 (RCAEval benchmark artifacts),RCAEval recursive service-fault CSV windows,RE2/RE2-SS/catalogue_mem/2/logts.csv,logs,16295,selected
Zenodo record 14590730 (RCAEval benchmark artifacts),RCAEval recursive service-fault CSV windows,RE2/RE2-SS/catalogue_mem/2/metrics.csv,metrics,6817902,selected
Zenodo record 14590730 (RCAEval benchmark artifacts),RCAEval recursive service-fault CSV windows,RE2/RE2-SS/catalogue_mem/2/simple_metrics.csv,metrics,1244968,selected
Zenodo record 14590730 (RCAEval benchmark artifacts),RCAEval recursive service-fault CSV windows,RE2/RE2-SS/catalogue_mem/3/logs.csv,logs,17442092,selected
Zenodo record 14590730 (RCAEval benchmark artifacts),RCAEval recursive service-fault CSV windows,RE2/RE2-SS/catalogue_mem/3/logts.csv,logs,15833,selected
Zenodo record 14590730 (RCAEval benchmark artifacts),RCAEval recursive service-fault CSV windows,RE2/RE2-SS/catalogue_mem/3/metrics.csv,metrics,6820776,selected
Zenodo record 14590730 (RCAEval benchmark artifacts),RCAEval recursive service-fault CSV windows,RE2/RE2-SS/catalogue_mem/3/simple_metrics.csv,metrics,1241908,selected
Zenodo record 14590730 (RCAEval benchmark artifacts),RCAEval recursive service-fault CSV windows,RE2/RE2-SS/catalogue_socket/1/logs.csv,logs,22833546,selected
Zenodo record 14590730 (RCAEval benchmark artifacts),RCAEval recursive service-fault CSV windows,RE2/RE2-SS/catalogue_socket/1/logts.csv,logs,16048,selected
Zenodo record 14590730 (RCAEval benchmark artifacts),RCAEval recursive service-fault CSV windows,RE2/RE2-SS/catalogue_socket/1/metrics.csv,metrics,6702841,selected
Zenodo record 14590730 (RCAEval benchmark artifacts),RCAEval recursive service-fault CSV windows,RE2/RE2-SS/catalogue_socket/1/simple_metrics.csv,metrics,1228099,selected
Zenodo record 14590730 (RCAEval benchmark artifacts),RCAEval recursive service-fault CSV windows,RE2/RE2-SS/catalogue_socket/2/logs.csv,logs,17760779,selected
Zenodo record 14590730 (RCAEval benchmark artifacts),RCAEval recursive service-fault CSV windows,RE2/RE2-SS/catalogue_socket/2/logts.csv,logs,16484,selected
Zenodo record 14590730 (RCAEval benchmark artifacts),RCAEval recursive service-fault CSV windows,RE2/RE2-SS/catalogue_socket/2/metrics.csv,metrics,6836897,selected
Zenodo record 14590730 (RCAEval benchmark artifacts),RCAEval recursive service-fault CSV windows,RE2/RE2-SS/catalogue_socket/2/simple_metrics.csv,metrics,1242913,selected
Zenodo record 14590730 (RCAEval benchmark artifacts),RCAEval recursive service-fault CSV windows,RE2/RE2-SS/catalogue_socket/3/logs.csv,logs,17511072,selected
Zenodo record 14590730 (RCAEval benchmark artifacts),RCAEval recursive service-fault CSV windows,RE2/RE2-SS/catalogue_socket/3/logts.csv,logs,16040,selected
Zenodo record 14590730 (RCAEval benchmark artifacts),RCAEval recursive service-fault CSV windows,RE2/RE2-SS/catalogue_socket/3/metrics.csv,metrics,6819298,selected
Zenodo record 14590730 (RCAEval benchmark artifacts),RCAEval recursive service-fault CSV windows,RE2/RE2-SS/catalogue_socket/3/simple_metrics.csv,metrics,1240058,selected
Zenodo record 14590730 (RCAEval benchmark artifacts),RCAEval recursive service-fault CSV windows,RE2/RE2-SS/orders_cpu/1/logs.csv,logs,17501676,selected
Zenodo record 14590730 (RCAEval benchmark artifacts),RCAEval recursive service-fault CSV windows,RE2/RE2-SS/orders_cpu/1/logts.csv,logs,15897,selected
Zenodo record 14590730 (RCAEval benchmark artifacts),RCAEval recursive service-fault CSV windows,RE2/RE2-SS/orders_cpu/1/metrics.csv,metrics,6746987,selected
Zenodo record 14590730 (RCAEval benchmark artifacts),RCAEval recursive service-fault CSV windows,RE2/RE2-SS/orders_cpu/1/simple_metrics.csv,metrics,1226242,selected
Zenodo record 14590730 (RCAEval benchmark artifacts),RCAEval recursive service-fault CSV windows,RE2/RE2-SS/orders_cpu/2/logs.csv,logs,17500892,selected
Zenodo record 14590730 (RCAEval benchmark artifacts),RCAEval recursive service-fault CSV windows,RE2/RE2-SS/orders_cpu/2/logts.csv,logs,16139,selected
Zenodo record 14590730 (RCAEval benchmark artifacts),RCAEval recursive service-fault CSV windows,RE2/RE2-SS/orders_cpu/2/metrics.csv,metrics,6736337,selected
Zenodo record 14590730 (RCAEval benchmark artifacts),RCAEval recursive service-fault CSV windows,RE2/RE2-SS/orders_cpu/2/simple_metrics.csv,metrics,1257677,selected
Zenodo record 14590730 (RCAEval benchmark artifacts),RCAEval recursive service-fault CSV windows,RE2/RE2-SS/orders_cpu/3/logs.csv,logs,17576912,selected
Zenodo record 14590730 (RCAEval benchmark artifacts),RCAEval recursive service-fault CSV windows,RE2/RE2-SS/orders_cpu/3/logts.csv,logs,15862,selected
Zenodo record 14590730 (RCAEval benchmark artifacts),RCAEval recursive service-fault CSV windows,RE2/RE2-SS/orders_cpu/3/metrics.csv,metrics,6771943,selected
Zenodo record 14590730 (RCAEval benchmark artifacts),RCAEval recursive service-fault CSV windows,RE2/RE2-SS/orders_cpu/3/simple_metrics.csv,metrics,1251592,selected
Zenodo record 14590730 (RCAEval benchmark artifacts),RCAEval recursive service-fault CSV windows,RE2/RE2-SS/orders_delay/1/logs.csv,logs,24379564,selected
Zenodo record 14590730 (RCAEval benchmark artifacts),RCAEval recursive service-fault CSV windows,RE2/RE2-SS/orders_delay/1/logts.csv,logs,16097,selected
Zenodo record 14590730 (RCAEval benchmark artifacts),RCAEval recursive service-fault CSV windows,RE2/RE2-SS/orders_delay/1/metrics.csv,metrics,6750384,selected
Zenodo record 14590730 (RCAEval benchmark artifacts),RCAEval recursive service-fault CSV windows,RE2/RE2-SS/orders_delay/1/simple_metrics.csv,metrics,1242644,selected
Zenodo record 14590730 (RCAEval benchmark artifacts),RCAEval recursive service-fault CSV windows,RE2/RE2-SS/orders_delay/2/logs.csv,logs,17552594,selected
Zenodo record 14590730 (RCAEval benchmark artifacts),RCAEval recursive service-fault CSV windows,RE2/RE2-SS/orders_delay/2/logts.csv,logs,16723,selected
Zenodo record 14590730 (RCAEval benchmark artifacts),RCAEval recursive service-fault CSV windows,RE2/RE2-SS/orders_delay/2/metrics.csv,metrics,6682981,selected
Zenodo record 14590730 (RCAEval benchmark artifacts),RCAEval recursive service-fault CSV windows,RE2/RE2-SS/orders_delay/2/simple_metrics.csv,metrics,1223397,selected
Zenodo record 14590730 (RCAEval benchmark artifacts),RCAEval recursive service-fault CSV windows,RE2/RE2-SS/orders_delay/3/logs.csv,logs,17360016,selected
Zenodo record 14590730 (RCAEval benchmark artifacts),RCAEval recursive service-fault CSV windows,RE2/RE2-SS/orders_delay/3/logts.csv,logs,16725,selected
Zenodo record 14590730 (RCAEval benchmark artifacts),RCAEval recursive service-fault CSV windows,RE2/RE2-SS/orders_delay/3/metrics.csv,metrics,6652514,selected
Zenodo record 14590730 (RCAEval benchmark artifacts),RCAEval recursive service-fault CSV windows,RE2/RE2-SS/orders_delay/3/simple_metrics.csv,metrics,1223758,selected
Zenodo record 14590730 (RCAEval benchmark artifacts),RCAEval recursive service-fault CSV windows,RE2/RE2-SS/orders_disk/1/logs.csv,logs,14201670,selected
Zenodo record 14590730 (RCAEval benchmark artifacts),RCAEval recursive service-fault CSV windows,RE2/RE2-SS/orders_disk/1/logts.csv,logs,123916,selected
Zenodo record 14590730 (RCAEval benchmark artifacts),RCAEval recursive service-fault CSV windows,RE2/RE2-SS/orders_disk/1/metrics.csv,metrics,5764341,selected
Zenodo record 14590730 (RCAEval benchmark artifacts),RCAEval recursive service-fault CSV windows,RE2/RE2-SS/orders_disk/1/simple_metrics.csv,metrics,1128825,selected
Zenodo record 14590730 (RCAEval benchmark artifacts),RCAEval recursive service-fault CSV windows,RE2/RE2-SS/orders_disk/2/logs.csv,logs,17766694,selected
Zenodo record 14590730 (RCAEval benchmark artifacts),RCAEval recursive service-fault CSV windows,RE2/RE2-SS/orders_disk/2/logts.csv,logs,25746,selected
Zenodo record 14590730 (RCAEval benchmark artifacts),RCAEval recursive service-fault CSV windows,RE2/RE2-SS/orders_disk/2/metrics.csv,metrics,6843709,selected
Zenodo record 14590730 (RCAEval benchmark artifacts),RCAEval recursive service-fault CSV windows,RE2/RE2-SS/orders_disk/2/simple_metrics.csv,metrics,1250064,selected
Zenodo record 14590730 (RCAEval benchmark artifacts),RCAEval recursive service-fault CSV windows,RE2/RE2-SS/orders_disk/3/logs.csv,logs,17515715,selected
Zenodo record 14590730 (RCAEval benchmark artifacts),RCAEval recursive service-fault CSV windows,RE2/RE2-SS/orders_disk/3/logts.csv,logs,16490,selected
Zenodo record 14590730 (RCAEval benchmark artifacts),RCAEval recursive service-fault CSV windows,RE2/RE2-SS/orders_disk/3/metrics.csv,metrics,6915967,selected
Zenodo record 14590730 (RCAEval benchmark artifacts),RCAEval recursive service-fault CSV windows,RE2/RE2-SS/orders_disk/3/simple_metrics.csv,metrics,1257785,selected
Zenodo record 14590730 (RCAEval benchmark artifacts),RCAEval recursive service-fault CSV windows,RE2/RE2-SS/orders_loss/1/logs.csv,logs,17803979,selected
Zenodo record 14590730 (RCAEval benchmark artifacts),RCAEval recursive service-fault CSV windows,RE2/RE2-SS/orders_loss/1/logts.csv,logs,19033,selected
Zenodo record 14590730 (RCAEval benchmark artifacts),RCAEval recursive service-fault CSV windows,RE2/RE2-SS/orders_loss/1/metrics.csv,metrics,6650804,selected
Zenodo record 14590730 (RCAEval benchmark artifacts),RCAEval recursive service-fault CSV windows,RE2/RE2-SS/orders_loss/1/simple_metrics.csv,metrics,1226533,selected
Zenodo record 14590730 (RCAEval benchmark artifacts),RCAEval recursive service-fault CSV windows,RE2/RE2-SS/orders_loss/2/logs.csv,logs,17553976,selected
Zenodo record 14590730 (RCAEval benchmark artifacts),RCAEval recursive service-fault CSV windows,RE2/RE2-SS/orders_loss/2/logts.csv,logs,16973,selected
Zenodo record 14590730 (RCAEval benchmark artifacts),RCAEval recursive service-fault CSV windows,RE2/RE2-SS/orders_loss/2/metrics.csv,metrics,6652074,selected
Zenodo record 14590730 (RCAEval benchmark artifacts),RCAEval recursive service-fault CSV windows,RE2/RE2-SS/orders_loss/2/simple_metrics.csv,metrics,1233935,selected
Zenodo record 14590730 (RCAEval benchmark artifacts),RCAEval recursive service-fault CSV windows,RE2/RE2-SS/orders_loss/3/logs.csv,logs,17690696,selected
Zenodo record 14590730 (RCAEval benchmark artifacts),RCAEval recursive service-fault CSV windows,RE2/RE2-SS/orders_loss/3/logts.csv,logs,16939,selected
Zenodo record 14590730 (RCAEval benchmark artifacts),RCAEval recursive service-fault CSV windows,RE2/RE2-SS/orders_loss/3/metrics.csv,metrics,6641669,selected
Zenodo record 14590730 (RCAEval benchmark artifacts),RCAEval recursive service-fault CSV windows,RE2/RE2-SS/orders_loss/3/simple_metrics.csv,metrics,1237878,selected
Zenodo record 14590730 (RCAEval benchmark artifacts),RCAEval recursive service-fault CSV windows,RE2/RE2-SS/orders_mem/1/logs.csv,logs,17463483,selected
Zenodo record 14590730 (RCAEval benchmark artifacts),RCAEval recursive service-fault CSV windows,RE2/RE2-SS/orders_mem/1/logts.csv,logs,18741,selected
Zenodo record 14590730 (RCAEval benchmark artifacts),RCAEval recursive service-fault CSV windows,RE2/RE2-SS/orders_mem/1/metrics.csv,metrics,6833633,selected
Zenodo record 14590730 (RCAEval benchmark artifacts),RCAEval recursive service-fault CSV windows,RE2/RE2-SS/orders_mem/1/simple_metrics.csv,metrics,1237516,selected
Zenodo record 14590730 (RCAEval benchmark artifacts),RCAEval recursive service-fault CSV windows,RE2/RE2-SS/orders_mem/2/logs.csv,logs,17529909,selected
Zenodo record 14590730 (RCAEval benchmark artifacts),RCAEval recursive service-fault CSV windows,RE2/RE2-SS/orders_mem/2/logts.csv,logs,18793,selected
Zenodo record 14590730 (RCAEval benchmark artifacts),RCAEval recursive service-fault CSV windows,RE2/RE2-SS/orders_mem/2/metrics.csv,metrics,6768139,selected
Zenodo record 14590730 (RCAEval benchmark artifacts),RCAEval recursive service-fault CSV windows,RE2/RE2-SS/orders_mem/2/simple_metrics.csv,metrics,1247910,selected
Zenodo record 14590730 (RCAEval benchmark artifacts),RCAEval recursive service-fault CSV windows,RE2/RE2-SS/orders_mem/3/logs.csv,logs,17539715,selected
Zenodo record 14590730 (RCAEval benchmark artifacts),RCAEval recursive service-fault CSV windows,RE2/RE2-SS/orders_mem/3/logts.csv,logs,16027,selected
Zenodo record 14590730 (RCAEval benchmark artifacts),RCAEval recursive service-fault CSV windows,RE2/RE2-SS/orders_mem/3/metrics.csv,metrics,6786188,selected
Zenodo record 14590730 (RCAEval benchmark artifacts),RCAEval recursive service-fault CSV windows,RE2/RE2-SS/orders_mem/3/simple_metrics.csv,metrics,1242299,selected
Zenodo record 14590730 (RCAEval benchmark artifacts),RCAEval recursive service-fault CSV windows,RE2/RE2-SS/orders_socket/1/logs.csv,logs,24448878,selected
Zenodo record 14590730 (RCAEval benchmark artifacts),RCAEval recursive service-fault CSV windows,RE2/RE2-SS/orders_socket/1/logts.csv,logs,19960,selected
Zenodo record 14590730 (RCAEval benchmark artifacts),RCAEval recursive service-fault CSV windows,RE2/RE2-SS/orders_socket/1/metrics.csv,metrics,6755691,selected
Zenodo record 14590730 (RCAEval benchmark artifacts),RCAEval recursive service-fault CSV windows,RE2/RE2-SS/orders_socket/1/simple_metrics.csv,metrics,1253752,selected
Zenodo record 14590730 (RCAEval benchmark artifacts),RCAEval recursive service-fault CSV windows,RE2/RE2-SS/orders_socket/2/logs.csv,logs,17538709,selected
Zenodo record 14590730 (RCAEval benchmark artifacts),RCAEval recursive service-fault CSV windows,RE2/RE2-SS/orders_socket/2/logts.csv,logs,16129,selected
Zenodo record 14590730 (RCAEval benchmark artifacts),RCAEval recursive service-fault CSV windows,RE2/RE2-SS/orders_socket/2/metrics.csv,metrics,6766593,selected
Zenodo record 14590730 (RCAEval benchmark artifacts),RCAEval recursive service-fault CSV windows,RE2/RE2-SS/orders_socket/2/simple_metrics.csv,metrics,1246488,selected
Zenodo record 14590730 (RCAEval benchmark artifacts),RCAEval recursive service-fault CSV windows,RE2/RE2-SS/orders_socket/3/logs.csv,logs,17435083,selected
Zenodo record 14590730 (RCAEval benchmark artifacts),RCAEval recursive service-fault CSV windows,RE2/RE2-SS/orders_socket/3/logts.csv,logs,17960,selected
Zenodo record 14590730 (RCAEval benchmark artifacts),RCAEval recursive service-fault CSV windows,RE2/RE2-SS/orders_socket/3/metrics.csv,metrics,6753007,selected
Zenodo record 14590730 (RCAEval benchmark artifacts),RCAEval recursive service-fault CSV windows,RE2/RE2-SS/orders_socket/3/simple_metrics.csv,metrics,1243867,selected
Zenodo record 14590730 (RCAEval benchmark artifacts),RCAEval recursive service-fault CSV windows,RE2/RE2-SS/payment_cpu/1/logs.csv,logs,17599415,selected
Zenodo record 14590730 (RCAEval benchmark artifacts),RCAEval recursive service-fault CSV windows,RE2/RE2-SS/payment_cpu/1/logts.csv,logs,16406,selected
Zenodo record 14590730 (RCAEval benchmark artifacts),RCAEval recursive service-fault CSV windows,RE2/RE2-SS/payment_cpu/1/metrics.csv,metrics,6740886,selected
Zenodo record 14590730 (RCAEval benchmark artifacts),RCAEval recursive service-fault CSV windows,RE2/RE2-SS/payment_cpu/1/simple_metrics.csv,metrics,1237938,selected
Zenodo record 14590730 (RCAEval benchmark artifacts),RCAEval recursive service-fault CSV windows,RE2/RE2-SS/payment_cpu/2/logs.csv,logs,17484072,selected
Zenodo record 14590730 (RCAEval benchmark artifacts),RCAEval recursive service-fault CSV windows,RE2/RE2-SS/payment_cpu/2/logts.csv,logs,16066,selected
Zenodo record 14590730 (RCAEval benchmark artifacts),RCAEval recursive service-fault CSV windows,RE2/RE2-SS/payment_cpu/2/metrics.csv,metrics,6786641,selected
Zenodo record 14590730 (RCAEval benchmark artifacts),RCAEval recursive service-fault CSV windows,RE2/RE2-SS/payment_cpu/2/simple_metrics.csv,metrics,1246856,selected
Zenodo record 14590730 (RCAEval benchmark artifacts),RCAEval recursive service-fault CSV windows,RE2/RE2-SS/payment_cpu/3/logs.csv,logs,17569347,selected
Zenodo record 14590730 (RCAEval benchmark artifacts),RCAEval recursive service-fault CSV windows,RE2/RE2-SS/payment_cpu/3/logts.csv,logs,16114,selected
Zenodo record 14590730 (RCAEval benchmark artifacts),RCAEval recursive service-fault CSV windows,RE2/RE2-SS/payment_cpu/3/metrics.csv,metrics,6792271,selected
Zenodo record 14590730 (RCAEval benchmark artifacts),RCAEval recursive service-fault CSV windows,RE2/RE2-SS/payment_cpu/3/simple_metrics.csv,metrics,1252141,selected
Zenodo record 14590730 (RCAEval benchmark artifacts),RCAEval recursive service-fault CSV windows,RE2/RE2-SS/payment_delay/1/logs.csv,logs,25031029,selected
Zenodo record 14590730 (RCAEval benchmark artifacts),RCAEval recursive service-fault CSV windows,RE2/RE2-SS/payment_delay/1/logts.csv,logs,16004,selected
Zenodo record 14590730 (RCAEval benchmark artifacts),RCAEval recursive service-fault CSV windows,RE2/RE2-SS/payment_delay/1/metrics.csv,metrics,6728848,selected
Zenodo record 14590730 (RCAEval benchmark artifacts),RCAEval recursive service-fault CSV windows,RE2/RE2-SS/payment_delay/1/simple_metrics.csv,metrics,1242113,selected
Zenodo record 14590730 (RCAEval benchmark artifacts),RCAEval recursive service-fault CSV windows,RE2/RE2-SS/payment_delay/2/logs.csv,logs,17649127,selected
Zenodo record 14590730 (RCAEval benchmark artifacts),RCAEval recursive service-fault CSV windows,RE2/RE2-SS/payment_delay/2/logts.csv,logs,16353,selected
Zenodo record 14590730 (RCAEval benchmark artifacts),RCAEval recursive service-fault CSV windows,RE2/RE2-SS/payment_delay/2/metrics.csv,metrics,6725913,selected
Zenodo record 14590730 (RCAEval benchmark artifacts),RCAEval recursive service-fault CSV windows,RE2/RE2-SS/payment_delay/2/simple_metrics.csv,metrics,1218081,selected
Zenodo record 14590730 (RCAEval benchmark artifacts),RCAEval recursive service-fault CSV windows,RE2/RE2-SS/payment_delay/3/logs.csv,logs,17555242,selected
Zenodo record 14590730 (RCAEval benchmark artifacts),RCAEval recursive service-fault CSV windows,RE2/RE2-SS/payment_delay/3/logts.csv,logs,16008,selected
Zenodo record 14590730 (RCAEval benchmark artifacts),RCAEval recursive service-fault CSV windows,RE2/RE2-SS/payment_delay/3/metrics.csv,metrics,6774267,selected
Zenodo record 14590730 (RCAEval benchmark artifacts),RCAEval recursive service-fault CSV windows,RE2/RE2-SS/payment_delay/3/simple_metrics.csv,metrics,1223450,selected
Zenodo record 14590730 (RCAEval benchmark artifacts),RCAEval recursive service-fault CSV windows,RE2/RE2-SS/payment_disk/1/logs.csv,logs,25243600,selected
Zenodo record 14590730 (RCAEval benchmark artifacts),RCAEval recursive service-fault CSV windows,RE2/RE2-SS/payment_disk/1/logts.csv,logs,16559,selected
Zenodo record 14590730 (RCAEval benchmark artifacts),RCAEval recursive service-fault CSV windows,RE2/RE2-SS/payment_disk/1/metrics.csv,metrics,6839118,selected
Zenodo record 14590730 (RCAEval benchmark artifacts),RCAEval recursive service-fault CSV windows,RE2/RE2-SS/payment_disk/1/simple_metrics.csv,metrics,1256794,selected
Zenodo record 14590730 (RCAEval benchmark artifacts),RCAEval recursive service-fault CSV windows,RE2/RE2-SS/payment_disk/2/logs.csv,logs,17529097,selected
Zenodo record 14590730 (RCAEval benchmark artifacts),RCAEval recursive service-fault CSV windows,RE2/RE2-SS/payment_disk/2/logts.csv,logs,16289,selected
Zenodo record 14590730 (RCAEval benchmark artifacts),RCAEval recursive service-fault CSV windows,RE2/RE2-SS/payment_disk/2/metrics.csv,metrics,6885007,selected
Zenodo record 14590730 (RCAEval benchmark artifacts),RCAEval recursive service-fault CSV windows,RE2/RE2-SS/payment_disk/2/simple_metrics.csv,metrics,1262733,selected
Zenodo record 14590730 (RCAEval benchmark artifacts),RCAEval recursive service-fault CSV windows,RE2/RE2-SS/payment_disk/3/logs.csv,logs,17433676,selected
Zenodo record 14590730 (RCAEval benchmark artifacts),RCAEval recursive service-fault CSV windows,RE2/RE2-SS/payment_disk/3/logts.csv,logs,16502,selected
Zenodo record 14590730 (RCAEval benchmark artifacts),RCAEval recursive service-fault CSV windows,RE2/RE2-SS/payment_disk/3/metrics.csv,metrics,6879533,selected
Zenodo record 14590730 (RCAEval benchmark artifacts),RCAEval recursive service-fault CSV windows,RE2/RE2-SS/payment_disk/3/simple_metrics.csv,metrics,1268615,selected
Zenodo record 14590730 (RCAEval benchmark artifacts),RCAEval recursive service-fault CSV windows,RE2/RE2-SS/payment_loss/1/logs.csv,logs,18142038,selected
Zenodo record 14590730 (RCAEval benchmark artifacts),RCAEval recursive service-fault CSV windows,RE2/RE2-SS/payment_loss/1/logts.csv,logs,19877,selected
Zenodo record 14590730 (RCAEval benchmark artifacts),RCAEval recursive service-fault CSV windows,RE2/RE2-SS/payment_loss/1/metrics.csv,metrics,6702278,selected
Zenodo record 14590730 (RCAEval benchmark artifacts),RCAEval recursive service-fault CSV windows,RE2/RE2-SS/payment_loss/1/simple_metrics.csv,metrics,1226000,selected
Zenodo record 14590730 (RCAEval benchmark artifacts),RCAEval recursive service-fault CSV windows,RE2/RE2-SS/payment_loss/2/logs.csv,logs,17727540,selected
Zenodo record 14590730 (RCAEval benchmark artifacts),RCAEval recursive service-fault CSV windows,RE2/RE2-SS/payment_loss/2/logts.csv,logs,16996,selected
Zenodo record 14590730 (RCAEval benchmark artifacts),RCAEval recursive service-fault CSV windows,RE2/RE2-SS/payment_loss/2/metrics.csv,metrics,6703395,selected
Zenodo record 14590730 (RCAEval benchmark artifacts),RCAEval recursive service-fault CSV windows,RE2/RE2-SS/payment_loss/2/simple_metrics.csv,metrics,1234412,selected
Zenodo record 14590730 (RCAEval benchmark artifacts),RCAEval recursive service-fault CSV windows,RE2/RE2-SS/payment_loss/3/logs.csv,logs,17918210,selected
Zenodo record 14590730 (RCAEval benchmark artifacts),RCAEval recursive service-fault CSV windows,RE2/RE2-SS/payment_loss/3/logts.csv,logs,18251,selected
Zenodo record 14590730 (RCAEval benchmark artifacts),RCAEval recursive service-fault CSV windows,RE2/RE2-SS/payment_loss/3/metrics.csv,metrics,6718394,selected
Zenodo record 14590730 (RCAEval benchmark artifacts),RCAEval recursive service-fault CSV windows,RE2/RE2-SS/payment_loss/3/simple_metrics.csv,metrics,1229160,selected
Zenodo record 14590730 (RCAEval benchmark artifacts),RCAEval recursive service-fault CSV windows,RE2/RE2-SS/payment_mem/1/logs.csv,logs,17670320,selected
Zenodo record 14590730 (RCAEval benchmark artifacts),RCAEval recursive service-fault CSV windows,RE2/RE2-SS/payment_mem/1/logts.csv,logs,22899,selected
Zenodo record 14590730 (RCAEval benchmark artifacts),RCAEval recursive service-fault CSV windows,RE2/RE2-SS/payment_mem/1/metrics.csv,metrics,6840928,selected
Zenodo record 14590730 (RCAEval benchmark artifacts),RCAEval recursive service-fault CSV windows,RE2/RE2-SS/payment_mem/1/simple_metrics.csv,metrics,1260380,selected
Zenodo record 14590730 (RCAEval benchmark artifacts),RCAEval recursive service-fault CSV windows,RE2/RE2-SS/payment_mem/2/logs.csv,logs,17453911,selected
Zenodo record 14590730 (RCAEval benchmark artifacts),RCAEval recursive service-fault CSV windows,RE2/RE2-SS/payment_mem/2/logts.csv,logs,16277,selected
Zenodo record 14590730 (RCAEval benchmark artifacts),RCAEval recursive service-fault CSV windows,RE2/RE2-SS/payment_mem/2/metrics.csv,metrics,6759626,selected
Zenodo record 14590730 (RCAEval benchmark artifacts),RCAEval recursive service-fault CSV windows,RE2/RE2-SS/payment_mem/2/simple_metrics.csv,metrics,1244996,selected
Zenodo record 14590730 (RCAEval benchmark artifacts),RCAEval recursive service-fault CSV windows,RE2/RE2-SS/payment_mem/3/logs.csv,logs,17633790,selected
Zenodo record 14590730 (RCAEval benchmark artifacts),RCAEval recursive service-fault CSV windows,RE2/RE2-SS/payment_mem/3/logts.csv,logs,18819,selected
Zenodo record 14590730 (RCAEval benchmark artifacts),RCAEval recursive service-fault CSV windows,RE2/RE2-SS/payment_mem/3/metrics.csv,metrics,6751658,selected
Zenodo record 14590730 (RCAEval benchmark artifacts),RCAEval recursive service-fault CSV windows,RE2/RE2-SS/payment_mem/3/simple_metrics.csv,metrics,1241096,selected
Zenodo record 14590730 (RCAEval benchmark artifacts),RCAEval recursive service-fault CSV windows,RE2/RE2-SS/payment_socket/1/logs.csv,logs,24473527,selected
Zenodo record 14590730 (RCAEval benchmark artifacts),RCAEval recursive service-fault CSV windows,RE2/RE2-SS/payment_socket/1/logts.csv,logs,16074,selected
Zenodo record 14590730 (RCAEval benchmark artifacts),RCAEval recursive service-fault CSV windows,RE2/RE2-SS/payment_socket/1/metrics.csv,metrics,6778974,selected
Zenodo record 14590730 (RCAEval benchmark artifacts),RCAEval recursive service-fault CSV windows,RE2/RE2-SS/payment_socket/1/simple_metrics.csv,metrics,1248678,selected
Zenodo record 14590730 (RCAEval benchmark artifacts),RCAEval recursive service-fault CSV windows,RE2/RE2-SS/payment_socket/2/logs.csv,logs,17512521,selected
Zenodo record 14590730 (RCAEval benchmark artifacts),RCAEval recursive service-fault CSV windows,RE2/RE2-SS/payment_socket/2/logts.csv,logs,16216,selected
Zenodo record 14590730 (RCAEval benchmark artifacts),RCAEval recursive service-fault CSV windows,RE2/RE2-SS/payment_socket/2/metrics.csv,metrics,6799874,selected
Zenodo record 14590730 (RCAEval benchmark artifacts),RCAEval recursive service-fault CSV windows,RE2/RE2-SS/payment_socket/2/simple_metrics.csv,metrics,1247611,selected
Zenodo record 14590730 (RCAEval benchmark artifacts),RCAEval recursive service-fault CSV windows,RE2/RE2-SS/payment_socket/3/logs.csv,logs,17666006,selected
Zenodo record 14590730 (RCAEval benchmark artifacts),RCAEval recursive service-fault CSV windows,RE2/RE2-SS/payment_socket/3/logts.csv,logs,16115,selected
Zenodo record 14590730 (RCAEval benchmark artifacts),RCAEval recursive service-fault CSV windows,RE2/RE2-SS/payment_socket/3/metrics.csv,metrics,6752423,selected
Zenodo record 14590730 (RCAEval benchmark artifacts),RCAEval recursive service-fault CSV windows,RE2/RE2-SS/payment_socket/3/simple_metrics.csv,metrics,1238423,selected
Zenodo record 14590730 (RCAEval benchmark artifacts),RCAEval recursive service-fault CSV windows,RE2/RE2-SS/user_cpu/1/logs.csv,logs,15822272,selected
Zenodo record 14590730 (RCAEval benchmark artifacts),RCAEval recursive service-fault CSV windows,RE2/RE2-SS/user_cpu/1/logts.csv,logs,17589,selected
Zenodo record 14590730 (RCAEval benchmark artifacts),RCAEval recursive service-fault CSV windows,RE2/RE2-SS/user_cpu/1/metrics.csv,metrics,6610139,selected
Zenodo record 14590730 (RCAEval benchmark artifacts),RCAEval recursive service-fault CSV windows,RE2/RE2-SS/user_cpu/1/simple_metrics.csv,metrics,1201738,selected
Zenodo record 14590730 (RCAEval benchmark artifacts),RCAEval recursive service-fault CSV windows,RE2/RE2-SS/user_cpu/2/logs.csv,logs,15453319,selected
Zenodo record 14590730 (RCAEval benchmark artifacts),RCAEval recursive service-fault CSV windows,RE2/RE2-SS/user_cpu/2/logts.csv,logs,17475,selected
Zenodo record 14590730 (RCAEval benchmark artifacts),RCAEval recursive service-fault CSV windows,RE2/RE2-SS/user_cpu/2/metrics.csv,metrics,6575376,selected
Zenodo record 14590730 (RCAEval benchmark artifacts),RCAEval recursive service-fault CSV windows,RE2/RE2-SS/user_cpu/2/simple_metrics.csv,metrics,1189170,selected
Zenodo record 14590730 (RCAEval benchmark artifacts),RCAEval recursive service-fault CSV windows,RE2/RE2-SS/user_cpu/3/logs.csv,logs,17479343,selected
Zenodo record 14590730 (RCAEval benchmark artifacts),RCAEval recursive service-fault CSV windows,RE2/RE2-SS/user_cpu/3/logts.csv,logs,15892,selected
Zenodo record 14590730 (RCAEval benchmark artifacts),RCAEval recursive service-fault CSV windows,RE2/RE2-SS/user_cpu/3/metrics.csv,metrics,6740196,selected
Zenodo record 14590730 (RCAEval benchmark artifacts),RCAEval recursive service-fault CSV windows,RE2/RE2-SS/user_cpu/3/simple_metrics.csv,metrics,1246397,selected
Zenodo record 14590730 (RCAEval benchmark artifacts),RCAEval recursive service-fault CSV windows,RE2/RE2-SS/user_delay/1/logs.csv,logs,23962916,selected
Zenodo record 14590730 (RCAEval benchmark artifacts),RCAEval recursive service-fault CSV windows,RE2/RE2-SS/user_delay/1/logts.csv,logs,15801,selected
Zenodo record 14590730 (RCAEval benchmark artifacts),RCAEval recursive service-fault CSV windows,RE2/RE2-SS/user_delay/1/metrics.csv,metrics,6765175,selected
Zenodo record 14590730 (RCAEval benchmark artifacts),RCAEval recursive service-fault CSV windows,RE2/RE2-SS/user_delay/1/simple_metrics.csv,metrics,1244324,selected
Zenodo record 14590730 (RCAEval benchmark artifacts),RCAEval recursive service-fault CSV windows,RE2/RE2-SS/user_delay/2/logs.csv,logs,17072092,selected
Zenodo record 14590730 (RCAEval benchmark artifacts),RCAEval recursive service-fault CSV windows,RE2/RE2-SS/user_delay/2/logts.csv,logs,16488,selected
Zenodo record 14590730 (RCAEval benchmark artifacts),RCAEval recursive service-fault CSV windows,RE2/RE2-SS/user_delay/2/metrics.csv,metrics,6766172,selected
Zenodo record 14590730 (RCAEval benchmark artifacts),RCAEval recursive service-fault CSV windows,RE2/RE2-SS/user_delay/2/simple_metrics.csv,metrics,1227592,selected
Zenodo record 14590730 (RCAEval benchmark artifacts),RCAEval recursive service-fault CSV windows,RE2/RE2-SS/user_delay/3/logs.csv,logs,16933764,selected
Zenodo record 14590730 (RCAEval benchmark artifacts),RCAEval recursive service-fault CSV windows,RE2/RE2-SS/user_delay/3/logts.csv,logs,16434,selected
Zenodo record 14590730 (RCAEval benchmark artifacts),RCAEval recursive service-fault CSV windows,RE2/RE2-SS/user_delay/3/metrics.csv,metrics,6730697,selected
Zenodo record 14590730 (RCAEval benchmark artifacts),RCAEval recursive service-fault CSV windows,RE2/RE2-SS/user_delay/3/simple_metrics.csv,metrics,1214663,selected
Zenodo record 14590730 (RCAEval benchmark artifacts),RCAEval recursive service-fault CSV windows,RE2/RE2-SS/user_disk/1/logs.csv,logs,23097063,selected
Zenodo record 14590730 (RCAEval benchmark artifacts),RCAEval recursive service-fault CSV windows,RE2/RE2-SS/user_disk/1/logts.csv,logs,26440,selected
Zenodo record 14590730 (RCAEval benchmark artifacts),RCAEval recursive service-fault CSV windows,RE2/RE2-SS/user_disk/1/metrics.csv,metrics,6788940,selected
Zenodo record 14590730 (RCAEval benchmark artifacts),RCAEval recursive service-fault CSV windows,RE2/RE2-SS/user_disk/1/simple_metrics.csv,metrics,1239897,selected
Zenodo record 14590730 (RCAEval benchmark artifacts),RCAEval recursive service-fault CSV windows,RE2/RE2-SS/user_disk/2/logs.csv,logs,17489247,selected
Zenodo record 14590730 (RCAEval benchmark artifacts),RCAEval recursive service-fault CSV windows,RE2/RE2-SS/user_disk/2/logts.csv,logs,17288,selected
Zenodo record 14590730 (RCAEval benchmark artifacts),RCAEval recursive service-fault CSV windows,RE2/RE2-SS/user_disk/2/metrics.csv,metrics,6846483,selected
Zenodo record 14590730 (RCAEval benchmark artifacts),RCAEval recursive service-fault CSV windows,RE2/RE2-SS/user_disk/2/simple_metrics.csv,metrics,1258254,selected
Zenodo record 14590730 (RCAEval benchmark artifacts),RCAEval recursive service-fault CSV windows,RE2/RE2-SS/user_disk/3/logs.csv,logs,17552842,selected
Zenodo record 14590730 (RCAEval benchmark artifacts),RCAEval recursive service-fault CSV windows,RE2/RE2-SS/user_disk/3/logts.csv,logs,17167,selected
Zenodo record 14590730 (RCAEval benchmark artifacts),RCAEval recursive service-fault CSV windows,RE2/RE2-SS/user_disk/3/metrics.csv,metrics,6824715,selected
Zenodo record 14590730 (RCAEval benchmark artifacts),RCAEval recursive service-fault CSV windows,RE2/RE2-SS/user_disk/3/simple_metrics.csv,metrics,1257120,selected
Zenodo record 14590730 (RCAEval benchmark artifacts),RCAEval recursive service-fault CSV windows,RE2/RE2-SS/user_loss/1/logs.csv,logs,10690201,selected
Zenodo record 14590730 (RCAEval benchmark artifacts),RCAEval recursive service-fault CSV windows,RE2/RE2-SS/user_loss/1/logts.csv,logs,25930,selected
Zenodo record 14590730 (RCAEval benchmark artifacts),RCAEval recursive service-fault CSV windows,RE2/RE2-SS/user_loss/1/metrics.csv,metrics,6371667,selected
Zenodo record 14590730 (RCAEval benchmark artifacts),RCAEval recursive service-fault CSV windows,RE2/RE2-SS/user_loss/1/simple_metrics.csv,metrics,1139717,selected
Zenodo record 14590730 (RCAEval benchmark artifacts),RCAEval recursive service-fault CSV windows,RE2/RE2-SS/user_loss/2/logs.csv,logs,11699961,selected
Zenodo record 14590730 (RCAEval benchmark artifacts),RCAEval recursive service-fault CSV windows,RE2/RE2-SS/user_loss/2/logts.csv,logs,27135,selected
Zenodo record 14590730 (RCAEval benchmark artifacts),RCAEval recursive service-fault CSV windows,RE2/RE2-SS/user_loss/2/metrics.csv,metrics,6527832,selected
Zenodo record 14590730 (RCAEval benchmark artifacts),RCAEval recursive service-fault CSV windows,RE2/RE2-SS/user_loss/2/simple_metrics.csv,metrics,1167713,selected
Zenodo record 14590730 (RCAEval benchmark artifacts),RCAEval recursive service-fault CSV windows,RE2/RE2-SS/user_loss/3/logs.csv,logs,13217190,selected
Zenodo record 14590730 (RCAEval benchmark artifacts),RCAEval recursive service-fault CSV windows,RE2/RE2-SS/user_loss/3/logts.csv,logs,26956,selected
Zenodo record 14590730 (RCAEval benchmark artifacts),RCAEval recursive service-fault CSV windows,RE2/RE2-SS/user_loss/3/metrics.csv,metrics,6622527,selected
Zenodo record 14590730 (RCAEval benchmark artifacts),RCAEval recursive service-fault CSV windows,RE2/RE2-SS/user_loss/3/simple_metrics.csv,metrics,1198420,selected
Zenodo record 14590730 (RCAEval benchmark artifacts),RCAEval recursive service-fault CSV windows,RE2/RE2-SS/user_mem/1/logs.csv,logs,17623079,selected
Zenodo record 14590730 (RCAEval benchmark artifacts),RCAEval recursive service-fault CSV windows,RE2/RE2-SS/user_mem/1/logts.csv,logs,16095,selected
Zenodo record 14590730 (RCAEval benchmark artifacts),RCAEval recursive service-fault CSV windows,RE2/RE2-SS/user_mem/1/metrics.csv,metrics,6824802,selected
Zenodo record 14590730 (RCAEval benchmark artifacts),RCAEval recursive service-fault CSV windows,RE2/RE2-SS/user_mem/1/simple_metrics.csv,metrics,1245204,selected
Zenodo record 14590730 (RCAEval benchmark artifacts),RCAEval recursive service-fault CSV windows,RE2/RE2-SS/user_mem/2/logs.csv,logs,17412909,selected
Zenodo record 14590730 (RCAEval benchmark artifacts),RCAEval recursive service-fault CSV windows,RE2/RE2-SS/user_mem/2/logts.csv,logs,17095,selected
Zenodo record 14590730 (RCAEval benchmark artifacts),RCAEval recursive service-fault CSV windows,RE2/RE2-SS/user_mem/2/metrics.csv,metrics,6798258,selected
Zenodo record 14590730 (RCAEval benchmark artifacts),RCAEval recursive service-fault CSV windows,RE2/RE2-SS/user_mem/2/simple_metrics.csv,metrics,1245408,selected
Zenodo record 14590730 (RCAEval benchmark artifacts),RCAEval recursive service-fault CSV windows,RE2/RE2-SS/user_mem/3/logs.csv,logs,17380294,selected
Zenodo record 14590730 (RCAEval benchmark artifacts),RCAEval recursive service-fault CSV windows,RE2/RE2-SS/user_mem/3/logts.csv,logs,16217,selected
Zenodo record 14590730 (RCAEval benchmark artifacts),RCAEval recursive service-fault CSV windows,RE2/RE2-SS/user_mem/3/metrics.csv,metrics,6800423,selected
Zenodo record 14590730 (RCAEval benchmark artifacts),RCAEval recursive service-fault CSV windows,RE2/RE2-SS/user_mem/3/simple_metrics.csv,metrics,1251450,selected
Zenodo record 14590730 (RCAEval benchmark artifacts),RCAEval recursive service-fault CSV windows,RE2/RE2-SS/user_socket/1/logs.csv,logs,24909503,selected
Zenodo record 14590730 (RCAEval benchmark artifacts),RCAEval recursive service-fault CSV windows,RE2/RE2-SS/user_socket/1/logts.csv,logs,17345,selected
Zenodo record 14590730 (RCAEval benchmark artifacts),RCAEval recursive service-fault CSV windows,RE2/RE2-SS/user_socket/1/metrics.csv,metrics,6796222,selected
Zenodo record 14590730 (RCAEval benchmark artifacts),RCAEval recursive service-fault CSV windows,RE2/RE2-SS/user_socket/1/simple_metrics.csv,metrics,1249851,selected
Zenodo record 14590730 (RCAEval benchmark artifacts),RCAEval recursive service-fault CSV windows,RE2/RE2-SS/user_socket/2/logs.csv,logs,17347415,selected
Zenodo record 14590730 (RCAEval benchmark artifacts),RCAEval recursive service-fault CSV windows,RE2/RE2-SS/user_socket/2/logts.csv,logs,16635,selected
Zenodo record 14590730 (RCAEval benchmark artifacts),RCAEval recursive service-fault CSV windows,RE2/RE2-SS/user_socket/2/metrics.csv,metrics,6863275,selected
Zenodo record 14590730 (RCAEval benchmark artifacts),RCAEval recursive service-fault CSV windows,RE2/RE2-SS/user_socket/2/simple_metrics.csv,metrics,1247773,selected
Zenodo record 14590730 (RCAEval benchmark artifacts),RCAEval recursive service-fault CSV windows,RE2/RE2-SS/user_socket/3/logs.csv,logs,17499612,selected
Zenodo record 14590730 (RCAEval benchmark artifacts),RCAEval recursive service-fault CSV windows,RE2/RE2-SS/user_socket/3/logts.csv,logs,15890,selected
Zenodo record 14590730 (RCAEval benchmark artifacts),RCAEval recursive service-fault CSV windows,RE2/RE2-SS/user_socket/3/metrics.csv,metrics,6849094,selected
Zenodo record 14590730 (RCAEval benchmark artifacts),RCAEval recursive service-fault CSV windows,RE2/RE2-SS/user_socket/3/simple_metrics.csv,metrics,1253218,selected
Zenodo record 14590730 (RCAEval benchmark artifacts),RCAEval recursive service-fault CSV windows,RE2/RE2-TT/ts-auth-service_cpu/1/logs.csv,logs,181151448,selected
Zenodo record 14590730 (RCAEval benchmark artifacts),RCAEval recursive service-fault CSV windows,RE2/RE2-TT/ts-auth-service_cpu/1/logts.csv,logs,43577,selected
Zenodo record 14590730 (RCAEval benchmark artifacts),RCAEval recursive service-fault CSV windows,RE2/RE2-TT/ts-auth-service_cpu/1/metrics.csv,metrics,26832487,selected
Zenodo record 14590730 (RCAEval benchmark artifacts),RCAEval recursive service-fault CSV windows,RE2/RE2-TT/ts-auth-service_cpu/1/simple_metrics.csv,metrics,6220997,selected
Zenodo record 14590730 (RCAEval benchmark artifacts),RCAEval recursive service-fault CSV windows,RE2/RE2-TT/ts-auth-service_cpu/1/traces.csv,traces,174262891,selected
Zenodo record 14590730 (RCAEval benchmark artifacts),RCAEval recursive service-fault CSV windows,RE2/RE2-TT/ts-auth-service_cpu/1/tracets_err.csv,traces,68572,selected
Zenodo record 14590730 (RCAEval benchmark artifacts),RCAEval recursive service-fault CSV windows,RE2/RE2-TT/ts-auth-service_cpu/1/tracets_lat.csv,traces,54063,selected
Zenodo record 14590730 (RCAEval benchmark artifacts),RCAEval recursive service-fault CSV windows,RE2/RE2-TT/ts-auth-service_cpu/2/logs.csv,logs,136672054,selected
Zenodo record 14590730 (RCAEval benchmark artifacts),RCAEval recursive service-fault CSV windows,RE2/RE2-TT/ts-auth-service_cpu/2/logts.csv,logs,46209,selected
Zenodo record 14590730 (RCAEval benchmark artifacts),RCAEval recursive service-fault CSV windows,RE2/RE2-TT/ts-auth-service_cpu/2/metrics.csv,metrics,26706371,selected
Zenodo record 14590730 (RCAEval benchmark artifacts),RCAEval recursive service-fault CSV windows,RE2/RE2-TT/ts-auth-service_cpu/2/simple_metrics.csv,metrics,6202457,selected
Zenodo record 14590730 (RCAEval benchmark artifacts),RCAEval recursive service-fault CSV windows,RE2/RE2-TT/ts-auth-service_cpu/2/traces.csv,traces,128259258,selected
Zenodo record 14590730 (RCAEval benchmark artifacts),RCAEval recursive service-fault CSV windows,RE2/RE2-TT/ts-auth-service_cpu/2/tracets_err.csv,traces,68722,selected
Zenodo record 14590730 (RCAEval benchmark artifacts),RCAEval recursive service-fault CSV windows,RE2/RE2-TT/ts-auth-service_cpu/2/tracets_lat.csv,traces,47271,selected
Zenodo record 14590730 (RCAEval benchmark artifacts),RCAEval recursive service-fault CSV windows,RE2/RE2-TT/ts-auth-service_cpu/3/logs.csv,logs,160204681,selected
Zenodo record 14590730 (RCAEval benchmark artifacts),RCAEval recursive service-fault CSV windows,RE2/RE2-TT/ts-auth-service_cpu/3/logts.csv,logs,42505,selected
Zenodo record 14590730 (RCAEval benchmark artifacts),RCAEval recursive service-fault CSV windows,RE2/RE2-TT/ts-auth-service_cpu/3/metrics.csv,metrics,26779228,selected
Zenodo record 14590730 (RCAEval benchmark artifacts),RCAEval recursive service-fault CSV windows,RE2/RE2-TT/ts-auth-service_cpu/3/simple_metrics.csv,metrics,6208546,selected
Zenodo record 14590730 (RCAEval benchmark artifacts),RCAEval recursive service-fault CSV windows,RE2/RE2-TT/ts-auth-service_cpu/3/traces.csv,traces,137201604,selected
Zenodo record 14590730 (RCAEval benchmark artifacts),RCAEval recursive service-fault CSV windows,RE2/RE2-TT/ts-auth-service_cpu/3/tracets_err.csv,traces,68758,selected
Zenodo record 14590730 (RCAEval benchmark artifacts),RCAEval recursive service-fault CSV windows,RE2/RE2-TT/ts-auth-service_cpu/3/tracets_lat.csv,traces,49126,selected
Zenodo record 14590730 (RCAEval benchmark artifacts),RCAEval recursive service-fault CSV windows,RE2/RE2-TT/ts-auth-service_delay/1/logs.csv,logs,69432659,selected
Zenodo record 14590730 (RCAEval benchmark artifacts),RCAEval recursive service-fault CSV windows,RE2/RE2-TT/ts-auth-service_delay/1/logts.csv,logs,44285,selected
Zenodo record 14590730 (RCAEval benchmark artifacts),RCAEval recursive service-fault CSV windows,RE2/RE2-TT/ts-auth-service_delay/1/metrics.csv,metrics,26904724,selected
Zenodo record 14590730 (RCAEval benchmark artifacts),RCAEval recursive service-fault CSV windows,RE2/RE2-TT/ts-auth-service_delay/1/simple_metrics.csv,metrics,6217193,selected
Zenodo record 14590730 (RCAEval benchmark artifacts),RCAEval recursive service-fault CSV windows,RE2/RE2-TT/ts-auth-service_delay/1/traces.csv,traces,175380764,selected
Zenodo record 14590730 (RCAEval benchmark artifacts),RCAEval recursive service-fault CSV windows,RE2/RE2-TT/ts-auth-service_delay/1/tracets_err.csv,traces,72954,selected
Zenodo record 14590730 (RCAEval benchmark artifacts),RCAEval recursive service-fault CSV windows,RE2/RE2-TT/ts-auth-service_delay/1/tracets_lat.csv,traces,53718,selected
Zenodo record 14590730 (RCAEval benchmark artifacts),RCAEval recursive service-fault CSV windows,RE2/RE2-TT/ts-auth-service_delay/2/logs.csv,logs,83751200,selected
Zenodo record 14590730 (RCAEval benchmark artifacts),RCAEval recursive service-fault CSV windows,RE2/RE2-TT/ts-auth-service_delay/2/logts.csv,logs,41925,selected
Zenodo record 14590730 (RCAEval benchmark artifacts),RCAEval recursive service-fault CSV windows,RE2/RE2-TT/ts-auth-service_delay/2/metrics.csv,metrics,27002907,selected
Zenodo record 14590730 (RCAEval benchmark artifacts),RCAEval recursive service-fault CSV windows,RE2/RE2-TT/ts-auth-service_delay/2/simple_metrics.csv,metrics,6214817,selected
Zenodo record 14590730 (RCAEval benchmark artifacts),RCAEval recursive service-fault CSV windows,RE2/RE2-TT/ts-auth-service_delay/2/traces.csv,traces,100328191,selected
Zenodo record 14590730 (RCAEval benchmark artifacts),RCAEval recursive service-fault CSV windows,RE2/RE2-TT/ts-auth-service_delay/2/tracets_err.csv,traces,67131,selected
Zenodo record 14590730 (RCAEval benchmark artifacts),RCAEval recursive service-fault CSV windows,RE2/RE2-TT/ts-auth-service_delay/2/tracets_lat.csv,traces,53884,selected
Zenodo record 14590730 (RCAEval benchmark artifacts),RCAEval recursive service-fault CSV windows,RE2/RE2-TT/ts-auth-service_delay/3/logs.csv,logs,86998733,selected
Zenodo record 14590730 (RCAEval benchmark artifacts),RCAEval recursive service-fault CSV windows,RE2/RE2-TT/ts-auth-service_delay/3/logts.csv,logs,42047,selected
Zenodo record 14590730 (RCAEval benchmark artifacts),RCAEval recursive service-fault CSV windows,RE2/RE2-TT/ts-auth-service_delay/3/metrics.csv,metrics,26936028,selected
Zenodo record 14590730 (RCAEval benchmark artifacts),RCAEval recursive service-fault CSV windows,RE2/RE2-TT/ts-auth-service_delay/3/simple_metrics.csv,metrics,6232269,selected
Zenodo record 14590730 (RCAEval benchmark artifacts),RCAEval recursive service-fault CSV windows,RE2/RE2-TT/ts-auth-service_delay/3/traces.csv,traces,103200517,selected
Zenodo record 14590730 (RCAEval benchmark artifacts),RCAEval recursive service-fault CSV windows,RE2/RE2-TT/ts-auth-service_delay/3/tracets_err.csv,traces,66899,selected
Zenodo record 14590730 (RCAEval benchmark artifacts),RCAEval recursive service-fault CSV windows,RE2/RE2-TT/ts-auth-service_delay/3/tracets_lat.csv,traces,51157,selected
Zenodo record 14590730 (RCAEval benchmark artifacts),RCAEval recursive service-fault CSV windows,RE2/RE2-TT/ts-auth-service_disk/1/logs.csv,logs,98232998,selected
Zenodo record 14590730 (RCAEval benchmark artifacts),RCAEval recursive service-fault CSV windows,RE2/RE2-TT/ts-auth-service_disk/1/logts.csv,logs,49391,selected
Zenodo record 14590730 (RCAEval benchmark artifacts),RCAEval recursive service-fault CSV windows,RE2/RE2-TT/ts-auth-service_disk/1/metrics.csv,metrics,26984327,selected
Zenodo record 14590730 (RCAEval benchmark artifacts),RCAEval recursive service-fault CSV windows,RE2/RE2-TT/ts-auth-service_disk/1/simple_metrics.csv,metrics,6203755,selected
Zenodo record 14590730 (RCAEval benchmark artifacts),RCAEval recursive service-fault CSV windows,RE2/RE2-TT/ts-auth-service_disk/1/traces.csv,traces,106190659,selected
Zenodo record 14590730 (RCAEval benchmark artifacts),RCAEval recursive service-fault CSV windows,RE2/RE2-TT/ts-auth-service_disk/1/tracets_err.csv,traces,67387,selected
Zenodo record 14590730 (RCAEval benchmark artifacts),RCAEval recursive service-fault CSV windows,RE2/RE2-TT/ts-auth-service_disk/1/tracets_lat.csv,traces,53269,selected
Zenodo record 14590730 (RCAEval benchmark artifacts),RCAEval recursive service-fault CSV windows,RE2/RE2-TT/ts-auth-service_disk/2/logs.csv,logs,85128513,selected
Zenodo record 14590730 (RCAEval benchmark artifacts),RCAEval recursive service-fault CSV windows,RE2/RE2-TT/ts-auth-service_disk/2/logts.csv,logs,42340,selected
Zenodo record 14590730 (RCAEval benchmark artifacts),RCAEval recursive service-fault CSV windows,RE2/RE2-TT/ts-auth-service_disk/2/metrics.csv,metrics,26934710,selected
Zenodo record 14590730 (RCAEval benchmark artifacts),RCAEval recursive service-fault CSV windows,RE2/RE2-TT/ts-auth-service_disk/2/simple_metrics.csv,metrics,6184401,selected
Zenodo record 14590730 (RCAEval benchmark artifacts),RCAEval recursive service-fault CSV windows,RE2/RE2-TT/ts-auth-service_disk/2/traces.csv,traces,100052147,selected
Zenodo record 14590730 (RCAEval benchmark artifacts),RCAEval recursive service-fault CSV windows,RE2/RE2-TT/ts-auth-service_disk/2/tracets_err.csv,traces,67536,selected
Zenodo record 14590730 (RCAEval benchmark artifacts),RCAEval recursive service-fault CSV windows,RE2/RE2-TT/ts-auth-service_disk/2/tracets_lat.csv,traces,49283,selected
Zenodo record 14590730 (RCAEval benchmark artifacts),RCAEval recursive service-fault CSV windows,RE2/RE2-TT/ts-auth-service_disk/3/logs.csv,logs,117306111,selected
Zenodo record 14590730 (RCAEval benchmark artifacts),RCAEval recursive service-fault CSV windows,RE2/RE2-TT/ts-auth-service_disk/3/logts.csv,logs,42272,selected
Zenodo record 14590730 (RCAEval benchmark artifacts),RCAEval recursive service-fault CSV windows,RE2/RE2-TT/ts-auth-service_disk/3/metrics.csv,metrics,26895300,selected
Zenodo record 14590730 (RCAEval benchmark artifacts),RCAEval recursive service-fault CSV windows,RE2/RE2-TT/ts-auth-service_disk/3/simple_metrics.csv,metrics,6205531,selected
Zenodo record 14590730 (RCAEval benchmark artifacts),RCAEval recursive service-fault CSV windows,RE2/RE2-TT/ts-auth-service_disk/3/traces.csv,traces,114741842,selected
Zenodo record 14590730 (RCAEval benchmark artifacts),RCAEval recursive service-fault CSV windows,RE2/RE2-TT/ts-auth-service_disk/3/tracets_err.csv,traces,68425,selected
Zenodo record 14590730 (RCAEval benchmark artifacts),RCAEval recursive service-fault CSV windows,RE2/RE2-TT/ts-auth-service_disk/3/tracets_lat.csv,traces,54552,selected
Zenodo record 14590730 (RCAEval benchmark artifacts),RCAEval recursive service-fault CSV windows,RE2/RE2-TT/ts-auth-service_loss/1/logs.csv,logs,163019611,selected
Zenodo record 14590730 (RCAEval benchmark artifacts),RCAEval recursive service-fault CSV windows,RE2/RE2-TT/ts-auth-service_loss/1/logts.csv,logs,44526,selected
Zenodo record 14590730 (RCAEval benchmark artifacts),RCAEval recursive service-fault CSV windows,RE2/RE2-TT/ts-auth-service_loss/1/metrics.csv,metrics,26777942,selected
Zenodo record 14590730 (RCAEval benchmark artifacts),RCAEval recursive service-fault CSV windows,RE2/RE2-TT/ts-auth-service_loss/1/simple_metrics.csv,metrics,6205438,selected
Zenodo record 14590730 (RCAEval benchmark artifacts),RCAEval recursive service-fault CSV windows,RE2/RE2-TT/ts-auth-service_loss/1/traces.csv,traces,146794316,selected
Zenodo record 14590730 (RCAEval benchmark artifacts),RCAEval recursive service-fault CSV windows,RE2/RE2-TT/ts-auth-service_loss/1/tracets_err.csv,traces,68551,selected
Zenodo record 14590730 (RCAEval benchmark artifacts),RCAEval recursive service-fault CSV windows,RE2/RE2-TT/ts-auth-service_loss/1/tracets_lat.csv,traces,55946,selected
Zenodo record 14590730 (RCAEval benchmark artifacts),RCAEval recursive service-fault CSV windows,RE2/RE2-TT/ts-auth-service_loss/2/logs.csv,logs,118961492,selected
Zenodo record 14590730 (RCAEval benchmark artifacts),RCAEval recursive service-fault CSV windows,RE2/RE2-TT/ts-auth-service_loss/2/logts.csv,logs,41891,selected
Zenodo record 14590730 (RCAEval benchmark artifacts),RCAEval recursive service-fault CSV windows,RE2/RE2-TT/ts-auth-service_loss/2/metrics.csv,metrics,27038341,selected
Zenodo record 14590730 (RCAEval benchmark artifacts),RCAEval recursive service-fault CSV windows,RE2/RE2-TT/ts-auth-service_loss/2/simple_metrics.csv,metrics,6236648,selected
Zenodo record 14590730 (RCAEval benchmark artifacts),RCAEval recursive service-fault CSV windows,RE2/RE2-TT/ts-auth-service_loss/2/traces.csv,traces,118385584,selected
Zenodo record 14590730 (RCAEval benchmark artifacts),RCAEval recursive service-fault CSV windows,RE2/RE2-TT/ts-auth-service_loss/2/tracets_err.csv,traces,68689,selected
Zenodo record 14590730 (RCAEval benchmark artifacts),RCAEval recursive service-fault CSV windows,RE2/RE2-TT/ts-auth-service_loss/2/tracets_lat.csv,traces,49154,selected
Zenodo record 14590730 (RCAEval benchmark artifacts),RCAEval recursive service-fault CSV windows,RE2/RE2-TT/ts-auth-service_loss/3/logs.csv,logs,146952444,selected
Zenodo record 14590730 (RCAEval benchmark artifacts),RCAEval recursive service-fault CSV windows,RE2/RE2-TT/ts-auth-service_loss/3/logts.csv,logs,41700,selected
Zenodo record 14590730 (RCAEval benchmark artifacts),RCAEval recursive service-fault CSV windows,RE2/RE2-TT/ts-auth-service_loss/3/metrics.csv,metrics,26794038,selected
Zenodo record 14590730 (RCAEval benchmark artifacts),RCAEval recursive service-fault CSV windows,RE2/RE2-TT/ts-auth-service_loss/3/simple_metrics.csv,metrics,6225368,selected
Zenodo record 14590730 (RCAEval benchmark artifacts),RCAEval recursive service-fault CSV windows,RE2/RE2-TT/ts-auth-service_loss/3/traces.csv,traces,94078275,selected
Zenodo record 14590730 (RCAEval benchmark artifacts),RCAEval recursive service-fault CSV windows,RE2/RE2-TT/ts-auth-service_loss/3/tracets_err.csv,traces,72954,selected
Zenodo record 14590730 (RCAEval benchmark artifacts),RCAEval recursive service-fault CSV windows,RE2/RE2-TT/ts-auth-service_loss/3/tracets_lat.csv,traces,57697,selected
Zenodo record 14590730 (RCAEval benchmark artifacts),RCAEval recursive service-fault CSV windows,RE2/RE2-TT/ts-auth-service_mem/1/logs.csv,logs,194098003,selected
Zenodo record 14590730 (RCAEval benchmark artifacts),RCAEval recursive service-fault CSV windows,RE2/RE2-TT/ts-auth-service_mem/1/logts.csv,logs,42081,selected
Zenodo record 14590730 (RCAEval benchmark artifacts),RCAEval recursive service-fault CSV windows,RE2/RE2-TT/ts-auth-service_mem/1/metrics.csv,metrics,26864285,selected
Zenodo record 14590730 (RCAEval benchmark artifacts),RCAEval recursive service-fault CSV windows,RE2/RE2-TT/ts-auth-service_mem/1/simple_metrics.csv,metrics,6242457,selected
Zenodo record 14590730 (RCAEval benchmark artifacts),RCAEval recursive service-fault CSV windows,RE2/RE2-TT/ts-auth-service_mem/1/traces.csv,traces,165926163,selected
Zenodo record 14590730 (RCAEval benchmark artifacts),RCAEval recursive service-fault CSV windows,RE2/RE2-TT/ts-auth-service_mem/1/tracets_err.csv,traces,68533,selected
Zenodo record 14590730 (RCAEval benchmark artifacts),RCAEval recursive service-fault CSV windows,RE2/RE2-TT/ts-auth-service_mem/1/tracets_lat.csv,traces,53671,selected
Zenodo record 14590730 (RCAEval benchmark artifacts),RCAEval recursive service-fault CSV windows,RE2/RE2-TT/ts-auth-service_mem/2/logs.csv,logs,171548384,selected
Zenodo record 14590730 (RCAEval benchmark artifacts),RCAEval recursive service-fault CSV windows,RE2/RE2-TT/ts-auth-service_mem/2/logts.csv,logs,50331,selected
Zenodo record 14590730 (RCAEval benchmark artifacts),RCAEval recursive service-fault CSV windows,RE2/RE2-TT/ts-auth-service_mem/2/metrics.csv,metrics,26819411,selected
Zenodo record 14590730 (RCAEval benchmark artifacts),RCAEval recursive service-fault CSV windows,RE2/RE2-TT/ts-auth-service_mem/2/simple_metrics.csv,metrics,6231078,selected
Zenodo record 14590730 (RCAEval benchmark artifacts),RCAEval recursive service-fault CSV windows,RE2/RE2-TT/ts-auth-service_mem/2/traces.csv,traces,171608204,selected
Zenodo record 14590730 (RCAEval benchmark artifacts),RCAEval recursive service-fault CSV windows,RE2/RE2-TT/ts-auth-service_mem/2/tracets_err.csv,traces,68059,selected
Zenodo record 14590730 (RCAEval benchmark artifacts),RCAEval recursive service-fault CSV windows,RE2/RE2-TT/ts-auth-service_mem/2/tracets_lat.csv,traces,50083,selected
Zenodo record 14590730 (RCAEval benchmark artifacts),RCAEval recursive service-fault CSV windows,RE2/RE2-TT/ts-auth-service_mem/3/logs.csv,logs,80675815,selected
Zenodo record 14590730 (RCAEval benchmark artifacts),RCAEval recursive service-fault CSV windows,RE2/RE2-TT/ts-auth-service_mem/3/logts.csv,logs,42305,selected
Zenodo record 14590730 (RCAEval benchmark artifacts),RCAEval recursive service-fault CSV windows,RE2/RE2-TT/ts-auth-service_mem/3/metrics.csv,metrics,26972282,selected
Zenodo record 14590730 (RCAEval benchmark artifacts),RCAEval recursive service-fault CSV windows,RE2/RE2-TT/ts-auth-service_mem/3/simple_metrics.csv,metrics,6187608,selected
Zenodo record 14590730 (RCAEval benchmark artifacts),RCAEval recursive service-fault CSV windows,RE2/RE2-TT/ts-auth-service_mem/3/traces.csv,traces,95152767,selected
Zenodo record 14590730 (RCAEval benchmark artifacts),RCAEval recursive service-fault CSV windows,RE2/RE2-TT/ts-auth-service_mem/3/tracets_err.csv,traces,67248,selected
Zenodo record 14590730 (RCAEval benchmark artifacts),RCAEval recursive service-fault CSV windows,RE2/RE2-TT/ts-auth-service_mem/3/tracets_lat.csv,traces,51891,selected
Zenodo record 14590730 (RCAEval benchmark artifacts),RCAEval recursive service-fault CSV windows,RE2/RE2-TT/ts-auth-service_socket/1/logs.csv,logs,132796158,selected
Zenodo record 14590730 (RCAEval benchmark artifacts),RCAEval recursive service-fault CSV windows,RE2/RE2-TT/ts-auth-service_socket/1/logts.csv,logs,41685,selected
Zenodo record 14590730 (RCAEval benchmark artifacts),RCAEval recursive service-fault CSV windows,RE2/RE2-TT/ts-auth-service_socket/1/metrics.csv,metrics,26835672,selected
Zenodo record 14590730 (RCAEval benchmark artifacts),RCAEval recursive service-fault CSV windows,RE2/RE2-TT/ts-auth-service_socket/1/simple_metrics.csv,metrics,6197585,selected
Zenodo record 14590730 (RCAEval benchmark artifacts),RCAEval recursive service-fault CSV windows,RE2/RE2-TT/ts-auth-service_socket/1/traces.csv,traces,126918737,selected
Zenodo record 14590730 (RCAEval benchmark artifacts),RCAEval recursive service-fault CSV windows,RE2/RE2-TT/ts-auth-service_socket/1/tracets_err.csv,traces,68929,selected
Zenodo record 14590730 (RCAEval benchmark artifacts),RCAEval recursive service-fault CSV windows,RE2/RE2-TT/ts-auth-service_socket/1/tracets_lat.csv,traces,46184,selected
Zenodo record 14590730 (RCAEval benchmark artifacts),RCAEval recursive service-fault CSV windows,RE2/RE2-TT/ts-auth-service_socket/2/logs.csv,logs,112940518,selected
Zenodo record 14590730 (RCAEval benchmark artifacts),RCAEval recursive service-fault CSV windows,RE2/RE2-TT/ts-auth-service_socket/2/logts.csv,logs,41897,selected
Zenodo record 14590730 (RCAEval benchmark artifacts),RCAEval recursive service-fault CSV windows,RE2/RE2-TT/ts-auth-service_socket/2/metrics.csv,metrics,26767647,selected
Zenodo record 14590730 (RCAEval benchmark artifacts),RCAEval recursive service-fault CSV windows,RE2/RE2-TT/ts-auth-service_socket/2/simple_metrics.csv,metrics,6162834,selected
Zenodo record 14590730 (RCAEval benchmark artifacts),RCAEval recursive service-fault CSV windows,RE2/RE2-TT/ts-auth-service_socket/2/traces.csv,traces,114442734,selected
Zenodo record 14590730 (RCAEval benchmark artifacts),RCAEval recursive service-fault CSV windows,RE2/RE2-TT/ts-auth-service_socket/2/tracets_err.csv,traces,68464,selected
Zenodo record 14590730 (RCAEval benchmark artifacts),RCAEval recursive service-fault CSV windows,RE2/RE2-TT/ts-auth-service_socket/2/tracets_lat.csv,traces,52448,selected
Zenodo record 14590730 (RCAEval benchmark artifacts),RCAEval recursive service-fault CSV windows,RE2/RE2-TT/ts-auth-service_socket/3/logs.csv,logs,180031936,selected
Zenodo record 14590730 (RCAEval benchmark artifacts),RCAEval recursive service-fault CSV windows,RE2/RE2-TT/ts-auth-service_socket/3/logts.csv,logs,43424,selected
Zenodo record 14590730 (RCAEval benchmark artifacts),RCAEval recursive service-fault CSV windows,RE2/RE2-TT/ts-auth-service_socket/3/metrics.csv,metrics,26785479,selected
Zenodo record 14590730 (RCAEval benchmark artifacts),RCAEval recursive service-fault CSV windows,RE2/RE2-TT/ts-auth-service_socket/3/simple_metrics.csv,metrics,6224490,selected
Zenodo record 14590730 (RCAEval benchmark artifacts),RCAEval recursive service-fault CSV windows,RE2/RE2-TT/ts-auth-service_socket/3/traces.csv,traces,144692435,selected
Zenodo record 14590730 (RCAEval benchmark artifacts),RCAEval recursive service-fault CSV windows,RE2/RE2-TT/ts-auth-service_socket/3/tracets_err.csv,traces,68869,selected
Zenodo record 14590730 (RCAEval benchmark artifacts),RCAEval recursive service-fault CSV windows,RE2/RE2-TT/ts-auth-service_socket/3/tracets_lat.csv,traces,45754,selected
Zenodo record 14590730 (RCAEval benchmark artifacts),RCAEval recursive service-fault CSV windows,RE2/RE2-TT/ts-order-service_cpu/1/logs.csv,logs,81638958,selected
Zenodo record 14590730 (RCAEval benchmark artifacts),RCAEval recursive service-fault CSV windows,RE2/RE2-TT/ts-order-service_cpu/1/logts.csv,logs,44025,selected
Zenodo record 14590730 (RCAEval benchmark artifacts),RCAEval recursive service-fault CSV windows,RE2/RE2-TT/ts-order-service_cpu/1/metrics.csv,metrics,26979675,selected
Zenodo record 14590730 (RCAEval benchmark artifacts),RCAEval recursive service-fault CSV windows,RE2/RE2-TT/ts-order-service_cpu/1/simple_metrics.csv,metrics,6187657,selected
Zenodo record 14590730 (RCAEval benchmark artifacts),RCAEval recursive service-fault CSV windows,RE2/RE2-TT/ts-order-service_cpu/1/traces.csv,traces,96611916,selected
Zenodo record 14590730 (RCAEval benchmark artifacts),RCAEval recursive service-fault CSV windows,RE2/RE2-TT/ts-order-service_cpu/1/tracets_err.csv,traces,67281,selected
Zenodo record 14590730 (RCAEval benchmark artifacts),RCAEval recursive service-fault CSV windows,RE2/RE2-TT/ts-order-service_cpu/1/tracets_lat.csv,traces,50442,selected
Zenodo record 14590730 (RCAEval benchmark artifacts),RCAEval recursive service-fault CSV windows,RE2/RE2-TT/ts-order-service_cpu/2/logs.csv,logs,120480029,selected
Zenodo record 14590730 (RCAEval benchmark artifacts),RCAEval recursive service-fault CSV windows,RE2/RE2-TT/ts-order-service_cpu/2/logts.csv,logs,42379,selected
Zenodo record 14590730 (RCAEval benchmark artifacts),RCAEval recursive service-fault CSV windows,RE2/RE2-TT/ts-order-service_cpu/2/metrics.csv,metrics,26803221,selected
Zenodo record 14590730 (RCAEval benchmark artifacts),RCAEval recursive service-fault CSV windows,RE2/RE2-TT/ts-order-service_cpu/2/simple_metrics.csv,metrics,6239729,selected
Zenodo record 14590730 (RCAEval benchmark artifacts),RCAEval recursive service-fault CSV windows,RE2/RE2-TT/ts-order-service_cpu/2/traces.csv,traces,124237930,selected
Zenodo record 14590730 (RCAEval benchmark artifacts),RCAEval recursive service-fault CSV windows,RE2/RE2-TT/ts-order-service_cpu/2/tracets_err.csv,traces,68752,selected
Zenodo record 14590730 (RCAEval benchmark artifacts),RCAEval recursive service-fault CSV windows,RE2/RE2-TT/ts-order-service_cpu/2/tracets_lat.csv,traces,49233,selected
Zenodo record 14590730 (RCAEval benchmark artifacts),RCAEval recursive service-fault CSV windows,RE2/RE2-TT/ts-order-service_cpu/3/logs.csv,logs,145912939,selected
Zenodo record 14590730 (RCAEval benchmark artifacts),RCAEval recursive service-fault CSV windows,RE2/RE2-TT/ts-order-service_cpu/3/logts.csv,logs,44117,selected
Zenodo record 14590730 (RCAEval benchmark artifacts),RCAEval recursive service-fault CSV windows,RE2/RE2-TT/ts-order-service_cpu/3/metrics.csv,metrics,26752856,selected
Zenodo record 14590730 (RCAEval benchmark artifacts),RCAEval recursive service-fault CSV windows,RE2/RE2-TT/ts-order-service_cpu/3/simple_metrics.csv,metrics,6227684,selected
Zenodo record 14590730 (RCAEval benchmark artifacts),RCAEval recursive service-fault CSV windows,RE2/RE2-TT/ts-order-service_cpu/3/traces.csv,traces,129659891,selected
Zenodo record 14590730 (RCAEval benchmark artifacts),RCAEval recursive service-fault CSV windows,RE2/RE2-TT/ts-order-service_cpu/3/tracets_err.csv,traces,65685,selected
Zenodo record 14590730 (RCAEval benchmark artifacts),RCAEval recursive service-fault CSV windows,RE2/RE2-TT/ts-order-service_cpu/3/tracets_lat.csv,traces,51443,selected
Zenodo record 14590730 (RCAEval benchmark artifacts),RCAEval recursive service-fault CSV windows,RE2/RE2-TT/ts-order-service_delay/1/logs.csv,logs,39065823,selected
Zenodo record 14590730 (RCAEval benchmark artifacts),RCAEval recursive service-fault CSV windows,RE2/RE2-TT/ts-order-service_delay/1/logts.csv,logs,32523,selected
Zenodo record 14590730 (RCAEval benchmark artifacts),RCAEval recursive service-fault CSV windows,RE2/RE2-TT/ts-order-service_delay/1/metrics.csv,metrics,26748564,selected
Zenodo record 14590730 (RCAEval benchmark artifacts),RCAEval recursive service-fault CSV windows,RE2/RE2-TT/ts-order-service_delay/1/simple_metrics.csv,metrics,6191814,selected
Zenodo record 14590730 (RCAEval benchmark artifacts),RCAEval recursive service-fault CSV windows,RE2/RE2-TT/ts-order-service_delay/1/traces.csv,traces,118314569,selected
Zenodo record 14590730 (RCAEval benchmark artifacts),RCAEval recursive service-fault CSV windows,RE2/RE2-TT/ts-order-service_delay/1/tracets_err.csv,traces,59407,selected
Zenodo record 14590730 (RCAEval benchmark artifacts),RCAEval recursive service-fault CSV windows,RE2/RE2-TT/ts-order-service_delay/1/tracets_lat.csv,traces,51853,selected
Zenodo record 14590730 (RCAEval benchmark artifacts),RCAEval recursive service-fault CSV windows,RE2/RE2-TT/ts-order-service_delay/2/logs.csv,logs,13706314,selected
Zenodo record 14590730 (RCAEval benchmark artifacts),RCAEval recursive service-fault CSV windows,RE2/RE2-TT/ts-order-service_delay/2/logts.csv,logs,12139,selected
Zenodo record 14590730 (RCAEval benchmark artifacts),RCAEval recursive service-fault CSV windows,RE2/RE2-TT/ts-order-service_delay/2/metrics.csv,metrics,25640182,selected
Zenodo record 14590730 (RCAEval benchmark artifacts),RCAEval recursive service-fault CSV windows,RE2/RE2-TT/ts-order-service_delay/2/simple_metrics.csv,metrics,5818799,selected
Zenodo record 14590730 (RCAEval benchmark artifacts),RCAEval recursive service-fault CSV windows,RE2/RE2-TT/ts-order-service_delay/2/traces.csv,traces,18824990,selected
Zenodo record 14590730 (RCAEval benchmark artifacts),RCAEval recursive service-fault CSV windows,RE2/RE2-TT/ts-order-service_delay/2/tracets_err.csv,traces,34191,selected
Zenodo record 14590730 (RCAEval benchmark artifacts),RCAEval recursive service-fault CSV windows,RE2/RE2-TT/ts-order-service_delay/2/tracets_lat.csv,traces,26822,selected
Zenodo record 14590730 (RCAEval benchmark artifacts),RCAEval recursive service-fault CSV windows,RE2/RE2-TT/ts-order-service_delay/3/logs.csv,logs,13976819,selected
Zenodo record 14590730 (RCAEval benchmark artifacts),RCAEval recursive service-fault CSV windows,RE2/RE2-TT/ts-order-service_delay/3/logts.csv,logs,11715,selected
Zenodo record 14590730 (RCAEval benchmark artifacts),RCAEval recursive service-fault CSV windows,RE2/RE2-TT/ts-order-service_delay/3/metrics.csv,metrics,25362143,selected
Zenodo record 14590730 (RCAEval benchmark artifacts),RCAEval recursive service-fault CSV windows,RE2/RE2-TT/ts-order-service_delay/3/simple_metrics.csv,metrics,5821428,selected
Zenodo record 14590730 (RCAEval benchmark artifacts),RCAEval recursive service-fault CSV windows,RE2/RE2-TT/ts-order-service_delay/3/traces.csv,traces,19168344,selected
Zenodo record 14590730 (RCAEval benchmark artifacts),RCAEval recursive service-fault CSV windows,RE2/RE2-TT/ts-order-service_delay/3/tracets_err.csv,traces,34239,selected
Zenodo record 14590730 (RCAEval benchmark artifacts),RCAEval recursive service-fault CSV windows,RE2/RE2-TT/ts-order-service_delay/3/tracets_lat.csv,traces,24345,selected
Zenodo record 14590730 (RCAEval benchmark artifacts),RCAEval recursive service-fault CSV windows,RE2/RE2-TT/ts-order-service_disk/1/logs.csv,logs,193577971,selected
Zenodo record 14590730 (RCAEval benchmark artifacts),RCAEval recursive service-fault CSV windows,RE2/RE2-TT/ts-order-service_disk/1/logts.csv,logs,72841,selected
Zenodo record 14590730 (RCAEval benchmark artifacts),RCAEval recursive service-fault CSV windows,RE2/RE2-TT/ts-order-service_disk/1/metrics.csv,metrics,26793464,selected
Zenodo record 14590730 (RCAEval benchmark artifacts),RCAEval recursive service-fault CSV windows,RE2/RE2-TT/ts-order-service_disk/1/simple_metrics.csv,metrics,6224942,selected
Zenodo record 14590730 (RCAEval benchmark artifacts),RCAEval recursive service-fault CSV windows,RE2/RE2-TT/ts-order-service_disk/1/traces.csv,traces,160817037,selected
Zenodo record 14590730 (RCAEval benchmark artifacts),RCAEval recursive service-fault CSV windows,RE2/RE2-TT/ts-order-service_disk/1/tracets_err.csv,traces,68185,selected
Zenodo record 14590730 (RCAEval benchmark artifacts),RCAEval recursive service-fault CSV windows,RE2/RE2-TT/ts-order-service_disk/1/tracets_lat.csv,traces,58142,selected
Zenodo record 14590730 (RCAEval benchmark artifacts),RCAEval recursive service-fault CSV windows,RE2/RE2-TT/ts-order-service_disk/2/logs.csv,logs,14075404,selected
Zenodo record 14590730 (RCAEval benchmark artifacts),RCAEval recursive service-fault CSV windows,RE2/RE2-TT/ts-order-service_disk/2/logts.csv,logs,11939,selected
Zenodo record 14590730 (RCAEval benchmark artifacts),RCAEval recursive service-fault CSV windows,RE2/RE2-TT/ts-order-service_disk/2/metrics.csv,metrics,25553891,selected
Zenodo record 14590730 (RCAEval benchmark artifacts),RCAEval recursive service-fault CSV windows,RE2/RE2-TT/ts-order-service_disk/2/simple_metrics.csv,metrics,5828473,selected
Zenodo record 14590730 (RCAEval benchmark artifacts),RCAEval recursive service-fault CSV windows,RE2/RE2-TT/ts-order-service_disk/2/traces.csv,traces,19193219,selected
Zenodo record 14590730 (RCAEval benchmark artifacts),RCAEval recursive service-fault CSV windows,RE2/RE2-TT/ts-order-service_disk/2/tracets_err.csv,traces,34206,selected
Zenodo record 14590730 (RCAEval benchmark artifacts),RCAEval recursive service-fault CSV windows,RE2/RE2-TT/ts-order-service_disk/2/tracets_lat.csv,traces,25864,selected
Zenodo record 14590730 (RCAEval benchmark artifacts),RCAEval recursive service-fault CSV windows,RE2/RE2-TT/ts-order-service_disk/3/logs.csv,logs,14210731,selected
Zenodo record 14590730 (RCAEval benchmark artifacts),RCAEval recursive service-fault CSV windows,RE2/RE2-TT/ts-order-service_disk/3/logts.csv,logs,11728,selected
Zenodo record 14590730 (RCAEval benchmark artifacts),RCAEval recursive service-fault CSV windows,RE2/RE2-TT/ts-order-service_disk/3/metrics.csv,metrics,25260335,selected
Zenodo record 14590730 (RCAEval benchmark artifacts),RCAEval recursive service-fault CSV windows,RE2/RE2-TT/ts-order-service_disk/3/simple_metrics.csv,metrics,5807045,selected
Zenodo record 14590730 (RCAEval benchmark artifacts),RCAEval recursive service-fault CSV windows,RE2/RE2-TT/ts-order-service_disk/3/traces.csv,traces,19335577,selected
Zenodo record 14590730 (RCAEval benchmark artifacts),RCAEval recursive service-fault CSV windows,RE2/RE2-TT/ts-order-service_disk/3/tracets_err.csv,traces,34128,selected
Zenodo record 14590730 (RCAEval benchmark artifacts),RCAEval recursive service-fault CSV windows,RE2/RE2-TT/ts-order-service_disk/3/tracets_lat.csv,traces,25403,selected
Zenodo record 14590730 (RCAEval benchmark artifacts),RCAEval recursive service-fault CSV windows,RE2/RE2-TT/ts-order-service_loss/1/logs.csv,logs,163847763,selected
Zenodo record 14590730 (RCAEval benchmark artifacts),RCAEval recursive service-fault CSV windows,RE2/RE2-TT/ts-order-service_loss/1/logts.csv,logs,43754,selected
Zenodo record 14590730 (RCAEval benchmark artifacts),RCAEval recursive service-fault CSV windows,RE2/RE2-TT/ts-order-service_loss/1/metrics.csv,metrics,26921547,selected
Zenodo record 14590730 (RCAEval benchmark artifacts),RCAEval recursive service-fault CSV windows,RE2/RE2-TT/ts-order-service_loss/1/simple_metrics.csv,metrics,6260713,selected
Zenodo record 14590730 (RCAEval benchmark artifacts),RCAEval recursive service-fault CSV windows,RE2/RE2-TT/ts-order-service_loss/1/traces.csv,traces,196831673,selected
Zenodo record 14590730 (RCAEval benchmark artifacts),RCAEval recursive service-fault CSV windows,RE2/RE2-TT/ts-order-service_loss/1/tracets_err.csv,traces,68575,selected
Zenodo record 14590730 (RCAEval benchmark artifacts),RCAEval recursive service-fault CSV windows,RE2/RE2-TT/ts-order-service_loss/1/tracets_lat.csv,traces,56986,selected
Zenodo record 14590730 (RCAEval benchmark artifacts),RCAEval recursive service-fault CSV windows,RE2/RE2-TT/ts-order-service_loss/2/logs.csv,logs,14104991,selected
Zenodo record 14590730 (RCAEval benchmark artifacts),RCAEval recursive service-fault CSV windows,RE2/RE2-TT/ts-order-service_loss/2/logts.csv,logs,11721,selected
Zenodo record 14590730 (RCAEval benchmark artifacts),RCAEval recursive service-fault CSV windows,RE2/RE2-TT/ts-order-service_loss/2/metrics.csv,metrics,25224551,selected
Zenodo record 14590730 (RCAEval benchmark artifacts),RCAEval recursive service-fault CSV windows,RE2/RE2-TT/ts-order-service_loss/2/simple_metrics.csv,metrics,5791006,selected
Zenodo record 14590730 (RCAEval benchmark artifacts),RCAEval recursive service-fault CSV windows,RE2/RE2-TT/ts-order-service_loss/2/traces.csv,traces,19333120,selected
Zenodo record 14590730 (RCAEval benchmark artifacts),RCAEval recursive service-fault CSV windows,RE2/RE2-TT/ts-order-service_loss/2/tracets_err.csv,traces,34182,selected
Zenodo record 14590730 (RCAEval benchmark artifacts),RCAEval recursive service-fault CSV windows,RE2/RE2-TT/ts-order-service_loss/2/tracets_lat.csv,traces,25452,selected
Zenodo record 14590730 (RCAEval benchmark artifacts),RCAEval recursive service-fault CSV windows,RE2/RE2-TT/ts-order-service_loss/3/logs.csv,logs,14146517,selected
Zenodo record 14590730 (RCAEval benchmark artifacts),RCAEval recursive service-fault CSV windows,RE2/RE2-TT/ts-order-service_loss/3/logts.csv,logs,11616,selected
Zenodo record 14590730 (RCAEval benchmark artifacts),RCAEval recursive service-fault CSV windows,RE2/RE2-TT/ts-order-service_loss/3/metrics.csv,metrics,25243846,selected
Zenodo record 14590730 (RCAEval benchmark artifacts),RCAEval recursive service-fault CSV windows,RE2/RE2-TT/ts-order-service_loss/3/simple_metrics.csv,metrics,5769391,selected
Zenodo record 14590730 (RCAEval benchmark artifacts),RCAEval recursive service-fault CSV windows,RE2/RE2-TT/ts-order-service_loss/3/traces.csv,traces,19345952,selected
Zenodo record 14590730 (RCAEval benchmark artifacts),RCAEval recursive service-fault CSV windows,RE2/RE2-TT/ts-order-service_loss/3/tracets_err.csv,traces,33968,selected
Zenodo record 14590730 (RCAEval benchmark artifacts),RCAEval recursive service-fault CSV windows,RE2/RE2-TT/ts-order-service_loss/3/tracets_lat.csv,traces,20528,selected
Zenodo record 14590730 (RCAEval benchmark artifacts),RCAEval recursive service-fault CSV windows,RE2/RE2-TT/ts-order-service_mem/1/logs.csv,logs,77358587,selected
Zenodo record 14590730 (RCAEval benchmark artifacts),RCAEval recursive service-fault CSV windows,RE2/RE2-TT/ts-order-service_mem/1/logts.csv,logs,42083,selected
Zenodo record 14590730 (RCAEval benchmark artifacts),RCAEval recursive service-fault CSV windows,RE2/RE2-TT/ts-order-service_mem/1/metrics.csv,metrics,27072064,selected
Zenodo record 14590730 (RCAEval benchmark artifacts),RCAEval recursive service-fault CSV windows,RE2/RE2-TT/ts-order-service_mem/1/simple_metrics.csv,metrics,6224345,selected
Zenodo record 14590730 (RCAEval benchmark artifacts),RCAEval recursive service-fault CSV windows,RE2/RE2-TT/ts-order-service_mem/1/traces.csv,traces,93759035,selected
Zenodo record 14590730 (RCAEval benchmark artifacts),RCAEval recursive service-fault CSV windows,RE2/RE2-TT/ts-order-service_mem/1/tracets_err.csv,traces,67566,selected
Zenodo record 14590730 (RCAEval benchmark artifacts),RCAEval recursive service-fault CSV windows,RE2/RE2-TT/ts-order-service_mem/1/tracets_lat.csv,traces,49072,selected
Zenodo record 14590730 (RCAEval benchmark artifacts),RCAEval recursive service-fault CSV windows,RE2/RE2-TT/ts-order-service_mem/2/logs.csv,logs,84787588,selected
Zenodo record 14590730 (RCAEval benchmark artifacts),RCAEval recursive service-fault CSV windows,RE2/RE2-TT/ts-order-service_mem/2/logts.csv,logs,42729,selected
Zenodo record 14590730 (RCAEval benchmark artifacts),RCAEval recursive service-fault CSV windows,RE2/RE2-TT/ts-order-service_mem/2/metrics.csv,metrics,27024518,selected
Zenodo record 14590730 (RCAEval benchmark artifacts),RCAEval recursive service-fault CSV windows,RE2/RE2-TT/ts-order-service_mem/2/simple_metrics.csv,metrics,6211696,selected
Zenodo record 14590730 (RCAEval benchmark artifacts),RCAEval recursive service-fault CSV windows,RE2/RE2-TT/ts-order-service_mem/2/traces.csv,traces,100714345,selected
Zenodo record 14590730 (RCAEval benchmark artifacts),RCAEval recursive service-fault CSV windows,RE2/RE2-TT/ts-order-service_mem/2/tracets_err.csv,traces,67722,selected
Zenodo record 14590730 (RCAEval benchmark artifacts),RCAEval recursive service-fault CSV windows,RE2/RE2-TT/ts-order-service_mem/2/tracets_lat.csv,traces,49840,selected
Zenodo record 14590730 (RCAEval benchmark artifacts),RCAEval recursive service-fault CSV windows,RE2/RE2-TT/ts-order-service_mem/3/logs.csv,logs,103188737,selected
Zenodo record 14590730 (RCAEval benchmark artifacts),RCAEval recursive service-fault CSV windows,RE2/RE2-TT/ts-order-service_mem/3/logts.csv,logs,41817,selected
Zenodo record 14590730 (RCAEval benchmark artifacts),RCAEval recursive service-fault CSV windows,RE2/RE2-TT/ts-order-service_mem/3/metrics.csv,metrics,26886059,selected
Zenodo record 14590730 (RCAEval benchmark artifacts),RCAEval recursive service-fault CSV windows,RE2/RE2-TT/ts-order-service_mem/3/simple_metrics.csv,metrics,6214205,selected
Zenodo record 14590730 (RCAEval benchmark artifacts),RCAEval recursive service-fault CSV windows,RE2/RE2-TT/ts-order-service_mem/3/traces.csv,traces,108001990,selected
Zenodo record 14590730 (RCAEval benchmark artifacts),RCAEval recursive service-fault CSV windows,RE2/RE2-TT/ts-order-service_mem/3/tracets_err.csv,traces,68275,selected
Zenodo record 14590730 (RCAEval benchmark artifacts),RCAEval recursive service-fault CSV windows,RE2/RE2-TT/ts-order-service_mem/3/tracets_lat.csv,traces,55506,selected
Zenodo record 14590730 (RCAEval benchmark artifacts),RCAEval recursive service-fault CSV windows,RE2/RE2-TT/ts-order-service_socket/1/logs.csv,logs,174357185,selected
Zenodo record 14590730 (RCAEval benchmark artifacts),RCAEval recursive service-fault CSV windows,RE2/RE2-TT/ts-order-service_socket/1/logts.csv,logs,43785,selected
Zenodo record 14590730 (RCAEval benchmark artifacts),RCAEval recursive service-fault CSV windows,RE2/RE2-TT/ts-order-service_socket/1/metrics.csv,metrics,26878127,selected
Zenodo record 14590730 (RCAEval benchmark artifacts),RCAEval recursive service-fault CSV windows,RE2/RE2-TT/ts-order-service_socket/1/simple_metrics.csv,metrics,6240439,selected
Zenodo record 14590730 (RCAEval benchmark artifacts),RCAEval recursive service-fault CSV windows,RE2/RE2-TT/ts-order-service_socket/1/traces.csv,traces,183404591,selected
Zenodo record 14590730 (RCAEval benchmark artifacts),RCAEval recursive service-fault CSV windows,RE2/RE2-TT/ts-order-service_socket/1/tracets_err.csv,traces,69119,selected
Zenodo record 14590730 (RCAEval benchmark artifacts),RCAEval recursive service-fault CSV windows,RE2/RE2-TT/ts-order-service_socket/1/tracets_lat.csv,traces,47065,selected
Zenodo record 14590730 (RCAEval benchmark artifacts),RCAEval recursive service-fault CSV windows,RE2/RE2-TT/ts-order-service_socket/2/logs.csv,logs,13790269,selected
Zenodo record 14590730 (RCAEval benchmark artifacts),RCAEval recursive service-fault CSV windows,RE2/RE2-TT/ts-order-service_socket/2/logts.csv,logs,11713,selected
Zenodo record 14590730 (RCAEval benchmark artifacts),RCAEval recursive service-fault CSV windows,RE2/RE2-TT/ts-order-service_socket/2/metrics.csv,metrics,25303728,selected
Zenodo record 14590730 (RCAEval benchmark artifacts),RCAEval recursive service-fault CSV windows,RE2/RE2-TT/ts-order-service_socket/2/simple_metrics.csv,metrics,5780917,selected
Zenodo record 14590730 (RCAEval benchmark artifacts),RCAEval recursive service-fault CSV windows,RE2/RE2-TT/ts-order-service_socket/2/traces.csv,traces,18903609,selected
Zenodo record 14590730 (RCAEval benchmark artifacts),RCAEval recursive service-fault CSV windows,RE2/RE2-TT/ts-order-service_socket/2/tracets_err.csv,traces,34146,selected
Zenodo record 14590730 (RCAEval benchmark artifacts),RCAEval recursive service-fault CSV windows,RE2/RE2-TT/ts-order-service_socket/2/tracets_lat.csv,traces,25804,selected
Zenodo record 14590730 (RCAEval benchmark artifacts),RCAEval recursive service-fault CSV windows,RE2/RE2-TT/ts-order-service_socket/3/logs.csv,logs,174718319,selected
Zenodo record 14590730 (RCAEval benchmark artifacts),RCAEval recursive service-fault CSV windows,RE2/RE2-TT/ts-order-service_socket/3/logts.csv,logs,46861,selected
Zenodo record 14590730 (RCAEval benchmark artifacts),RCAEval recursive service-fault CSV windows,RE2/RE2-TT/ts-order-service_socket/3/metrics.csv,metrics,26738376,selected
Zenodo record 14590730 (RCAEval benchmark artifacts),RCAEval recursive service-fault CSV windows,RE2/RE2-TT/ts-order-service_socket/3/simple_metrics.csv,metrics,6186037,selected
Zenodo record 14590730 (RCAEval benchmark artifacts),RCAEval recursive service-fault CSV windows,RE2/RE2-TT/ts-order-service_socket/3/traces.csv,traces,148795006,selected
Zenodo record 14590730 (RCAEval benchmark artifacts),RCAEval recursive service-fault CSV windows,RE2/RE2-TT/ts-order-service_socket/3/tracets_err.csv,traces,68734,selected
Zenodo record 14590730 (RCAEval benchmark artifacts),RCAEval recursive service-fault CSV windows,RE2/RE2-TT/ts-order-service_socket/3/tracets_lat.csv,traces,51979,selected
Zenodo record 14590730 (RCAEval benchmark artifacts),RCAEval recursive service-fault CSV windows,RE2/RE2-TT/ts-route-service_cpu/1/logs.csv,logs,122709574,selected
Zenodo record 14590730 (RCAEval benchmark artifacts),RCAEval recursive service-fault CSV windows,RE2/RE2-TT/ts-route-service_cpu/1/logts.csv,logs,45581,selected
Zenodo record 14590730 (RCAEval benchmark artifacts),RCAEval recursive service-fault CSV windows,RE2/RE2-TT/ts-route-service_cpu/1/metrics.csv,metrics,26572478,selected
Zenodo record 14590730 (RCAEval benchmark artifacts),RCAEval recursive service-fault CSV windows,RE2/RE2-TT/ts-route-service_cpu/1/simple_metrics.csv,metrics,6164487,selected
Zenodo record 14590730 (RCAEval benchmark artifacts),RCAEval recursive service-fault CSV windows,RE2/RE2-TT/ts-route-service_cpu/1/traces.csv,traces,116142608,selected
Zenodo record 14590730 (RCAEval benchmark artifacts),RCAEval recursive service-fault CSV windows,RE2/RE2-TT/ts-route-service_cpu/1/tracets_err.csv,traces,68452,selected
Zenodo record 14590730 (RCAEval benchmark artifacts),RCAEval recursive service-fault CSV windows,RE2/RE2-TT/ts-route-service_cpu/1/tracets_lat.csv,traces,53865,selected
Zenodo record 14590730 (RCAEval benchmark artifacts),RCAEval recursive service-fault CSV windows,RE2/RE2-TT/ts-route-service_cpu/2/logs.csv,logs,14033130,selected
Zenodo record 14590730 (RCAEval benchmark artifacts),RCAEval recursive service-fault CSV windows,RE2/RE2-TT/ts-route-service_cpu/2/logts.csv,logs,12146,selected
Zenodo record 14590730 (RCAEval benchmark artifacts),RCAEval recursive service-fault CSV windows,RE2/RE2-TT/ts-route-service_cpu/2/metrics.csv,metrics,25602236,selected
Zenodo record 14590730 (RCAEval benchmark artifacts),RCAEval recursive service-fault CSV windows,RE2/RE2-TT/ts-route-service_cpu/2/simple_metrics.csv,metrics,5856617,selected
Zenodo record 14590730 (RCAEval benchmark artifacts),RCAEval recursive service-fault CSV windows,RE2/RE2-TT/ts-route-service_cpu/2/traces.csv,traces,19226739,selected
Zenodo record 14590730 (RCAEval benchmark artifacts),RCAEval recursive service-fault CSV windows,RE2/RE2-TT/ts-route-service_cpu/2/tracets_err.csv,traces,34209,selected
Zenodo record 14590730 (RCAEval benchmark artifacts),RCAEval recursive service-fault CSV windows,RE2/RE2-TT/ts-route-service_cpu/2/tracets_lat.csv,traces,23943,selected
Zenodo record 14590730 (RCAEval benchmark artifacts),RCAEval recursive service-fault CSV windows,RE2/RE2-TT/ts-route-service_cpu/3/logs.csv,logs,14032679,selected
Zenodo record 14590730 (RCAEval benchmark artifacts),RCAEval recursive service-fault CSV windows,RE2/RE2-TT/ts-route-service_cpu/3/logts.csv,logs,27883,selected
Zenodo record 14590730 (RCAEval benchmark artifacts),RCAEval recursive service-fault CSV windows,RE2/RE2-TT/ts-route-service_cpu/3/metrics.csv,metrics,25283597,selected
Zenodo record 14590730 (RCAEval benchmark artifacts),RCAEval recursive service-fault CSV windows,RE2/RE2-TT/ts-route-service_cpu/3/simple_metrics.csv,metrics,5833432,selected
Zenodo record 14590730 (RCAEval benchmark artifacts),RCAEval recursive service-fault CSV windows,RE2/RE2-TT/ts-route-service_cpu/3/traces.csv,traces,19210401,selected
Zenodo record 14590730 (RCAEval benchmark artifacts),RCAEval recursive service-fault CSV windows,RE2/RE2-TT/ts-route-service_cpu/3/tracets_err.csv,traces,34125,selected
Zenodo record 14590730 (RCAEval benchmark artifacts),RCAEval recursive service-fault CSV windows,RE2/RE2-TT/ts-route-service_cpu/3/tracets_lat.csv,traces,26372,selected
Zenodo record 14590730 (RCAEval benchmark artifacts),RCAEval recursive service-fault CSV windows,RE2/RE2-TT/ts-route-service_delay/1/logs.csv,logs,135014188,selected
Zenodo record 14590730 (RCAEval benchmark artifacts),RCAEval recursive service-fault CSV windows,RE2/RE2-TT/ts-route-service_delay/1/logts.csv,logs,44368,selected
Zenodo record 14590730 (RCAEval benchmark artifacts),RCAEval recursive service-fault CSV windows,RE2/RE2-TT/ts-route-service_delay/1/metrics.csv,metrics,26656614,selected
Zenodo record 14590730 (RCAEval benchmark artifacts),RCAEval recursive service-fault CSV windows,RE2/RE2-TT/ts-route-service_delay/1/simple_metrics.csv,metrics,6177961,selected
Zenodo record 14590730 (RCAEval benchmark artifacts),RCAEval recursive service-fault CSV windows,RE2/RE2-TT/ts-route-service_delay/1/traces.csv,traces,119800460,selected
Zenodo record 14590730 (RCAEval benchmark artifacts),RCAEval recursive service-fault CSV windows,RE2/RE2-TT/ts-route-service_delay/1/tracets_err.csv,traces,68503,selected
Zenodo record 14590730 (RCAEval benchmark artifacts),RCAEval recursive service-fault CSV windows,RE2/RE2-TT/ts-route-service_delay/1/tracets_lat.csv,traces,49907,selected
Zenodo record 14590730 (RCAEval benchmark artifacts),RCAEval recursive service-fault CSV windows,RE2/RE2-TT/ts-route-service_delay/2/logs.csv,logs,126717618,selected
Zenodo record 14590730 (RCAEval benchmark artifacts),RCAEval recursive service-fault CSV windows,RE2/RE2-TT/ts-route-service_delay/2/logts.csv,logs,41758,selected
Zenodo record 14590730 (RCAEval benchmark artifacts),RCAEval recursive service-fault CSV windows,RE2/RE2-TT/ts-route-service_delay/2/metrics.csv,metrics,26666706,selected
Zenodo record 14590730 (RCAEval benchmark artifacts),RCAEval recursive service-fault CSV windows,RE2/RE2-TT/ts-route-service_delay/2/simple_metrics.csv,metrics,6189909,selected
Zenodo record 14590730 (RCAEval benchmark artifacts),RCAEval recursive service-fault CSV windows,RE2/RE2-TT/ts-route-service_delay/2/traces.csv,traces,113610152,selected
Zenodo record 14590730 (RCAEval benchmark artifacts),RCAEval recursive service-fault CSV windows,RE2/RE2-TT/ts-route-service_delay/2/tracets_err.csv,traces,68635,selected
Zenodo record 14590730 (RCAEval benchmark artifacts),RCAEval recursive service-fault CSV windows,RE2/RE2-TT/ts-route-service_delay/2/tracets_lat.csv,traces,52034,selected
Zenodo record 14590730 (RCAEval benchmark artifacts),RCAEval recursive service-fault CSV windows,RE2/RE2-TT/ts-route-service_delay/3/logs.csv,logs,149904207,selected
Zenodo record 14590730 (RCAEval benchmark artifacts),RCAEval recursive service-fault CSV windows,RE2/RE2-TT/ts-route-service_delay/3/logts.csv,logs,41698,selected
Zenodo record 14590730 (RCAEval benchmark artifacts),RCAEval recursive service-fault CSV windows,RE2/RE2-TT/ts-route-service_delay/3/metrics.csv,metrics,26654378,selected
Zenodo record 14590730 (RCAEval benchmark artifacts),RCAEval recursive service-fault CSV windows,RE2/RE2-TT/ts-route-service_delay/3/simple_metrics.csv,metrics,6184567,selected
Zenodo record 14590730 (RCAEval benchmark artifacts),RCAEval recursive service-fault CSV windows,RE2/RE2-TT/ts-route-service_delay/3/traces.csv,traces,132288563,selected
Zenodo record 14590730 (RCAEval benchmark artifacts),RCAEval recursive service-fault CSV windows,RE2/RE2-TT/ts-route-service_delay/3/tracets_err.csv,traces,68341,selected
Zenodo record 14590730 (RCAEval benchmark artifacts),RCAEval recursive service-fault CSV windows,RE2/RE2-TT/ts-route-service_delay/3/tracets_lat.csv,traces,59346,selected
Zenodo record 14590730 (RCAEval benchmark artifacts),RCAEval recursive service-fault CSV windows,RE2/RE2-TT/ts-route-service_disk/1/logs.csv,logs,70280918,selected
Zenodo record 14590730 (RCAEval benchmark artifacts),RCAEval recursive service-fault CSV windows,RE2/RE2-TT/ts-route-service_disk/1/logts.csv,logs,52093,selected
Zenodo record 14590730 (RCAEval benchmark artifacts),RCAEval recursive service-fault CSV windows,RE2/RE2-TT/ts-route-service_disk/1/metrics.csv,metrics,26870488,selected
Zenodo record 14590730 (RCAEval benchmark artifacts),RCAEval recursive service-fault CSV windows,RE2/RE2-TT/ts-route-service_disk/1/simple_metrics.csv,metrics,6238842,selected
Zenodo record 14590730 (RCAEval benchmark artifacts),RCAEval recursive service-fault CSV windows,RE2/RE2-TT/ts-route-service_disk/1/traces.csv,traces,200311086,selected
Zenodo record 14590730 (RCAEval benchmark artifacts),RCAEval recursive service-fault CSV windows,RE2/RE2-TT/ts-route-service_disk/1/tracets_err.csv,traces,66140,selected
Zenodo record 14590730 (RCAEval benchmark artifacts),RCAEval recursive service-fault CSV windows,RE2/RE2-TT/ts-route-service_disk/1/tracets_lat.csv,traces,51138,selected
Zenodo record 14590730 (RCAEval benchmark artifacts),RCAEval recursive service-fault CSV windows,RE2/RE2-TT/ts-route-service_disk/2/logs.csv,logs,144721281,selected
Zenodo record 14590730 (RCAEval benchmark artifacts),RCAEval recursive service-fault CSV windows,RE2/RE2-TT/ts-route-service_disk/2/logts.csv,logs,41726,selected
Zenodo record 14590730 (RCAEval benchmark artifacts),RCAEval recursive service-fault CSV windows,RE2/RE2-TT/ts-route-service_disk/2/metrics.csv,metrics,26682616,selected
Zenodo record 14590730 (RCAEval benchmark artifacts),RCAEval recursive service-fault CSV windows,RE2/RE2-TT/ts-route-service_disk/2/simple_metrics.csv,metrics,6218319,selected
Zenodo record 14590730 (RCAEval benchmark artifacts),RCAEval recursive service-fault CSV windows,RE2/RE2-TT/ts-route-service_disk/2/traces.csv,traces,49733669,selected
Zenodo record 14590730 (RCAEval benchmark artifacts),RCAEval recursive service-fault CSV windows,RE2/RE2-TT/ts-route-service_disk/2/tracets_err.csv,traces,71983,selected
Zenodo record 14590730 (RCAEval benchmark artifacts),RCAEval recursive service-fault CSV windows,RE2/RE2-TT/ts-route-service_disk/2/tracets_lat.csv,traces,57410,selected
Zenodo record 14590730 (RCAEval benchmark artifacts),RCAEval recursive service-fault CSV windows,RE2/RE2-TT/ts-route-service_disk/3/logs.csv,logs,66877563,selected
Zenodo record 14590730 (RCAEval benchmark artifacts),RCAEval recursive service-fault CSV windows,RE2/RE2-TT/ts-route-service_disk/3/logts.csv,logs,42541,selected
Zenodo record 14590730 (RCAEval benchmark artifacts),RCAEval recursive service-fault CSV windows,RE2/RE2-TT/ts-route-service_disk/3/metrics.csv,metrics,26783685,selected
Zenodo record 14590730 (RCAEval benchmark artifacts),RCAEval recursive service-fault CSV windows,RE2/RE2-TT/ts-route-service_disk/3/simple_metrics.csv,metrics,6168030,selected
Zenodo record 14590730 (RCAEval benchmark artifacts),RCAEval recursive service-fault CSV windows,RE2/RE2-TT/ts-route-service_disk/3/traces.csv,traces,83642445,selected
Zenodo record 14590730 (RCAEval benchmark artifacts),RCAEval recursive service-fault CSV windows,RE2/RE2-TT/ts-route-service_disk/3/tracets_err.csv,traces,67302,selected
Zenodo record 14590730 (RCAEval benchmark artifacts),RCAEval recursive service-fault CSV windows,RE2/RE2-TT/ts-route-service_disk/3/tracets_lat.csv,traces,52772,selected
Zenodo record 14590730 (RCAEval benchmark artifacts),RCAEval recursive service-fault CSV windows,RE2/RE2-TT/ts-route-service_loss/1/logs.csv,logs,52303367,selected
Zenodo record 14590730 (RCAEval benchmark artifacts),RCAEval recursive service-fault CSV windows,RE2/RE2-TT/ts-route-service_loss/1/logts.csv,logs,41584,selected
Zenodo record 14590730 (RCAEval benchmark artifacts),RCAEval recursive service-fault CSV windows,RE2/RE2-TT/ts-route-service_loss/1/metrics.csv,metrics,26789001,selected
Zenodo record 14590730 (RCAEval benchmark artifacts),RCAEval recursive service-fault CSV windows,RE2/RE2-TT/ts-route-service_loss/1/simple_metrics.csv,metrics,6233713,selected
Zenodo record 14590730 (RCAEval benchmark artifacts),RCAEval recursive service-fault CSV windows,RE2/RE2-TT/ts-route-service_loss/1/traces.csv,traces,182037370,selected
Zenodo record 14590730 (RCAEval benchmark artifacts),RCAEval recursive service-fault CSV windows,RE2/RE2-TT/ts-route-service_loss/1/tracets_err.csv,traces,68915,selected
Zenodo record 14590730 (RCAEval benchmark artifacts),RCAEval recursive service-fault CSV windows,RE2/RE2-TT/ts-route-service_loss/1/tracets_lat.csv,traces,52309,selected
Zenodo record 14590730 (RCAEval benchmark artifacts),RCAEval recursive service-fault CSV windows,RE2/RE2-TT/ts-route-service_loss/2/logs.csv,logs,185254065,selected
Zenodo record 14590730 (RCAEval benchmark artifacts),RCAEval recursive service-fault CSV windows,RE2/RE2-TT/ts-route-service_loss/2/logts.csv,logs,41339,selected
Zenodo record 14590730 (RCAEval benchmark artifacts),RCAEval recursive service-fault CSV windows,RE2/RE2-TT/ts-route-service_loss/2/metrics.csv,metrics,26717973,selected
Zenodo record 14590730 (RCAEval benchmark artifacts),RCAEval recursive service-fault CSV windows,RE2/RE2-TT/ts-route-service_loss/2/simple_metrics.csv,metrics,6213228,selected
Zenodo record 14590730 (RCAEval benchmark artifacts),RCAEval recursive service-fault CSV windows,RE2/RE2-TT/ts-route-service_loss/2/traces.csv,traces,133432325,selected
Zenodo record 14590730 (RCAEval benchmark artifacts),RCAEval recursive service-fault CSV windows,RE2/RE2-TT/ts-route-service_loss/2/tracets_err.csv,traces,72577,selected
Zenodo record 14590730 (RCAEval benchmark artifacts),RCAEval recursive service-fault CSV windows,RE2/RE2-TT/ts-route-service_loss/2/tracets_lat.csv,traces,51540,selected
Zenodo record 14590730 (RCAEval benchmark artifacts),RCAEval recursive service-fault CSV windows,RE2/RE2-TT/ts-route-service_loss/3/logs.csv,logs,79339631,selected
Zenodo record 14590730 (RCAEval benchmark artifacts),RCAEval recursive service-fault CSV windows,RE2/RE2-TT/ts-route-service_loss/3/logts.csv,logs,42088,selected
Zenodo record 14590730 (RCAEval benchmark artifacts),RCAEval recursive service-fault CSV windows,RE2/RE2-TT/ts-route-service_loss/3/metrics.csv,metrics,26987017,selected
Zenodo record 14590730 (RCAEval benchmark artifacts),RCAEval recursive service-fault CSV windows,RE2/RE2-TT/ts-route-service_loss/3/simple_metrics.csv,metrics,6214767,selected
Zenodo record 14590730 (RCAEval benchmark artifacts),RCAEval recursive service-fault CSV windows,RE2/RE2-TT/ts-route-service_loss/3/traces.csv,traces,96179912,selected
Zenodo record 14590730 (RCAEval benchmark artifacts),RCAEval recursive service-fault CSV windows,RE2/RE2-TT/ts-route-service_loss/3/tracets_err.csv,traces,67251,selected
Zenodo record 14590730 (RCAEval benchmark artifacts),RCAEval recursive service-fault CSV windows,RE2/RE2-TT/ts-route-service_loss/3/tracets_lat.csv,traces,58601,selected
Zenodo record 14590730 (RCAEval benchmark artifacts),RCAEval recursive service-fault CSV windows,RE2/RE2-TT/ts-route-service_mem/1/logs.csv,logs,113216172,selected
Zenodo record 14590730 (RCAEval benchmark artifacts),RCAEval recursive service-fault CSV windows,RE2/RE2-TT/ts-route-service_mem/1/logts.csv,logs,50409,selected
Zenodo record 14590730 (RCAEval benchmark artifacts),RCAEval recursive service-fault CSV windows,RE2/RE2-TT/ts-route-service_mem/1/metrics.csv,metrics,26815394,selected
Zenodo record 14590730 (RCAEval benchmark artifacts),RCAEval recursive service-fault CSV windows,RE2/RE2-TT/ts-route-service_mem/1/simple_metrics.csv,metrics,6237352,selected
Zenodo record 14590730 (RCAEval benchmark artifacts),RCAEval recursive service-fault CSV windows,RE2/RE2-TT/ts-route-service_mem/1/traces.csv,traces,105371106,selected
Zenodo record 14590730 (RCAEval benchmark artifacts),RCAEval recursive service-fault CSV windows,RE2/RE2-TT/ts-route-service_mem/1/tracets_err.csv,traces,68833,selected
Zenodo record 14590730 (RCAEval benchmark artifacts),RCAEval recursive service-fault CSV windows,RE2/RE2-TT/ts-route-service_mem/1/tracets_lat.csv,traces,52094,selected
Zenodo record 14590730 (RCAEval benchmark artifacts),RCAEval recursive service-fault CSV windows,RE2/RE2-TT/ts-route-service_mem/2/logs.csv,logs,80963525,selected
Zenodo record 14590730 (RCAEval benchmark artifacts),RCAEval recursive service-fault CSV windows,RE2/RE2-TT/ts-route-service_mem/2/logts.csv,logs,44051,selected
Zenodo record 14590730 (RCAEval benchmark artifacts),RCAEval recursive service-fault CSV windows,RE2/RE2-TT/ts-route-service_mem/2/metrics.csv,metrics,27025326,selected
Zenodo record 14590730 (RCAEval benchmark artifacts),RCAEval recursive service-fault CSV windows,RE2/RE2-TT/ts-route-service_mem/2/simple_metrics.csv,metrics,6225781,selected
Zenodo record 14590730 (RCAEval benchmark artifacts),RCAEval recursive service-fault CSV windows,RE2/RE2-TT/ts-route-service_mem/2/traces.csv,traces,97100801,selected
Zenodo record 14590730 (RCAEval benchmark artifacts),RCAEval recursive service-fault CSV windows,RE2/RE2-TT/ts-route-service_mem/2/tracets_err.csv,traces,67504,selected
Zenodo record 14590730 (RCAEval benchmark artifacts),RCAEval recursive service-fault CSV windows,RE2/RE2-TT/ts-route-service_mem/2/tracets_lat.csv,traces,54497,selected
Zenodo record 14590730 (RCAEval benchmark artifacts),RCAEval recursive service-fault CSV windows,RE2/RE2-TT/ts-route-service_mem/3/logs.csv,logs,109469095,selected
Zenodo record 14590730 (RCAEval benchmark artifacts),RCAEval recursive service-fault CSV windows,RE2/RE2-TT/ts-route-service_mem/3/logts.csv,logs,42022,selected
Zenodo record 14590730 (RCAEval benchmark artifacts),RCAEval recursive service-fault CSV windows,RE2/RE2-TT/ts-route-service_mem/3/metrics.csv,metrics,26828050,selected
Zenodo record 14590730 (RCAEval benchmark artifacts),RCAEval recursive service-fault CSV windows,RE2/RE2-TT/ts-route-service_mem/3/simple_metrics.csv,metrics,6212577,selected
Zenodo record 14590730 (RCAEval benchmark artifacts),RCAEval recursive service-fault CSV windows,RE2/RE2-TT/ts-route-service_mem/3/traces.csv,traces,112372790,selected
Zenodo record 14590730 (RCAEval benchmark artifacts),RCAEval recursive service-fault CSV windows,RE2/RE2-TT/ts-route-service_mem/3/tracets_err.csv,traces,68389,selected
Zenodo record 14590730 (RCAEval benchmark artifacts),RCAEval recursive service-fault CSV windows,RE2/RE2-TT/ts-route-service_mem/3/tracets_lat.csv,traces,57013,selected
Zenodo record 14590730 (RCAEval benchmark artifacts),RCAEval recursive service-fault CSV windows,RE2/RE2-TT/ts-route-service_socket/1/logs.csv,logs,67906232,selected
Zenodo record 14590730 (RCAEval benchmark artifacts),RCAEval recursive service-fault CSV windows,RE2/RE2-TT/ts-route-service_socket/1/logts.csv,logs,43987,selected
Zenodo record 14590730 (RCAEval benchmark artifacts),RCAEval recursive service-fault CSV windows,RE2/RE2-TT/ts-route-service_socket/1/metrics.csv,metrics,26970954,selected
Zenodo record 14590730 (RCAEval benchmark artifacts),RCAEval recursive service-fault CSV windows,RE2/RE2-TT/ts-route-service_socket/1/simple_metrics.csv,metrics,6249672,selected
Zenodo record 14590730 (RCAEval benchmark artifacts),RCAEval recursive service-fault CSV windows,RE2/RE2-TT/ts-route-service_socket/1/traces.csv,traces,233353404,selected
Zenodo record 14590730 (RCAEval benchmark artifacts),RCAEval recursive service-fault CSV windows,RE2/RE2-TT/ts-route-service_socket/1/tracets_err.csv,traces,68728,selected
Zenodo record 14590730 (RCAEval benchmark artifacts),RCAEval recursive service-fault CSV windows,RE2/RE2-TT/ts-route-service_socket/1/tracets_lat.csv,traces,57356,selected
Zenodo record 14590730 (RCAEval benchmark artifacts),RCAEval recursive service-fault CSV windows,RE2/RE2-TT/ts-route-service_socket/2/logs.csv,logs,82729269,selected
Zenodo record 14590730 (RCAEval benchmark artifacts),RCAEval recursive service-fault CSV windows,RE2/RE2-TT/ts-route-service_socket/2/logts.csv,logs,41948,selected
Zenodo record 14590730 (RCAEval benchmark artifacts),RCAEval recursive service-fault CSV windows,RE2/RE2-TT/ts-route-service_socket/2/metrics.csv,metrics,27045016,selected
Zenodo record 14590730 (RCAEval benchmark artifacts),RCAEval recursive service-fault CSV windows,RE2/RE2-TT/ts-route-service_socket/2/simple_metrics.csv,metrics,6216736,selected
Zenodo record 14590730 (RCAEval benchmark artifacts),RCAEval recursive service-fault CSV windows,RE2/RE2-TT/ts-route-service_socket/2/traces.csv,traces,100663654,selected
Zenodo record 14590730 (RCAEval benchmark artifacts),RCAEval recursive service-fault CSV windows,RE2/RE2-TT/ts-route-service_socket/2/tracets_err.csv,traces,67347,selected
Zenodo record 14590730 (RCAEval benchmark artifacts),RCAEval recursive service-fault CSV windows,RE2/RE2-TT/ts-route-service_socket/2/tracets_lat.csv,traces,53435,selected
Zenodo record 14590730 (RCAEval benchmark artifacts),RCAEval recursive service-fault CSV windows,RE2/RE2-TT/ts-route-service_socket/3/logs.csv,logs,110997131,selected
Zenodo record 14590730 (RCAEval benchmark artifacts),RCAEval recursive service-fault CSV windows,RE2/RE2-TT/ts-route-service_socket/3/logts.csv,logs,42313,selected
Zenodo record 14590730 (RCAEval benchmark artifacts),RCAEval recursive service-fault CSV windows,RE2/RE2-TT/ts-route-service_socket/3/metrics.csv,metrics,26846620,selected
Zenodo record 14590730 (RCAEval benchmark artifacts),RCAEval recursive service-fault CSV windows,RE2/RE2-TT/ts-route-service_socket/3/simple_metrics.csv,metrics,6200220,selected
Zenodo record 14590730 (RCAEval benchmark artifacts),RCAEval recursive service-fault CSV windows,RE2/RE2-TT/ts-route-service_socket/3/traces.csv,traces,117959557,selected
Zenodo record 14590730 (RCAEval benchmark artifacts),RCAEval recursive service-fault CSV windows,RE2/RE2-TT/ts-route-service_socket/3/tracets_err.csv,traces,68386,selected
Zenodo record 14590730 (RCAEval benchmark artifacts),RCAEval recursive service-fault CSV windows,RE2/RE2-TT/ts-route-service_socket/3/tracets_lat.csv,traces,54190,selected
Zenodo record 14590730 (RCAEval benchmark artifacts),RCAEval recursive service-fault CSV windows,RE2/RE2-TT/ts-train-service_cpu/1/logs.csv,logs,189853483,selected
Zenodo record 14590730 (RCAEval benchmark artifacts),RCAEval recursive service-fault CSV windows,RE2/RE2-TT/ts-train-service_cpu/1/logts.csv,logs,46208,selected
Zenodo record 14590730 (RCAEval benchmark artifacts),RCAEval recursive service-fault CSV windows,RE2/RE2-TT/ts-train-service_cpu/1/metrics.csv,metrics,26859059,selected
Zenodo record 14590730 (RCAEval benchmark artifacts),RCAEval recursive service-fault CSV windows,RE2/RE2-TT/ts-train-service_cpu/1/simple_metrics.csv,metrics,6226635,selected
Zenodo record 14590730 (RCAEval benchmark artifacts),RCAEval recursive service-fault CSV windows,RE2/RE2-TT/ts-train-service_cpu/1/traces.csv,traces,160711076,selected
Zenodo record 14590730 (RCAEval benchmark artifacts),RCAEval recursive service-fault CSV windows,RE2/RE2-TT/ts-train-service_cpu/1/tracets_err.csv,traces,68479,selected
Zenodo record 14590730 (RCAEval benchmark artifacts),RCAEval recursive service-fault CSV windows,RE2/RE2-TT/ts-train-service_cpu/1/tracets_lat.csv,traces,54054,selected
Zenodo record 14590730 (RCAEval benchmark artifacts),RCAEval recursive service-fault CSV windows,RE2/RE2-TT/ts-train-service_cpu/2/logs.csv,logs,129237150,selected
Zenodo record 14590730 (RCAEval benchmark artifacts),RCAEval recursive service-fault CSV windows,RE2/RE2-TT/ts-train-service_cpu/2/logts.csv,logs,49393,selected
Zenodo record 14590730 (RCAEval benchmark artifacts),RCAEval recursive service-fault CSV windows,RE2/RE2-TT/ts-train-service_cpu/2/metrics.csv,metrics,26690478,selected
Zenodo record 14590730 (RCAEval benchmark artifacts),RCAEval recursive service-fault CSV windows,RE2/RE2-TT/ts-train-service_cpu/2/simple_metrics.csv,metrics,6227694,selected
Zenodo record 14590730 (RCAEval benchmark artifacts),RCAEval recursive service-fault CSV windows,RE2/RE2-TT/ts-train-service_cpu/2/traces.csv,traces,123493532,selected
Zenodo record 14590730 (RCAEval benchmark artifacts),RCAEval recursive service-fault CSV windows,RE2/RE2-TT/ts-train-service_cpu/2/tracets_err.csv,traces,68602,selected
Zenodo record 14590730 (RCAEval benchmark artifacts),RCAEval recursive service-fault CSV windows,RE2/RE2-TT/ts-train-service_cpu/2/tracets_lat.csv,traces,56201,selected
Zenodo record 14590730 (RCAEval benchmark artifacts),RCAEval recursive service-fault CSV windows,RE2/RE2-TT/ts-train-service_cpu/3/logs.csv,logs,158964925,selected
Zenodo record 14590730 (RCAEval benchmark artifacts),RCAEval recursive service-fault CSV windows,RE2/RE2-TT/ts-train-service_cpu/3/logts.csv,logs,44304,selected
Zenodo record 14590730 (RCAEval benchmark artifacts),RCAEval recursive service-fault CSV windows,RE2/RE2-TT/ts-train-service_cpu/3/metrics.csv,metrics,26792711,selected
Zenodo record 14590730 (RCAEval benchmark artifacts),RCAEval recursive service-fault CSV windows,RE2/RE2-TT/ts-train-service_cpu/3/simple_metrics.csv,metrics,6241789,selected
Zenodo record 14590730 (RCAEval benchmark artifacts),RCAEval recursive service-fault CSV windows,RE2/RE2-TT/ts-train-service_cpu/3/traces.csv,traces,143711217,selected
Zenodo record 14590730 (RCAEval benchmark artifacts),RCAEval recursive service-fault CSV windows,RE2/RE2-TT/ts-train-service_cpu/3/tracets_err.csv,traces,68911,selected
Zenodo record 14590730 (RCAEval benchmark artifacts),RCAEval recursive service-fault CSV windows,RE2/RE2-TT/ts-train-service_cpu/3/tracets_lat.csv,traces,44408,selected
Zenodo record 14590730 (RCAEval benchmark artifacts),RCAEval recursive service-fault CSV windows,RE2/RE2-TT/ts-train-service_delay/1/logs.csv,logs,165863026,selected
Zenodo record 14590730 (RCAEval benchmark artifacts),RCAEval recursive service-fault CSV windows,RE2/RE2-TT/ts-train-service_delay/1/logts.csv,logs,43558,selected
Zenodo record 14590730 (RCAEval benchmark artifacts),RCAEval recursive service-fault CSV windows,RE2/RE2-TT/ts-train-service_delay/1/metrics.csv,metrics,26710391,selected
Zenodo record 14590730 (RCAEval benchmark artifacts),RCAEval recursive service-fault CSV windows,RE2/RE2-TT/ts-train-service_delay/1/simple_metrics.csv,metrics,6192766,selected
Zenodo record 14590730 (RCAEval benchmark artifacts),RCAEval recursive service-fault CSV windows,RE2/RE2-TT/ts-train-service_delay/1/traces.csv,traces,152554591,selected
Zenodo record 14590730 (RCAEval benchmark artifacts),RCAEval recursive service-fault CSV windows,RE2/RE2-TT/ts-train-service_delay/1/tracets_err.csv,traces,68167,selected
Zenodo record 14590730 (RCAEval benchmark artifacts),RCAEval recursive service-fault CSV windows,RE2/RE2-TT/ts-train-service_delay/1/tracets_lat.csv,traces,48578,selected
Zenodo record 14590730 (RCAEval benchmark artifacts),RCAEval recursive service-fault CSV windows,RE2/RE2-TT/ts-train-service_delay/2/logs.csv,logs,99110133,selected
Zenodo record 14590730 (RCAEval benchmark artifacts),RCAEval recursive service-fault CSV windows,RE2/RE2-TT/ts-train-service_delay/2/logts.csv,logs,42002,selected
Zenodo record 14590730 (RCAEval benchmark artifacts),RCAEval recursive service-fault CSV windows,RE2/RE2-TT/ts-train-service_delay/2/metrics.csv,metrics,26613108,selected
Zenodo record 14590730 (RCAEval benchmark artifacts),RCAEval recursive service-fault CSV windows,RE2/RE2-TT/ts-train-service_delay/2/simple_metrics.csv,metrics,6145364,selected
Zenodo record 14590730 (RCAEval benchmark artifacts),RCAEval recursive service-fault CSV windows,RE2/RE2-TT/ts-train-service_delay/2/traces.csv,traces,102573560,selected
Zenodo record 14590730 (RCAEval benchmark artifacts),RCAEval recursive service-fault CSV windows,RE2/RE2-TT/ts-train-service_delay/2/tracets_err.csv,traces,68110,selected
Zenodo record 14590730 (RCAEval benchmark artifacts),RCAEval recursive service-fault CSV windows,RE2/RE2-TT/ts-train-service_delay/2/tracets_lat.csv,traces,59998,selected
Zenodo record 14590730 (RCAEval benchmark artifacts),RCAEval recursive service-fault CSV windows,RE2/RE2-TT/ts-train-service_delay/3/logs.csv,logs,126920844,selected
Zenodo record 14590730 (RCAEval benchmark artifacts),RCAEval recursive service-fault CSV windows,RE2/RE2-TT/ts-train-service_delay/3/logts.csv,logs,41762,selected
Zenodo record 14590730 (RCAEval benchmark artifacts),RCAEval recursive service-fault CSV windows,RE2/RE2-TT/ts-train-service_delay/3/metrics.csv,metrics,26739830,selected
Zenodo record 14590730 (RCAEval benchmark artifacts),RCAEval recursive service-fault CSV windows,RE2/RE2-TT/ts-train-service_delay/3/simple_metrics.csv,metrics,6185886,selected
Zenodo record 14590730 (RCAEval benchmark artifacts),RCAEval recursive service-fault CSV windows,RE2/RE2-TT/ts-train-service_delay/3/traces.csv,traces,121105172,selected
Zenodo record 14590730 (RCAEval benchmark artifacts),RCAEval recursive service-fault CSV windows,RE2/RE2-TT/ts-train-service_delay/3/tracets_err.csv,traces,68359,selected
Zenodo record 14590730 (RCAEval benchmark artifacts),RCAEval recursive service-fault CSV windows,RE2/RE2-TT/ts-train-service_delay/3/tracets_lat.csv,traces,58569,selected
Zenodo record 14590730 (RCAEval benchmark artifacts),RCAEval recursive service-fault CSV windows,RE2/RE2-TT/ts-train-service_disk/1/logs.csv,logs,118468666,selected
Zenodo record 14590730 (RCAEval benchmark artifacts),RCAEval recursive service-fault CSV windows,RE2/RE2-TT/ts-train-service_disk/1/logts.csv,logs,41704,selected
Zenodo record 14590730 (RCAEval benchmark artifacts),RCAEval recursive service-fault CSV windows,RE2/RE2-TT/ts-train-service_disk/1/metrics.csv,metrics,26766607,selected
Zenodo record 14590730 (RCAEval benchmark artifacts),RCAEval recursive service-fault CSV windows,RE2/RE2-TT/ts-train-service_disk/1/simple_metrics.csv,metrics,6221398,selected
Zenodo record 14590730 (RCAEval benchmark artifacts),RCAEval recursive service-fault CSV windows,RE2/RE2-TT/ts-train-service_disk/1/traces.csv,traces,118932109,selected
Zenodo record 14590730 (RCAEval benchmark artifacts),RCAEval recursive service-fault CSV windows,RE2/RE2-TT/ts-train-service_disk/1/tracets_err.csv,traces,68572,selected
Zenodo record 14590730 (RCAEval benchmark artifacts),RCAEval recursive service-fault CSV windows,RE2/RE2-TT/ts-train-service_disk/1/tracets_lat.csv,traces,55970,selected
Zenodo record 14590730 (RCAEval benchmark artifacts),RCAEval recursive service-fault CSV windows,RE2/RE2-TT/ts-train-service_disk/2/logs.csv,logs,147268734,selected
Zenodo record 14590730 (RCAEval benchmark artifacts),RCAEval recursive service-fault CSV windows,RE2/RE2-TT/ts-train-service_disk/2/logts.csv,logs,41710,selected
Zenodo record 14590730 (RCAEval benchmark artifacts),RCAEval recursive service-fault CSV windows,RE2/RE2-TT/ts-train-service_disk/2/metrics.csv,metrics,26789289,selected
Zenodo record 14590730 (RCAEval benchmark artifacts),RCAEval recursive service-fault CSV windows,RE2/RE2-TT/ts-train-service_disk/2/simple_metrics.csv,metrics,6239931,selected
Zenodo record 14590730 (RCAEval benchmark artifacts),RCAEval recursive service-fault CSV windows,RE2/RE2-TT/ts-train-service_disk/2/traces.csv,traces,132709101,selected
Zenodo record 14590730 (RCAEval benchmark artifacts),RCAEval recursive service-fault CSV windows,RE2/RE2-TT/ts-train-service_disk/2/tracets_err.csv,traces,68875,selected
Zenodo record 14590730 (RCAEval benchmark artifacts),RCAEval recursive service-fault CSV windows,RE2/RE2-TT/ts-train-service_disk/2/tracets_lat.csv,traces,46603,selected
Zenodo record 14590730 (RCAEval benchmark artifacts),RCAEval recursive service-fault CSV windows,RE2/RE2-TT/ts-train-service_disk/3/logs.csv,logs,178822282,selected
Zenodo record 14590730 (RCAEval benchmark artifacts),RCAEval recursive service-fault CSV windows,RE2/RE2-TT/ts-train-service_disk/3/logts.csv,logs,43214,selected
Zenodo record 14590730 (RCAEval benchmark artifacts),RCAEval recursive service-fault CSV windows,RE2/RE2-TT/ts-train-service_disk/3/metrics.csv,metrics,26840142,selected
Zenodo record 14590730 (RCAEval benchmark artifacts),RCAEval recursive service-fault CSV windows,RE2/RE2-TT/ts-train-service_disk/3/simple_metrics.csv,metrics,6250685,selected
Zenodo record 14590730 (RCAEval benchmark artifacts),RCAEval recursive service-fault CSV windows,RE2/RE2-TT/ts-train-service_disk/3/traces.csv,traces,153808759,selected
Zenodo record 14590730 (RCAEval benchmark artifacts),RCAEval recursive service-fault CSV windows,RE2/RE2-TT/ts-train-service_disk/3/tracets_err.csv,traces,68566,selected
Zenodo record 14590730 (RCAEval benchmark artifacts),RCAEval recursive service-fault CSV windows,RE2/RE2-TT/ts-train-service_disk/3/tracets_lat.csv,traces,50033,selected
Zenodo record 14590730 (RCAEval benchmark artifacts),RCAEval recursive service-fault CSV windows,RE2/RE2-TT/ts-train-service_loss/1/logs.csv,logs,183013055,selected
Zenodo record 14590730 (RCAEval benchmark artifacts),RCAEval recursive service-fault CSV windows,RE2/RE2-TT/ts-train-service_loss/1/logts.csv,logs,47447,selected
Zenodo record 14590730 (RCAEval benchmark artifacts),RCAEval recursive service-fault CSV windows,RE2/RE2-TT/ts-train-service_loss/1/metrics.csv,metrics,26760667,selected
Zenodo record 14590730 (RCAEval benchmark artifacts),RCAEval recursive service-fault CSV windows,RE2/RE2-TT/ts-train-service_loss/1/simple_metrics.csv,metrics,6229213,selected
Zenodo record 14590730 (RCAEval benchmark artifacts),RCAEval recursive service-fault CSV windows,RE2/RE2-TT/ts-train-service_loss/1/traces.csv,traces,156764766,selected
Zenodo record 14590730 (RCAEval benchmark artifacts),RCAEval recursive service-fault CSV windows,RE2/RE2-TT/ts-train-service_loss/1/tracets_err.csv,traces,68548,selected
Zenodo record 14590730 (RCAEval benchmark artifacts),RCAEval recursive service-fault CSV windows,RE2/RE2-TT/ts-train-service_loss/1/tracets_lat.csv,traces,55707,selected
Zenodo record 14590730 (RCAEval benchmark artifacts),RCAEval recursive service-fault CSV windows,RE2/RE2-TT/ts-train-service_loss/2/logs.csv,logs,163727857,selected
Zenodo record 14590730 (RCAEval benchmark artifacts),RCAEval recursive service-fault CSV windows,RE2/RE2-TT/ts-train-service_loss/2/logts.csv,logs,44848,selected
Zenodo record 14590730 (RCAEval benchmark artifacts),RCAEval recursive service-fault CSV windows,RE2/RE2-TT/ts-train-service_loss/2/metrics.csv,metrics,26819283,selected
Zenodo record 14590730 (RCAEval benchmark artifacts),RCAEval recursive service-fault CSV windows,RE2/RE2-TT/ts-train-service_loss/2/simple_metrics.csv,metrics,6221196,selected
Zenodo record 14590730 (RCAEval benchmark artifacts),RCAEval recursive service-fault CSV windows,RE2/RE2-TT/ts-train-service_loss/2/traces.csv,traces,150788558,selected
Zenodo record 14590730 (RCAEval benchmark artifacts),RCAEval recursive service-fault CSV windows,RE2/RE2-TT/ts-train-service_loss/2/tracets_err.csv,traces,68494,selected
Zenodo record 14590730 (RCAEval benchmark artifacts),RCAEval recursive service-fault CSV windows,RE2/RE2-TT/ts-train-service_loss/2/tracets_lat.csv,traces,54608,selected
Zenodo record 14590730 (RCAEval benchmark artifacts),RCAEval recursive service-fault CSV windows,RE2/RE2-TT/ts-train-service_loss/3/logs.csv,logs,182219090,selected
Zenodo record 14590730 (RCAEval benchmark artifacts),RCAEval recursive service-fault CSV windows,RE2/RE2-TT/ts-train-service_loss/3/logts.csv,logs,43925,selected
Zenodo record 14590730 (RCAEval benchmark artifacts),RCAEval recursive service-fault CSV windows,RE2/RE2-TT/ts-train-service_loss/3/metrics.csv,metrics,26804739,selected
Zenodo record 14590730 (RCAEval benchmark artifacts),RCAEval recursive service-fault CSV windows,RE2/RE2-TT/ts-train-service_loss/3/simple_metrics.csv,metrics,6224127,selected
Zenodo record 14590730 (RCAEval benchmark artifacts),RCAEval recursive service-fault CSV windows,RE2/RE2-TT/ts-train-service_loss/3/traces.csv,traces,158927647,selected
Zenodo record 14590730 (RCAEval benchmark artifacts),RCAEval recursive service-fault CSV windows,RE2/RE2-TT/ts-train-service_loss/3/tracets_err.csv,traces,68485,selected
Zenodo record 14590730 (RCAEval benchmark artifacts),RCAEval recursive service-fault CSV windows,RE2/RE2-TT/ts-train-service_loss/3/tracets_lat.csv,traces,53743,selected
Zenodo record 14590730 (RCAEval benchmark artifacts),RCAEval recursive service-fault CSV windows,RE2/RE2-TT/ts-train-service_mem/1/logs.csv,logs,82158606,selected
Zenodo record 14590730 (RCAEval benchmark artifacts),RCAEval recursive service-fault CSV windows,RE2/RE2-TT/ts-train-service_mem/1/logts.csv,logs,42990,selected
Zenodo record 14590730 (RCAEval benchmark artifacts),RCAEval recursive service-fault CSV windows,RE2/RE2-TT/ts-train-service_mem/1/metrics.csv,metrics,26889945,selected
Zenodo record 14590730 (RCAEval benchmark artifacts),RCAEval recursive service-fault CSV windows,RE2/RE2-TT/ts-train-service_mem/1/simple_metrics.csv,metrics,6232275,selected
Zenodo record 14590730 (RCAEval benchmark artifacts),RCAEval recursive service-fault CSV windows,RE2/RE2-TT/ts-train-service_mem/1/traces.csv,traces,98928511,selected
Zenodo record 14590730 (RCAEval benchmark artifacts),RCAEval recursive service-fault CSV windows,RE2/RE2-TT/ts-train-service_mem/1/tracets_err.csv,traces,67509,selected
Zenodo record 14590730 (RCAEval benchmark artifacts),RCAEval recursive service-fault CSV windows,RE2/RE2-TT/ts-train-service_mem/1/tracets_lat.csv,traces,48473,selected
Zenodo record 14590730 (RCAEval benchmark artifacts),RCAEval recursive service-fault CSV windows,RE2/RE2-TT/ts-train-service_mem/2/logs.csv,logs,78116167,selected
Zenodo record 14590730 (RCAEval benchmark artifacts),RCAEval recursive service-fault CSV windows,RE2/RE2-TT/ts-train-service_mem/2/logts.csv,logs,44003,selected
Zenodo record 14590730 (RCAEval benchmark artifacts),RCAEval recursive service-fault CSV windows,RE2/RE2-TT/ts-train-service_mem/2/metrics.csv,metrics,26807825,selected
Zenodo record 14590730 (RCAEval benchmark artifacts),RCAEval recursive service-fault CSV windows,RE2/RE2-TT/ts-train-service_mem/2/simple_metrics.csv,metrics,6241717,selected
Zenodo record 14590730 (RCAEval benchmark artifacts),RCAEval recursive service-fault CSV windows,RE2/RE2-TT/ts-train-service_mem/2/traces.csv,traces,96200126,selected
Zenodo record 14590730 (RCAEval benchmark artifacts),RCAEval recursive service-fault CSV windows,RE2/RE2-TT/ts-train-service_mem/2/tracets_err.csv,traces,67236,selected
Zenodo record 14590730 (RCAEval benchmark artifacts),RCAEval recursive service-fault CSV windows,RE2/RE2-TT/ts-train-service_mem/2/tracets_lat.csv,traces,53622,selected
Zenodo record 14590730 (RCAEval benchmark artifacts),RCAEval recursive service-fault CSV windows,RE2/RE2-TT/ts-train-service_mem/3/logs.csv,logs,114472914,selected
Zenodo record 14590730 (RCAEval benchmark artifacts),RCAEval recursive service-fault CSV windows,RE2/RE2-TT/ts-train-service_mem/3/logts.csv,logs,41698,selected
Zenodo record 14590730 (RCAEval benchmark artifacts),RCAEval recursive service-fault CSV windows,RE2/RE2-TT/ts-train-service_mem/3/metrics.csv,metrics,26677725,selected
Zenodo record 14590730 (RCAEval benchmark artifacts),RCAEval recursive service-fault CSV windows,RE2/RE2-TT/ts-train-service_mem/3/simple_metrics.csv,metrics,6242897,selected
Zenodo record 14590730 (RCAEval benchmark artifacts),RCAEval recursive service-fault CSV windows,RE2/RE2-TT/ts-train-service_mem/3/traces.csv,traces,115653980,selected
Zenodo record 14590730 (RCAEval benchmark artifacts),RCAEval recursive service-fault CSV windows,RE2/RE2-TT/ts-train-service_mem/3/tracets_err.csv,traces,68557,selected
Zenodo record 14590730 (RCAEval benchmark artifacts),RCAEval recursive service-fault CSV windows,RE2/RE2-TT/ts-train-service_mem/3/tracets_lat.csv,traces,53887,selected
Zenodo record 14590730 (RCAEval benchmark artifacts),RCAEval recursive service-fault CSV windows,RE2/RE2-TT/ts-train-service_socket/1/logs.csv,logs,28965797,selected
Zenodo record 14590730 (RCAEval benchmark artifacts),RCAEval recursive service-fault CSV windows,RE2/RE2-TT/ts-train-service_socket/1/logts.csv,logs,19252,selected
Zenodo record 14590730 (RCAEval benchmark artifacts),RCAEval recursive service-fault CSV windows,RE2/RE2-TT/ts-train-service_socket/1/metrics.csv,metrics,26883421,selected
Zenodo record 14590730 (RCAEval benchmark artifacts),RCAEval recursive service-fault CSV windows,RE2/RE2-TT/ts-train-service_socket/1/simple_metrics.csv,metrics,6248807,selected
Zenodo record 14590730 (RCAEval benchmark artifacts),RCAEval recursive service-fault CSV windows,RE2/RE2-TT/ts-train-service_socket/1/traces.csv,traces,58032383,selected
Zenodo record 14590730 (RCAEval benchmark artifacts),RCAEval recursive service-fault CSV windows,RE2/RE2-TT/ts-train-service_socket/1/tracets_err.csv,traces,38407,selected
Zenodo record 14590730 (RCAEval benchmark artifacts),RCAEval recursive service-fault CSV windows,RE2/RE2-TT/ts-train-service_socket/1/tracets_lat.csv,traces,38327,selected
Zenodo record 14590730 (RCAEval benchmark artifacts),RCAEval recursive service-fault CSV windows,RE2/RE2-TT/ts-train-service_socket/2/logs.csv,logs,202258338,selected
Zenodo record 14590730 (RCAEval benchmark artifacts),RCAEval recursive service-fault CSV windows,RE2/RE2-TT/ts-train-service_socket/2/logts.csv,logs,47778,selected
Zenodo record 14590730 (RCAEval benchmark artifacts),RCAEval recursive service-fault CSV windows,RE2/RE2-TT/ts-train-service_socket/2/metrics.csv,metrics,26831134,selected
Zenodo record 14590730 (RCAEval benchmark artifacts),RCAEval recursive service-fault CSV windows,RE2/RE2-TT/ts-train-service_socket/2/simple_metrics.csv,metrics,6244948,selected
Zenodo record 14590730 (RCAEval benchmark artifacts),RCAEval recursive service-fault CSV windows,RE2/RE2-TT/ts-train-service_socket/2/traces.csv,traces,168551985,selected
Zenodo record 14590730 (RCAEval benchmark artifacts),RCAEval recursive service-fault CSV windows,RE2/RE2-TT/ts-train-service_socket/2/tracets_err.csv,traces,68585,selected
Zenodo record 14590730 (RCAEval benchmark artifacts),RCAEval recursive service-fault CSV windows,RE2/RE2-TT/ts-train-service_socket/2/tracets_lat.csv,traces,54907,selected
Zenodo record 14590730 (RCAEval benchmark artifacts),RCAEval recursive service-fault CSV windows,RE2/RE2-TT/ts-train-service_socket/3/logs.csv,logs,84256443,selected
Zenodo record 14590730 (RCAEval benchmark artifacts),RCAEval recursive service-fault CSV windows,RE2/RE2-TT/ts-train-service_socket/3/logts.csv,logs,42558,selected
Zenodo record 14590730 (RCAEval benchmark artifacts),RCAEval recursive service-fault CSV windows,RE2/RE2-TT/ts-train-service_socket/3/metrics.csv,metrics,26798092,selected
Zenodo record 14590730 (RCAEval benchmark artifacts),RCAEval recursive service-fault CSV windows,RE2/RE2-TT/ts-train-service_socket/3/simple_metrics.csv,metrics,6220585,selected
Zenodo record 14590730 (RCAEval benchmark artifacts),RCAEval recursive service-fault CSV windows,RE2/RE2-TT/ts-train-service_socket/3/traces.csv,traces,101294585,selected
Zenodo record 14590730 (RCAEval benchmark artifacts),RCAEval recursive service-fault CSV windows,RE2/RE2-TT/ts-train-service_socket/3/tracets_err.csv,traces,67611,selected
Zenodo record 14590730 (RCAEval benchmark artifacts),RCAEval recursive service-fault CSV windows,RE2/RE2-TT/ts-train-service_socket/3/tracets_lat.csv,traces,57007,selected
Zenodo record 14590730 (RCAEval benchmark artifacts),RCAEval recursive service-fault CSV windows,RE2/RE2-TT/ts-travel-service_cpu/1/logs.csv,logs,91568193,selected
Zenodo record 14590730 (RCAEval benchmark artifacts),RCAEval recursive service-fault CSV windows,RE2/RE2-TT/ts-travel-service_cpu/1/logts.csv,logs,42062,selected
Zenodo record 14590730 (RCAEval benchmark artifacts),RCAEval recursive service-fault CSV windows,RE2/RE2-TT/ts-travel-service_cpu/1/metrics.csv,metrics,26715753,selected
Zenodo record 14590730 (RCAEval benchmark artifacts),RCAEval recursive service-fault CSV windows,RE2/RE2-TT/ts-travel-service_cpu/1/simple_metrics.csv,metrics,6201183,selected
Zenodo record 14590730 (RCAEval benchmark artifacts),RCAEval recursive service-fault CSV windows,RE2/RE2-TT/ts-travel-service_cpu/1/traces.csv,traces,112201985,selected
Zenodo record 14590730 (RCAEval benchmark artifacts),RCAEval recursive service-fault CSV windows,RE2/RE2-TT/ts-travel-service_cpu/1/tracets_err.csv,traces,67617,selected
Zenodo record 14590730 (RCAEval benchmark artifacts),RCAEval recursive service-fault CSV windows,RE2/RE2-TT/ts-travel-service_cpu/1/tracets_lat.csv,traces,52308,selected
Zenodo record 14590730 (RCAEval benchmark artifacts),RCAEval recursive service-fault CSV windows,RE2/RE2-TT/ts-travel-service_cpu/2/logs.csv,logs,130825964,selected
Zenodo record 14590730 (RCAEval benchmark artifacts),RCAEval recursive service-fault CSV windows,RE2/RE2-TT/ts-travel-service_cpu/2/logts.csv,logs,44625,selected
Zenodo record 14590730 (RCAEval benchmark artifacts),RCAEval recursive service-fault CSV windows,RE2/RE2-TT/ts-travel-service_cpu/2/metrics.csv,metrics,26750051,selected
Zenodo record 14590730 (RCAEval benchmark artifacts),RCAEval recursive service-fault CSV windows,RE2/RE2-TT/ts-travel-service_cpu/2/simple_metrics.csv,metrics,6231084,selected
Zenodo record 14590730 (RCAEval benchmark artifacts),RCAEval recursive service-fault CSV windows,RE2/RE2-TT/ts-travel-service_cpu/2/traces.csv,traces,121927194,selected
Zenodo record 14590730 (RCAEval benchmark artifacts),RCAEval recursive service-fault CSV windows,RE2/RE2-TT/ts-travel-service_cpu/2/tracets_err.csv,traces,68665,selected
Zenodo record 14590730 (RCAEval benchmark artifacts),RCAEval recursive service-fault CSV windows,RE2/RE2-TT/ts-travel-service_cpu/2/tracets_lat.csv,traces,53066,selected
Zenodo record 14590730 (RCAEval benchmark artifacts),RCAEval recursive service-fault CSV windows,RE2/RE2-TT/ts-travel-service_cpu/3/logs.csv,logs,166727655,selected
Zenodo record 14590730 (RCAEval benchmark artifacts),RCAEval recursive service-fault CSV windows,RE2/RE2-TT/ts-travel-service_cpu/3/logts.csv,logs,42545,selected
Zenodo record 14590730 (RCAEval benchmark artifacts),RCAEval recursive service-fault CSV windows,RE2/RE2-TT/ts-travel-service_cpu/3/metrics.csv,metrics,26818931,selected
Zenodo record 14590730 (RCAEval benchmark artifacts),RCAEval recursive service-fault CSV windows,RE2/RE2-TT/ts-travel-service_cpu/3/simple_metrics.csv,metrics,6229259,selected
Zenodo record 14590730 (RCAEval benchmark artifacts),RCAEval recursive service-fault CSV windows,RE2/RE2-TT/ts-travel-service_cpu/3/traces.csv,traces,122100325,selected
Zenodo record 14590730 (RCAEval benchmark artifacts),RCAEval recursive service-fault CSV windows,RE2/RE2-TT/ts-travel-service_cpu/3/tracets_err.csv,traces,72513,selected
Zenodo record 14590730 (RCAEval benchmark artifacts),RCAEval recursive service-fault CSV windows,RE2/RE2-TT/ts-travel-service_cpu/3/tracets_lat.csv,traces,51291,selected
Zenodo record 14590730 (RCAEval benchmark artifacts),RCAEval recursive service-fault CSV windows,RE2/RE2-TT/ts-travel-service_delay/1/logs.csv,logs,171415415,selected
Zenodo record 14590730 (RCAEval benchmark artifacts),RCAEval recursive service-fault CSV windows,RE2/RE2-TT/ts-travel-service_delay/1/logts.csv,logs,45088,selected
Zenodo record 14590730 (RCAEval benchmark artifacts),RCAEval recursive service-fault CSV windows,RE2/RE2-TT/ts-travel-service_delay/1/metrics.csv,metrics,26766227,selected
Zenodo record 14590730 (RCAEval benchmark artifacts),RCAEval recursive service-fault CSV windows,RE2/RE2-TT/ts-travel-service_delay/1/simple_metrics.csv,metrics,6186083,selected
Zenodo record 14590730 (RCAEval benchmark artifacts),RCAEval recursive service-fault CSV windows,RE2/RE2-TT/ts-travel-service_delay/1/traces.csv,traces,141752014,selected
Zenodo record 14590730 (RCAEval benchmark artifacts),RCAEval recursive service-fault CSV windows,RE2/RE2-TT/ts-travel-service_delay/1/tracets_err.csv,traces,68728,selected
Zenodo record 14590730 (RCAEval benchmark artifacts),RCAEval recursive service-fault CSV windows,RE2/RE2-TT/ts-travel-service_delay/1/tracets_lat.csv,traces,51044,selected
Zenodo record 14590730 (RCAEval benchmark artifacts),RCAEval recursive service-fault CSV windows,RE2/RE2-TT/ts-travel-service_delay/2/logs.csv,logs,142042769,selected
Zenodo record 14590730 (RCAEval benchmark artifacts),RCAEval recursive service-fault CSV windows,RE2/RE2-TT/ts-travel-service_delay/2/logts.csv,logs,43644,selected
Zenodo record 14590730 (RCAEval benchmark artifacts),RCAEval recursive service-fault CSV windows,RE2/RE2-TT/ts-travel-service_delay/2/metrics.csv,metrics,26764606,selected
Zenodo record 14590730 (RCAEval benchmark artifacts),RCAEval recursive service-fault CSV windows,RE2/RE2-TT/ts-travel-service_delay/2/simple_metrics.csv,metrics,6200524,selected
Zenodo record 14590730 (RCAEval benchmark artifacts),RCAEval recursive service-fault CSV windows,RE2/RE2-TT/ts-travel-service_delay/2/traces.csv,traces,126087891,selected
Zenodo record 14590730 (RCAEval benchmark artifacts),RCAEval recursive service-fault CSV windows,RE2/RE2-TT/ts-travel-service_delay/2/tracets_err.csv,traces,68779,selected
Zenodo record 14590730 (RCAEval benchmark artifacts),RCAEval recursive service-fault CSV windows,RE2/RE2-TT/ts-travel-service_delay/2/tracets_lat.csv,traces,54958,selected
Zenodo record 14590730 (RCAEval benchmark artifacts),RCAEval recursive service-fault CSV windows,RE2/RE2-TT/ts-travel-service_delay/3/logs.csv,logs,167620443,selected
Zenodo record 14590730 (RCAEval benchmark artifacts),RCAEval recursive service-fault CSV windows,RE2/RE2-TT/ts-travel-service_delay/3/logts.csv,logs,45593,selected
Zenodo record 14590730 (RCAEval benchmark artifacts),RCAEval recursive service-fault CSV windows,RE2/RE2-TT/ts-travel-service_delay/3/metrics.csv,metrics,26823412,selected
Zenodo record 14590730 (RCAEval benchmark artifacts),RCAEval recursive service-fault CSV windows,RE2/RE2-TT/ts-travel-service_delay/3/simple_metrics.csv,metrics,6218861,selected
Zenodo record 14590730 (RCAEval benchmark artifacts),RCAEval recursive service-fault CSV windows,RE2/RE2-TT/ts-travel-service_delay/3/traces.csv,traces,144650187,selected
Zenodo record 14590730 (RCAEval benchmark artifacts),RCAEval recursive service-fault CSV windows,RE2/RE2-TT/ts-travel-service_delay/3/tracets_err.csv,traces,67972,selected
Zenodo record 14590730 (RCAEval benchmark artifacts),RCAEval recursive service-fault CSV windows,RE2/RE2-TT/ts-travel-service_delay/3/tracets_lat.csv,traces,49674,selected
Zenodo record 14590730 (RCAEval benchmark artifacts),RCAEval recursive service-fault CSV windows,RE2/RE2-TT/ts-travel-service_disk/1/logs.csv,logs,159021184,selected
Zenodo record 14590730 (RCAEval benchmark artifacts),RCAEval recursive service-fault CSV windows,RE2/RE2-TT/ts-travel-service_disk/1/logts.csv,logs,50051,selected
Zenodo record 14590730 (RCAEval benchmark artifacts),RCAEval recursive service-fault CSV windows,RE2/RE2-TT/ts-travel-service_disk/1/metrics.csv,metrics,26876236,selected
Zenodo record 14590730 (RCAEval benchmark artifacts),RCAEval recursive service-fault CSV windows,RE2/RE2-TT/ts-travel-service_disk/1/simple_metrics.csv,metrics,6221099,selected
Zenodo record 14590730 (RCAEval benchmark artifacts),RCAEval recursive service-fault CSV windows,RE2/RE2-TT/ts-travel-service_disk/1/traces.csv,traces,137258172,selected
Zenodo record 14590730 (RCAEval benchmark artifacts),RCAEval recursive service-fault CSV windows,RE2/RE2-TT/ts-travel-service_disk/1/tracets_err.csv,traces,68241,selected
Zenodo record 14590730 (RCAEval benchmark artifacts),RCAEval recursive service-fault CSV windows,RE2/RE2-TT/ts-travel-service_disk/1/tracets_lat.csv,traces,58156,selected
Zenodo record 14590730 (RCAEval benchmark artifacts),RCAEval recursive service-fault CSV windows,RE2/RE2-TT/ts-travel-service_disk/2/logs.csv,logs,14148753,selected
Zenodo record 14590730 (RCAEval benchmark artifacts),RCAEval recursive service-fault CSV windows,RE2/RE2-TT/ts-travel-service_disk/2/logts.csv,logs,12056,selected
Zenodo record 14590730 (RCAEval benchmark artifacts),RCAEval recursive service-fault CSV windows,RE2/RE2-TT/ts-travel-service_disk/2/metrics.csv,metrics,25691790,selected
Zenodo record 14590730 (RCAEval benchmark artifacts),RCAEval recursive service-fault CSV windows,RE2/RE2-TT/ts-travel-service_disk/2/simple_metrics.csv,metrics,5955944,selected
Zenodo record 14590730 (RCAEval benchmark artifacts),RCAEval recursive service-fault CSV windows,RE2/RE2-TT/ts-travel-service_disk/2/traces.csv,traces,25438518,selected
Zenodo record 14590730 (RCAEval benchmark artifacts),RCAEval recursive service-fault CSV windows,RE2/RE2-TT/ts-travel-service_disk/2/tracets_err.csv,traces,36053,selected
Zenodo record 14590730 (RCAEval benchmark artifacts),RCAEval recursive service-fault CSV windows,RE2/RE2-TT/ts-travel-service_disk/2/tracets_lat.csv,traces,26069,selected
Zenodo record 14590730 (RCAEval benchmark artifacts),RCAEval recursive service-fault CSV windows,RE2/RE2-TT/ts-travel-service_disk/3/logs.csv,logs,14270087,selected
Zenodo record 14590730 (RCAEval benchmark artifacts),RCAEval recursive service-fault CSV windows,RE2/RE2-TT/ts-travel-service_disk/3/logts.csv,logs,34876,selected
Zenodo record 14590730 (RCAEval benchmark artifacts),RCAEval recursive service-fault CSV windows,RE2/RE2-TT/ts-travel-service_disk/3/metrics.csv,metrics,25702303,selected
Zenodo record 14590730 (RCAEval benchmark artifacts),RCAEval recursive service-fault CSV windows,RE2/RE2-TT/ts-travel-service_disk/3/simple_metrics.csv,metrics,5969867,selected
Zenodo record 14590730 (RCAEval benchmark artifacts),RCAEval recursive service-fault CSV windows,RE2/RE2-TT/ts-travel-service_disk/3/traces.csv,traces,25333134,selected
Zenodo record 14590730 (RCAEval benchmark artifacts),RCAEval recursive service-fault CSV windows,RE2/RE2-TT/ts-travel-service_disk/3/tracets_err.csv,traces,34095,selected
Zenodo record 14590730 (RCAEval benchmark artifacts),RCAEval recursive service-fault CSV windows,RE2/RE2-TT/ts-travel-service_disk/3/tracets_lat.csv,traces,29051,selected
Zenodo record 14590730 (RCAEval benchmark artifacts),RCAEval recursive service-fault CSV windows,RE2/RE2-TT/ts-travel-service_loss/1/logs.csv,logs,129678782,selected
Zenodo record 14590730 (RCAEval benchmark artifacts),RCAEval recursive service-fault CSV windows,RE2/RE2-TT/ts-travel-service_loss/1/logts.csv,logs,42482,selected
Zenodo record 14590730 (RCAEval benchmark artifacts),RCAEval recursive service-fault CSV windows,RE2/RE2-TT/ts-travel-service_loss/1/metrics.csv,metrics,26722345,selected
Zenodo record 14590730 (RCAEval benchmark artifacts),RCAEval recursive service-fault CSV windows,RE2/RE2-TT/ts-travel-service_loss/1/simple_metrics.csv,metrics,6196163,selected
Zenodo record 14590730 (RCAEval benchmark artifacts),RCAEval recursive service-fault CSV windows,RE2/RE2-TT/ts-travel-service_loss/1/traces.csv,traces,134361533,selected
Zenodo record 14590730 (RCAEval benchmark artifacts),RCAEval recursive service-fault CSV windows,RE2/RE2-TT/ts-travel-service_loss/1/tracets_err.csv,traces,68380,selected
Zenodo record 14590730 (RCAEval benchmark artifacts),RCAEval recursive service-fault CSV windows,RE2/RE2-TT/ts-travel-service_loss/1/tracets_lat.csv,traces,54620,selected
Zenodo record 14590730 (RCAEval benchmark artifacts),RCAEval recursive service-fault CSV windows,RE2/RE2-TT/ts-travel-service_loss/2/logs.csv,logs,201434143,selected
Zenodo record 14590730 (RCAEval benchmark artifacts),RCAEval recursive service-fault CSV windows,RE2/RE2-TT/ts-travel-service_loss/2/logts.csv,logs,43776,selected
Zenodo record 14590730 (RCAEval benchmark artifacts),RCAEval recursive service-fault CSV windows,RE2/RE2-TT/ts-travel-service_loss/2/metrics.csv,metrics,26918471,selected
Zenodo record 14590730 (RCAEval benchmark artifacts),RCAEval recursive service-fault CSV windows,RE2/RE2-TT/ts-travel-service_loss/2/simple_metrics.csv,metrics,6270745,selected
Zenodo record 14590730 (RCAEval benchmark artifacts),RCAEval recursive service-fault CSV windows,RE2/RE2-TT/ts-travel-service_loss/2/traces.csv,traces,184796249,selected
Zenodo record 14590730 (RCAEval benchmark artifacts),RCAEval recursive service-fault CSV windows,RE2/RE2-TT/ts-travel-service_loss/2/tracets_err.csv,traces,68698,selected
Zenodo record 14590730 (RCAEval benchmark artifacts),RCAEval recursive service-fault CSV windows,RE2/RE2-TT/ts-travel-service_loss/2/tracets_lat.csv,traces,53096,selected
Zenodo record 14590730 (RCAEval benchmark artifacts),RCAEval recursive service-fault CSV windows,RE2/RE2-TT/ts-travel-service_loss/3/logs.csv,logs,163155897,selected
Zenodo record 14590730 (RCAEval benchmark artifacts),RCAEval recursive service-fault CSV windows,RE2/RE2-TT/ts-travel-service_loss/3/logts.csv,logs,42316,selected
Zenodo record 14590730 (RCAEval benchmark artifacts),RCAEval recursive service-fault CSV windows,RE2/RE2-TT/ts-travel-service_loss/3/metrics.csv,metrics,26749773,selected
Zenodo record 14590730 (RCAEval benchmark artifacts),RCAEval recursive service-fault CSV windows,RE2/RE2-TT/ts-travel-service_loss/3/simple_metrics.csv,metrics,6214195,selected
Zenodo record 14590730 (RCAEval benchmark artifacts),RCAEval recursive service-fault CSV windows,RE2/RE2-TT/ts-travel-service_loss/3/traces.csv,traces,155855010,selected
Zenodo record 14590730 (RCAEval benchmark artifacts),RCAEval recursive service-fault CSV windows,RE2/RE2-TT/ts-travel-service_loss/3/tracets_err.csv,traces,68383,selected
Zenodo record 14590730 (RCAEval benchmark artifacts),RCAEval recursive service-fault CSV windows,RE2/RE2-TT/ts-travel-service_loss/3/tracets_lat.csv,traces,42521,selected
Zenodo record 14590730 (RCAEval benchmark artifacts),RCAEval recursive service-fault CSV windows,RE2/RE2-TT/ts-travel-service_mem/1/logs.csv,logs,131876749,selected
Zenodo record 14590730 (RCAEval benchmark artifacts),RCAEval recursive service-fault CSV windows,RE2/RE2-TT/ts-travel-service_mem/1/logts.csv,logs,42115,selected
Zenodo record 14590730 (RCAEval benchmark artifacts),RCAEval recursive service-fault CSV windows,RE2/RE2-TT/ts-travel-service_mem/1/metrics.csv,metrics,26796459,selected
Zenodo record 14590730 (RCAEval benchmark artifacts),RCAEval recursive service-fault CSV windows,RE2/RE2-TT/ts-travel-service_mem/1/simple_metrics.csv,metrics,6221494,selected
Zenodo record 14590730 (RCAEval benchmark artifacts),RCAEval recursive service-fault CSV windows,RE2/RE2-TT/ts-travel-service_mem/1/traces.csv,traces,126156946,selected
Zenodo record 14590730 (RCAEval benchmark artifacts),RCAEval recursive service-fault CSV windows,RE2/RE2-TT/ts-travel-service_mem/1/tracets_err.csv,traces,68305,selected
Zenodo record 14590730 (RCAEval benchmark artifacts),RCAEval recursive service-fault CSV windows,RE2/RE2-TT/ts-travel-service_mem/1/tracets_lat.csv,traces,42639,selected
Zenodo record 14590730 (RCAEval benchmark artifacts),RCAEval recursive service-fault CSV windows,RE2/RE2-TT/ts-travel-service_mem/2/logs.csv,logs,151176053,selected
Zenodo record 14590730 (RCAEval benchmark artifacts),RCAEval recursive service-fault CSV windows,RE2/RE2-TT/ts-travel-service_mem/2/logts.csv,logs,50475,selected
Zenodo record 14590730 (RCAEval benchmark artifacts),RCAEval recursive service-fault CSV windows,RE2/RE2-TT/ts-travel-service_mem/2/metrics.csv,metrics,26715090,selected
Zenodo record 14590730 (RCAEval benchmark artifacts),RCAEval recursive service-fault CSV windows,RE2/RE2-TT/ts-travel-service_mem/2/simple_metrics.csv,metrics,6208091,selected
Zenodo record 14590730 (RCAEval benchmark artifacts),RCAEval recursive service-fault CSV windows,RE2/RE2-TT/ts-travel-service_mem/2/traces.csv,traces,135424031,selected
Zenodo record 14590730 (RCAEval benchmark artifacts),RCAEval recursive service-fault CSV windows,RE2/RE2-TT/ts-travel-service_mem/2/tracets_err.csv,traces,68764,selected
Zenodo record 14590730 (RCAEval benchmark artifacts),RCAEval recursive service-fault CSV windows,RE2/RE2-TT/ts-travel-service_mem/2/tracets_lat.csv,traces,49617,selected
Zenodo record 14590730 (RCAEval benchmark artifacts),RCAEval recursive service-fault CSV windows,RE2/RE2-TT/ts-travel-service_mem/3/logs.csv,logs,73040246,selected
Zenodo record 14590730 (RCAEval benchmark artifacts),RCAEval recursive service-fault CSV windows,RE2/RE2-TT/ts-travel-service_mem/3/logts.csv,logs,42009,selected
Zenodo record 14590730 (RCAEval benchmark artifacts),RCAEval recursive service-fault CSV windows,RE2/RE2-TT/ts-travel-service_mem/3/metrics.csv,metrics,26666213,selected
Zenodo record 14590730 (RCAEval benchmark artifacts),RCAEval recursive service-fault CSV windows,RE2/RE2-TT/ts-travel-service_mem/3/simple_metrics.csv,metrics,6170118,selected
Zenodo record 14590730 (RCAEval benchmark artifacts),RCAEval recursive service-fault CSV windows,RE2/RE2-TT/ts-travel-service_mem/3/traces.csv,traces,90359678,selected
Zenodo record 14590730 (RCAEval benchmark artifacts),RCAEval recursive service-fault CSV windows,RE2/RE2-TT/ts-travel-service_mem/3/tracets_err.csv,traces,67161,selected
Zenodo record 14590730 (RCAEval benchmark artifacts),RCAEval recursive service-fault CSV windows,RE2/RE2-TT/ts-travel-service_mem/3/tracets_lat.csv,traces,55225,selected
Zenodo record 14590730 (RCAEval benchmark artifacts),RCAEval recursive service-fault CSV windows,RE2/RE2-TT/ts-travel-service_socket/1/logs.csv,logs,14306370,selected
Zenodo record 14590730 (RCAEval benchmark artifacts),RCAEval recursive service-fault CSV windows,RE2/RE2-TT/ts-travel-service_socket/1/logts.csv,logs,29400,selected
Zenodo record 14590730 (RCAEval benchmark artifacts),RCAEval recursive service-fault CSV windows,RE2/RE2-TT/ts-travel-service_socket/1/metrics.csv,metrics,25683531,selected
Zenodo record 14590730 (RCAEval benchmark artifacts),RCAEval recursive service-fault CSV windows,RE2/RE2-TT/ts-travel-service_socket/1/simple_metrics.csv,metrics,5950713,selected
Zenodo record 14590730 (RCAEval benchmark artifacts),RCAEval recursive service-fault CSV windows,RE2/RE2-TT/ts-travel-service_socket/1/traces.csv,traces,24902853,selected
Zenodo record 14590730 (RCAEval benchmark artifacts),RCAEval recursive service-fault CSV windows,RE2/RE2-TT/ts-travel-service_socket/1/tracets_err.csv,traces,34236,selected
Zenodo record 14590730 (RCAEval benchmark artifacts),RCAEval recursive service-fault CSV windows,RE2/RE2-TT/ts-travel-service_socket/1/tracets_lat.csv,traces,23380,selected
Zenodo record 14590730 (RCAEval benchmark artifacts),RCAEval recursive service-fault CSV windows,RE2/RE2-TT/ts-travel-service_socket/2/logs.csv,logs,85229290,selected
Zenodo record 14590730 (RCAEval benchmark artifacts),RCAEval recursive service-fault CSV windows,RE2/RE2-TT/ts-travel-service_socket/2/logts.csv,logs,42826,selected
Zenodo record 14590730 (RCAEval benchmark artifacts),RCAEval recursive service-fault CSV windows,RE2/RE2-TT/ts-travel-service_socket/2/metrics.csv,metrics,27071444,selected
Zenodo record 14590730 (RCAEval benchmark artifacts),RCAEval recursive service-fault CSV windows,RE2/RE2-TT/ts-travel-service_socket/2/simple_metrics.csv,metrics,6225192,selected
Zenodo record 14590730 (RCAEval benchmark artifacts),RCAEval recursive service-fault CSV windows,RE2/RE2-TT/ts-travel-service_socket/2/traces.csv,traces,103064443,selected
Zenodo record 14590730 (RCAEval benchmark artifacts),RCAEval recursive service-fault CSV windows,RE2/RE2-TT/ts-travel-service_socket/2/tracets_err.csv,traces,67629,selected
Zenodo record 14590730 (RCAEval benchmark artifacts),RCAEval recursive service-fault CSV windows,RE2/RE2-TT/ts-travel-service_socket/2/tracets_lat.csv,traces,50047,selected
Zenodo record 14590730 (RCAEval benchmark artifacts),RCAEval recursive service-fault CSV windows,RE2/RE2-TT/ts-travel-service_socket/3/logs.csv,logs,118510766,selected
Zenodo record 14590730 (RCAEval benchmark artifacts),RCAEval recursive service-fault CSV windows,RE2/RE2-TT/ts-travel-service_socket/3/logts.csv,logs,41954,selected
Zenodo record 14590730 (RCAEval benchmark artifacts),RCAEval recursive service-fault CSV windows,RE2/RE2-TT/ts-travel-service_socket/3/metrics.csv,metrics,26845434,selected
Zenodo record 14590730 (RCAEval benchmark artifacts),RCAEval recursive service-fault CSV windows,RE2/RE2-TT/ts-travel-service_socket/3/simple_metrics.csv,metrics,6202943,selected
Zenodo record 14590730 (RCAEval benchmark artifacts),RCAEval recursive service-fault CSV windows,RE2/RE2-TT/ts-travel-service_socket/3/traces.csv,traces,120086935,selected
Zenodo record 14590730 (RCAEval benchmark artifacts),RCAEval recursive service-fault CSV windows,RE2/RE2-TT/ts-travel-service_socket/3/tracets_err.csv,traces,68383,selected
Zenodo record 14590730 (RCAEval benchmark artifacts),RCAEval recursive service-fault CSV windows,RE2/RE2-TT/ts-travel-service_socket/3/tracets_lat.csv,traces,54813,selected
Zenodo record 14590730 (RCAEval benchmark artifacts),RCAEval recursive service-fault CSV windows,RE3/RE3-OB/adservice_f3/1/logs.csv,logs,11129186,selected
Zenodo record 14590730 (RCAEval benchmark artifacts),RCAEval recursive service-fault CSV windows,RE3/RE3-OB/adservice_f3/1/metrics.csv,metrics,6241421,selected
Zenodo record 14590730 (RCAEval benchmark artifacts),RCAEval recursive service-fault CSV windows,RE3/RE3-OB/adservice_f3/1/simple_metrics.csv,metrics,1130519,selected
Zenodo record 14590730 (RCAEval benchmark artifacts),RCAEval recursive service-fault CSV windows,RE3/RE3-OB/adservice_f3/1/traces.csv,traces,29613484,selected
Zenodo record 14590730 (RCAEval benchmark artifacts),RCAEval recursive service-fault CSV windows,RE3/RE3-OB/adservice_f3/2/logs.csv,logs,10891470,selected
Zenodo record 14590730 (RCAEval benchmark artifacts),RCAEval recursive service-fault CSV windows,RE3/RE3-OB/adservice_f3/2/metrics.csv,metrics,6516944,selected
Zenodo record 14590730 (RCAEval benchmark artifacts),RCAEval recursive service-fault CSV windows,RE3/RE3-OB/adservice_f3/2/simple_metrics.csv,metrics,1195528,selected
Zenodo record 14590730 (RCAEval benchmark artifacts),RCAEval recursive service-fault CSV windows,RE3/RE3-OB/adservice_f3/2/traces.csv,traces,29030059,selected
Zenodo record 14590730 (RCAEval benchmark artifacts),RCAEval recursive service-fault CSV windows,RE3/RE3-OB/adservice_f3/3/logs.csv,logs,10888016,selected
Zenodo record 14590730 (RCAEval benchmark artifacts),RCAEval recursive service-fault CSV windows,RE3/RE3-OB/adservice_f3/3/metrics.csv,metrics,6471651,selected
Zenodo record 14590730 (RCAEval benchmark artifacts),RCAEval recursive service-fault CSV windows,RE3/RE3-OB/adservice_f3/3/simple_metrics.csv,metrics,1178810,selected
Zenodo record 14590730 (RCAEval benchmark artifacts),RCAEval recursive service-fault CSV windows,RE3/RE3-OB/adservice_f3/3/traces.csv,traces,29311339,selected
Zenodo record 14590730 (RCAEval benchmark artifacts),RCAEval recursive service-fault CSV windows,RE3/RE3-OB/adservice_f4/1/logs.csv,logs,14060930,selected
Zenodo record 14590730 (RCAEval benchmark artifacts),RCAEval recursive service-fault CSV windows,RE3/RE3-OB/adservice_f4/1/metrics.csv,metrics,6226453,selected
Zenodo record 14590730 (RCAEval benchmark artifacts),RCAEval recursive service-fault CSV windows,RE3/RE3-OB/adservice_f4/1/simple_metrics.csv,metrics,1129536,selected
Zenodo record 14590730 (RCAEval benchmark artifacts),RCAEval recursive service-fault CSV windows,RE3/RE3-OB/adservice_f4/1/traces.csv,traces,29461704,selected
Zenodo record 14590730 (RCAEval benchmark artifacts),RCAEval recursive service-fault CSV windows,RE3/RE3-OB/adservice_f4/2/logs.csv,logs,14090072,selected
Zenodo record 14590730 (RCAEval benchmark artifacts),RCAEval recursive service-fault CSV windows,RE3/RE3-OB/adservice_f4/2/metrics.csv,metrics,6232078,selected
Zenodo record 14590730 (RCAEval benchmark artifacts),RCAEval recursive service-fault CSV windows,RE3/RE3-OB/adservice_f4/2/simple_metrics.csv,metrics,1136706,selected
Zenodo record 14590730 (RCAEval benchmark artifacts),RCAEval recursive service-fault CSV windows,RE3/RE3-OB/adservice_f4/2/traces.csv,traces,29514817,selected
Zenodo record 14590730 (RCAEval benchmark artifacts),RCAEval recursive service-fault CSV windows,RE3/RE3-OB/adservice_f4/3/logs.csv,logs,14021566,selected
Zenodo record 14590730 (RCAEval benchmark artifacts),RCAEval recursive service-fault CSV windows,RE3/RE3-OB/adservice_f4/3/metrics.csv,metrics,6195363,selected
Zenodo record 14590730 (RCAEval benchmark artifacts),RCAEval recursive service-fault CSV windows,RE3/RE3-OB/adservice_f4/3/simple_metrics.csv,metrics,1113285,selected
Zenodo record 14590730 (RCAEval benchmark artifacts),RCAEval recursive service-fault CSV windows,RE3/RE3-OB/adservice_f4/3/traces.csv,traces,29704442,selected
Zenodo record 14590730 (RCAEval benchmark artifacts),RCAEval recursive service-fault CSV windows,RE3/RE3-OB/adservice_f5/1/logs.csv,logs,10867881,selected
Zenodo record 14590730 (RCAEval benchmark artifacts),RCAEval recursive service-fault CSV windows,RE3/RE3-OB/adservice_f5/1/metrics.csv,metrics,6071492,selected
Zenodo record 14590730 (RCAEval benchmark artifacts),RCAEval recursive service-fault CSV windows,RE3/RE3-OB/adservice_f5/1/simple_metrics.csv,metrics,1086992,selected
Zenodo record 14590730 (RCAEval benchmark artifacts),RCAEval recursive service-fault CSV windows,RE3/RE3-OB/adservice_f5/1/traces.csv,traces,29152903,selected
Zenodo record 14590730 (RCAEval benchmark artifacts),RCAEval recursive service-fault CSV windows,RE3/RE3-OB/adservice_f5/2/logs.csv,logs,11062349,selected
Zenodo record 14590730 (RCAEval benchmark artifacts),RCAEval recursive service-fault CSV windows,RE3/RE3-OB/adservice_f5/2/metrics.csv,metrics,6105761,selected
Zenodo record 14590730 (RCAEval benchmark artifacts),RCAEval recursive service-fault CSV windows,RE3/RE3-OB/adservice_f5/2/simple_metrics.csv,metrics,1098759,selected
Zenodo record 14590730 (RCAEval benchmark artifacts),RCAEval recursive service-fault CSV windows,RE3/RE3-OB/adservice_f5/2/traces.csv,traces,29405561,selected
Zenodo record 14590730 (RCAEval benchmark artifacts),RCAEval recursive service-fault CSV windows,RE3/RE3-OB/adservice_f5/3/logs.csv,logs,10959206,selected
Zenodo record 14590730 (RCAEval benchmark artifacts),RCAEval recursive service-fault CSV windows,RE3/RE3-OB/adservice_f5/3/metrics.csv,metrics,6088066,selected
Zenodo record 14590730 (RCAEval benchmark artifacts),RCAEval recursive service-fault CSV windows,RE3/RE3-OB/adservice_f5/3/simple_metrics.csv,metrics,1090291,selected
Zenodo record 14590730 (RCAEval benchmark artifacts),RCAEval recursive service-fault CSV windows,RE3/RE3-OB/adservice_f5/3/traces.csv,traces,29352154,selected
Zenodo record 14590730 (RCAEval benchmark artifacts),RCAEval recursive service-fault CSV windows,RE3/RE3-OB/cartservice_f1/1/logs.csv,logs,10450087,selected
Zenodo record 14590730 (RCAEval benchmark artifacts),RCAEval recursive service-fault CSV windows,RE3/RE3-OB/cartservice_f1/1/metrics.csv,metrics,6213508,selected
Zenodo record 14590730 (RCAEval benchmark artifacts),RCAEval recursive service-fault CSV windows,RE3/RE3-OB/cartservice_f1/1/simple_metrics.csv,metrics,1125627,selected
Zenodo record 14590730 (RCAEval benchmark artifacts),RCAEval recursive service-fault CSV windows,RE3/RE3-OB/cartservice_f1/1/traces.csv,traces,26648179,selected
Zenodo record 14590730 (RCAEval benchmark artifacts),RCAEval recursive service-fault CSV windows,RE3/RE3-OB/cartservice_f1/2/logs.csv,logs,10688890,selected
Zenodo record 14590730 (RCAEval benchmark artifacts),RCAEval recursive service-fault CSV windows,RE3/RE3-OB/cartservice_f1/2/metrics.csv,metrics,6260492,selected
Zenodo record 14590730 (RCAEval benchmark artifacts),RCAEval recursive service-fault CSV windows,RE3/RE3-OB/cartservice_f1/2/simple_metrics.csv,metrics,1143157,selected
Zenodo record 14590730 (RCAEval benchmark artifacts),RCAEval recursive service-fault CSV windows,RE3/RE3-OB/cartservice_f1/2/traces.csv,traces,27043007,selected
Zenodo record 14590730 (RCAEval benchmark artifacts),RCAEval recursive service-fault CSV windows,RE3/RE3-OB/cartservice_f1/3/logs.csv,logs,10611724,selected
Zenodo record 14590730 (RCAEval benchmark artifacts),RCAEval recursive service-fault CSV windows,RE3/RE3-OB/cartservice_f1/3/metrics.csv,metrics,6227530,selected
Zenodo record 14590730 (RCAEval benchmark artifacts),RCAEval recursive service-fault CSV windows,RE3/RE3-OB/cartservice_f1/3/simple_metrics.csv,metrics,1123198,selected
Zenodo record 14590730 (RCAEval benchmark artifacts),RCAEval recursive service-fault CSV windows,RE3/RE3-OB/cartservice_f1/3/traces.csv,traces,27029001,selected
Zenodo record 14590730 (RCAEval benchmark artifacts),RCAEval recursive service-fault CSV windows,RE3/RE3-OB/currencyservice_f1/1/logs.csv,logs,9465033,selected
Zenodo record 14590730 (RCAEval benchmark artifacts),RCAEval recursive service-fault CSV windows,RE3/RE3-OB/currencyservice_f1/1/metrics.csv,metrics,5911142,selected
Zenodo record 14590730 (RCAEval benchmark artifacts),RCAEval recursive service-fault CSV windows,RE3/RE3-OB/currencyservice_f1/1/simple_metrics.csv,metrics,1071585,selected
Zenodo record 14590730 (RCAEval benchmark artifacts),RCAEval recursive service-fault CSV windows,RE3/RE3-OB/currencyservice_f1/1/traces.csv,traces,20777630,selected
Zenodo record 14590730 (RCAEval benchmark artifacts),RCAEval recursive service-fault CSV windows,RE3/RE3-OB/currencyservice_f1/2/logs.csv,logs,9770644,selected
Zenodo record 14590730 (RCAEval benchmark artifacts),RCAEval recursive service-fault CSV windows,RE3/RE3-OB/currencyservice_f1/2/metrics.csv,metrics,5960002,selected
Zenodo record 14590730 (RCAEval benchmark artifacts),RCAEval recursive service-fault CSV windows,RE3/RE3-OB/currencyservice_f1/2/simple_metrics.csv,metrics,1082112,selected
Zenodo record 14590730 (RCAEval benchmark artifacts),RCAEval recursive service-fault CSV windows,RE3/RE3-OB/currencyservice_f1/2/traces.csv,traces,21292767,selected
Zenodo record 14590730 (RCAEval benchmark artifacts),RCAEval recursive service-fault CSV windows,RE3/RE3-OB/currencyservice_f1/3/logs.csv,logs,9477956,selected
Zenodo record 14590730 (RCAEval benchmark artifacts),RCAEval recursive service-fault CSV windows,RE3/RE3-OB/currencyservice_f1/3/metrics.csv,metrics,5980441,selected
Zenodo record 14590730 (RCAEval benchmark artifacts),RCAEval recursive service-fault CSV windows,RE3/RE3-OB/currencyservice_f1/3/simple_metrics.csv,metrics,1079379,selected
Zenodo record 14590730 (RCAEval benchmark artifacts),RCAEval recursive service-fault CSV windows,RE3/RE3-OB/currencyservice_f1/3/traces.csv,traces,20896329,selected
Zenodo record 14590730 (RCAEval benchmark artifacts),RCAEval recursive service-fault CSV windows,RE3/RE3-OB/emailservice_f1/1/logs.csv,logs,11106711,selected
Zenodo record 14590730 (RCAEval benchmark artifacts),RCAEval recursive service-fault CSV windows,RE3/RE3-OB/emailservice_f1/1/metrics.csv,metrics,6100723,selected
Zenodo record 14590730 (RCAEval benchmark artifacts),RCAEval recursive service-fault CSV windows,RE3/RE3-OB/emailservice_f1/1/simple_metrics.csv,metrics,1100791,selected
Zenodo record 14590730 (RCAEval benchmark artifacts),RCAEval recursive service-fault CSV windows,RE3/RE3-OB/emailservice_f1/1/traces.csv,traces,29538448,selected
Zenodo record 14590730 (RCAEval benchmark artifacts),RCAEval recursive service-fault CSV windows,RE3/RE3-OB/emailservice_f1/2/logs.csv,logs,11087755,selected
Zenodo record 14590730 (RCAEval benchmark artifacts),RCAEval recursive service-fault CSV windows,RE3/RE3-OB/emailservice_f1/2/metrics.csv,metrics,6153919,selected
Zenodo record 14590730 (RCAEval benchmark artifacts),RCAEval recursive service-fault CSV windows,RE3/RE3-OB/emailservice_f1/2/simple_metrics.csv,metrics,1110152,selected
Zenodo record 14590730 (RCAEval benchmark artifacts),RCAEval recursive service-fault CSV windows,RE3/RE3-OB/emailservice_f1/2/traces.csv,traces,29293022,selected
Zenodo record 14590730 (RCAEval benchmark artifacts),RCAEval recursive service-fault CSV windows,RE3/RE3-OB/emailservice_f1/3/logs.csv,logs,10856695,selected
Zenodo record 14590730 (RCAEval benchmark artifacts),RCAEval recursive service-fault CSV windows,RE3/RE3-OB/emailservice_f1/3/metrics.csv,metrics,6133273,selected
Zenodo record 14590730 (RCAEval benchmark artifacts),RCAEval recursive service-fault CSV windows,RE3/RE3-OB/emailservice_f1/3/simple_metrics.csv,metrics,1101817,selected
Zenodo record 14590730 (RCAEval benchmark artifacts),RCAEval recursive service-fault CSV windows,RE3/RE3-OB/emailservice_f1/3/traces.csv,traces,29100843,selected
Zenodo record 14590730 (RCAEval benchmark artifacts),RCAEval recursive service-fault CSV windows,RE3/RE3-OB/emailservice_f2/1/logs.csv,logs,11261085,selected
Zenodo record 14590730 (RCAEval benchmark artifacts),RCAEval recursive service-fault CSV windows,RE3/RE3-OB/emailservice_f2/1/metrics.csv,metrics,6104721,selected
Zenodo record 14590730 (RCAEval benchmark artifacts),RCAEval recursive service-fault CSV windows,RE3/RE3-OB/emailservice_f2/1/simple_metrics.csv,metrics,1095715,selected
Zenodo record 14590730 (RCAEval benchmark artifacts),RCAEval recursive service-fault CSV windows,RE3/RE3-OB/emailservice_f2/1/traces.csv,traces,29814345,selected
Zenodo record 14590730 (RCAEval benchmark artifacts),RCAEval recursive service-fault CSV windows,RE3/RE3-OB/emailservice_f2/2/logs.csv,logs,11129463,selected
Zenodo record 14590730 (RCAEval benchmark artifacts),RCAEval recursive service-fault CSV windows,RE3/RE3-OB/emailservice_f2/2/metrics.csv,metrics,6113894,selected
Zenodo record 14590730 (RCAEval benchmark artifacts),RCAEval recursive service-fault CSV windows,RE3/RE3-OB/emailservice_f2/2/simple_metrics.csv,metrics,1098281,selected
Zenodo record 14590730 (RCAEval benchmark artifacts),RCAEval recursive service-fault CSV windows,RE3/RE3-OB/emailservice_f2/2/traces.csv,traces,29492719,selected
Zenodo record 14590730 (RCAEval benchmark artifacts),RCAEval recursive service-fault CSV windows,RE3/RE3-OB/emailservice_f2/3/logs.csv,logs,11062719,selected
Zenodo record 14590730 (RCAEval benchmark artifacts),RCAEval recursive service-fault CSV windows,RE3/RE3-OB/emailservice_f2/3/metrics.csv,metrics,6130269,selected
Zenodo record 14590730 (RCAEval benchmark artifacts),RCAEval recursive service-fault CSV windows,RE3/RE3-OB/emailservice_f2/3/simple_metrics.csv,metrics,1102822,selected
Zenodo record 14590730 (RCAEval benchmark artifacts),RCAEval recursive service-fault CSV windows,RE3/RE3-OB/emailservice_f2/3/traces.csv,traces,29245286,selected
Zenodo record 14590730 (RCAEval benchmark artifacts),RCAEval recursive service-fault CSV windows,RE3/RE3-OB/emailservice_f3/1/logs.csv,logs,11031970,selected
Zenodo record 14590730 (RCAEval benchmark artifacts),RCAEval recursive service-fault CSV windows,RE3/RE3-OB/emailservice_f3/1/metrics.csv,metrics,6199844,selected
Zenodo record 14590730 (RCAEval benchmark artifacts),RCAEval recursive service-fault CSV windows,RE3/RE3-OB/emailservice_f3/1/simple_metrics.csv,metrics,1132705,selected
Zenodo record 14590730 (RCAEval benchmark artifacts),RCAEval recursive service-fault CSV windows,RE3/RE3-OB/emailservice_f3/1/traces.csv,traces,29101311,selected
Zenodo record 14590730 (RCAEval benchmark artifacts),RCAEval recursive service-fault CSV windows,RE3/RE3-OB/emailservice_f3/2/logs.csv,logs,11256178,selected
Zenodo record 14590730 (RCAEval benchmark artifacts),RCAEval recursive service-fault CSV windows,RE3/RE3-OB/emailservice_f3/2/metrics.csv,metrics,6244628,selected
Zenodo record 14590730 (RCAEval benchmark artifacts),RCAEval recursive service-fault CSV windows,RE3/RE3-OB/emailservice_f3/2/simple_metrics.csv,metrics,1141651,selected
Zenodo record 14590730 (RCAEval benchmark artifacts),RCAEval recursive service-fault CSV windows,RE3/RE3-OB/emailservice_f3/2/traces.csv,traces,29828158,selected
Zenodo record 14590730 (RCAEval benchmark artifacts),RCAEval recursive service-fault CSV windows,RE3/RE3-OB/emailservice_f3/3/logs.csv,logs,11277006,selected
Zenodo record 14590730 (RCAEval benchmark artifacts),RCAEval recursive service-fault CSV windows,RE3/RE3-OB/emailservice_f3/3/metrics.csv,metrics,6211177,selected
Zenodo record 14590730 (RCAEval benchmark artifacts),RCAEval recursive service-fault CSV windows,RE3/RE3-OB/emailservice_f3/3/simple_metrics.csv,metrics,1131541,selected
Zenodo record 14590730 (RCAEval benchmark artifacts),RCAEval recursive service-fault CSV windows,RE3/RE3-OB/emailservice_f3/3/traces.csv,traces,30056325,selected
Zenodo record 14590730 (RCAEval benchmark artifacts),RCAEval recursive service-fault CSV windows,RE3/RE3-OB/emailservice_f4/1/logs.csv,logs,11155671,selected
Zenodo record 14590730 (RCAEval benchmark artifacts),RCAEval recursive service-fault CSV windows,RE3/RE3-OB/emailservice_f4/1/metrics.csv,metrics,6186831,selected
Zenodo record 14590730 (RCAEval benchmark artifacts),RCAEval recursive service-fault CSV windows,RE3/RE3-OB/emailservice_f4/1/simple_metrics.csv,metrics,1115611,selected
Zenodo record 14590730 (RCAEval benchmark artifacts),RCAEval recursive service-fault CSV windows,RE3/RE3-OB/emailservice_f4/1/traces.csv,traces,29638708,selected
Zenodo record 14590730 (RCAEval benchmark artifacts),RCAEval recursive service-fault CSV windows,RE3/RE3-OB/emailservice_f4/2/logs.csv,logs,11331024,selected
Zenodo record 14590730 (RCAEval benchmark artifacts),RCAEval recursive service-fault CSV windows,RE3/RE3-OB/emailservice_f4/2/metrics.csv,metrics,6207292,selected
Zenodo record 14590730 (RCAEval benchmark artifacts),RCAEval recursive service-fault CSV windows,RE3/RE3-OB/emailservice_f4/2/simple_metrics.csv,metrics,1117233,selected
Zenodo record 14590730 (RCAEval benchmark artifacts),RCAEval recursive service-fault CSV windows,RE3/RE3-OB/emailservice_f4/2/traces.csv,traces,29961976,selected
Zenodo record 14590730 (RCAEval benchmark artifacts),RCAEval recursive service-fault CSV windows,RE3/RE3-OB/emailservice_f4/3/logs.csv,logs,10979721,selected
Zenodo record 14590730 (RCAEval benchmark artifacts),RCAEval recursive service-fault CSV windows,RE3/RE3-OB/emailservice_f4/3/metrics.csv,metrics,6220166,selected
Zenodo record 14590730 (RCAEval benchmark artifacts),RCAEval recursive service-fault CSV windows,RE3/RE3-OB/emailservice_f4/3/simple_metrics.csv,metrics,1127793,selected
Zenodo record 14590730 (RCAEval benchmark artifacts),RCAEval recursive service-fault CSV windows,RE3/RE3-OB/emailservice_f4/3/traces.csv,traces,29234446,selected
Zenodo record 14590730 (RCAEval benchmark artifacts),RCAEval recursive service-fault CSV windows,RE3/RE3-OB/emailservice_f5/1/logs.csv,logs,11109908,selected
Zenodo record 14590730 (RCAEval benchmark artifacts),RCAEval recursive service-fault CSV windows,RE3/RE3-OB/emailservice_f5/1/metrics.csv,metrics,6083591,selected
Zenodo record 14590730 (RCAEval benchmark artifacts),RCAEval recursive service-fault CSV windows,RE3/RE3-OB/emailservice_f5/1/simple_metrics.csv,metrics,1092361,selected
Zenodo record 14590730 (RCAEval benchmark artifacts),RCAEval recursive service-fault CSV windows,RE3/RE3-OB/emailservice_f5/1/traces.csv,traces,29382714,selected
Zenodo record 14590730 (RCAEval benchmark artifacts),RCAEval recursive service-fault CSV windows,RE3/RE3-OB/emailservice_f5/2/logs.csv,logs,11185746,selected
Zenodo record 14590730 (RCAEval benchmark artifacts),RCAEval recursive service-fault CSV windows,RE3/RE3-OB/emailservice_f5/2/metrics.csv,metrics,6111163,selected
Zenodo record 14590730 (RCAEval benchmark artifacts),RCAEval recursive service-fault CSV windows,RE3/RE3-OB/emailservice_f5/2/simple_metrics.csv,metrics,1090887,selected
Zenodo record 14590730 (RCAEval benchmark artifacts),RCAEval recursive service-fault CSV windows,RE3/RE3-OB/emailservice_f5/2/traces.csv,traces,29689543,selected
Zenodo record 14590730 (RCAEval benchmark artifacts),RCAEval recursive service-fault CSV windows,RE3/RE3-OB/emailservice_f5/3/logs.csv,logs,11101256,selected
Zenodo record 14590730 (RCAEval benchmark artifacts),RCAEval recursive service-fault CSV windows,RE3/RE3-OB/emailservice_f5/3/metrics.csv,metrics,6121875,selected
Zenodo record 14590730 (RCAEval benchmark artifacts),RCAEval recursive service-fault CSV windows,RE3/RE3-OB/emailservice_f5/3/simple_metrics.csv,metrics,1104826,selected
Zenodo record 14590730 (RCAEval benchmark artifacts),RCAEval recursive service-fault CSV windows,RE3/RE3-OB/emailservice_f5/3/traces.csv,traces,29396833,selected
Zenodo record 14590730 (RCAEval benchmark artifacts),RCAEval recursive service-fault CSV windows,RE3/RE3-SS/carts_f1/1/logs.csv,logs,24129399,selected
Zenodo record 14590730 (RCAEval benchmark artifacts),RCAEval recursive service-fault CSV windows,RE3/RE3-SS/carts_f1/1/metrics.csv,metrics,6692029,selected
Zenodo record 14590730 (RCAEval benchmark artifacts),RCAEval recursive service-fault CSV windows,RE3/RE3-SS/carts_f1/1/simple_metrics.csv,metrics,1259774,selected
Zenodo record 14590730 (RCAEval benchmark artifacts),RCAEval recursive service-fault CSV windows,RE3/RE3-SS/carts_f1/2/logs.csv,logs,24206155,selected
Zenodo record 14590730 (RCAEval benchmark artifacts),RCAEval recursive service-fault CSV windows,RE3/RE3-SS/carts_f1/2/metrics.csv,metrics,6691702,selected
Zenodo record 14590730 (RCAEval benchmark artifacts),RCAEval recursive service-fault CSV windows,RE3/RE3-SS/carts_f1/2/simple_metrics.csv,metrics,1264386,selected
Zenodo record 14590730 (RCAEval benchmark artifacts),RCAEval recursive service-fault CSV windows,RE3/RE3-SS/carts_f1/3/logs.csv,logs,24240653,selected
Zenodo record 14590730 (RCAEval benchmark artifacts),RCAEval recursive service-fault CSV windows,RE3/RE3-SS/carts_f1/3/metrics.csv,metrics,6943125,selected
Zenodo record 14590730 (RCAEval benchmark artifacts),RCAEval recursive service-fault CSV windows,RE3/RE3-SS/carts_f1/3/simple_metrics.csv,metrics,1313056,selected
Zenodo record 14590730 (RCAEval benchmark artifacts),RCAEval recursive service-fault CSV windows,RE3/RE3-SS/carts_f1/3/traces.csv,traces,116,selected
Zenodo record 14590730 (RCAEval benchmark artifacts),RCAEval recursive service-fault CSV windows,RE3/RE3-SS/carts_f1/4/logs.csv,logs,24306296,selected
Zenodo record 14590730 (RCAEval benchmark artifacts),RCAEval recursive service-fault CSV windows,RE3/RE3-SS/carts_f1/4/metrics.csv,metrics,6861536,selected
Zenodo record 14590730 (RCAEval benchmark artifacts),RCAEval recursive service-fault CSV windows,RE3/RE3-SS/carts_f1/4/simple_metrics.csv,metrics,1291509,selected
Zenodo record 14590730 (RCAEval benchmark artifacts),RCAEval recursive service-fault CSV windows,RE3/RE3-SS/carts_f3/1/logs.csv,logs,24030783,selected
Zenodo record 14590730 (RCAEval benchmark artifacts),RCAEval recursive service-fault CSV windows,RE3/RE3-SS/carts_f3/1/metrics.csv,metrics,6616842,selected
Zenodo record 14590730 (RCAEval benchmark artifacts),RCAEval recursive service-fault CSV windows,RE3/RE3-SS/carts_f3/1/simple_metrics.csv,metrics,1239050,selected
Zenodo record 14590730 (RCAEval benchmark artifacts),RCAEval recursive service-fault CSV windows,RE3/RE3-SS/carts_f3/2/logs.csv,logs,24055776,selected
Zenodo record 14590730 (RCAEval benchmark artifacts),RCAEval recursive service-fault CSV windows,RE3/RE3-SS/carts_f3/2/metrics.csv,metrics,6622748,selected
Zenodo record 14590730 (RCAEval benchmark artifacts),RCAEval recursive service-fault CSV windows,RE3/RE3-SS/carts_f3/2/simple_metrics.csv,metrics,1241980,selected
Zenodo record 14590730 (RCAEval benchmark artifacts),RCAEval recursive service-fault CSV windows,RE3/RE3-SS/carts_f3/3/logs.csv,logs,24180531,selected
Zenodo record 14590730 (RCAEval benchmark artifacts),RCAEval recursive service-fault CSV windows,RE3/RE3-SS/carts_f3/3/metrics.csv,metrics,6729724,selected
Zenodo record 14590730 (RCAEval benchmark artifacts),RCAEval recursive service-fault CSV windows,RE3/RE3-SS/carts_f3/3/simple_metrics.csv,metrics,1262101,selected
Zenodo record 14590730 (RCAEval benchmark artifacts),RCAEval recursive service-fault CSV windows,RE3/RE3-SS/carts_f3/3/traces.csv,traces,116,selected
Zenodo record 14590730 (RCAEval benchmark artifacts),RCAEval recursive service-fault CSV windows,RE3/RE3-SS/carts_f3/4/logs.csv,logs,24238750,selected
Zenodo record 14590730 (RCAEval benchmark artifacts),RCAEval recursive service-fault CSV windows,RE3/RE3-SS/carts_f3/4/metrics.csv,metrics,6797139,selected
Zenodo record 14590730 (RCAEval benchmark artifacts),RCAEval recursive service-fault CSV windows,RE3/RE3-SS/carts_f3/4/simple_metrics.csv,metrics,1289306,selected
Zenodo record 14590730 (RCAEval benchmark artifacts),RCAEval recursive service-fault CSV windows,RE3/RE3-SS/carts_f4/1/logs.csv,logs,24241385,selected
Zenodo record 14590730 (RCAEval benchmark artifacts),RCAEval recursive service-fault CSV windows,RE3/RE3-SS/carts_f4/1/metrics.csv,metrics,6612593,selected
Zenodo record 14590730 (RCAEval benchmark artifacts),RCAEval recursive service-fault CSV windows,RE3/RE3-SS/carts_f4/1/simple_metrics.csv,metrics,1242427,selected
Zenodo record 14590730 (RCAEval benchmark artifacts),RCAEval recursive service-fault CSV windows,RE3/RE3-SS/carts_f4/2/logs.csv,logs,24348284,selected
Zenodo record 14590730 (RCAEval benchmark artifacts),RCAEval recursive service-fault CSV windows,RE3/RE3-SS/carts_f4/2/metrics.csv,metrics,6615607,selected
Zenodo record 14590730 (RCAEval benchmark artifacts),RCAEval recursive service-fault CSV windows,RE3/RE3-SS/carts_f4/2/simple_metrics.csv,metrics,1243193,selected
Zenodo record 14590730 (RCAEval benchmark artifacts),RCAEval recursive service-fault CSV windows,RE3/RE3-SS/carts_f4/3/logs.csv,logs,24195212,selected
Zenodo record 14590730 (RCAEval benchmark artifacts),RCAEval recursive service-fault CSV windows,RE3/RE3-SS/carts_f4/3/metrics.csv,metrics,6710260,selected
Zenodo record 14590730 (RCAEval benchmark artifacts),RCAEval recursive service-fault CSV windows,RE3/RE3-SS/carts_f4/3/simple_metrics.csv,metrics,1252994,selected
Zenodo record 14590730 (RCAEval benchmark artifacts),RCAEval recursive service-fault CSV windows,RE3/RE3-SS/carts_f4/3/traces.csv,traces,116,selected
Zenodo record 14590730 (RCAEval benchmark artifacts),RCAEval recursive service-fault CSV windows,RE3/RE3-SS/carts_f4/4/logs.csv,logs,24333271,selected
Zenodo record 14590730 (RCAEval benchmark artifacts),RCAEval recursive service-fault CSV windows,RE3/RE3-SS/carts_f4/4/metrics.csv,metrics,6772064,selected
Zenodo record 14590730 (RCAEval benchmark artifacts),RCAEval recursive service-fault CSV windows,RE3/RE3-SS/carts_f4/4/simple_metrics.csv,metrics,1279210,selected
Zenodo record 14590730 (RCAEval benchmark artifacts),RCAEval recursive service-fault CSV windows,RE3/RE3-SS/front-end_f1/1/logs.csv,logs,24394598,selected
Zenodo record 14590730 (RCAEval benchmark artifacts),RCAEval recursive service-fault CSV windows,RE3/RE3-SS/front-end_f1/1/metrics.csv,metrics,6567991,selected
Zenodo record 14590730 (RCAEval benchmark artifacts),RCAEval recursive service-fault CSV windows,RE3/RE3-SS/front-end_f1/1/simple_metrics.csv,metrics,1247730,selected
Zenodo record 14590730 (RCAEval benchmark artifacts),RCAEval recursive service-fault CSV windows,RE3/RE3-SS/front-end_f1/2/logs.csv,logs,24383648,selected
Zenodo record 14590730 (RCAEval benchmark artifacts),RCAEval recursive service-fault CSV windows,RE3/RE3-SS/front-end_f1/2/metrics.csv,metrics,6574688,selected
Zenodo record 14590730 (RCAEval benchmark artifacts),RCAEval recursive service-fault CSV windows,RE3/RE3-SS/front-end_f1/2/simple_metrics.csv,metrics,1246352,selected
Zenodo record 14590730 (RCAEval benchmark artifacts),RCAEval recursive service-fault CSV windows,RE3/RE3-SS/front-end_f1/3/logs.csv,logs,24198988,selected
Zenodo record 14590730 (RCAEval benchmark artifacts),RCAEval recursive service-fault CSV windows,RE3/RE3-SS/front-end_f1/3/metrics.csv,metrics,6645678,selected
Zenodo record 14590730 (RCAEval benchmark artifacts),RCAEval recursive service-fault CSV windows,RE3/RE3-SS/front-end_f1/3/simple_metrics.csv,metrics,1249718,selected
Zenodo record 14590730 (RCAEval benchmark artifacts),RCAEval recursive service-fault CSV windows,RE3/RE3-SS/front-end_f1/3/traces.csv,traces,116,selected
Zenodo record 14590730 (RCAEval benchmark artifacts),RCAEval recursive service-fault CSV windows,RE3/RE3-SS/front-end_f2/1/logs.csv,logs,24479433,selected
Zenodo record 14590730 (RCAEval benchmark artifacts),RCAEval recursive service-fault CSV windows,RE3/RE3-SS/front-end_f2/1/metrics.csv,metrics,6582057,selected
Zenodo record 14590730 (RCAEval benchmark artifacts),RCAEval recursive service-fault CSV windows,RE3/RE3-SS/front-end_f2/1/simple_metrics.csv,metrics,1247260,selected
Zenodo record 14590730 (RCAEval benchmark artifacts),RCAEval recursive service-fault CSV windows,RE3/RE3-SS/front-end_f2/2/logs.csv,logs,24539441,selected
Zenodo record 14590730 (RCAEval benchmark artifacts),RCAEval recursive service-fault CSV windows,RE3/RE3-SS/front-end_f2/2/metrics.csv,metrics,6603285,selected
Zenodo record 14590730 (RCAEval benchmark artifacts),RCAEval recursive service-fault CSV windows,RE3/RE3-SS/front-end_f2/2/simple_metrics.csv,metrics,1254584,selected
Zenodo record 14590730 (RCAEval benchmark artifacts),RCAEval recursive service-fault CSV windows,RE3/RE3-SS/front-end_f2/3/logs.csv,logs,24745515,selected
Zenodo record 14590730 (RCAEval benchmark artifacts),RCAEval recursive service-fault CSV windows,RE3/RE3-SS/front-end_f2/3/metrics.csv,metrics,6643055,selected
Zenodo record 14590730 (RCAEval benchmark artifacts),RCAEval recursive service-fault CSV windows,RE3/RE3-SS/front-end_f2/3/simple_metrics.csv,metrics,1252591,selected
Zenodo record 14590730 (RCAEval benchmark artifacts),RCAEval recursive service-fault CSV windows,RE3/RE3-SS/front-end_f2/3/traces.csv,traces,116,selected
Zenodo record 14590730 (RCAEval benchmark artifacts),RCAEval recursive service-fault CSV windows,RE3/RE3-SS/front-end_f3/1/logs.csv,logs,13193383,selected
Zenodo record 14590730 (RCAEval benchmark artifacts),RCAEval recursive service-fault CSV windows,RE3/RE3-SS/front-end_f3/1/metrics.csv,metrics,6227093,selected
Zenodo record 14590730 (RCAEval benchmark artifacts),RCAEval recursive service-fault CSV windows,RE3/RE3-SS/front-end_f3/1/simple_metrics.csv,metrics,1154366,selected
Zenodo record 14590730 (RCAEval benchmark artifacts),RCAEval recursive service-fault CSV windows,RE3/RE3-SS/front-end_f3/1/traces.csv,traces,116,selected
Zenodo record 14590730 (RCAEval benchmark artifacts),RCAEval recursive service-fault CSV windows,RE3/RE3-SS/front-end_f3/2/logs.csv,logs,13358994,selected
Zenodo record 14590730 (RCAEval benchmark artifacts),RCAEval recursive service-fault CSV windows,RE3/RE3-SS/front-end_f3/2/metrics.csv,metrics,6189244,selected
Zenodo record 14590730 (RCAEval benchmark artifacts),RCAEval recursive service-fault CSV windows,RE3/RE3-SS/front-end_f3/2/simple_metrics.csv,metrics,1152461,selected
Zenodo record 14590730 (RCAEval benchmark artifacts),RCAEval recursive service-fault CSV windows,RE3/RE3-SS/front-end_f3/2/traces.csv,traces,116,selected
Zenodo record 14590730 (RCAEval benchmark artifacts),RCAEval recursive service-fault CSV windows,RE3/RE3-SS/front-end_f3/3/logs.csv,logs,13463362,selected
Zenodo record 14590730 (RCAEval benchmark artifacts),RCAEval recursive service-fault CSV windows,RE3/RE3-SS/front-end_f3/3/metrics.csv,metrics,6180775,selected
Zenodo record 14590730 (RCAEval benchmark artifacts),RCAEval recursive service-fault CSV windows,RE3/RE3-SS/front-end_f3/3/simple_metrics.csv,metrics,1144437,selected
Zenodo record 14590730 (RCAEval benchmark artifacts),RCAEval recursive service-fault CSV windows,RE3/RE3-SS/front-end_f3/3/traces.csv,traces,116,selected
Zenodo record 14590730 (RCAEval benchmark artifacts),RCAEval recursive service-fault CSV windows,RE3/RE3-SS/orders_f1/1/logs.csv,logs,32317325,selected
Zenodo record 14590730 (RCAEval benchmark artifacts),RCAEval recursive service-fault CSV windows,RE3/RE3-SS/orders_f1/1/metrics.csv,metrics,6579179,selected
Zenodo record 14590730 (RCAEval benchmark artifacts),RCAEval recursive service-fault CSV windows,RE3/RE3-SS/orders_f1/1/simple_metrics.csv,metrics,1240372,selected
Zenodo record 14590730 (RCAEval benchmark artifacts),RCAEval recursive service-fault CSV windows,RE3/RE3-SS/orders_f1/1/traces.csv,traces,116,selected
Zenodo record 14590730 (RCAEval benchmark artifacts),RCAEval recursive service-fault CSV windows,RE3/RE3-SS/orders_f1/2/logs.csv,logs,32265565,selected
Zenodo record 14590730 (RCAEval benchmark artifacts),RCAEval recursive service-fault CSV windows,RE3/RE3-SS/orders_f1/2/metrics.csv,metrics,6564084,selected
Zenodo record 14590730 (RCAEval benchmark artifacts),RCAEval recursive service-fault CSV windows,RE3/RE3-SS/orders_f1/2/simple_metrics.csv,metrics,1237376,selected
Zenodo record 14590730 (RCAEval benchmark artifacts),RCAEval recursive service-fault CSV windows,RE3/RE3-SS/orders_f1/2/traces.csv,traces,116,selected
Zenodo record 14590730 (RCAEval benchmark artifacts),RCAEval recursive service-fault CSV windows,RE3/RE3-SS/orders_f1/3/logs.csv,logs,32331580,selected
Zenodo record 14590730 (RCAEval benchmark artifacts),RCAEval recursive service-fault CSV windows,RE3/RE3-SS/orders_f1/3/metrics.csv,metrics,6573962,selected
Zenodo record 14590730 (RCAEval benchmark artifacts),RCAEval recursive service-fault CSV windows,RE3/RE3-SS/orders_f1/3/simple_metrics.csv,metrics,1226541,selected
Zenodo record 14590730 (RCAEval benchmark artifacts),RCAEval recursive service-fault CSV windows,RE3/RE3-SS/orders_f1/3/traces.csv,traces,116,selected
Zenodo record 14590730 (RCAEval benchmark artifacts),RCAEval recursive service-fault CSV windows,RE3/RE3-SS/orders_f3/1/logs.csv,logs,21886478,selected
Zenodo record 14590730 (RCAEval benchmark artifacts),RCAEval recursive service-fault CSV windows,RE3/RE3-SS/orders_f3/1/metrics.csv,metrics,6598588,selected
Zenodo record 14590730 (RCAEval benchmark artifacts),RCAEval recursive service-fault CSV windows,RE3/RE3-SS/orders_f3/1/simple_metrics.csv,metrics,1246876,selected
Zenodo record 14590730 (RCAEval benchmark artifacts),RCAEval recursive service-fault CSV windows,RE3/RE3-SS/orders_f3/2/logs.csv,logs,21944128,selected
Zenodo record 14590730 (RCAEval benchmark artifacts),RCAEval recursive service-fault CSV windows,RE3/RE3-SS/orders_f3/2/metrics.csv,metrics,6571846,selected
Zenodo record 14590730 (RCAEval benchmark artifacts),RCAEval recursive service-fault CSV windows,RE3/RE3-SS/orders_f3/2/simple_metrics.csv,metrics,1246315,selected
Zenodo record 14590730 (RCAEval benchmark artifacts),RCAEval recursive service-fault CSV windows,RE3/RE3-SS/orders_f3/3/logs.csv,logs,22020708,selected
Zenodo record 14590730 (RCAEval benchmark artifacts),RCAEval recursive service-fault CSV windows,RE3/RE3-SS/orders_f3/3/metrics.csv,metrics,6605268,selected
Zenodo record 14590730 (RCAEval benchmark artifacts),RCAEval recursive service-fault CSV windows,RE3/RE3-SS/orders_f3/3/simple_metrics.csv,metrics,1241584,selected
Zenodo record 14590730 (RCAEval benchmark artifacts),RCAEval recursive service-fault CSV windows,RE3/RE3-SS/orders_f3/3/traces.csv,traces,116,selected
Zenodo record 14590730 (RCAEval benchmark artifacts),RCAEval recursive service-fault CSV windows,RE3/RE3-SS/orders_f4/1/logs.csv,logs,14326682,selected
Zenodo record 14590730 (RCAEval benchmark artifacts),RCAEval recursive service-fault CSV windows,RE3/RE3-SS/orders_f4/1/metrics.csv,metrics,6335325,selected
Zenodo record 14590730 (RCAEval benchmark artifacts),RCAEval recursive service-fault CSV windows,RE3/RE3-SS/orders_f4/1/simple_metrics.csv,metrics,1187042,selected
Zenodo record 14590730 (RCAEval benchmark artifacts),RCAEval recursive service-fault CSV windows,RE3/RE3-SS/orders_f4/2/logs.csv,logs,11446304,selected
Zenodo record 14590730 (RCAEval benchmark artifacts),RCAEval recursive service-fault CSV windows,RE3/RE3-SS/orders_f4/2/metrics.csv,metrics,6203094,selected
Zenodo record 14590730 (RCAEval benchmark artifacts),RCAEval recursive service-fault CSV windows,RE3/RE3-SS/orders_f4/2/simple_metrics.csv,metrics,1156045,selected
Zenodo record 14590730 (RCAEval benchmark artifacts),RCAEval recursive service-fault CSV windows,RE3/RE3-SS/orders_f4/3/logs.csv,logs,14331253,selected
Zenodo record 14590730 (RCAEval benchmark artifacts),RCAEval recursive service-fault CSV windows,RE3/RE3-SS/orders_f4/3/metrics.csv,metrics,6396449,selected
Zenodo record 14590730 (RCAEval benchmark artifacts),RCAEval recursive service-fault CSV windows,RE3/RE3-SS/orders_f4/3/simple_metrics.csv,metrics,1189181,selected
Zenodo record 14590730 (RCAEval benchmark artifacts),RCAEval recursive service-fault CSV windows,RE3/RE3-SS/orders_f4/3/traces.csv,traces,116,selected
Zenodo record 14590730 (RCAEval benchmark artifacts),RCAEval recursive service-fault CSV windows,RE3/RE3-TT/ts-auth-service_f1/1/logs.csv,logs,13629073,selected
Zenodo record 14590730 (RCAEval benchmark artifacts),RCAEval recursive service-fault CSV windows,RE3/RE3-TT/ts-auth-service_f1/1/metrics.csv,metrics,21419712,selected
Zenodo record 14590730 (RCAEval benchmark artifacts),RCAEval recursive service-fault CSV windows,RE3/RE3-TT/ts-auth-service_f1/1/simple_metrics.csv,metrics,5564217,selected
Zenodo record 14590730 (RCAEval benchmark artifacts),RCAEval recursive service-fault CSV windows,RE3/RE3-TT/ts-auth-service_f1/1/traces.csv,traces,13511389,selected
Zenodo record 14590730 (RCAEval benchmark artifacts),RCAEval recursive service-fault CSV windows,RE3/RE3-TT/ts-auth-service_f1/2/logs.csv,logs,13138341,selected
Zenodo record 14590730 (RCAEval benchmark artifacts),RCAEval recursive service-fault CSV windows,RE3/RE3-TT/ts-auth-service_f1/2/metrics.csv,metrics,21462266,selected
Zenodo record 14590730 (RCAEval benchmark artifacts),RCAEval recursive service-fault CSV windows,RE3/RE3-TT/ts-auth-service_f1/2/simple_metrics.csv,metrics,5559562,selected
Zenodo record 14590730 (RCAEval benchmark artifacts),RCAEval recursive service-fault CSV windows,RE3/RE3-TT/ts-auth-service_f1/2/traces.csv,traces,13185572,selected
Zenodo record 14590730 (RCAEval benchmark artifacts),RCAEval recursive service-fault CSV windows,RE3/RE3-TT/ts-auth-service_f1/3/logs.csv,logs,14346621,selected
Zenodo record 14590730 (RCAEval benchmark artifacts),RCAEval recursive service-fault CSV windows,RE3/RE3-TT/ts-auth-service_f1/3/metrics.csv,metrics,21353885,selected
Zenodo record 14590730 (RCAEval benchmark artifacts),RCAEval recursive service-fault CSV windows,RE3/RE3-TT/ts-auth-service_f1/3/simple_metrics.csv,metrics,5557341,selected
Zenodo record 14590730 (RCAEval benchmark artifacts),RCAEval recursive service-fault CSV windows,RE3/RE3-TT/ts-auth-service_f1/3/traces.csv,traces,14115831,selected
Zenodo record 14590730 (RCAEval benchmark artifacts),RCAEval recursive service-fault CSV windows,RE3/RE3-TT/ts-auth-service_f1/4/logs.csv,logs,5656559,selected
Zenodo record 14590730 (RCAEval benchmark artifacts),RCAEval recursive service-fault CSV windows,RE3/RE3-TT/ts-auth-service_f1/4/metrics.csv,metrics,20385042,selected
Zenodo record 14590730 (RCAEval benchmark artifacts),RCAEval recursive service-fault CSV windows,RE3/RE3-TT/ts-auth-service_f1/4/simple_metrics.csv,metrics,5290595,selected
Zenodo record 14590730 (RCAEval benchmark artifacts),RCAEval recursive service-fault CSV windows,RE3/RE3-TT/ts-auth-service_f1/4/traces.csv,traces,5520127,selected
Zenodo record 14590730 (RCAEval benchmark artifacts),RCAEval recursive service-fault CSV windows,RE3/RE3-TT/ts-auth-service_f2/1/logs.csv,logs,15767421,selected
Zenodo record 14590730 (RCAEval benchmark artifacts),RCAEval recursive service-fault CSV windows,RE3/RE3-TT/ts-auth-service_f2/1/metrics.csv,metrics,21448019,selected
Zenodo record 14590730 (RCAEval benchmark artifacts),RCAEval recursive service-fault CSV windows,RE3/RE3-TT/ts-auth-service_f2/1/simple_metrics.csv,metrics,5588454,selected
Zenodo record 14590730 (RCAEval benchmark artifacts),RCAEval recursive service-fault CSV windows,RE3/RE3-TT/ts-auth-service_f2/1/traces.csv,traces,15201438,selected
Zenodo record 14590730 (RCAEval benchmark artifacts),RCAEval recursive service-fault CSV windows,RE3/RE3-TT/ts-auth-service_f2/2/logs.csv,logs,14754189,selected
Zenodo record 14590730 (RCAEval benchmark artifacts),RCAEval recursive service-fault CSV windows,RE3/RE3-TT/ts-auth-service_f2/2/metrics.csv,metrics,21359256,selected
Zenodo record 14590730 (RCAEval benchmark artifacts),RCAEval recursive service-fault CSV windows,RE3/RE3-TT/ts-auth-service_f2/2/simple_metrics.csv,metrics,5561090,selected
Zenodo record 14590730 (RCAEval benchmark artifacts),RCAEval recursive service-fault CSV windows,RE3/RE3-TT/ts-auth-service_f2/2/traces.csv,traces,14468732,selected
Zenodo record 14590730 (RCAEval benchmark artifacts),RCAEval recursive service-fault CSV windows,RE3/RE3-TT/ts-auth-service_f2/3/logs.csv,logs,14140667,selected
Zenodo record 14590730 (RCAEval benchmark artifacts),RCAEval recursive service-fault CSV windows,RE3/RE3-TT/ts-auth-service_f2/3/metrics.csv,metrics,21254039,selected
Zenodo record 14590730 (RCAEval benchmark artifacts),RCAEval recursive service-fault CSV windows,RE3/RE3-TT/ts-auth-service_f2/3/simple_metrics.csv,metrics,5546550,selected
Zenodo record 14590730 (RCAEval benchmark artifacts),RCAEval recursive service-fault CSV windows,RE3/RE3-TT/ts-auth-service_f2/3/traces.csv,traces,13878564,selected
Zenodo record 14590730 (RCAEval benchmark artifacts),RCAEval recursive service-fault CSV windows,RE3/RE3-TT/ts-auth-service_f2/4/logs.csv,logs,5849632,selected
Zenodo record 14590730 (RCAEval benchmark artifacts),RCAEval recursive service-fault CSV windows,RE3/RE3-TT/ts-auth-service_f2/4/metrics.csv,metrics,20318129,selected
Zenodo record 14590730 (RCAEval benchmark artifacts),RCAEval recursive service-fault CSV windows,RE3/RE3-TT/ts-auth-service_f2/4/simple_metrics.csv,metrics,5267732,selected
Zenodo record 14590730 (RCAEval benchmark artifacts),RCAEval recursive service-fault CSV windows,RE3/RE3-TT/ts-auth-service_f2/4/traces.csv,traces,5757816,selected
Zenodo record 14590730 (RCAEval benchmark artifacts),RCAEval recursive service-fault CSV windows,RE3/RE3-TT/ts-auth-service_f3/1/logs.csv,logs,22560010,selected
Zenodo record 14590730 (RCAEval benchmark artifacts),RCAEval recursive service-fault CSV windows,RE3/RE3-TT/ts-auth-service_f3/1/metrics.csv,metrics,21776880,selected
Zenodo record 14590730 (RCAEval benchmark artifacts),RCAEval recursive service-fault CSV windows,RE3/RE3-TT/ts-auth-service_f3/1/simple_metrics.csv,metrics,5694731,selected
Zenodo record 14590730 (RCAEval benchmark artifacts),RCAEval recursive service-fault CSV windows,RE3/RE3-TT/ts-auth-service_f3/1/traces.csv,traces,13949102,selected
Zenodo record 14590730 (RCAEval benchmark artifacts),RCAEval recursive service-fault CSV windows,RE3/RE3-TT/ts-auth-service_f3/2/logs.csv,logs,23228325,selected
Zenodo record 14590730 (RCAEval benchmark artifacts),RCAEval recursive service-fault CSV windows,RE3/RE3-TT/ts-auth-service_f3/2/metrics.csv,metrics,21948750,selected
Zenodo record 14590730 (RCAEval benchmark artifacts),RCAEval recursive service-fault CSV windows,RE3/RE3-TT/ts-auth-service_f3/2/simple_metrics.csv,metrics,5705585,selected
Zenodo record 14590730 (RCAEval benchmark artifacts),RCAEval recursive service-fault CSV windows,RE3/RE3-TT/ts-auth-service_f3/2/traces.csv,traces,14704387,selected
Zenodo record 14590730 (RCAEval benchmark artifacts),RCAEval recursive service-fault CSV windows,RE3/RE3-TT/ts-auth-service_f3/3/logs.csv,logs,23874217,selected
Zenodo record 14590730 (RCAEval benchmark artifacts),RCAEval recursive service-fault CSV windows,RE3/RE3-TT/ts-auth-service_f3/3/metrics.csv,metrics,21973794,selected
Zenodo record 14590730 (RCAEval benchmark artifacts),RCAEval recursive service-fault CSV windows,RE3/RE3-TT/ts-auth-service_f3/3/simple_metrics.csv,metrics,5703685,selected
Zenodo record 14590730 (RCAEval benchmark artifacts),RCAEval recursive service-fault CSV windows,RE3/RE3-TT/ts-auth-service_f3/3/traces.csv,traces,14621675,selected
Zenodo record 14590730 (RCAEval benchmark artifacts),RCAEval recursive service-fault CSV windows,RE3/RE3-TT/ts-auth-service_f3/4/logs.csv,logs,13869976,selected
Zenodo record 14590730 (RCAEval benchmark artifacts),RCAEval recursive service-fault CSV windows,RE3/RE3-TT/ts-auth-service_f3/4/metrics.csv,metrics,20871808,selected
Zenodo record 14590730 (RCAEval benchmark artifacts),RCAEval recursive service-fault CSV windows,RE3/RE3-TT/ts-auth-service_f3/4/simple_metrics.csv,metrics,5392922,selected
Zenodo record 14590730 (RCAEval benchmark artifacts),RCAEval recursive service-fault CSV windows,RE3/RE3-TT/ts-auth-service_f3/4/traces.csv,traces,5543525,selected
Zenodo record 14590730 (RCAEval benchmark artifacts),RCAEval recursive service-fault CSV windows,RE3/RE3-TT/ts-auth-service_f4/1/logs.csv,logs,15476968,selected
Zenodo record 14590730 (RCAEval benchmark artifacts),RCAEval recursive service-fault CSV windows,RE3/RE3-TT/ts-auth-service_f4/1/metrics.csv,metrics,21382182,selected
Zenodo record 14590730 (RCAEval benchmark artifacts),RCAEval recursive service-fault CSV windows,RE3/RE3-TT/ts-auth-service_f4/1/simple_metrics.csv,metrics,5581597,selected
Zenodo record 14590730 (RCAEval benchmark artifacts),RCAEval recursive service-fault CSV windows,RE3/RE3-TT/ts-auth-service_f4/1/traces.csv,traces,14530303,selected
Zenodo record 14590730 (RCAEval benchmark artifacts),RCAEval recursive service-fault CSV windows,RE3/RE3-TT/ts-auth-service_f4/2/logs.csv,logs,16619365,selected
Zenodo record 14590730 (RCAEval benchmark artifacts),RCAEval recursive service-fault CSV windows,RE3/RE3-TT/ts-auth-service_f4/2/metrics.csv,metrics,21497384,selected
Zenodo record 14590730 (RCAEval benchmark artifacts),RCAEval recursive service-fault CSV windows,RE3/RE3-TT/ts-auth-service_f4/2/simple_metrics.csv,metrics,5578230,selected
Zenodo record 14590730 (RCAEval benchmark artifacts),RCAEval recursive service-fault CSV windows,RE3/RE3-TT/ts-auth-service_f4/2/traces.csv,traces,15319299,selected
Zenodo record 14590730 (RCAEval benchmark artifacts),RCAEval recursive service-fault CSV windows,RE3/RE3-TT/ts-auth-service_f4/3/logs.csv,logs,17426594,selected
Zenodo record 14590730 (RCAEval benchmark artifacts),RCAEval recursive service-fault CSV windows,RE3/RE3-TT/ts-auth-service_f4/3/metrics.csv,metrics,21444589,selected
Zenodo record 14590730 (RCAEval benchmark artifacts),RCAEval recursive service-fault CSV windows,RE3/RE3-TT/ts-auth-service_f4/3/simple_metrics.csv,metrics,5560978,selected
Zenodo record 14590730 (RCAEval benchmark artifacts),RCAEval recursive service-fault CSV windows,RE3/RE3-TT/ts-auth-service_f4/3/traces.csv,traces,15389880,selected
Zenodo record 14590730 (RCAEval benchmark artifacts),RCAEval recursive service-fault CSV windows,RE3/RE3-TT/ts-route-service_f1/1/logs.csv,logs,27845242,selected
Zenodo record 14590730 (RCAEval benchmark artifacts),RCAEval recursive service-fault CSV windows,RE3/RE3-TT/ts-route-service_f1/1/metrics.csv,metrics,22912142,selected
Zenodo record 14590730 (RCAEval benchmark artifacts),RCAEval recursive service-fault CSV windows,RE3/RE3-TT/ts-route-service_f1/1/simple_metrics.csv,metrics,5967186,selected
Zenodo record 14590730 (RCAEval benchmark artifacts),RCAEval recursive service-fault CSV windows,RE3/RE3-TT/ts-route-service_f1/1/traces.csv,traces,26515537,selected
Zenodo record 14590730 (RCAEval benchmark artifacts),RCAEval recursive service-fault CSV windows,RE3/RE3-TT/ts-route-service_f1/2/logs.csv,logs,32564338,selected
Zenodo record 14590730 (RCAEval benchmark artifacts),RCAEval recursive service-fault CSV windows,RE3/RE3-TT/ts-route-service_f1/2/metrics.csv,metrics,23060873,selected
Zenodo record 14590730 (RCAEval benchmark artifacts),RCAEval recursive service-fault CSV windows,RE3/RE3-TT/ts-route-service_f1/2/simple_metrics.csv,metrics,5991649,selected
Zenodo record 14590730 (RCAEval benchmark artifacts),RCAEval recursive service-fault CSV windows,RE3/RE3-TT/ts-route-service_f1/2/traces.csv,traces,28750166,selected
Zenodo record 14590730 (RCAEval benchmark artifacts),RCAEval recursive service-fault CSV windows,RE3/RE3-TT/ts-route-service_f1/3/logs.csv,logs,32862412,selected
Zenodo record 14590730 (RCAEval benchmark artifacts),RCAEval recursive service-fault CSV windows,RE3/RE3-TT/ts-route-service_f1/3/metrics.csv,metrics,23098070,selected
Zenodo record 14590730 (RCAEval benchmark artifacts),RCAEval recursive service-fault CSV windows,RE3/RE3-TT/ts-route-service_f1/3/simple_metrics.csv,metrics,5997079,selected
Zenodo record 14590730 (RCAEval benchmark artifacts),RCAEval recursive service-fault CSV windows,RE3/RE3-TT/ts-route-service_f1/3/traces.csv,traces,28650599,selected
Zenodo record 14590730 (RCAEval benchmark artifacts),RCAEval recursive service-fault CSV windows,RE3/RE3-TT/ts-route-service_f2/1/logs.csv,logs,30222932,selected
Zenodo record 14590730 (RCAEval benchmark artifacts),RCAEval recursive service-fault CSV windows,RE3/RE3-TT/ts-route-service_f2/1/metrics.csv,metrics,22970654,selected
Zenodo record 14590730 (RCAEval benchmark artifacts),RCAEval recursive service-fault CSV windows,RE3/RE3-TT/ts-route-service_f2/1/simple_metrics.csv,metrics,5981731,selected
Zenodo record 14590730 (RCAEval benchmark artifacts),RCAEval recursive service-fault CSV windows,RE3/RE3-TT/ts-route-service_f2/1/traces.csv,traces,28110619,selected
Zenodo record 14590730 (RCAEval benchmark artifacts),RCAEval recursive service-fault CSV windows,RE3/RE3-TT/ts-route-service_f2/2/logs.csv,logs,31610376,selected
Zenodo record 14590730 (RCAEval benchmark artifacts),RCAEval recursive service-fault CSV windows,RE3/RE3-TT/ts-route-service_f2/2/metrics.csv,metrics,23072056,selected
Zenodo record 14590730 (RCAEval benchmark artifacts),RCAEval recursive service-fault CSV windows,RE3/RE3-TT/ts-route-service_f2/2/simple_metrics.csv,metrics,5981600,selected
Zenodo record 14590730 (RCAEval benchmark artifacts),RCAEval recursive service-fault CSV windows,RE3/RE3-TT/ts-route-service_f2/2/traces.csv,traces,28322494,selected
Zenodo record 14590730 (RCAEval benchmark artifacts),RCAEval recursive service-fault CSV windows,RE3/RE3-TT/ts-route-service_f2/3/logs.csv,logs,34280724,selected
Zenodo record 14590730 (RCAEval benchmark artifacts),RCAEval recursive service-fault CSV windows,RE3/RE3-TT/ts-route-service_f2/3/metrics.csv,metrics,22959466,selected
Zenodo record 14590730 (RCAEval benchmark artifacts),RCAEval recursive service-fault CSV windows,RE3/RE3-TT/ts-route-service_f2/3/simple_metrics.csv,metrics,5981095,selected
Zenodo record 14590730 (RCAEval benchmark artifacts),RCAEval recursive service-fault CSV windows,RE3/RE3-TT/ts-route-service_f2/3/traces.csv,traces,28784223,selected
Zenodo record 14590730 (RCAEval benchmark artifacts),RCAEval recursive service-fault CSV windows,RE3/RE3-TT/ts-route-service_f3/1/logs.csv,logs,31947238,selected
Zenodo record 14590730 (RCAEval benchmark artifacts),RCAEval recursive service-fault CSV windows,RE3/RE3-TT/ts-route-service_f3/1/metrics.csv,metrics,23047762,selected
Zenodo record 14590730 (RCAEval benchmark artifacts),RCAEval recursive service-fault CSV windows,RE3/RE3-TT/ts-route-service_f3/1/simple_metrics.csv,metrics,5986732,selected
Zenodo record 14590730 (RCAEval benchmark artifacts),RCAEval recursive service-fault CSV windows,RE3/RE3-TT/ts-route-service_f3/1/traces.csv,traces,28998555,selected
Zenodo record 14590730 (RCAEval benchmark artifacts),RCAEval recursive service-fault CSV windows,RE3/RE3-TT/ts-route-service_f3/2/logs.csv,logs,33981603,selected
Zenodo record 14590730 (RCAEval benchmark artifacts),RCAEval recursive service-fault CSV windows,RE3/RE3-TT/ts-route-service_f3/2/metrics.csv,metrics,23034851,selected
Zenodo record 14590730 (RCAEval benchmark artifacts),RCAEval recursive service-fault CSV windows,RE3/RE3-TT/ts-route-service_f3/2/simple_metrics.csv,metrics,5950385,selected
Zenodo record 14590730 (RCAEval benchmark artifacts),RCAEval recursive service-fault CSV windows,RE3/RE3-TT/ts-route-service_f3/2/traces.csv,traces,28359797,selected
Zenodo record 14590730 (RCAEval benchmark artifacts),RCAEval recursive service-fault CSV windows,RE3/RE3-TT/ts-route-service_f3/3/logs.csv,logs,35691151,selected
Zenodo record 14590730 (RCAEval benchmark artifacts),RCAEval recursive service-fault CSV windows,RE3/RE3-TT/ts-route-service_f3/3/metrics.csv,metrics,23071886,selected
Zenodo record 14590730 (RCAEval benchmark artifacts),RCAEval recursive service-fault CSV windows,RE3/RE3-TT/ts-route-service_f3/3/simple_metrics.csv,metrics,5976679,selected
Zenodo record 14590730 (RCAEval benchmark artifacts),RCAEval recursive service-fault CSV windows,RE3/RE3-TT/ts-route-service_f3/3/traces.csv,traces,30827176,selected
Zenodo record 14590730 (RCAEval benchmark artifacts),RCAEval recursive service-fault CSV windows,RE3/RE3-TT/ts-route-service_f4/1/logs.csv,logs,30661405,selected
Zenodo record 14590730 (RCAEval benchmark artifacts),RCAEval recursive service-fault CSV windows,RE3/RE3-TT/ts-route-service_f4/1/metrics.csv,metrics,23059518,selected
Zenodo record 14590730 (RCAEval benchmark artifacts),RCAEval recursive service-fault CSV windows,RE3/RE3-TT/ts-route-service_f4/1/simple_metrics.csv,metrics,5984903,selected
Zenodo record 14590730 (RCAEval benchmark artifacts),RCAEval recursive service-fault CSV windows,RE3/RE3-TT/ts-route-service_f4/1/traces.csv,traces,27199166,selected
Zenodo record 14590730 (RCAEval benchmark artifacts),RCAEval recursive service-fault CSV windows,RE3/RE3-TT/ts-route-service_f4/2/logs.csv,logs,37946722,selected
Zenodo record 14590730 (RCAEval benchmark artifacts),RCAEval recursive service-fault CSV windows,RE3/RE3-TT/ts-route-service_f4/2/metrics.csv,metrics,22967451,selected
Zenodo record 14590730 (RCAEval benchmark artifacts),RCAEval recursive service-fault CSV windows,RE3/RE3-TT/ts-route-service_f4/2/simple_metrics.csv,metrics,5971714,selected
Zenodo record 14590730 (RCAEval benchmark artifacts),RCAEval recursive service-fault CSV windows,RE3/RE3-TT/ts-route-service_f4/2/traces.csv,traces,30721152,selected
Zenodo record 14590730 (RCAEval benchmark artifacts),RCAEval recursive service-fault CSV windows,RE3/RE3-TT/ts-route-service_f4/3/logs.csv,logs,39013411,selected
Zenodo record 14590730 (RCAEval benchmark artifacts),RCAEval recursive service-fault CSV windows,RE3/RE3-TT/ts-route-service_f4/3/metrics.csv,metrics,23028482,selected
Zenodo record 14590730 (RCAEval benchmark artifacts),RCAEval recursive service-fault CSV windows,RE3/RE3-TT/ts-route-service_f4/3/simple_metrics.csv,metrics,5965459,selected
Zenodo record 14590730 (RCAEval benchmark artifacts),RCAEval recursive service-fault CSV windows,RE3/RE3-TT/ts-route-service_f4/3/traces.csv,traces,32458711,selected
Zenodo record 14590730 (RCAEval benchmark artifacts),RCAEval recursive service-fault CSV windows,RE3/RE3-TT/ts-route-service_f6/1/logs.csv,logs,31164415,selected
Zenodo record 14590730 (RCAEval benchmark artifacts),RCAEval recursive service-fault CSV windows,RE3/RE3-TT/ts-route-service_f6/1/metrics.csv,metrics,23012736,selected
Zenodo record 14590730 (RCAEval benchmark artifacts),RCAEval recursive service-fault CSV windows,RE3/RE3-TT/ts-route-service_f6/1/simple_metrics.csv,metrics,5977089,selected
Zenodo record 14590730 (RCAEval benchmark artifacts),RCAEval recursive service-fault CSV windows,RE3/RE3-TT/ts-route-service_f6/1/traces.csv,traces,28259092,selected
Zenodo record 14590730 (RCAEval benchmark artifacts),RCAEval recursive service-fault CSV windows,RE3/RE3-TT/ts-route-service_f6/2/logs.csv,logs,40343852,selected
Zenodo record 14590730 (RCAEval benchmark artifacts),RCAEval recursive service-fault CSV windows,RE3/RE3-TT/ts-route-service_f6/2/metrics.csv,metrics,23036483,selected
Zenodo record 14590730 (RCAEval benchmark artifacts),RCAEval recursive service-fault CSV windows,RE3/RE3-TT/ts-route-service_f6/2/simple_metrics.csv,metrics,5975445,selected
Zenodo record 14590730 (RCAEval benchmark artifacts),RCAEval recursive service-fault CSV windows,RE3/RE3-TT/ts-route-service_f6/2/traces.csv,traces,32335154,selected
Zenodo record 14590730 (RCAEval benchmark artifacts),RCAEval recursive service-fault CSV windows,RE3/RE3-TT/ts-route-service_f6/3/logs.csv,logs,44216862,selected
Zenodo record 14590730 (RCAEval benchmark artifacts),RCAEval recursive service-fault CSV windows,RE3/RE3-TT/ts-route-service_f6/3/metrics.csv,metrics,22946765,selected
Zenodo record 14590730 (RCAEval benchmark artifacts),RCAEval recursive service-fault CSV windows,RE3/RE3-TT/ts-route-service_f6/3/simple_metrics.csv,metrics,5961601,selected
Zenodo record 14590730 (RCAEval benchmark artifacts),RCAEval recursive service-fault CSV windows,RE3/RE3-TT/ts-route-service_f6/3/traces.csv,traces,37083796,selected
Zenodo record 14504481 (TraceRCA all dataset artifacts),TraceRCA all dataset recursive service-fault CSV windows,RE1-OB/adservice_cpu/1/data.csv,metrics,2669597,selected
Zenodo record 14504481 (TraceRCA all dataset artifacts),TraceRCA all dataset recursive service-fault CSV windows,RE1-OB/adservice_cpu/2/data.csv,metrics,2665108,selected
Zenodo record 14504481 (TraceRCA all dataset artifacts),TraceRCA all dataset recursive service-fault CSV windows,RE1-OB/adservice_cpu/3/data.csv,metrics,2665499,selected
Zenodo record 14504481 (TraceRCA all dataset artifacts),TraceRCA all dataset recursive service-fault CSV windows,RE1-OB/adservice_cpu/4/data.csv,metrics,2642686,selected
Zenodo record 14504481 (TraceRCA all dataset artifacts),TraceRCA all dataset recursive service-fault CSV windows,RE1-OB/adservice_cpu/5/data.csv,metrics,2649231,selected
Zenodo record 14504481 (TraceRCA all dataset artifacts),TraceRCA all dataset recursive service-fault CSV windows,RE1-OB/adservice_delay/1/data.csv,metrics,555820,selected
Zenodo record 14504481 (TraceRCA all dataset artifacts),TraceRCA all dataset recursive service-fault CSV windows,RE1-OB/adservice_delay/2/data.csv,metrics,551720,selected
Zenodo record 14504481 (TraceRCA all dataset artifacts),TraceRCA all dataset recursive service-fault CSV windows,RE1-OB/adservice_delay/3/data.csv,metrics,549827,selected
Zenodo record 14504481 (TraceRCA all dataset artifacts),TraceRCA all dataset recursive service-fault CSV windows,RE1-OB/adservice_delay/4/data.csv,metrics,553096,selected
Zenodo record 14504481 (TraceRCA all dataset artifacts),TraceRCA all dataset recursive service-fault CSV windows,RE1-OB/adservice_delay/5/data.csv,metrics,556281,selected
Zenodo record 14504481 (TraceRCA all dataset artifacts),TraceRCA all dataset recursive service-fault CSV windows,RE1-OB/adservice_disk/1/data.csv,metrics,573786,selected
Zenodo record 14504481 (TraceRCA all dataset artifacts),TraceRCA all dataset recursive service-fault CSV windows,RE1-OB/adservice_disk/2/data.csv,metrics,575971,selected
Zenodo record 14504481 (TraceRCA all dataset artifacts),TraceRCA all dataset recursive service-fault CSV windows,RE1-OB/adservice_disk/3/data.csv,metrics,576290,selected
Zenodo record 14504481 (TraceRCA all dataset artifacts),TraceRCA all dataset recursive service-fault CSV windows,RE1-OB/adservice_disk/4/data.csv,metrics,574555,selected
Zenodo record 14504481 (TraceRCA all dataset artifacts),TraceRCA all dataset recursive service-fault CSV windows,RE1-OB/adservice_disk/5/data.csv,metrics,574617,selected
Zenodo record 14504481 (TraceRCA all dataset artifacts),TraceRCA all dataset recursive service-fault CSV windows,RE1-OB/adservice_loss/1/data.csv,metrics,560156,selected
Zenodo record 14504481 (TraceRCA all dataset artifacts),TraceRCA all dataset recursive service-fault CSV windows,RE1-OB/adservice_loss/2/data.csv,metrics,561764,selected
Zenodo record 14504481 (TraceRCA all dataset artifacts),TraceRCA all dataset recursive service-fault CSV windows,RE1-OB/adservice_loss/3/data.csv,metrics,559222,selected
Zenodo record 14504481 (TraceRCA all dataset artifacts),TraceRCA all dataset recursive service-fault CSV windows,RE1-OB/adservice_loss/4/data.csv,metrics,557961,selected
Zenodo record 14504481 (TraceRCA all dataset artifacts),TraceRCA all dataset recursive service-fault CSV windows,RE1-OB/adservice_loss/5/data.csv,metrics,560091,selected
Zenodo record 14504481 (TraceRCA all dataset artifacts),TraceRCA all dataset recursive service-fault CSV windows,RE1-OB/adservice_mem/1/data.csv,metrics,2659193,selected
Zenodo record 14504481 (TraceRCA all dataset artifacts),TraceRCA all dataset recursive service-fault CSV windows,RE1-OB/adservice_mem/2/data.csv,metrics,2642088,selected
Zenodo record 14504481 (TraceRCA all dataset artifacts),TraceRCA all dataset recursive service-fault CSV windows,RE1-OB/adservice_mem/3/data.csv,metrics,2644968,selected
Zenodo record 14504481 (TraceRCA all dataset artifacts),TraceRCA all dataset recursive service-fault CSV windows,RE1-OB/adservice_mem/4/data.csv,metrics,2644785,selected
Zenodo record 14504481 (TraceRCA all dataset artifacts),TraceRCA all dataset recursive service-fault CSV windows,RE1-OB/adservice_mem/5/data.csv,metrics,2645643,selected
Zenodo record 14504481 (TraceRCA all dataset artifacts),TraceRCA all dataset recursive service-fault CSV windows,RE1-OB/cartservice_cpu/1/data.csv,metrics,2645583,selected
Zenodo record 14504481 (TraceRCA all dataset artifacts),TraceRCA all dataset recursive service-fault CSV windows,RE1-OB/cartservice_cpu/2/data.csv,metrics,2645402,selected
Zenodo record 14504481 (TraceRCA all dataset artifacts),TraceRCA all dataset recursive service-fault CSV windows,RE1-OB/cartservice_cpu/3/data.csv,metrics,2645915,selected
Zenodo record 14504481 (TraceRCA all dataset artifacts),TraceRCA all dataset recursive service-fault CSV windows,RE1-OB/cartservice_cpu/4/data.csv,metrics,2643592,selected
Zenodo record 14504481 (TraceRCA all dataset artifacts),TraceRCA all dataset recursive service-fault CSV windows,RE1-OB/cartservice_cpu/5/data.csv,metrics,2648268,selected
Zenodo record 14504481 (TraceRCA all dataset artifacts),TraceRCA all dataset recursive service-fault CSV windows,RE1-OB/cartservice_delay/1/data.csv,metrics,576064,selected
Zenodo record 14504481 (TraceRCA all dataset artifacts),TraceRCA all dataset recursive service-fault CSV windows,RE1-OB/cartservice_delay/2/data.csv,metrics,574514,selected
Zenodo record 14504481 (TraceRCA all dataset artifacts),TraceRCA all dataset recursive service-fault CSV windows,RE1-OB/cartservice_delay/3/data.csv,metrics,574243,selected
Zenodo record 14504481 (TraceRCA all dataset artifacts),TraceRCA all dataset recursive service-fault CSV windows,RE1-OB/cartservice_delay/4/data.csv,metrics,575270,selected
Zenodo record 14504481 (TraceRCA all dataset artifacts),TraceRCA all dataset recursive service-fault CSV windows,RE1-OB/cartservice_delay/5/data.csv,metrics,576592,selected
Zenodo record 14504481 (TraceRCA all dataset artifacts),TraceRCA all dataset recursive service-fault CSV windows,RE1-OB/cartservice_disk/1/data.csv,metrics,572774,selected
Zenodo record 14504481 (TraceRCA all dataset artifacts),TraceRCA all dataset recursive service-fault CSV windows,RE1-OB/cartservice_disk/2/data.csv,metrics,576593,selected
Zenodo record 14504481 (TraceRCA all dataset artifacts),TraceRCA all dataset recursive service-fault CSV windows,RE1-OB/cartservice_disk/3/data.csv,metrics,580731,selected
Zenodo record 14504481 (TraceRCA all dataset artifacts),TraceRCA all dataset recursive service-fault CSV windows,RE1-OB/cartservice_disk/4/data.csv,metrics,573315,selected
Zenodo record 14504481 (TraceRCA all dataset artifacts),TraceRCA all dataset recursive service-fault CSV windows,RE1-OB/cartservice_disk/5/data.csv,metrics,581049,selected
Zenodo record 14504481 (TraceRCA all dataset artifacts),TraceRCA all dataset recursive service-fault CSV windows,RE1-OB/cartservice_loss/1/data.csv,metrics,576057,selected
Zenodo record 14504481 (TraceRCA all dataset artifacts),TraceRCA all dataset recursive service-fault CSV windows,RE1-OB/cartservice_loss/2/data.csv,metrics,548408,selected
Zenodo record 14504481 (TraceRCA all dataset artifacts),TraceRCA all dataset recursive service-fault CSV windows,RE1-OB/cartservice_loss/3/data.csv,metrics,548558,selected
Zenodo record 14504481 (TraceRCA all dataset artifacts),TraceRCA all dataset recursive service-fault CSV windows,RE1-OB/cartservice_loss/4/data.csv,metrics,551345,selected
Zenodo record 14504481 (TraceRCA all dataset artifacts),TraceRCA all dataset recursive service-fault CSV windows,RE1-OB/cartservice_loss/5/data.csv,metrics,549004,selected
Zenodo record 14504481 (TraceRCA all dataset artifacts),TraceRCA all dataset recursive service-fault CSV windows,RE1-OB/cartservice_mem/1/data.csv,metrics,2657342,selected
Zenodo record 14504481 (TraceRCA all dataset artifacts),TraceRCA all dataset recursive service-fault CSV windows,RE1-OB/cartservice_mem/2/data.csv,metrics,2655396,selected
Zenodo record 14504481 (TraceRCA all dataset artifacts),TraceRCA all dataset recursive service-fault CSV windows,RE1-OB/cartservice_mem/3/data.csv,metrics,2649565,selected
Zenodo record 14504481 (TraceRCA all dataset artifacts),TraceRCA all dataset recursive service-fault CSV windows,RE1-OB/cartservice_mem/4/data.csv,metrics,2648584,selected
Zenodo record 14504481 (TraceRCA all dataset artifacts),TraceRCA all dataset recursive service-fault CSV windows,RE1-OB/cartservice_mem/5/data.csv,metrics,2653941,selected
Zenodo record 14504481 (TraceRCA all dataset artifacts),TraceRCA all dataset recursive service-fault CSV windows,RE1-OB/checkoutservice_cpu/1/data.csv,metrics,2650842,selected
Zenodo record 14504481 (TraceRCA all dataset artifacts),TraceRCA all dataset recursive service-fault CSV windows,RE1-OB/checkoutservice_cpu/2/data.csv,metrics,2697081,selected
Zenodo record 14504481 (TraceRCA all dataset artifacts),TraceRCA all dataset recursive service-fault CSV windows,RE1-OB/checkoutservice_cpu/3/data.csv,metrics,2650480,selected
Zenodo record 14504481 (TraceRCA all dataset artifacts),TraceRCA all dataset recursive service-fault CSV windows,RE1-OB/checkoutservice_cpu/4/data.csv,metrics,1696260,selected
Zenodo record 14504481 (TraceRCA all dataset artifacts),TraceRCA all dataset recursive service-fault CSV windows,RE1-OB/checkoutservice_cpu/5/data.csv,metrics,2685281,selected
Zenodo record 14504481 (TraceRCA all dataset artifacts),TraceRCA all dataset recursive service-fault CSV windows,RE1-OB/checkoutservice_delay/1/data.csv,metrics,574038,selected
Zenodo record 14504481 (TraceRCA all dataset artifacts),TraceRCA all dataset recursive service-fault CSV windows,RE1-OB/checkoutservice_delay/2/data.csv,metrics,574872,selected
Zenodo record 14504481 (TraceRCA all dataset artifacts),TraceRCA all dataset recursive service-fault CSV windows,RE1-OB/checkoutservice_delay/3/data.csv,metrics,575139,selected
Zenodo record 14504481 (TraceRCA all dataset artifacts),TraceRCA all dataset recursive service-fault CSV windows,RE1-OB/checkoutservice_delay/4/data.csv,metrics,575388,selected
Zenodo record 14504481 (TraceRCA all dataset artifacts),TraceRCA all dataset recursive service-fault CSV windows,RE1-OB/checkoutservice_delay/5/data.csv,metrics,576644,selected
Zenodo record 14504481 (TraceRCA all dataset artifacts),TraceRCA all dataset recursive service-fault CSV windows,RE1-OB/checkoutservice_disk/1/data.csv,metrics,573877,selected
Zenodo record 14504481 (TraceRCA all dataset artifacts),TraceRCA all dataset recursive service-fault CSV windows,RE1-OB/checkoutservice_disk/2/data.csv,metrics,577684,selected
Zenodo record 14504481 (TraceRCA all dataset artifacts),TraceRCA all dataset recursive service-fault CSV windows,RE1-OB/checkoutservice_disk/3/data.csv,metrics,577432,selected
Zenodo record 14504481 (TraceRCA all dataset artifacts),TraceRCA all dataset recursive service-fault CSV windows,RE1-OB/checkoutservice_disk/4/data.csv,metrics,575299,selected
Zenodo record 14504481 (TraceRCA all dataset artifacts),TraceRCA all dataset recursive service-fault CSV windows,RE1-OB/checkoutservice_disk/5/data.csv,metrics,578459,selected
Zenodo record 14504481 (TraceRCA all dataset artifacts),TraceRCA all dataset recursive service-fault CSV windows,RE1-OB/checkoutservice_loss/1/data.csv,metrics,560617,selected
Zenodo record 14504481 (TraceRCA all dataset artifacts),TraceRCA all dataset recursive service-fault CSV windows,RE1-OB/checkoutservice_loss/2/data.csv,metrics,560480,selected
Zenodo record 14504481 (TraceRCA all dataset artifacts),TraceRCA all dataset recursive service-fault CSV windows,RE1-OB/checkoutservice_loss/3/data.csv,metrics,560522,selected
Zenodo record 14504481 (TraceRCA all dataset artifacts),TraceRCA all dataset recursive service-fault CSV windows,RE1-OB/checkoutservice_loss/4/data.csv,metrics,560261,selected
Zenodo record 14504481 (TraceRCA all dataset artifacts),TraceRCA all dataset recursive service-fault CSV windows,RE1-OB/checkoutservice_loss/5/data.csv,metrics,561458,selected
Zenodo record 14504481 (TraceRCA all dataset artifacts),TraceRCA all dataset recursive service-fault CSV windows,RE1-OB/checkoutservice_mem/1/data.csv,metrics,2656160,selected
Zenodo record 14504481 (TraceRCA all dataset artifacts),TraceRCA all dataset recursive service-fault CSV windows,RE1-OB/checkoutservice_mem/2/data.csv,metrics,2660909,selected
Zenodo record 14504481 (TraceRCA all dataset artifacts),TraceRCA all dataset recursive service-fault CSV windows,RE1-OB/checkoutservice_mem/3/data.csv,metrics,2717881,selected
Zenodo record 14504481 (TraceRCA all dataset artifacts),TraceRCA all dataset recursive service-fault CSV windows,RE1-OB/checkoutservice_mem/4/data.csv,metrics,2715808,selected
Zenodo record 14504481 (TraceRCA all dataset artifacts),TraceRCA all dataset recursive service-fault CSV windows,RE1-OB/checkoutservice_mem/5/data.csv,metrics,2675647,selected
Zenodo record 14504481 (TraceRCA all dataset artifacts),TraceRCA all dataset recursive service-fault CSV windows,RE1-OB/currencyservice_cpu/1/data.csv,metrics,2681276,selected
Zenodo record 14504481 (TraceRCA all dataset artifacts),TraceRCA all dataset recursive service-fault CSV windows,RE1-OB/currencyservice_cpu/2/data.csv,metrics,2707942,selected
Zenodo record 14504481 (TraceRCA all dataset artifacts),TraceRCA all dataset recursive service-fault CSV windows,RE1-OB/currencyservice_cpu/3/data.csv,metrics,2655003,selected
Zenodo record 14504481 (TraceRCA all dataset artifacts),TraceRCA all dataset recursive service-fault CSV windows,RE1-OB/currencyservice_cpu/4/data.csv,metrics,2684821,selected
Zenodo record 14504481 (TraceRCA all dataset artifacts),TraceRCA all dataset recursive service-fault CSV windows,RE1-OB/currencyservice_cpu/5/data.csv,metrics,2677023,selected
Zenodo record 14504481 (TraceRCA all dataset artifacts),TraceRCA all dataset recursive service-fault CSV windows,RE1-OB/currencyservice_delay/1/data.csv,metrics,564856,selected
Zenodo record 14504481 (TraceRCA all dataset artifacts),TraceRCA all dataset recursive service-fault CSV windows,RE1-OB/currencyservice_delay/2/data.csv,metrics,567462,selected
Zenodo record 14504481 (TraceRCA all dataset artifacts),TraceRCA all dataset recursive service-fault CSV windows,RE1-OB/currencyservice_delay/3/data.csv,metrics,575533,selected
Zenodo record 14504481 (TraceRCA all dataset artifacts),TraceRCA all dataset recursive service-fault CSV windows,RE1-OB/currencyservice_delay/4/data.csv,metrics,575803,selected
Zenodo record 14504481 (TraceRCA all dataset artifacts),TraceRCA all dataset recursive service-fault CSV windows,RE1-OB/currencyservice_delay/5/data.csv,metrics,566839,selected
Zenodo record 14504481 (TraceRCA all dataset artifacts),TraceRCA all dataset recursive service-fault CSV windows,RE1-OB/currencyservice_disk/1/data.csv,metrics,572958,selected
Zenodo record 14504481 (TraceRCA all dataset artifacts),TraceRCA all dataset recursive service-fault CSV windows,RE1-OB/currencyservice_disk/2/data.csv,metrics,577873,selected
Zenodo record 14504481 (TraceRCA all dataset artifacts),TraceRCA all dataset recursive service-fault CSV windows,RE1-OB/currencyservice_disk/3/data.csv,metrics,576250,selected
Zenodo record 14504481 (TraceRCA all dataset artifacts),TraceRCA all dataset recursive service-fault CSV windows,RE1-OB/currencyservice_disk/4/data.csv,metrics,572205,selected
Zenodo record 14504481 (TraceRCA all dataset artifacts),TraceRCA all dataset recursive service-fault CSV windows,RE1-OB/currencyservice_disk/5/data.csv,metrics,571124,selected
Zenodo record 14504481 (TraceRCA all dataset artifacts),TraceRCA all dataset recursive service-fault CSV windows,RE1-OB/currencyservice_loss/1/data.csv,metrics,577212,selected
Zenodo record 14504481 (TraceRCA all dataset artifacts),TraceRCA all dataset recursive service-fault CSV windows,RE1-OB/currencyservice_loss/2/data.csv,metrics,570113,selected
Zenodo record 14504481 (TraceRCA all dataset artifacts),TraceRCA all dataset recursive service-fault CSV windows,RE1-OB/currencyservice_loss/3/data.csv,metrics,570387,selected
Zenodo record 14504481 (TraceRCA all dataset artifacts),TraceRCA all dataset recursive service-fault CSV windows,RE1-OB/currencyservice_loss/4/data.csv,metrics,569932,selected
Zenodo record 14504481 (TraceRCA all dataset artifacts),TraceRCA all dataset recursive service-fault CSV windows,RE1-OB/currencyservice_loss/5/data.csv,metrics,570040,selected
Zenodo record 14504481 (TraceRCA all dataset artifacts),TraceRCA all dataset recursive service-fault CSV windows,RE1-OB/currencyservice_mem/1/data.csv,metrics,2704309,selected
Zenodo record 14504481 (TraceRCA all dataset artifacts),TraceRCA all dataset recursive service-fault CSV windows,RE1-OB/currencyservice_mem/2/data.csv,metrics,2693837,selected
Zenodo record 14504481 (TraceRCA all dataset artifacts),TraceRCA all dataset recursive service-fault CSV windows,RE1-OB/currencyservice_mem/3/data.csv,metrics,2704425,selected
Zenodo record 14504481 (TraceRCA all dataset artifacts),TraceRCA all dataset recursive service-fault CSV windows,RE1-OB/currencyservice_mem/4/data.csv,metrics,2669539,selected
Zenodo record 14504481 (TraceRCA all dataset artifacts),TraceRCA all dataset recursive service-fault CSV windows,RE1-OB/currencyservice_mem/5/data.csv,metrics,2669312,selected
Zenodo record 14504481 (TraceRCA all dataset artifacts),TraceRCA all dataset recursive service-fault CSV windows,RE1-OB/productcatalogservice_cpu/1/data.csv,metrics,2677757,selected
Zenodo record 14504481 (TraceRCA all dataset artifacts),TraceRCA all dataset recursive service-fault CSV windows,RE1-OB/productcatalogservice_cpu/2/data.csv,metrics,2681640,selected
Zenodo record 14504481 (TraceRCA all dataset artifacts),TraceRCA all dataset recursive service-fault CSV windows,RE1-OB/productcatalogservice_cpu/3/data.csv,metrics,2461763,selected
Zenodo record 14504481 (TraceRCA all dataset artifacts),TraceRCA all dataset recursive service-fault CSV windows,RE1-OB/productcatalogservice_cpu/4/data.csv,metrics,2666667,selected
Zenodo record 14504481 (TraceRCA all dataset artifacts),TraceRCA all dataset recursive service-fault CSV windows,RE1-OB/productcatalogservice_cpu/5/data.csv,metrics,2658032,selected
Zenodo record 14504481 (TraceRCA all dataset artifacts),TraceRCA all dataset recursive service-fault CSV windows,RE1-OB/productcatalogservice_delay/1/data.csv,metrics,568268,selected
Zenodo record 14504481 (TraceRCA all dataset artifacts),TraceRCA all dataset recursive service-fault CSV windows,RE1-OB/productcatalogservice_delay/2/data.csv,metrics,566645,selected
Zenodo record 14504481 (TraceRCA all dataset artifacts),TraceRCA all dataset recursive service-fault CSV windows,RE1-OB/productcatalogservice_delay/3/data.csv,metrics,566318,selected
Zenodo record 14504481 (TraceRCA all dataset artifacts),TraceRCA all dataset recursive service-fault CSV windows,RE1-OB/productcatalogservice_delay/4/data.csv,metrics,561361,selected
Zenodo record 14504481 (TraceRCA all dataset artifacts),TraceRCA all dataset recursive service-fault CSV windows,RE1-OB/productcatalogservice_delay/5/data.csv,metrics,565510,selected
Zenodo record 14504481 (TraceRCA all dataset artifacts),TraceRCA all dataset recursive service-fault CSV windows,RE1-OB/productcatalogservice_disk/1/data.csv,metrics,573740,selected
Zenodo record 14504481 (TraceRCA all dataset artifacts),TraceRCA all dataset recursive service-fault CSV windows,RE1-OB/productcatalogservice_disk/2/data.csv,metrics,574540,selected
Zenodo record 14504481 (TraceRCA all dataset artifacts),TraceRCA all dataset recursive service-fault CSV windows,RE1-OB/productcatalogservice_disk/3/data.csv,metrics,571444,selected
Zenodo record 14504481 (TraceRCA all dataset artifacts),TraceRCA all dataset recursive service-fault CSV windows,RE1-OB/productcatalogservice_disk/4/data.csv,metrics,574942,selected
Zenodo record 14504481 (TraceRCA all dataset artifacts),TraceRCA all dataset recursive service-fault CSV windows,RE1-OB/productcatalogservice_disk/5/data.csv,metrics,574900,selected
Zenodo record 14504481 (TraceRCA all dataset artifacts),TraceRCA all dataset recursive service-fault CSV windows,RE1-OB/productcatalogservice_loss/1/data.csv,metrics,579706,selected
Zenodo record 14504481 (TraceRCA all dataset artifacts),TraceRCA all dataset recursive service-fault CSV windows,RE1-OB/productcatalogservice_loss/2/data.csv,metrics,581280,selected
Zenodo record 14504481 (TraceRCA all dataset artifacts),TraceRCA all dataset recursive service-fault CSV windows,RE1-OB/productcatalogservice_loss/3/data.csv,metrics,579824,selected
Zenodo record 14504481 (TraceRCA all dataset artifacts),TraceRCA all dataset recursive service-fault CSV windows,RE1-OB/productcatalogservice_loss/4/data.csv,metrics,580329,selected
Zenodo record 14504481 (TraceRCA all dataset artifacts),TraceRCA all dataset recursive service-fault CSV windows,RE1-OB/productcatalogservice_loss/5/data.csv,metrics,580162,selected
Zenodo record 14504481 (TraceRCA all dataset artifacts),TraceRCA all dataset recursive service-fault CSV windows,RE1-OB/productcatalogservice_mem/1/data.csv,metrics,2674275,selected
Zenodo record 14504481 (TraceRCA all dataset artifacts),TraceRCA all dataset recursive service-fault CSV windows,RE1-OB/productcatalogservice_mem/2/data.csv,metrics,2699479,selected
Zenodo record 14504481 (TraceRCA all dataset artifacts),TraceRCA all dataset recursive service-fault CSV windows,RE1-OB/productcatalogservice_mem/3/data.csv,metrics,2681723,selected
Zenodo record 14504481 (TraceRCA all dataset artifacts),TraceRCA all dataset recursive service-fault CSV windows,RE1-OB/productcatalogservice_mem/4/data.csv,metrics,2678516,selected
Zenodo record 14504481 (TraceRCA all dataset artifacts),TraceRCA all dataset recursive service-fault CSV windows,RE1-OB/productcatalogservice_mem/5/data.csv,metrics,2669631,selected
Zenodo record 14504481 (TraceRCA all dataset artifacts),TraceRCA all dataset recursive service-fault CSV windows,RE1-SS/carts_cpu/1/data.csv,metrics,3538735,selected
Zenodo record 14504481 (TraceRCA all dataset artifacts),TraceRCA all dataset recursive service-fault CSV windows,RE1-SS/carts_cpu/1/simple_data.csv,metrics,565224,selected
Zenodo record 14504481 (TraceRCA all dataset artifacts),TraceRCA all dataset recursive service-fault CSV windows,RE1-SS/carts_cpu/2/data.csv,metrics,3523844,selected
Zenodo record 14504481 (TraceRCA all dataset artifacts),TraceRCA all dataset recursive service-fault CSV windows,RE1-SS/carts_cpu/2/simple_data.csv,metrics,562855,selected
Zenodo record 14504481 (TraceRCA all dataset artifacts),TraceRCA all dataset recursive service-fault CSV windows,RE1-SS/carts_cpu/3/data.csv,metrics,3523312,selected
Zenodo record 14504481 (TraceRCA all dataset artifacts),TraceRCA all dataset recursive service-fault CSV windows,RE1-SS/carts_cpu/3/simple_data.csv,metrics,571987,selected
Zenodo record 14504481 (TraceRCA all dataset artifacts),TraceRCA all dataset recursive service-fault CSV windows,RE1-SS/carts_cpu/4/data.csv,metrics,3525430,selected
Zenodo record 14504481 (TraceRCA all dataset artifacts),TraceRCA all dataset recursive service-fault CSV windows,RE1-SS/carts_cpu/4/simple_data.csv,metrics,558098,selected
Zenodo record 14504481 (TraceRCA all dataset artifacts),TraceRCA all dataset recursive service-fault CSV windows,RE1-SS/carts_cpu/5/data.csv,metrics,3540494,selected
Zenodo record 14504481 (TraceRCA all dataset artifacts),TraceRCA all dataset recursive service-fault CSV windows,RE1-SS/carts_cpu/5/simple_data.csv,metrics,571376,selected
Zenodo record 14504481 (TraceRCA all dataset artifacts),TraceRCA all dataset recursive service-fault CSV windows,RE1-SS/carts_delay/1/data.csv,metrics,3556647,selected
Zenodo record 14504481 (TraceRCA all dataset artifacts),TraceRCA all dataset recursive service-fault CSV windows,RE1-SS/carts_delay/1/simple_data.csv,metrics,576635,selected
Zenodo record 14504481 (TraceRCA all dataset artifacts),TraceRCA all dataset recursive service-fault CSV windows,RE1-SS/carts_delay/2/data.csv,metrics,3550784,selected
Zenodo record 14504481 (TraceRCA all dataset artifacts),TraceRCA all dataset recursive service-fault CSV windows,RE1-SS/carts_delay/2/simple_data.csv,metrics,566974,selected
Zenodo record 14504481 (TraceRCA all dataset artifacts),TraceRCA all dataset recursive service-fault CSV windows,RE1-SS/carts_delay/3/data.csv,metrics,3547786,selected
Zenodo record 14504481 (TraceRCA all dataset artifacts),TraceRCA all dataset recursive service-fault CSV windows,RE1-SS/carts_delay/3/simple_data.csv,metrics,566761,selected
Zenodo record 14504481 (TraceRCA all dataset artifacts),TraceRCA all dataset recursive service-fault CSV windows,RE1-SS/carts_delay/4/data.csv,metrics,3504019,selected
Zenodo record 14504481 (TraceRCA all dataset artifacts),TraceRCA all dataset recursive service-fault CSV windows,RE1-SS/carts_delay/4/simple_data.csv,metrics,548622,selected
Zenodo record 14504481 (TraceRCA all dataset artifacts),TraceRCA all dataset recursive service-fault CSV windows,RE1-SS/carts_delay/5/data.csv,metrics,3539962,selected
Zenodo record 14504481 (TraceRCA all dataset artifacts),TraceRCA all dataset recursive service-fault CSV windows,RE1-SS/carts_delay/5/simple_data.csv,metrics,567534,selected
Zenodo record 14504481 (TraceRCA all dataset artifacts),TraceRCA all dataset recursive service-fault CSV windows,RE1-SS/carts_disk/1/data.csv,metrics,3383247,selected
Zenodo record 14504481 (TraceRCA all dataset artifacts),TraceRCA all dataset recursive service-fault CSV windows,RE1-SS/carts_disk/1/simple_data.csv,metrics,561862,selected
Zenodo record 14504481 (TraceRCA all dataset artifacts),TraceRCA all dataset recursive service-fault CSV windows,RE1-SS/carts_disk/2/data.csv,metrics,3371266,selected
Zenodo record 14504481 (TraceRCA all dataset artifacts),TraceRCA all dataset recursive service-fault CSV windows,RE1-SS/carts_disk/2/simple_data.csv,metrics,561356,selected
Zenodo record 14504481 (TraceRCA all dataset artifacts),TraceRCA all dataset recursive service-fault CSV windows,RE1-SS/carts_disk/3/data.csv,metrics,3374591,selected
Zenodo record 14504481 (TraceRCA all dataset artifacts),TraceRCA all dataset recursive service-fault CSV windows,RE1-SS/carts_disk/3/simple_data.csv,metrics,553564,selected
Zenodo record 14504481 (TraceRCA all dataset artifacts),TraceRCA all dataset recursive service-fault CSV windows,RE1-SS/carts_disk/4/data.csv,metrics,3370807,selected
Zenodo record 14504481 (TraceRCA all dataset artifacts),TraceRCA all dataset recursive service-fault CSV windows,RE1-SS/carts_disk/4/simple_data.csv,metrics,561375,selected
Zenodo record 14504481 (TraceRCA all dataset artifacts),TraceRCA all dataset recursive service-fault CSV windows,RE1-SS/carts_disk/5/data.csv,metrics,3389324,selected
Zenodo record 14504481 (TraceRCA all dataset artifacts),TraceRCA all dataset recursive service-fault CSV windows,RE1-SS/carts_disk/5/simple_data.csv,metrics,562870,selected
Zenodo record 14504481 (TraceRCA all dataset artifacts),TraceRCA all dataset recursive service-fault CSV windows,RE1-SS/carts_loss/1/data.csv,metrics,3559504,selected
Zenodo record 14504481 (TraceRCA all dataset artifacts),TraceRCA all dataset recursive service-fault CSV windows,RE1-SS/carts_loss/1/simple_data.csv,metrics,578889,selected
Zenodo record 14504481 (TraceRCA all dataset artifacts),TraceRCA all dataset recursive service-fault CSV windows,RE1-SS/carts_loss/2/data.csv,metrics,3531682,selected
Zenodo record 14504481 (TraceRCA all dataset artifacts),TraceRCA all dataset recursive service-fault CSV windows,RE1-SS/carts_loss/2/simple_data.csv,metrics,561892,selected
Zenodo record 14504481 (TraceRCA all dataset artifacts),TraceRCA all dataset recursive service-fault CSV windows,RE1-SS/carts_loss/3/data.csv,metrics,3554157,selected
Zenodo record 14504481 (TraceRCA all dataset artifacts),TraceRCA all dataset recursive service-fault CSV windows,RE1-SS/carts_loss/3/simple_data.csv,metrics,572197,selected
Zenodo record 14504481 (TraceRCA all dataset artifacts),TraceRCA all dataset recursive service-fault CSV windows,RE1-SS/carts_loss/4/data.csv,metrics,3513255,selected
Zenodo record 14504481 (TraceRCA all dataset artifacts),TraceRCA all dataset recursive service-fault CSV windows,RE1-SS/carts_loss/4/simple_data.csv,metrics,562473,selected
Zenodo record 14504481 (TraceRCA all dataset artifacts),TraceRCA all dataset recursive service-fault CSV windows,RE1-SS/carts_loss/5/data.csv,metrics,3523880,selected
Zenodo record 14504481 (TraceRCA all dataset artifacts),TraceRCA all dataset recursive service-fault CSV windows,RE1-SS/carts_loss/5/simple_data.csv,metrics,566033,selected
Zenodo record 14504481 (TraceRCA all dataset artifacts),TraceRCA all dataset recursive service-fault CSV windows,RE1-SS/carts_mem/1/data.csv,metrics,3540569,selected
Zenodo record 14504481 (TraceRCA all dataset artifacts),TraceRCA all dataset recursive service-fault CSV windows,RE1-SS/carts_mem/1/simple_data.csv,metrics,564111,selected
Zenodo record 14504481 (TraceRCA all dataset artifacts),TraceRCA all dataset recursive service-fault CSV windows,RE1-SS/carts_mem/2/data.csv,metrics,3529435,selected
Zenodo record 14504481 (TraceRCA all dataset artifacts),TraceRCA all dataset recursive service-fault CSV windows,RE1-SS/carts_mem/2/simple_data.csv,metrics,559903,selected
Zenodo record 14504481 (TraceRCA all dataset artifacts),TraceRCA all dataset recursive service-fault CSV windows,RE1-SS/carts_mem/3/data.csv,metrics,3520513,selected
Zenodo record 14504481 (TraceRCA all dataset artifacts),TraceRCA all dataset recursive service-fault CSV windows,RE1-SS/carts_mem/3/simple_data.csv,metrics,563438,selected
Zenodo record 14504481 (TraceRCA all dataset artifacts),TraceRCA all dataset recursive service-fault CSV windows,RE1-SS/carts_mem/4/data.csv,metrics,3546238,selected
Zenodo record 14504481 (TraceRCA all dataset artifacts),TraceRCA all dataset recursive service-fault CSV windows,RE1-SS/carts_mem/4/simple_data.csv,metrics,569103,selected
Zenodo record 14504481 (TraceRCA all dataset artifacts),TraceRCA all dataset recursive service-fault CSV windows,RE1-SS/carts_mem/5/data.csv,metrics,3536199,selected
Zenodo record 14504481 (TraceRCA all dataset artifacts),TraceRCA all dataset recursive service-fault CSV windows,RE1-SS/carts_mem/5/simple_data.csv,metrics,566827,selected
Zenodo record 14504481 (TraceRCA all dataset artifacts),TraceRCA all dataset recursive service-fault CSV windows,RE1-SS/catalogue_cpu/1/data.csv,metrics,3546726,selected
Zenodo record 14504481 (TraceRCA all dataset artifacts),TraceRCA all dataset recursive service-fault CSV windows,RE1-SS/catalogue_cpu/1/simple_data.csv,metrics,566742,selected
Zenodo record 14504481 (TraceRCA all dataset artifacts),TraceRCA all dataset recursive service-fault CSV windows,RE1-SS/catalogue_cpu/2/data.csv,metrics,3515048,selected
Zenodo record 14504481 (TraceRCA all dataset artifacts),TraceRCA all dataset recursive service-fault CSV windows,RE1-SS/catalogue_cpu/2/simple_data.csv,metrics,558380,selected
Zenodo record 14504481 (TraceRCA all dataset artifacts),TraceRCA all dataset recursive service-fault CSV windows,RE1-SS/catalogue_cpu/3/data.csv,metrics,3524237,selected
Zenodo record 14504481 (TraceRCA all dataset artifacts),TraceRCA all dataset recursive service-fault CSV windows,RE1-SS/catalogue_cpu/3/simple_data.csv,metrics,564299,selected
Zenodo record 14504481 (TraceRCA all dataset artifacts),TraceRCA all dataset recursive service-fault CSV windows,RE1-SS/catalogue_cpu/4/data.csv,metrics,3522322,selected
Zenodo record 14504481 (TraceRCA all dataset artifacts),TraceRCA all dataset recursive service-fault CSV windows,RE1-SS/catalogue_cpu/4/simple_data.csv,metrics,558258,selected
Zenodo record 14504481 (TraceRCA all dataset artifacts),TraceRCA all dataset recursive service-fault CSV windows,RE1-SS/catalogue_cpu/5/data.csv,metrics,3541754,selected
Zenodo record 14504481 (TraceRCA all dataset artifacts),TraceRCA all dataset recursive service-fault CSV windows,RE1-SS/catalogue_cpu/5/simple_data.csv,metrics,571236,selected
Zenodo record 14504481 (TraceRCA all dataset artifacts),TraceRCA all dataset recursive service-fault CSV windows,RE1-SS/catalogue_delay/1/data.csv,metrics,3528998,selected
Zenodo record 14504481 (TraceRCA all dataset artifacts),TraceRCA all dataset recursive service-fault CSV windows,RE1-SS/catalogue_delay/1/simple_data.csv,metrics,559255,selected
Zenodo record 14504481 (TraceRCA all dataset artifacts),TraceRCA all dataset recursive service-fault CSV windows,RE1-SS/catalogue_delay/2/data.csv,metrics,3538442,selected
Zenodo record 14504481 (TraceRCA all dataset artifacts),TraceRCA all dataset recursive service-fault CSV windows,RE1-SS/catalogue_delay/2/simple_data.csv,metrics,571093,selected
Zenodo record 14504481 (TraceRCA all dataset artifacts),TraceRCA all dataset recursive service-fault CSV windows,RE1-SS/catalogue_delay/3/data.csv,metrics,3546162,selected
Zenodo record 14504481 (TraceRCA all dataset artifacts),TraceRCA all dataset recursive service-fault CSV windows,RE1-SS/catalogue_delay/3/simple_data.csv,metrics,567791,selected
Zenodo record 14504481 (TraceRCA all dataset artifacts),TraceRCA all dataset recursive service-fault CSV windows,RE1-SS/catalogue_delay/4/data.csv,metrics,3551493,selected
Zenodo record 14504481 (TraceRCA all dataset artifacts),TraceRCA all dataset recursive service-fault CSV windows,RE1-SS/catalogue_delay/4/simple_data.csv,metrics,571714,selected
Zenodo record 14504481 (TraceRCA all dataset artifacts),TraceRCA all dataset recursive service-fault CSV windows,RE1-SS/catalogue_delay/5/data.csv,metrics,3536747,selected
Zenodo record 14504481 (TraceRCA all dataset artifacts),TraceRCA all dataset recursive service-fault CSV windows,RE1-SS/catalogue_delay/5/simple_data.csv,metrics,560884,selected
Zenodo record 14504481 (TraceRCA all dataset artifacts),TraceRCA all dataset recursive service-fault CSV windows,RE1-SS/catalogue_disk/1/data.csv,metrics,3380206,selected
Zenodo record 14504481 (TraceRCA all dataset artifacts),TraceRCA all dataset recursive service-fault CSV windows,RE1-SS/catalogue_disk/1/simple_data.csv,metrics,560491,selected
Zenodo record 14504481 (TraceRCA all dataset artifacts),TraceRCA all dataset recursive service-fault CSV windows,RE1-SS/catalogue_disk/2/data.csv,metrics,3385868,selected
Zenodo record 14504481 (TraceRCA all dataset artifacts),TraceRCA all dataset recursive service-fault CSV windows,RE1-SS/catalogue_disk/2/simple_data.csv,metrics,569126,selected
Zenodo record 14504481 (TraceRCA all dataset artifacts),TraceRCA all dataset recursive service-fault CSV windows,RE1-SS/catalogue_disk/3/data.csv,metrics,3135743,selected
Zenodo record 14504481 (TraceRCA all dataset artifacts),TraceRCA all dataset recursive service-fault CSV windows,RE1-SS/catalogue_disk/3/simple_data.csv,metrics,521458,selected
Zenodo record 14504481 (TraceRCA all dataset artifacts),TraceRCA all dataset recursive service-fault CSV windows,RE1-SS/catalogue_disk/4/data.csv,metrics,3118508,selected
Zenodo record 14504481 (TraceRCA all dataset artifacts),TraceRCA all dataset recursive service-fault CSV windows,RE1-SS/catalogue_disk/4/simple_data.csv,metrics,570446,selected
Zenodo record 14504481 (TraceRCA all dataset artifacts),TraceRCA all dataset recursive service-fault CSV windows,RE1-SS/catalogue_disk/5/data.csv,metrics,3394021,selected
Zenodo record 14504481 (TraceRCA all dataset artifacts),TraceRCA all dataset recursive service-fault CSV windows,RE1-SS/catalogue_disk/5/simple_data.csv,metrics,566002,selected
Zenodo record 14504481 (TraceRCA all dataset artifacts),TraceRCA all dataset recursive service-fault CSV windows,RE1-SS/catalogue_loss/1/data.csv,metrics,3546912,selected
Zenodo record 14504481 (TraceRCA all dataset artifacts),TraceRCA all dataset recursive service-fault CSV windows,RE1-SS/catalogue_loss/1/simple_data.csv,metrics,572849,selected
Zenodo record 14504481 (TraceRCA all dataset artifacts),TraceRCA all dataset recursive service-fault CSV windows,RE1-SS/catalogue_loss/2/data.csv,metrics,3534835,selected
Zenodo record 14504481 (TraceRCA all dataset artifacts),TraceRCA all dataset recursive service-fault CSV windows,RE1-SS/catalogue_loss/2/simple_data.csv,metrics,566105,selected
Zenodo record 14504481 (TraceRCA all dataset artifacts),TraceRCA all dataset recursive service-fault CSV windows,RE1-SS/catalogue_loss/3/data.csv,metrics,3527857,selected
Zenodo record 14504481 (TraceRCA all dataset artifacts),TraceRCA all dataset recursive service-fault CSV windows,RE1-SS/catalogue_loss/3/simple_data.csv,metrics,569659,selected
Zenodo record 14504481 (TraceRCA all dataset artifacts),TraceRCA all dataset recursive service-fault CSV windows,RE1-SS/catalogue_loss/4/data.csv,metrics,3533274,selected
Zenodo record 14504481 (TraceRCA all dataset artifacts),TraceRCA all dataset recursive service-fault CSV windows,RE1-SS/catalogue_loss/4/simple_data.csv,metrics,563199,selected
Zenodo record 14504481 (TraceRCA all dataset artifacts),TraceRCA all dataset recursive service-fault CSV windows,RE1-SS/catalogue_loss/5/data.csv,metrics,3532098,selected
Zenodo record 14504481 (TraceRCA all dataset artifacts),TraceRCA all dataset recursive service-fault CSV windows,RE1-SS/catalogue_loss/5/simple_data.csv,metrics,571646,selected
Zenodo record 14504481 (TraceRCA all dataset artifacts),TraceRCA all dataset recursive service-fault CSV windows,RE1-SS/catalogue_mem/1/data.csv,metrics,3530216,selected
Zenodo record 14504481 (TraceRCA all dataset artifacts),TraceRCA all dataset recursive service-fault CSV windows,RE1-SS/catalogue_mem/1/simple_data.csv,metrics,561895,selected
Zenodo record 14504481 (TraceRCA all dataset artifacts),TraceRCA all dataset recursive service-fault CSV windows,RE1-SS/catalogue_mem/2/data.csv,metrics,3535805,selected
Zenodo record 14504481 (TraceRCA all dataset artifacts),TraceRCA all dataset recursive service-fault CSV windows,RE1-SS/catalogue_mem/2/simple_data.csv,metrics,564302,selected
Zenodo record 14504481 (TraceRCA all dataset artifacts),TraceRCA all dataset recursive service-fault CSV windows,RE1-SS/catalogue_mem/3/data.csv,metrics,3554896,selected
Zenodo record 14504481 (TraceRCA all dataset artifacts),TraceRCA all dataset recursive service-fault CSV windows,RE1-SS/catalogue_mem/3/simple_data.csv,metrics,572861,selected
Zenodo record 14504481 (TraceRCA all dataset artifacts),TraceRCA all dataset recursive service-fault CSV windows,RE1-SS/catalogue_mem/4/data.csv,metrics,3518150,selected
Zenodo record 14504481 (TraceRCA all dataset artifacts),TraceRCA all dataset recursive service-fault CSV windows,RE1-SS/catalogue_mem/4/simple_data.csv,metrics,555912,selected
Zenodo record 14504481 (TraceRCA all dataset artifacts),TraceRCA all dataset recursive service-fault CSV windows,RE1-SS/catalogue_mem/5/data.csv,metrics,3548600,selected
Zenodo record 14504481 (TraceRCA all dataset artifacts),TraceRCA all dataset recursive service-fault CSV windows,RE1-SS/catalogue_mem/5/simple_data.csv,metrics,572659,selected
Zenodo record 14504481 (TraceRCA all dataset artifacts),TraceRCA all dataset recursive service-fault CSV windows,RE1-SS/orders_cpu/1/data.csv,metrics,3539298,selected
Zenodo record 14504481 (TraceRCA all dataset artifacts),TraceRCA all dataset recursive service-fault CSV windows,RE1-SS/orders_cpu/1/simple_data.csv,metrics,568774,selected
Zenodo record 14504481 (TraceRCA all dataset artifacts),TraceRCA all dataset recursive service-fault CSV windows,RE1-SS/orders_cpu/2/data.csv,metrics,3539029,selected
Zenodo record 14504481 (TraceRCA all dataset artifacts),TraceRCA all dataset recursive service-fault CSV windows,RE1-SS/orders_cpu/2/simple_data.csv,metrics,564442,selected
Zenodo record 14504481 (TraceRCA all dataset artifacts),TraceRCA all dataset recursive service-fault CSV windows,RE1-SS/orders_cpu/3/data.csv,metrics,3548349,selected
Zenodo record 14504481 (TraceRCA all dataset artifacts),TraceRCA all dataset recursive service-fault CSV windows,RE1-SS/orders_cpu/3/simple_data.csv,metrics,571472,selected
Zenodo record 14504481 (TraceRCA all dataset artifacts),TraceRCA all dataset recursive service-fault CSV windows,RE1-SS/orders_cpu/4/data.csv,metrics,3529035,selected
Zenodo record 14504481 (TraceRCA all dataset artifacts),TraceRCA all dataset recursive service-fault CSV windows,RE1-SS/orders_cpu/4/simple_data.csv,metrics,563115,selected
Zenodo record 14504481 (TraceRCA all dataset artifacts),TraceRCA all dataset recursive service-fault CSV windows,RE1-SS/orders_cpu/5/data.csv,metrics,3551799,selected
Zenodo record 14504481 (TraceRCA all dataset artifacts),TraceRCA all dataset recursive service-fault CSV windows,RE1-SS/orders_cpu/5/simple_data.csv,metrics,576044,selected
Zenodo record 14504481 (TraceRCA all dataset artifacts),TraceRCA all dataset recursive service-fault CSV windows,RE1-SS/orders_delay/1/data.csv,metrics,3503831,selected
Zenodo record 14504481 (TraceRCA all dataset artifacts),TraceRCA all dataset recursive service-fault CSV windows,RE1-SS/orders_delay/1/simple_data.csv,metrics,563696,selected
Zenodo record 14504481 (TraceRCA all dataset artifacts),TraceRCA all dataset recursive service-fault CSV windows,RE1-SS/orders_delay/2/data.csv,metrics,3483176,selected
Zenodo record 14504481 (TraceRCA all dataset artifacts),TraceRCA all dataset recursive service-fault CSV windows,RE1-SS/orders_delay/2/simple_data.csv,metrics,546270,selected
Zenodo record 14504481 (TraceRCA all dataset artifacts),TraceRCA all dataset recursive service-fault CSV windows,RE1-SS/orders_delay/3/data.csv,metrics,3508075,selected
Zenodo record 14504481 (TraceRCA all dataset artifacts),TraceRCA all dataset recursive service-fault CSV windows,RE1-SS/orders_delay/3/simple_data.csv,metrics,564793,selected
Zenodo record 14504481 (TraceRCA all dataset artifacts),TraceRCA all dataset recursive service-fault CSV windows,RE1-SS/orders_delay/4/data.csv,metrics,3496176,selected
Zenodo record 14504481 (TraceRCA all dataset artifacts),TraceRCA all dataset recursive service-fault CSV windows,RE1-SS/orders_delay/4/simple_data.csv,metrics,547766,selected
Zenodo record 14504481 (TraceRCA all dataset artifacts),TraceRCA all dataset recursive service-fault CSV windows,RE1-SS/orders_delay/5/data.csv,metrics,3509827,selected
Zenodo record 14504481 (TraceRCA all dataset artifacts),TraceRCA all dataset recursive service-fault CSV windows,RE1-SS/orders_delay/5/simple_data.csv,metrics,567757,selected
Zenodo record 14504481 (TraceRCA all dataset artifacts),TraceRCA all dataset recursive service-fault CSV windows,RE1-SS/orders_disk/1/data.csv,metrics,3386408,selected
Zenodo record 14504481 (TraceRCA all dataset artifacts),TraceRCA all dataset recursive service-fault CSV windows,RE1-SS/orders_disk/1/simple_data.csv,metrics,565318,selected
Zenodo record 14504481 (TraceRCA all dataset artifacts),TraceRCA all dataset recursive service-fault CSV windows,RE1-SS/orders_disk/2/data.csv,metrics,3398715,selected
Zenodo record 14504481 (TraceRCA all dataset artifacts),TraceRCA all dataset recursive service-fault CSV windows,RE1-SS/orders_disk/2/simple_data.csv,metrics,559249,selected
Zenodo record 14504481 (TraceRCA all dataset artifacts),TraceRCA all dataset recursive service-fault CSV windows,RE1-SS/orders_disk/3/data.csv,metrics,3389295,selected
Zenodo record 14504481 (TraceRCA all dataset artifacts),TraceRCA all dataset recursive service-fault CSV windows,RE1-SS/orders_disk/3/simple_data.csv,metrics,563827,selected
Zenodo record 14504481 (TraceRCA all dataset artifacts),TraceRCA all dataset recursive service-fault CSV windows,RE1-SS/orders_disk/4/data.csv,metrics,3397178,selected
Zenodo record 14504481 (TraceRCA all dataset artifacts),TraceRCA all dataset recursive service-fault CSV windows,RE1-SS/orders_disk/4/simple_data.csv,metrics,566787,selected
Zenodo record 14504481 (TraceRCA all dataset artifacts),TraceRCA all dataset recursive service-fault CSV windows,RE1-SS/orders_disk/5/data.csv,metrics,3384324,selected
Zenodo record 14504481 (TraceRCA all dataset artifacts),TraceRCA all dataset recursive service-fault CSV windows,RE1-SS/orders_disk/5/simple_data.csv,metrics,561572,selected
Zenodo record 14504481 (TraceRCA all dataset artifacts),TraceRCA all dataset recursive service-fault CSV windows,RE1-SS/orders_loss/1/data.csv,metrics,3556445,selected
Zenodo record 14504481 (TraceRCA all dataset artifacts),TraceRCA all dataset recursive service-fault CSV windows,RE1-SS/orders_loss/1/simple_data.csv,metrics,578671,selected
Zenodo record 14504481 (TraceRCA all dataset artifacts),TraceRCA all dataset recursive service-fault CSV windows,RE1-SS/orders_loss/2/data.csv,metrics,3539593,selected
Zenodo record 14504481 (TraceRCA all dataset artifacts),TraceRCA all dataset recursive service-fault CSV windows,RE1-SS/orders_loss/2/simple_data.csv,metrics,581935,selected
Zenodo record 14504481 (TraceRCA all dataset artifacts),TraceRCA all dataset recursive service-fault CSV windows,RE1-SS/orders_loss/3/data.csv,metrics,3559834,selected
Zenodo record 14504481 (TraceRCA all dataset artifacts),TraceRCA all dataset recursive service-fault CSV windows,RE1-SS/orders_loss/3/simple_data.csv,metrics,568740,selected
Zenodo record 14504481 (TraceRCA all dataset artifacts),TraceRCA all dataset recursive service-fault CSV windows,RE1-SS/orders_loss/4/data.csv,metrics,3520841,selected
Zenodo record 14504481 (TraceRCA all dataset artifacts),TraceRCA all dataset recursive service-fault CSV windows,RE1-SS/orders_loss/4/simple_data.csv,metrics,570330,selected
Zenodo record 14504481 (TraceRCA all dataset artifacts),TraceRCA all dataset recursive service-fault CSV windows,RE1-SS/orders_loss/5/data.csv,metrics,3530303,selected
Zenodo record 14504481 (TraceRCA all dataset artifacts),TraceRCA all dataset recursive service-fault CSV windows,RE1-SS/orders_loss/5/simple_data.csv,metrics,580664,selected
Zenodo record 14504481 (TraceRCA all dataset artifacts),TraceRCA all dataset recursive service-fault CSV windows,RE1-SS/orders_mem/1/data.csv,metrics,3532362,selected
Zenodo record 14504481 (TraceRCA all dataset artifacts),TraceRCA all dataset recursive service-fault CSV windows,RE1-SS/orders_mem/1/simple_data.csv,metrics,566156,selected
Zenodo record 14504481 (TraceRCA all dataset artifacts),TraceRCA all dataset recursive service-fault CSV windows,RE1-SS/orders_mem/2/data.csv,metrics,3539846,selected
Zenodo record 14504481 (TraceRCA all dataset artifacts),TraceRCA all dataset recursive service-fault CSV windows,RE1-SS/orders_mem/2/simple_data.csv,metrics,563845,selected
Zenodo record 14504481 (TraceRCA all dataset artifacts),TraceRCA all dataset recursive service-fault CSV windows,RE1-SS/orders_mem/3/data.csv,metrics,3544039,selected
Zenodo record 14504481 (TraceRCA all dataset artifacts),TraceRCA all dataset recursive service-fault CSV windows,RE1-SS/orders_mem/3/simple_data.csv,metrics,569236,selected
Zenodo record 14504481 (TraceRCA all dataset artifacts),TraceRCA all dataset recursive service-fault CSV windows,RE1-SS/orders_mem/4/data.csv,metrics,3533626,selected
Zenodo record 14504481 (TraceRCA all dataset artifacts),TraceRCA all dataset recursive service-fault CSV windows,RE1-SS/orders_mem/4/simple_data.csv,metrics,564292,selected
Zenodo record 14504481 (TraceRCA all dataset artifacts),TraceRCA all dataset recursive service-fault CSV windows,RE1-SS/orders_mem/5/data.csv,metrics,3522153,selected
Zenodo record 14504481 (TraceRCA all dataset artifacts),TraceRCA all dataset recursive service-fault CSV windows,RE1-SS/orders_mem/5/simple_data.csv,metrics,558805,selected
Zenodo record 14504481 (TraceRCA all dataset artifacts),TraceRCA all dataset recursive service-fault CSV windows,RE1-SS/payment_cpu/1/data.csv,metrics,3541576,selected
Zenodo record 14504481 (TraceRCA all dataset artifacts),TraceRCA all dataset recursive service-fault CSV windows,RE1-SS/payment_cpu/1/simple_data.csv,metrics,562861,selected
Zenodo record 14504481 (TraceRCA all dataset artifacts),TraceRCA all dataset recursive service-fault CSV windows,RE1-SS/payment_cpu/2/data.csv,metrics,3504856,selected
Zenodo record 14504481 (TraceRCA all dataset artifacts),TraceRCA all dataset recursive service-fault CSV windows,RE1-SS/payment_cpu/2/simple_data.csv,metrics,555279,selected
Zenodo record 14504481 (TraceRCA all dataset artifacts),TraceRCA all dataset recursive service-fault CSV windows,RE1-SS/payment_cpu/3/data.csv,metrics,3532384,selected
Zenodo record 14504481 (TraceRCA all dataset artifacts),TraceRCA all dataset recursive service-fault CSV windows,RE1-SS/payment_cpu/3/simple_data.csv,metrics,572096,selected
Zenodo record 14504481 (TraceRCA all dataset artifacts),TraceRCA all dataset recursive service-fault CSV windows,RE1-SS/payment_cpu/4/data.csv,metrics,3521471,selected
Zenodo record 14504481 (TraceRCA all dataset artifacts),TraceRCA all dataset recursive service-fault CSV windows,RE1-SS/payment_cpu/4/simple_data.csv,metrics,556626,selected
Zenodo record 14504481 (TraceRCA all dataset artifacts),TraceRCA all dataset recursive service-fault CSV windows,RE1-SS/payment_cpu/5/data.csv,metrics,3540416,selected
Zenodo record 14504481 (TraceRCA all dataset artifacts),TraceRCA all dataset recursive service-fault CSV windows,RE1-SS/payment_cpu/5/simple_data.csv,metrics,570821,selected
Zenodo record 14504481 (TraceRCA all dataset artifacts),TraceRCA all dataset recursive service-fault CSV windows,RE1-SS/payment_delay/1/data.csv,metrics,3514723,selected
Zenodo record 14504481 (TraceRCA all dataset artifacts),TraceRCA all dataset recursive service-fault CSV windows,RE1-SS/payment_delay/1/simple_data.csv,metrics,556776,selected
Zenodo record 14504481 (TraceRCA all dataset artifacts),TraceRCA all dataset recursive service-fault CSV windows,RE1-SS/payment_delay/2/data.csv,metrics,3513347,selected
Zenodo record 14504481 (TraceRCA all dataset artifacts),TraceRCA all dataset recursive service-fault CSV windows,RE1-SS/payment_delay/2/simple_data.csv,metrics,551823,selected
Zenodo record 14504481 (TraceRCA all dataset artifacts),TraceRCA all dataset recursive service-fault CSV windows,RE1-SS/payment_delay/3/data.csv,metrics,3525255,selected
Zenodo record 14504481 (TraceRCA all dataset artifacts),TraceRCA all dataset recursive service-fault CSV windows,RE1-SS/payment_delay/3/simple_data.csv,metrics,571481,selected
Zenodo record 14504481 (TraceRCA all dataset artifacts),TraceRCA all dataset recursive service-fault CSV windows,RE1-SS/payment_delay/4/data.csv,metrics,3520566,selected
Zenodo record 14504481 (TraceRCA all dataset artifacts),TraceRCA all dataset recursive service-fault CSV windows,RE1-SS/payment_delay/4/simple_data.csv,metrics,558722,selected
Zenodo record 14504481 (TraceRCA all dataset artifacts),TraceRCA all dataset recursive service-fault CSV windows,RE1-SS/payment_delay/5/data.csv,metrics,3530533,selected
Zenodo record 14504481 (TraceRCA all dataset artifacts),TraceRCA all dataset recursive service-fault CSV windows,RE1-SS/payment_delay/5/simple_data.csv,metrics,570308,selected
Zenodo record 14504481 (TraceRCA all dataset artifacts),TraceRCA all dataset recursive service-fault CSV windows,RE1-SS/payment_disk/1/data.csv,metrics,3381815,selected
Zenodo record 14504481 (TraceRCA all dataset artifacts),TraceRCA all dataset recursive service-fault CSV windows,RE1-SS/payment_disk/1/simple_data.csv,metrics,562466,selected
Zenodo record 14504481 (TraceRCA all dataset artifacts),TraceRCA all dataset recursive service-fault CSV windows,RE1-SS/payment_disk/2/data.csv,metrics,3390255,selected
Zenodo record 14504481 (TraceRCA all dataset artifacts),TraceRCA all dataset recursive service-fault CSV windows,RE1-SS/payment_disk/2/simple_data.csv,metrics,561787,selected
Zenodo record 14504481 (TraceRCA all dataset artifacts),TraceRCA all dataset recursive service-fault CSV windows,RE1-SS/payment_disk/3/data.csv,metrics,3342611,selected
Zenodo record 14504481 (TraceRCA all dataset artifacts),TraceRCA all dataset recursive service-fault CSV windows,RE1-SS/payment_disk/3/simple_data.csv,metrics,560404,selected
Zenodo record 14504481 (TraceRCA all dataset artifacts),TraceRCA all dataset recursive service-fault CSV windows,RE1-SS/payment_disk/4/data.csv,metrics,3382531,selected
Zenodo record 14504481 (TraceRCA all dataset artifacts),TraceRCA all dataset recursive service-fault CSV windows,RE1-SS/payment_disk/4/simple_data.csv,metrics,557803,selected
Zenodo record 14504481 (TraceRCA all dataset artifacts),TraceRCA all dataset recursive service-fault CSV windows,RE1-SS/payment_disk/5/data.csv,metrics,3396960,selected
Zenodo record 14504481 (TraceRCA all dataset artifacts),TraceRCA all dataset recursive service-fault CSV windows,RE1-SS/payment_disk/5/simple_data.csv,metrics,562258,selected
Zenodo record 14504481 (TraceRCA all dataset artifacts),TraceRCA all dataset recursive service-fault CSV windows,RE1-SS/payment_loss/1/data.csv,metrics,3533764,selected
Zenodo record 14504481 (TraceRCA all dataset artifacts),TraceRCA all dataset recursive service-fault CSV windows,RE1-SS/payment_loss/1/simple_data.csv,metrics,576214,selected
Zenodo record 14504481 (TraceRCA all dataset artifacts),TraceRCA all dataset recursive service-fault CSV windows,RE1-SS/payment_loss/2/data.csv,metrics,3547461,selected
Zenodo record 14504481 (TraceRCA all dataset artifacts),TraceRCA all dataset recursive service-fault CSV windows,RE1-SS/payment_loss/2/simple_data.csv,metrics,576865,selected
Zenodo record 14504481 (TraceRCA all dataset artifacts),TraceRCA all dataset recursive service-fault CSV windows,RE1-SS/payment_loss/3/data.csv,metrics,3507632,selected
Zenodo record 14504481 (TraceRCA all dataset artifacts),TraceRCA all dataset recursive service-fault CSV windows,RE1-SS/payment_loss/3/simple_data.csv,metrics,559646,selected
Zenodo record 14504481 (TraceRCA all dataset artifacts),TraceRCA all dataset recursive service-fault CSV windows,RE1-SS/payment_loss/4/data.csv,metrics,3551369,selected
Zenodo record 14504481 (TraceRCA all dataset artifacts),TraceRCA all dataset recursive service-fault CSV windows,RE1-SS/payment_loss/4/simple_data.csv,metrics,577944,selected
Zenodo record 14504481 (TraceRCA all dataset artifacts),TraceRCA all dataset recursive service-fault CSV windows,RE1-SS/payment_loss/5/data.csv,metrics,3539568,selected
Zenodo record 14504481 (TraceRCA all dataset artifacts),TraceRCA all dataset recursive service-fault CSV windows,RE1-SS/payment_loss/5/simple_data.csv,metrics,574463,selected
Zenodo record 14504481 (TraceRCA all dataset artifacts),TraceRCA all dataset recursive service-fault CSV windows,RE1-SS/payment_mem/1/data.csv,metrics,3567000,selected
Zenodo record 14504481 (TraceRCA all dataset artifacts),TraceRCA all dataset recursive service-fault CSV windows,RE1-SS/payment_mem/1/simple_data.csv,metrics,572566,selected
Zenodo record 14504481 (TraceRCA all dataset artifacts),TraceRCA all dataset recursive service-fault CSV windows,RE1-SS/payment_mem/2/data.csv,metrics,3521091,selected
Zenodo record 14504481 (TraceRCA all dataset artifacts),TraceRCA all dataset recursive service-fault CSV windows,RE1-SS/payment_mem/2/simple_data.csv,metrics,552923,selected
Zenodo record 14504481 (TraceRCA all dataset artifacts),TraceRCA all dataset recursive service-fault CSV windows,RE1-SS/payment_mem/3/data.csv,metrics,3544701,selected
Zenodo record 14504481 (TraceRCA all dataset artifacts),TraceRCA all dataset recursive service-fault CSV windows,RE1-SS/payment_mem/3/simple_data.csv,metrics,569816,selected
Zenodo record 14504481 (TraceRCA all dataset artifacts),TraceRCA all dataset recursive service-fault CSV windows,RE1-SS/payment_mem/4/data.csv,metrics,3540858,selected
Zenodo record 14504481 (TraceRCA all dataset artifacts),TraceRCA all dataset recursive service-fault CSV windows,RE1-SS/payment_mem/4/simple_data.csv,metrics,560078,selected
Zenodo record 14504481 (TraceRCA all dataset artifacts),TraceRCA all dataset recursive service-fault CSV windows,RE1-SS/payment_mem/5/data.csv,metrics,3547205,selected
Zenodo record 14504481 (TraceRCA all dataset artifacts),TraceRCA all dataset recursive service-fault CSV windows,RE1-SS/payment_mem/5/simple_data.csv,metrics,568670,selected
Zenodo record 14504481 (TraceRCA all dataset artifacts),TraceRCA all dataset recursive service-fault CSV windows,RE1-SS/user_cpu/1/data.csv,metrics,3532162,selected
Zenodo record 14504481 (TraceRCA all dataset artifacts),TraceRCA all dataset recursive service-fault CSV windows,RE1-SS/user_cpu/1/simple_data.csv,metrics,560719,selected
Zenodo record 14504481 (TraceRCA all dataset artifacts),TraceRCA all dataset recursive service-fault CSV windows,RE1-SS/user_cpu/2/data.csv,metrics,3528797,selected
Zenodo record 14504481 (TraceRCA all dataset artifacts),TraceRCA all dataset recursive service-fault CSV windows,RE1-SS/user_cpu/2/simple_data.csv,metrics,565404,selected
Zenodo record 14504481 (TraceRCA all dataset artifacts),TraceRCA all dataset recursive service-fault CSV windows,RE1-SS/user_cpu/3/data.csv,metrics,3535284,selected
Zenodo record 14504481 (TraceRCA all dataset artifacts),TraceRCA all dataset recursive service-fault CSV windows,RE1-SS/user_cpu/3/simple_data.csv,metrics,575878,selected
Zenodo record 14504481 (TraceRCA all dataset artifacts),TraceRCA all dataset recursive service-fault CSV windows,RE1-SS/user_cpu/4/data.csv,metrics,3548887,selected
Zenodo record 14504481 (TraceRCA all dataset artifacts),TraceRCA all dataset recursive service-fault CSV windows,RE1-SS/user_cpu/4/simple_data.csv,metrics,573425,selected
Zenodo record 14504481 (TraceRCA all dataset artifacts),TraceRCA all dataset recursive service-fault CSV windows,RE1-SS/user_cpu/5/data.csv,metrics,3518987,selected
Zenodo record 14504481 (TraceRCA all dataset artifacts),TraceRCA all dataset recursive service-fault CSV windows,RE1-SS/user_cpu/5/simple_data.csv,metrics,558565,selected
Zenodo record 14504481 (TraceRCA all dataset artifacts),TraceRCA all dataset recursive service-fault CSV windows,RE1-SS/user_delay/1/data.csv,metrics,3547497,selected
Zenodo record 14504481 (TraceRCA all dataset artifacts),TraceRCA all dataset recursive service-fault CSV windows,RE1-SS/user_delay/1/simple_data.csv,metrics,572912,selected
Zenodo record 14504481 (TraceRCA all dataset artifacts),TraceRCA all dataset recursive service-fault CSV windows,RE1-SS/user_delay/2/data.csv,metrics,3522264,selected
Zenodo record 14504481 (TraceRCA all dataset artifacts),TraceRCA all dataset recursive service-fault CSV windows,RE1-SS/user_delay/2/simple_data.csv,metrics,556143,selected
Zenodo record 14504481 (TraceRCA all dataset artifacts),TraceRCA all dataset recursive service-fault CSV windows,RE1-SS/user_delay/3/data.csv,metrics,3533861,selected
Zenodo record 14504481 (TraceRCA all dataset artifacts),TraceRCA all dataset recursive service-fault CSV windows,RE1-SS/user_delay/3/simple_data.csv,metrics,567840,selected
Zenodo record 14504481 (TraceRCA all dataset artifacts),TraceRCA all dataset recursive service-fault CSV windows,RE1-SS/user_delay/4/data.csv,metrics,3514244,selected
Zenodo record 14504481 (TraceRCA all dataset artifacts),TraceRCA all dataset recursive service-fault CSV windows,RE1-SS/user_delay/4/simple_data.csv,metrics,560889,selected
Zenodo record 14504481 (TraceRCA all dataset artifacts),TraceRCA all dataset recursive service-fault CSV windows,RE1-SS/user_delay/5/data.csv,metrics,3538581,selected
Zenodo record 14504481 (TraceRCA all dataset artifacts),TraceRCA all dataset recursive service-fault CSV windows,RE1-SS/user_delay/5/simple_data.csv,metrics,571141,selected
Zenodo record 14504481 (TraceRCA all dataset artifacts),TraceRCA all dataset recursive service-fault CSV windows,RE1-SS/user_disk/1/data.csv,metrics,3396866,selected
Zenodo record 14504481 (TraceRCA all dataset artifacts),TraceRCA all dataset recursive service-fault CSV windows,RE1-SS/user_disk/1/simple_data.csv,metrics,562552,selected
Zenodo record 14504481 (TraceRCA all dataset artifacts),TraceRCA all dataset recursive service-fault CSV windows,RE1-SS/user_disk/2/data.csv,metrics,3402925,selected
Zenodo record 14504481 (TraceRCA all dataset artifacts),TraceRCA all dataset recursive service-fault CSV windows,RE1-SS/user_disk/2/simple_data.csv,metrics,564054,selected
Zenodo record 14504481 (TraceRCA all dataset artifacts),TraceRCA all dataset recursive service-fault CSV windows,RE1-SS/user_disk/3/data.csv,metrics,3403385,selected
Zenodo record 14504481 (TraceRCA all dataset artifacts),TraceRCA all dataset recursive service-fault CSV windows,RE1-SS/user_disk/3/simple_data.csv,metrics,558672,selected
Zenodo record 14504481 (TraceRCA all dataset artifacts),TraceRCA all dataset recursive service-fault CSV windows,RE1-SS/user_disk/4/data.csv,metrics,3401620,selected
Zenodo record 14504481 (TraceRCA all dataset artifacts),TraceRCA all dataset recursive service-fault CSV windows,RE1-SS/user_disk/4/simple_data.csv,metrics,559808,selected
Zenodo record 14504481 (TraceRCA all dataset artifacts),TraceRCA all dataset recursive service-fault CSV windows,RE1-SS/user_disk/5/data.csv,metrics,3411593,selected
Zenodo record 14504481 (TraceRCA all dataset artifacts),TraceRCA all dataset recursive service-fault CSV windows,RE1-SS/user_disk/5/simple_data.csv,metrics,566954,selected
Zenodo record 14504481 (TraceRCA all dataset artifacts),TraceRCA all dataset recursive service-fault CSV windows,RE1-SS/user_loss/1/data.csv,metrics,3540900,selected
Zenodo record 14504481 (TraceRCA all dataset artifacts),TraceRCA all dataset recursive service-fault CSV windows,RE1-SS/user_loss/1/simple_data.csv,metrics,579452,selected
Zenodo record 14504481 (TraceRCA all dataset artifacts),TraceRCA all dataset recursive service-fault CSV windows,RE1-SS/user_loss/2/data.csv,metrics,3508079,selected
Zenodo record 14504481 (TraceRCA all dataset artifacts),TraceRCA all dataset recursive service-fault CSV windows,RE1-SS/user_loss/2/simple_data.csv,metrics,559638,selected
Zenodo record 14504481 (TraceRCA all dataset artifacts),TraceRCA all dataset recursive service-fault CSV windows,RE1-SS/user_loss/3/data.csv,metrics,3537960,selected
Zenodo record 14504481 (TraceRCA all dataset artifacts),TraceRCA all dataset recursive service-fault CSV windows,RE1-SS/user_loss/3/simple_data.csv,metrics,571826,selected
Zenodo record 14504481 (TraceRCA all dataset artifacts),TraceRCA all dataset recursive service-fault CSV windows,RE1-SS/user_loss/4/data.csv,metrics,3537218,selected
Zenodo record 14504481 (TraceRCA all dataset artifacts),TraceRCA all dataset recursive service-fault CSV windows,RE1-SS/user_loss/4/simple_data.csv,metrics,567519,selected
Zenodo record 14504481 (TraceRCA all dataset artifacts),TraceRCA all dataset recursive service-fault CSV windows,RE1-SS/user_loss/5/data.csv,metrics,3537666,selected
Zenodo record 14504481 (TraceRCA all dataset artifacts),TraceRCA all dataset recursive service-fault CSV windows,RE1-SS/user_loss/5/simple_data.csv,metrics,579407,selected
Zenodo record 14504481 (TraceRCA all dataset artifacts),TraceRCA all dataset recursive service-fault CSV windows,RE1-SS/user_mem/1/data.csv,metrics,3131041,selected
Zenodo record 14504481 (TraceRCA all dataset artifacts),TraceRCA all dataset recursive service-fault CSV windows,RE1-SS/user_mem/1/simple_data.csv,metrics,494337,selected
Zenodo record 14504481 (TraceRCA all dataset artifacts),TraceRCA all dataset recursive service-fault CSV windows,RE1-SS/user_mem/2/data.csv,metrics,3539288,selected
Zenodo record 14504481 (TraceRCA all dataset artifacts),TraceRCA all dataset recursive service-fault CSV windows,RE1-SS/user_mem/2/simple_data.csv,metrics,570879,selected
Zenodo record 14504481 (TraceRCA all dataset artifacts),TraceRCA all dataset recursive service-fault CSV windows,RE1-SS/user_mem/3/data.csv,metrics,3575085,selected
Zenodo record 14504481 (TraceRCA all dataset artifacts),TraceRCA all dataset recursive service-fault CSV windows,RE1-SS/user_mem/3/simple_data.csv,metrics,563874,selected
Zenodo record 14504481 (TraceRCA all dataset artifacts),TraceRCA all dataset recursive service-fault CSV windows,RE1-SS/user_mem/4/data.csv,metrics,3549508,selected
Zenodo record 14504481 (TraceRCA all dataset artifacts),TraceRCA all dataset recursive service-fault CSV windows,RE1-SS/user_mem/4/simple_data.csv,metrics,564924,selected
Zenodo record 14504481 (TraceRCA all dataset artifacts),TraceRCA all dataset recursive service-fault CSV windows,RE1-SS/user_mem/5/data.csv,metrics,3492862,selected
Zenodo record 14504481 (TraceRCA all dataset artifacts),TraceRCA all dataset recursive service-fault CSV windows,RE1-SS/user_mem/5/simple_data.csv,metrics,566421,selected
Zenodo record 14504481 (TraceRCA all dataset artifacts),TraceRCA all dataset recursive service-fault CSV windows,RE1-TT/ts-auth-service_cpu/1/data.csv,metrics,12776238,selected
Zenodo record 14504481 (TraceRCA all dataset artifacts),TraceRCA all dataset recursive service-fault CSV windows,RE1-TT/ts-auth-service_cpu/1/simple_data.csv,metrics,2820197,selected
Zenodo record 14504481 (TraceRCA all dataset artifacts),TraceRCA all dataset recursive service-fault CSV windows,RE1-TT/ts-auth-service_cpu/2/data.csv,metrics,12975490,selected
Zenodo record 14504481 (TraceRCA all dataset artifacts),TraceRCA all dataset recursive service-fault CSV windows,RE1-TT/ts-auth-service_cpu/2/simple_data.csv,metrics,2891154,selected
Zenodo record 14504481 (TraceRCA all dataset artifacts),TraceRCA all dataset recursive service-fault CSV windows,RE1-TT/ts-auth-service_cpu/3/data.csv,metrics,12635434,selected
Zenodo record 14504481 (TraceRCA all dataset artifacts),TraceRCA all dataset recursive service-fault CSV windows,RE1-TT/ts-auth-service_cpu/3/simple_data.csv,metrics,2797189,selected
Zenodo record 14504481 (TraceRCA all dataset artifacts),TraceRCA all dataset recursive service-fault CSV windows,RE1-TT/ts-auth-service_cpu/4/data.csv,metrics,11885037,selected
Zenodo record 14504481 (TraceRCA all dataset artifacts),TraceRCA all dataset recursive service-fault CSV windows,RE1-TT/ts-auth-service_cpu/4/simple_data.csv,metrics,2630468,selected
Zenodo record 14504481 (TraceRCA all dataset artifacts),TraceRCA all dataset recursive service-fault CSV windows,RE1-TT/ts-auth-service_cpu/5/data.csv,metrics,11868135,selected
Zenodo record 14504481 (TraceRCA all dataset artifacts),TraceRCA all dataset recursive service-fault CSV windows,RE1-TT/ts-auth-service_cpu/5/simple_data.csv,metrics,2624090,selected
Zenodo record 14504481 (TraceRCA all dataset artifacts),TraceRCA all dataset recursive service-fault CSV windows,RE1-TT/ts-auth-service_delay/1/data.csv,metrics,12798571,selected
Zenodo record 14504481 (TraceRCA all dataset artifacts),TraceRCA all dataset recursive service-fault CSV windows,RE1-TT/ts-auth-service_delay/1/simple_data.csv,metrics,2830409,selected
Zenodo record 14504481 (TraceRCA all dataset artifacts),TraceRCA all dataset recursive service-fault CSV windows,RE1-TT/ts-auth-service_delay/2/data.csv,metrics,12670438,selected
Zenodo record 14504481 (TraceRCA all dataset artifacts),TraceRCA all dataset recursive service-fault CSV windows,RE1-TT/ts-auth-service_delay/2/simple_data.csv,metrics,2794696,selected
Zenodo record 14504481 (TraceRCA all dataset artifacts),TraceRCA all dataset recursive service-fault CSV windows,RE1-TT/ts-auth-service_delay/3/data.csv,metrics,12589889,selected
Zenodo record 14504481 (TraceRCA all dataset artifacts),TraceRCA all dataset recursive service-fault CSV windows,RE1-TT/ts-auth-service_delay/3/simple_data.csv,metrics,2802008,selected
Zenodo record 14504481 (TraceRCA all dataset artifacts),TraceRCA all dataset recursive service-fault CSV windows,RE1-TT/ts-auth-service_delay/4/data.csv,metrics,11894689,selected
Zenodo record 14504481 (TraceRCA all dataset artifacts),TraceRCA all dataset recursive service-fault CSV windows,RE1-TT/ts-auth-service_delay/4/simple_data.csv,metrics,2638376,selected
Zenodo record 14504481 (TraceRCA all dataset artifacts),TraceRCA all dataset recursive service-fault CSV windows,RE1-TT/ts-auth-service_delay/5/data.csv,metrics,11871547,selected
Zenodo record 14504481 (TraceRCA all dataset artifacts),TraceRCA all dataset recursive service-fault CSV windows,RE1-TT/ts-auth-service_delay/5/simple_data.csv,metrics,2640572,selected
Zenodo record 14504481 (TraceRCA all dataset artifacts),TraceRCA all dataset recursive service-fault CSV windows,RE1-TT/ts-auth-service_disk/1/data.csv,metrics,12890637,selected
Zenodo record 14504481 (TraceRCA all dataset artifacts),TraceRCA all dataset recursive service-fault CSV windows,RE1-TT/ts-auth-service_disk/1/simple_data.csv,metrics,2196768,selected
Zenodo record 14504481 (TraceRCA all dataset artifacts),TraceRCA all dataset recursive service-fault CSV windows,RE1-TT/ts-auth-service_disk/2/data.csv,metrics,12984781,selected
Zenodo record 14504481 (TraceRCA all dataset artifacts),TraceRCA all dataset recursive service-fault CSV windows,RE1-TT/ts-auth-service_disk/2/simple_data.csv,metrics,2217358,selected
Zenodo record 14504481 (TraceRCA all dataset artifacts),TraceRCA all dataset recursive service-fault CSV windows,RE1-TT/ts-auth-service_disk/3/data.csv,metrics,12972490,selected
Zenodo record 14504481 (TraceRCA all dataset artifacts),TraceRCA all dataset recursive service-fault CSV windows,RE1-TT/ts-auth-service_disk/3/simple_data.csv,metrics,2218777,selected
Zenodo record 14504481 (TraceRCA all dataset artifacts),TraceRCA all dataset recursive service-fault CSV windows,RE1-TT/ts-auth-service_disk/4/data.csv,metrics,13054231,selected
Zenodo record 14504481 (TraceRCA all dataset artifacts),TraceRCA all dataset recursive service-fault CSV windows,RE1-TT/ts-auth-service_disk/4/simple_data.csv,metrics,2229735,selected
Zenodo record 14504481 (TraceRCA all dataset artifacts),TraceRCA all dataset recursive service-fault CSV windows,RE1-TT/ts-auth-service_disk/5/data.csv,metrics,12853257,selected
Zenodo record 14504481 (TraceRCA all dataset artifacts),TraceRCA all dataset recursive service-fault CSV windows,RE1-TT/ts-auth-service_disk/5/simple_data.csv,metrics,2194960,selected
Zenodo record 14504481 (TraceRCA all dataset artifacts),TraceRCA all dataset recursive service-fault CSV windows,RE1-TT/ts-auth-service_loss/1/data.csv,metrics,12768144,selected
Zenodo record 14504481 (TraceRCA all dataset artifacts),TraceRCA all dataset recursive service-fault CSV windows,RE1-TT/ts-auth-service_loss/1/simple_data.csv,metrics,2846591,selected
Zenodo record 14504481 (TraceRCA all dataset artifacts),TraceRCA all dataset recursive service-fault CSV windows,RE1-TT/ts-auth-service_loss/2/data.csv,metrics,12710275,selected
Zenodo record 14504481 (TraceRCA all dataset artifacts),TraceRCA all dataset recursive service-fault CSV windows,RE1-TT/ts-auth-service_loss/2/simple_data.csv,metrics,2809264,selected
Zenodo record 14504481 (TraceRCA all dataset artifacts),TraceRCA all dataset recursive service-fault CSV windows,RE1-TT/ts-auth-service_loss/3/data.csv,metrics,12634538,selected
Zenodo record 14504481 (TraceRCA all dataset artifacts),TraceRCA all dataset recursive service-fault CSV windows,RE1-TT/ts-auth-service_loss/3/simple_data.csv,metrics,2790442,selected
Zenodo record 14504481 (TraceRCA all dataset artifacts),TraceRCA all dataset recursive service-fault CSV windows,RE1-TT/ts-auth-service_loss/4/data.csv,metrics,12073409,selected
Zenodo record 14504481 (TraceRCA all dataset artifacts),TraceRCA all dataset recursive service-fault CSV windows,RE1-TT/ts-auth-service_loss/4/simple_data.csv,metrics,2648449,selected
Zenodo record 14504481 (TraceRCA all dataset artifacts),TraceRCA all dataset recursive service-fault CSV windows,RE1-TT/ts-auth-service_loss/5/data.csv,metrics,12008022,selected
Zenodo record 14504481 (TraceRCA all dataset artifacts),TraceRCA all dataset recursive service-fault CSV windows,RE1-TT/ts-auth-service_loss/5/simple_data.csv,metrics,2642517,selected
Zenodo record 14504481 (TraceRCA all dataset artifacts),TraceRCA all dataset recursive service-fault CSV windows,RE1-TT/ts-auth-service_mem/1/data.csv,metrics,12756884,selected
Zenodo record 14504481 (TraceRCA all dataset artifacts),TraceRCA all dataset recursive service-fault CSV windows,RE1-TT/ts-auth-service_mem/1/simple_data.csv,metrics,2824909,selected
Zenodo record 14504481 (TraceRCA all dataset artifacts),TraceRCA all dataset recursive service-fault CSV windows,RE1-TT/ts-auth-service_mem/2/data.csv,metrics,11992588,selected
Zenodo record 14504481 (TraceRCA all dataset artifacts),TraceRCA all dataset recursive service-fault CSV windows,RE1-TT/ts-auth-service_mem/2/simple_data.csv,metrics,2626987,selected
Zenodo record 14504481 (TraceRCA all dataset artifacts),TraceRCA all dataset recursive service-fault CSV windows,RE1-TT/ts-auth-service_mem/3/data.csv,metrics,12609267,selected
Zenodo record 14504481 (TraceRCA all dataset artifacts),TraceRCA all dataset recursive service-fault CSV windows,RE1-TT/ts-auth-service_mem/3/simple_data.csv,metrics,2808508,selected
Zenodo record 14504481 (TraceRCA all dataset artifacts),TraceRCA all dataset recursive service-fault CSV windows,RE1-TT/ts-auth-service_mem/4/data.csv,metrics,12083436,selected
Zenodo record 14504481 (TraceRCA all dataset artifacts),TraceRCA all dataset recursive service-fault CSV windows,RE1-TT/ts-auth-service_mem/4/simple_data.csv,metrics,2649534,selected
Zenodo record 14504481 (TraceRCA all dataset artifacts),TraceRCA all dataset recursive service-fault CSV windows,RE1-TT/ts-auth-service_mem/5/data.csv,metrics,11975042,selected
Zenodo record 14504481 (TraceRCA all dataset artifacts),TraceRCA all dataset recursive service-fault CSV windows,RE1-TT/ts-auth-service_mem/5/simple_data.csv,metrics,2627919,selected
Zenodo record 14504481 (TraceRCA all dataset artifacts),TraceRCA all dataset recursive service-fault CSV windows,RE1-TT/ts-order-service_cpu/1/data.csv,metrics,12913414,selected
Zenodo record 14504481 (TraceRCA all dataset artifacts),TraceRCA all dataset recursive service-fault CSV windows,RE1-TT/ts-order-service_cpu/1/simple_data.csv,metrics,2863005,selected
Zenodo record 14504481 (TraceRCA all dataset artifacts),TraceRCA all dataset recursive service-fault CSV windows,RE1-TT/ts-order-service_cpu/2/data.csv,metrics,12546424,selected
Zenodo record 14504481 (TraceRCA all dataset artifacts),TraceRCA all dataset recursive service-fault CSV windows,RE1-TT/ts-order-service_cpu/2/simple_data.csv,metrics,2757170,selected
Zenodo record 14504481 (TraceRCA all dataset artifacts),TraceRCA all dataset recursive service-fault CSV windows,RE1-TT/ts-order-service_cpu/3/data.csv,metrics,11938919,selected
Zenodo record 14504481 (TraceRCA all dataset artifacts),TraceRCA all dataset recursive service-fault CSV windows,RE1-TT/ts-order-service_cpu/3/simple_data.csv,metrics,2631853,selected
Zenodo record 14504481 (TraceRCA all dataset artifacts),TraceRCA all dataset recursive service-fault CSV windows,RE1-TT/ts-order-service_cpu/4/data.csv,metrics,11984885,selected
Zenodo record 14504481 (TraceRCA all dataset artifacts),TraceRCA all dataset recursive service-fault CSV windows,RE1-TT/ts-order-service_cpu/4/simple_data.csv,metrics,2637222,selected
Zenodo record 14504481 (TraceRCA all dataset artifacts),TraceRCA all dataset recursive service-fault CSV windows,RE1-TT/ts-order-service_cpu/5/data.csv,metrics,11981937,selected
Zenodo record 14504481 (TraceRCA all dataset artifacts),TraceRCA all dataset recursive service-fault CSV windows,RE1-TT/ts-order-service_cpu/5/simple_data.csv,metrics,2647349,selected
Zenodo record 14504481 (TraceRCA all dataset artifacts),TraceRCA all dataset recursive service-fault CSV windows,RE1-TT/ts-order-service_delay/1/data.csv,metrics,12859683,selected
Zenodo record 14504481 (TraceRCA all dataset artifacts),TraceRCA all dataset recursive service-fault CSV windows,RE1-TT/ts-order-service_delay/1/simple_data.csv,metrics,2855500,selected
Zenodo record 14504481 (TraceRCA all dataset artifacts),TraceRCA all dataset recursive service-fault CSV windows,RE1-TT/ts-order-service_delay/2/data.csv,metrics,12562025,selected
Zenodo record 14504481 (TraceRCA all dataset artifacts),TraceRCA all dataset recursive service-fault CSV windows,RE1-TT/ts-order-service_delay/2/simple_data.csv,metrics,2778992,selected
Zenodo record 14504481 (TraceRCA all dataset artifacts),TraceRCA all dataset recursive service-fault CSV windows,RE1-TT/ts-order-service_delay/3/data.csv,metrics,11951713,selected
Zenodo record 14504481 (TraceRCA all dataset artifacts),TraceRCA all dataset recursive service-fault CSV windows,RE1-TT/ts-order-service_delay/3/simple_data.csv,metrics,2652003,selected
Zenodo record 14504481 (TraceRCA all dataset artifacts),TraceRCA all dataset recursive service-fault CSV windows,RE1-TT/ts-order-service_delay/4/data.csv,metrics,11965421,selected
Zenodo record 14504481 (TraceRCA all dataset artifacts),TraceRCA all dataset recursive service-fault CSV windows,RE1-TT/ts-order-service_delay/4/simple_data.csv,metrics,2641237,selected
Zenodo record 14504481 (TraceRCA all dataset artifacts),TraceRCA all dataset recursive service-fault CSV windows,RE1-TT/ts-order-service_delay/5/data.csv,metrics,11938727,selected
Zenodo record 14504481 (TraceRCA all dataset artifacts),TraceRCA all dataset recursive service-fault CSV windows,RE1-TT/ts-order-service_delay/5/simple_data.csv,metrics,2640147,selected
Zenodo record 14504481 (TraceRCA all dataset artifacts),TraceRCA all dataset recursive service-fault CSV windows,RE1-TT/ts-order-service_disk/1/data.csv,metrics,13051749,selected
Zenodo record 14504481 (TraceRCA all dataset artifacts),TraceRCA all dataset recursive service-fault CSV windows,RE1-TT/ts-order-service_disk/1/simple_data.csv,metrics,2226913,selected
Zenodo record 14504481 (TraceRCA all dataset artifacts),TraceRCA all dataset recursive service-fault CSV windows,RE1-TT/ts-order-service_disk/2/data.csv,metrics,12911020,selected
Zenodo record 14504481 (TraceRCA all dataset artifacts),TraceRCA all dataset recursive service-fault CSV windows,RE1-TT/ts-order-service_disk/2/simple_data.csv,metrics,2217808,selected
Zenodo record 14504481 (TraceRCA all dataset artifacts),TraceRCA all dataset recursive service-fault CSV windows,RE1-TT/ts-order-service_disk/3/data.csv,metrics,13047544,selected
Zenodo record 14504481 (TraceRCA all dataset artifacts),TraceRCA all dataset recursive service-fault CSV windows,RE1-TT/ts-order-service_disk/3/simple_data.csv,metrics,2235887,selected
Zenodo record 14504481 (TraceRCA all dataset artifacts),TraceRCA all dataset recursive service-fault CSV windows,RE1-TT/ts-order-service_disk/4/data.csv,metrics,12915015,selected
Zenodo record 14504481 (TraceRCA all dataset artifacts),TraceRCA all dataset recursive service-fault CSV windows,RE1-TT/ts-order-service_disk/4/simple_data.csv,metrics,2207744,selected
Zenodo record 14504481 (TraceRCA all dataset artifacts),TraceRCA all dataset recursive service-fault CSV windows,RE1-TT/ts-order-service_disk/5/data.csv,metrics,13066160,selected
Zenodo record 14504481 (TraceRCA all dataset artifacts),TraceRCA all dataset recursive service-fault CSV windows,RE1-TT/ts-order-service_disk/5/simple_data.csv,metrics,2240392,selected
Zenodo record 14504481 (TraceRCA all dataset artifacts),TraceRCA all dataset recursive service-fault CSV windows,RE1-TT/ts-order-service_loss/1/data.csv,metrics,12833329,selected
Zenodo record 14504481 (TraceRCA all dataset artifacts),TraceRCA all dataset recursive service-fault CSV windows,RE1-TT/ts-order-service_loss/1/simple_data.csv,metrics,2876861,selected
Zenodo record 14504481 (TraceRCA all dataset artifacts),TraceRCA all dataset recursive service-fault CSV windows,RE1-TT/ts-order-service_loss/2/data.csv,metrics,12684971,selected
Zenodo record 14504481 (TraceRCA all dataset artifacts),TraceRCA all dataset recursive service-fault CSV windows,RE1-TT/ts-order-service_loss/2/simple_data.csv,metrics,2814900,selected
Zenodo record 14504481 (TraceRCA all dataset artifacts),TraceRCA all dataset recursive service-fault CSV windows,RE1-TT/ts-order-service_loss/3/data.csv,metrics,11961804,selected
Zenodo record 14504481 (TraceRCA all dataset artifacts),TraceRCA all dataset recursive service-fault CSV windows,RE1-TT/ts-order-service_loss/3/simple_data.csv,metrics,2634632,selected
Zenodo record 14504481 (TraceRCA all dataset artifacts),TraceRCA all dataset recursive service-fault CSV windows,RE1-TT/ts-order-service_loss/4/data.csv,metrics,12051953,selected
Zenodo record 14504481 (TraceRCA all dataset artifacts),TraceRCA all dataset recursive service-fault CSV windows,RE1-TT/ts-order-service_loss/4/simple_data.csv,metrics,2656698,selected
Zenodo record 14504481 (TraceRCA all dataset artifacts),TraceRCA all dataset recursive service-fault CSV windows,RE1-TT/ts-order-service_loss/5/data.csv,metrics,11984371,selected
Zenodo record 14504481 (TraceRCA all dataset artifacts),TraceRCA all dataset recursive service-fault CSV windows,RE1-TT/ts-order-service_loss/5/simple_data.csv,metrics,2638606,selected
Zenodo record 14504481 (TraceRCA all dataset artifacts),TraceRCA all dataset recursive service-fault CSV windows,RE1-TT/ts-order-service_mem/1/data.csv,metrics,12005119,selected
Zenodo record 14504481 (TraceRCA all dataset artifacts),TraceRCA all dataset recursive service-fault CSV windows,RE1-TT/ts-order-service_mem/1/simple_data.csv,metrics,2624725,selected
Zenodo record 14504481 (TraceRCA all dataset artifacts),TraceRCA all dataset recursive service-fault CSV windows,RE1-TT/ts-order-service_mem/2/data.csv,metrics,12004537,selected
Zenodo record 14504481 (TraceRCA all dataset artifacts),TraceRCA all dataset recursive service-fault CSV windows,RE1-TT/ts-order-service_mem/2/simple_data.csv,metrics,2627175,selected
Zenodo record 14504481 (TraceRCA all dataset artifacts),TraceRCA all dataset recursive service-fault CSV windows,RE1-TT/ts-order-service_mem/3/data.csv,metrics,11221892,selected
Zenodo record 14504481 (TraceRCA all dataset artifacts),TraceRCA all dataset recursive service-fault CSV windows,RE1-TT/ts-order-service_mem/3/simple_data.csv,metrics,2424936,selected
Zenodo record 14504481 (TraceRCA all dataset artifacts),TraceRCA all dataset recursive service-fault CSV windows,RE1-TT/ts-order-service_mem/4/data.csv,metrics,11965249,selected
Zenodo record 14504481 (TraceRCA all dataset artifacts),TraceRCA all dataset recursive service-fault CSV windows,RE1-TT/ts-order-service_mem/4/simple_data.csv,metrics,2618095,selected
Zenodo record 14504481 (TraceRCA all dataset artifacts),TraceRCA all dataset recursive service-fault CSV windows,RE1-TT/ts-order-service_mem/5/data.csv,metrics,12007872,selected
Zenodo record 14504481 (TraceRCA all dataset artifacts),TraceRCA all dataset recursive service-fault CSV windows,RE1-TT/ts-order-service_mem/5/simple_data.csv,metrics,2630292,selected
Zenodo record 14504481 (TraceRCA all dataset artifacts),TraceRCA all dataset recursive service-fault CSV windows,RE1-TT/ts-route-service_cpu/1/data.csv,metrics,12905389,selected
Zenodo record 14504481 (TraceRCA all dataset artifacts),TraceRCA all dataset recursive service-fault CSV windows,RE1-TT/ts-route-service_cpu/1/simple_data.csv,metrics,2866115,selected
Zenodo record 14504481 (TraceRCA all dataset artifacts),TraceRCA all dataset recursive service-fault CSV windows,RE1-TT/ts-route-service_cpu/2/data.csv,metrics,12718091,selected
Zenodo record 14504481 (TraceRCA all dataset artifacts),TraceRCA all dataset recursive service-fault CSV windows,RE1-TT/ts-route-service_cpu/2/simple_data.csv,metrics,2808042,selected
Zenodo record 14504481 (TraceRCA all dataset artifacts),TraceRCA all dataset recursive service-fault CSV windows,RE1-TT/ts-route-service_cpu/3/data.csv,metrics,12712937,selected
Zenodo record 14504481 (TraceRCA all dataset artifacts),TraceRCA all dataset recursive service-fault CSV windows,RE1-TT/ts-route-service_cpu/3/simple_data.csv,metrics,2801830,selected
Zenodo record 14504481 (TraceRCA all dataset artifacts),TraceRCA all dataset recursive service-fault CSV windows,RE1-TT/ts-route-service_cpu/4/data.csv,metrics,12043267,selected
Zenodo record 14504481 (TraceRCA all dataset artifacts),TraceRCA all dataset recursive service-fault CSV windows,RE1-TT/ts-route-service_cpu/4/simple_data.csv,metrics,2657330,selected
Zenodo record 14504481 (TraceRCA all dataset artifacts),TraceRCA all dataset recursive service-fault CSV windows,RE1-TT/ts-route-service_cpu/5/data.csv,metrics,11933846,selected
Zenodo record 14504481 (TraceRCA all dataset artifacts),TraceRCA all dataset recursive service-fault CSV windows,RE1-TT/ts-route-service_cpu/5/simple_data.csv,metrics,2629892,selected
Zenodo record 14504481 (TraceRCA all dataset artifacts),TraceRCA all dataset recursive service-fault CSV windows,RE1-TT/ts-route-service_delay/1/data.csv,metrics,12825892,selected
Zenodo record 14504481 (TraceRCA all dataset artifacts),TraceRCA all dataset recursive service-fault CSV windows,RE1-TT/ts-route-service_delay/1/simple_data.csv,metrics,2825120,selected
Zenodo record 14504481 (TraceRCA all dataset artifacts),TraceRCA all dataset recursive service-fault CSV windows,RE1-TT/ts-route-service_delay/2/data.csv,metrics,12683033,selected
Zenodo record 14504481 (TraceRCA all dataset artifacts),TraceRCA all dataset recursive service-fault CSV windows,RE1-TT/ts-route-service_delay/2/simple_data.csv,metrics,2810031,selected
Zenodo record 14504481 (TraceRCA all dataset artifacts),TraceRCA all dataset recursive service-fault CSV windows,RE1-TT/ts-route-service_delay/3/data.csv,metrics,12678367,selected
Zenodo record 14504481 (TraceRCA all dataset artifacts),TraceRCA all dataset recursive service-fault CSV windows,RE1-TT/ts-route-service_delay/3/simple_data.csv,metrics,2812819,selected
Zenodo record 14504481 (TraceRCA all dataset artifacts),TraceRCA all dataset recursive service-fault CSV windows,RE1-TT/ts-route-service_delay/4/data.csv,metrics,11940386,selected
Zenodo record 14504481 (TraceRCA all dataset artifacts),TraceRCA all dataset recursive service-fault CSV windows,RE1-TT/ts-route-service_delay/4/simple_data.csv,metrics,2628682,selected
Zenodo record 14504481 (TraceRCA all dataset artifacts),TraceRCA all dataset recursive service-fault CSV windows,RE1-TT/ts-route-service_delay/5/data.csv,metrics,11884396,selected
Zenodo record 14504481 (TraceRCA all dataset artifacts),TraceRCA all dataset recursive service-fault CSV windows,RE1-TT/ts-route-service_delay/5/simple_data.csv,metrics,2634633,selected
Zenodo record 14504481 (TraceRCA all dataset artifacts),TraceRCA all dataset recursive service-fault CSV windows,RE1-TT/ts-route-service_disk/1/data.csv,metrics,12958155,selected
Zenodo record 14504481 (TraceRCA all dataset artifacts),TraceRCA all dataset recursive service-fault CSV windows,RE1-TT/ts-route-service_disk/1/simple_data.csv,metrics,2193171,selected
Zenodo record 14504481 (TraceRCA all dataset artifacts),TraceRCA all dataset recursive service-fault CSV windows,RE1-TT/ts-route-service_disk/2/data.csv,metrics,12981689,selected
Zenodo record 14504481 (TraceRCA all dataset artifacts),TraceRCA all dataset recursive service-fault CSV windows,RE1-TT/ts-route-service_disk/2/simple_data.csv,metrics,2224926,selected
Zenodo record 14504481 (TraceRCA all dataset artifacts),TraceRCA all dataset recursive service-fault CSV windows,RE1-TT/ts-route-service_disk/3/data.csv,metrics,13039512,selected
Zenodo record 14504481 (TraceRCA all dataset artifacts),TraceRCA all dataset recursive service-fault CSV windows,RE1-TT/ts-route-service_disk/3/simple_data.csv,metrics,2235417,selected
Zenodo record 14504481 (TraceRCA all dataset artifacts),TraceRCA all dataset recursive service-fault CSV windows,RE1-TT/ts-route-service_disk/4/data.csv,metrics,12806155,selected
Zenodo record 14504481 (TraceRCA all dataset artifacts),TraceRCA all dataset recursive service-fault CSV windows,RE1-TT/ts-route-service_disk/4/simple_data.csv,metrics,2202406,selected
Zenodo record 14504481 (TraceRCA all dataset artifacts),TraceRCA all dataset recursive service-fault CSV windows,RE1-TT/ts-route-service_disk/5/data.csv,metrics,13018425,selected
Zenodo record 14504481 (TraceRCA all dataset artifacts),TraceRCA all dataset recursive service-fault CSV windows,RE1-TT/ts-route-service_disk/5/simple_data.csv,metrics,2223777,selected
Zenodo record 14504481 (TraceRCA all dataset artifacts),TraceRCA all dataset recursive service-fault CSV windows,RE1-TT/ts-route-service_loss/1/data.csv,metrics,11982900,selected
Zenodo record 14504481 (TraceRCA all dataset artifacts),TraceRCA all dataset recursive service-fault CSV windows,RE1-TT/ts-route-service_loss/1/simple_data.csv,metrics,2626586,selected
Zenodo record 14504481 (TraceRCA all dataset artifacts),TraceRCA all dataset recursive service-fault CSV windows,RE1-TT/ts-route-service_loss/2/data.csv,metrics,12805454,selected
Zenodo record 14504481 (TraceRCA all dataset artifacts),TraceRCA all dataset recursive service-fault CSV windows,RE1-TT/ts-route-service_loss/2/simple_data.csv,metrics,2833960,selected
Zenodo record 14504481 (TraceRCA all dataset artifacts),TraceRCA all dataset recursive service-fault CSV windows,RE1-TT/ts-route-service_loss/3/data.csv,metrics,12774304,selected
Zenodo record 14504481 (TraceRCA all dataset artifacts),TraceRCA all dataset recursive service-fault CSV windows,RE1-TT/ts-route-service_loss/3/simple_data.csv,metrics,2834163,selected
Zenodo record 14504481 (TraceRCA all dataset artifacts),TraceRCA all dataset recursive service-fault CSV windows,RE1-TT/ts-route-service_loss/4/data.csv,metrics,12060724,selected
Zenodo record 14504481 (TraceRCA all dataset artifacts),TraceRCA all dataset recursive service-fault CSV windows,RE1-TT/ts-route-service_loss/4/simple_data.csv,metrics,2649219,selected
Zenodo record 14504481 (TraceRCA all dataset artifacts),TraceRCA all dataset recursive service-fault CSV windows,RE1-TT/ts-route-service_loss/5/data.csv,metrics,11944220,selected
Zenodo record 14504481 (TraceRCA all dataset artifacts),TraceRCA all dataset recursive service-fault CSV windows,RE1-TT/ts-route-service_loss/5/simple_data.csv,metrics,2627404,selected
Zenodo record 14504481 (TraceRCA all dataset artifacts),TraceRCA all dataset recursive service-fault CSV windows,RE1-TT/ts-route-service_mem/1/data.csv,metrics,11999371,selected
Zenodo record 14504481 (TraceRCA all dataset artifacts),TraceRCA all dataset recursive service-fault CSV windows,RE1-TT/ts-route-service_mem/1/simple_data.csv,metrics,2627686,selected
Zenodo record 14504481 (TraceRCA all dataset artifacts),TraceRCA all dataset recursive service-fault CSV windows,RE1-TT/ts-route-service_mem/2/data.csv,metrics,12104585,selected
Zenodo record 14504481 (TraceRCA all dataset artifacts),TraceRCA all dataset recursive service-fault CSV windows,RE1-TT/ts-route-service_mem/2/simple_data.csv,metrics,2644953,selected
Zenodo record 14504481 (TraceRCA all dataset artifacts),TraceRCA all dataset recursive service-fault CSV windows,RE1-TT/ts-route-service_mem/3/data.csv,metrics,12014263,selected
Zenodo record 14504481 (TraceRCA all dataset artifacts),TraceRCA all dataset recursive service-fault CSV windows,RE1-TT/ts-route-service_mem/3/simple_data.csv,metrics,2627087,selected
Zenodo record 14504481 (TraceRCA all dataset artifacts),TraceRCA all dataset recursive service-fault CSV windows,RE1-TT/ts-route-service_mem/4/data.csv,metrics,12019425,selected
Zenodo record 14504481 (TraceRCA all dataset artifacts),TraceRCA all dataset recursive service-fault CSV windows,RE1-TT/ts-route-service_mem/4/simple_data.csv,metrics,2620390,selected
Zenodo record 14504481 (TraceRCA all dataset artifacts),TraceRCA all dataset recursive service-fault CSV windows,RE1-TT/ts-route-service_mem/5/data.csv,metrics,11947827,selected
Zenodo record 14504481 (TraceRCA all dataset artifacts),TraceRCA all dataset recursive service-fault CSV windows,RE1-TT/ts-route-service_mem/5/simple_data.csv,metrics,2621377,selected
Zenodo record 14504481 (TraceRCA all dataset artifacts),TraceRCA all dataset recursive service-fault CSV windows,RE1-TT/ts-train-service_cpu/1/data.csv,metrics,12901723,selected
Zenodo record 14504481 (TraceRCA all dataset artifacts),TraceRCA all dataset recursive service-fault CSV windows,RE1-TT/ts-train-service_cpu/1/simple_data.csv,metrics,2872668,selected
Zenodo record 14504481 (TraceRCA all dataset artifacts),TraceRCA all dataset recursive service-fault CSV windows,RE1-TT/ts-train-service_cpu/2/data.csv,metrics,12873265,selected
Zenodo record 14504481 (TraceRCA all dataset artifacts),TraceRCA all dataset recursive service-fault CSV windows,RE1-TT/ts-train-service_cpu/2/simple_data.csv,metrics,2863073,selected
Zenodo record 14504481 (TraceRCA all dataset artifacts),TraceRCA all dataset recursive service-fault CSV windows,RE1-TT/ts-train-service_cpu/3/data.csv,metrics,12679022,selected
Zenodo record 14504481 (TraceRCA all dataset artifacts),TraceRCA all dataset recursive service-fault CSV windows,RE1-TT/ts-train-service_cpu/3/simple_data.csv,metrics,2814573,selected
Zenodo record 14504481 (TraceRCA all dataset artifacts),TraceRCA all dataset recursive service-fault CSV windows,RE1-TT/ts-train-service_cpu/4/data.csv,metrics,11982586,selected
Zenodo record 14504481 (TraceRCA all dataset artifacts),TraceRCA all dataset recursive service-fault CSV windows,RE1-TT/ts-train-service_cpu/4/simple_data.csv,metrics,2640837,selected
Zenodo record 14504481 (TraceRCA all dataset artifacts),TraceRCA all dataset recursive service-fault CSV windows,RE1-TT/ts-train-service_cpu/5/data.csv,metrics,12098729,selected
Zenodo record 14504481 (TraceRCA all dataset artifacts),TraceRCA all dataset recursive service-fault CSV windows,RE1-TT/ts-train-service_cpu/5/simple_data.csv,metrics,2680744,selected
Zenodo record 14504481 (TraceRCA all dataset artifacts),TraceRCA all dataset recursive service-fault CSV windows,RE1-TT/ts-train-service_delay/1/data.csv,metrics,12811683,selected
Zenodo record 14504481 (TraceRCA all dataset artifacts),TraceRCA all dataset recursive service-fault CSV windows,RE1-TT/ts-train-service_delay/1/simple_data.csv,metrics,2853294,selected
Zenodo record 14504481 (TraceRCA all dataset artifacts),TraceRCA all dataset recursive service-fault CSV windows,RE1-TT/ts-train-service_delay/2/data.csv,metrics,12623200,selected
Zenodo record 14504481 (TraceRCA all dataset artifacts),TraceRCA all dataset recursive service-fault CSV windows,RE1-TT/ts-train-service_delay/2/simple_data.csv,metrics,2789828,selected
Zenodo record 14504481 (TraceRCA all dataset artifacts),TraceRCA all dataset recursive service-fault CSV windows,RE1-TT/ts-train-service_delay/3/data.csv,metrics,12605955,selected
Zenodo record 14504481 (TraceRCA all dataset artifacts),TraceRCA all dataset recursive service-fault CSV windows,RE1-TT/ts-train-service_delay/3/simple_data.csv,metrics,2809304,selected
Zenodo record 14504481 (TraceRCA all dataset artifacts),TraceRCA all dataset recursive service-fault CSV windows,RE1-TT/ts-train-service_delay/4/data.csv,metrics,11872055,selected
Zenodo record 14504481 (TraceRCA all dataset artifacts),TraceRCA all dataset recursive service-fault CSV windows,RE1-TT/ts-train-service_delay/4/simple_data.csv,metrics,2620238,selected
Zenodo record 14504481 (TraceRCA all dataset artifacts),TraceRCA all dataset recursive service-fault CSV windows,RE1-TT/ts-train-service_delay/5/data.csv,metrics,11820266,selected
Zenodo record 14504481 (TraceRCA all dataset artifacts),TraceRCA all dataset recursive service-fault CSV windows,RE1-TT/ts-train-service_delay/5/simple_data.csv,metrics,2613598,selected
Zenodo record 14504481 (TraceRCA all dataset artifacts),TraceRCA all dataset recursive service-fault CSV windows,RE1-TT/ts-train-service_disk/1/data.csv,metrics,12918761,selected
Zenodo record 14504481 (TraceRCA all dataset artifacts),TraceRCA all dataset recursive service-fault CSV windows,RE1-TT/ts-train-service_disk/1/simple_data.csv,metrics,2197252,selected
Zenodo record 14504481 (TraceRCA all dataset artifacts),TraceRCA all dataset recursive service-fault CSV windows,RE1-TT/ts-train-service_disk/2/data.csv,metrics,12834076,selected
Zenodo record 14504481 (TraceRCA all dataset artifacts),TraceRCA all dataset recursive service-fault CSV windows,RE1-TT/ts-train-service_disk/2/simple_data.csv,metrics,2192306,selected
Zenodo record 14504481 (TraceRCA all dataset artifacts),TraceRCA all dataset recursive service-fault CSV windows,RE1-TT/ts-train-service_disk/3/data.csv,metrics,12927490,selected
Zenodo record 14504481 (TraceRCA all dataset artifacts),TraceRCA all dataset recursive service-fault CSV windows,RE1-TT/ts-train-service_disk/3/simple_data.csv,metrics,2209351,selected
Zenodo record 14504481 (TraceRCA all dataset artifacts),TraceRCA all dataset recursive service-fault CSV windows,RE1-TT/ts-train-service_disk/4/data.csv,metrics,12750594,selected
Zenodo record 14504481 (TraceRCA all dataset artifacts),TraceRCA all dataset recursive service-fault CSV windows,RE1-TT/ts-train-service_disk/4/simple_data.csv,metrics,2182297,selected
Zenodo record 14504481 (TraceRCA all dataset artifacts),TraceRCA all dataset recursive service-fault CSV windows,RE1-TT/ts-train-service_disk/5/data.csv,metrics,12833269,selected
Zenodo record 14504481 (TraceRCA all dataset artifacts),TraceRCA all dataset recursive service-fault CSV windows,RE1-TT/ts-train-service_disk/5/simple_data.csv,metrics,2193564,selected
Zenodo record 14504481 (TraceRCA all dataset artifacts),TraceRCA all dataset recursive service-fault CSV windows,RE1-TT/ts-train-service_loss/1/data.csv,metrics,11913142,selected
Zenodo record 14504481 (TraceRCA all dataset artifacts),TraceRCA all dataset recursive service-fault CSV windows,RE1-TT/ts-train-service_loss/1/simple_data.csv,metrics,2625700,selected
Zenodo record 14504481 (TraceRCA all dataset artifacts),TraceRCA all dataset recursive service-fault CSV windows,RE1-TT/ts-train-service_loss/2/data.csv,metrics,12659468,selected
Zenodo record 14504481 (TraceRCA all dataset artifacts),TraceRCA all dataset recursive service-fault CSV windows,RE1-TT/ts-train-service_loss/2/simple_data.csv,metrics,2791287,selected
Zenodo record 14504481 (TraceRCA all dataset artifacts),TraceRCA all dataset recursive service-fault CSV windows,RE1-TT/ts-train-service_loss/3/data.csv,metrics,12741557,selected
Zenodo record 14504481 (TraceRCA all dataset artifacts),TraceRCA all dataset recursive service-fault CSV windows,RE1-TT/ts-train-service_loss/3/simple_data.csv,metrics,2821521,selected
Zenodo record 14504481 (TraceRCA all dataset artifacts),TraceRCA all dataset recursive service-fault CSV windows,RE1-TT/ts-train-service_loss/4/data.csv,metrics,11965365,selected
Zenodo record 14504481 (TraceRCA all dataset artifacts),TraceRCA all dataset recursive service-fault CSV windows,RE1-TT/ts-train-service_loss/4/simple_data.csv,metrics,2632009,selected
Zenodo record 14504481 (TraceRCA all dataset artifacts),TraceRCA all dataset recursive service-fault CSV windows,RE1-TT/ts-train-service_loss/5/data.csv,metrics,11917102,selected
Zenodo record 14504481 (TraceRCA all dataset artifacts),TraceRCA all dataset recursive service-fault CSV windows,RE1-TT/ts-train-service_loss/5/simple_data.csv,metrics,2617505,selected
Zenodo record 14504481 (TraceRCA all dataset artifacts),TraceRCA all dataset recursive service-fault CSV windows,RE1-TT/ts-train-service_mem/1/data.csv,metrics,12963938,selected
Zenodo record 14504481 (TraceRCA all dataset artifacts),TraceRCA all dataset recursive service-fault CSV windows,RE1-TT/ts-train-service_mem/1/simple_data.csv,metrics,2879099,selected
Zenodo record 14504481 (TraceRCA all dataset artifacts),TraceRCA all dataset recursive service-fault CSV windows,RE1-TT/ts-train-service_mem/2/data.csv,metrics,12841127,selected
Zenodo record 14504481 (TraceRCA all dataset artifacts),TraceRCA all dataset recursive service-fault CSV windows,RE1-TT/ts-train-service_mem/2/simple_data.csv,metrics,2845074,selected
Zenodo record 14504481 (TraceRCA all dataset artifacts),TraceRCA all dataset recursive service-fault CSV windows,RE1-TT/ts-train-service_mem/3/data.csv,metrics,12853349,selected
Zenodo record 14504481 (TraceRCA all dataset artifacts),TraceRCA all dataset recursive service-fault CSV windows,RE1-TT/ts-train-service_mem/3/simple_data.csv,metrics,2828793,selected
Zenodo record 14504481 (TraceRCA all dataset artifacts),TraceRCA all dataset recursive service-fault CSV windows,RE1-TT/ts-train-service_mem/4/data.csv,metrics,12080583,selected
Zenodo record 14504481 (TraceRCA all dataset artifacts),TraceRCA all dataset recursive service-fault CSV windows,RE1-TT/ts-train-service_mem/4/simple_data.csv,metrics,2638977,selected
Zenodo record 14504481 (TraceRCA all dataset artifacts),TraceRCA all dataset recursive service-fault CSV windows,RE1-TT/ts-train-service_mem/5/data.csv,metrics,12026458,selected
Zenodo record 14504481 (TraceRCA all dataset artifacts),TraceRCA all dataset recursive service-fault CSV windows,RE1-TT/ts-train-service_mem/5/simple_data.csv,metrics,2621172,selected
Zenodo record 14504481 (TraceRCA all dataset artifacts),TraceRCA all dataset recursive service-fault CSV windows,RE1-TT/ts-travel-service_cpu/1/data.csv,metrics,12924162,selected
Zenodo record 14504481 (TraceRCA all dataset artifacts),TraceRCA all dataset recursive service-fault CSV windows,RE1-TT/ts-travel-service_cpu/1/simple_data.csv,metrics,2899255,selected
Zenodo record 14504481 (TraceRCA all dataset artifacts),TraceRCA all dataset recursive service-fault CSV windows,RE1-TT/ts-travel-service_cpu/2/data.csv,metrics,12685793,selected
Zenodo record 14504481 (TraceRCA all dataset artifacts),TraceRCA all dataset recursive service-fault CSV windows,RE1-TT/ts-travel-service_cpu/2/simple_data.csv,metrics,2799960,selected
Zenodo record 14504481 (TraceRCA all dataset artifacts),TraceRCA all dataset recursive service-fault CSV windows,RE1-TT/ts-travel-service_cpu/3/data.csv,metrics,12702583,selected
Zenodo record 14504481 (TraceRCA all dataset artifacts),TraceRCA all dataset recursive service-fault CSV windows,RE1-TT/ts-travel-service_cpu/3/simple_data.csv,metrics,2827722,selected
Zenodo record 14504481 (TraceRCA all dataset artifacts),TraceRCA all dataset recursive service-fault CSV windows,RE1-TT/ts-travel-service_cpu/4/data.csv,metrics,11967120,selected
Zenodo record 14504481 (TraceRCA all dataset artifacts),TraceRCA all dataset recursive service-fault CSV windows,RE1-TT/ts-travel-service_cpu/4/simple_data.csv,metrics,2641542,selected
Zenodo record 14504481 (TraceRCA all dataset artifacts),TraceRCA all dataset recursive service-fault CSV windows,RE1-TT/ts-travel-service_cpu/5/data.csv,metrics,11897185,selected
Zenodo record 14504481 (TraceRCA all dataset artifacts),TraceRCA all dataset recursive service-fault CSV windows,RE1-TT/ts-travel-service_cpu/5/simple_data.csv,metrics,2628986,selected
Zenodo record 14504481 (TraceRCA all dataset artifacts),TraceRCA all dataset recursive service-fault CSV windows,RE1-TT/ts-travel-service_delay/1/data.csv,metrics,12756788,selected
Zenodo record 14504481 (TraceRCA all dataset artifacts),TraceRCA all dataset recursive service-fault CSV windows,RE1-TT/ts-travel-service_delay/1/simple_data.csv,metrics,2814945,selected
Zenodo record 14504481 (TraceRCA all dataset artifacts),TraceRCA all dataset recursive service-fault CSV windows,RE1-TT/ts-travel-service_delay/2/data.csv,metrics,11919282,selected
Zenodo record 14504481 (TraceRCA all dataset artifacts),TraceRCA all dataset recursive service-fault CSV windows,RE1-TT/ts-travel-service_delay/2/simple_data.csv,metrics,2617901,selected
Zenodo record 14504481 (TraceRCA all dataset artifacts),TraceRCA all dataset recursive service-fault CSV windows,RE1-TT/ts-travel-service_delay/3/data.csv,metrics,12230025,selected
Zenodo record 14504481 (TraceRCA all dataset artifacts),TraceRCA all dataset recursive service-fault CSV windows,RE1-TT/ts-travel-service_delay/3/simple_data.csv,metrics,2699307,selected
Zenodo record 14504481 (TraceRCA all dataset artifacts),TraceRCA all dataset recursive service-fault CSV windows,RE1-TT/ts-travel-service_delay/4/data.csv,metrics,11953742,selected
Zenodo record 14504481 (TraceRCA all dataset artifacts),TraceRCA all dataset recursive service-fault CSV windows,RE1-TT/ts-travel-service_delay/4/simple_data.csv,metrics,2636819,selected
Zenodo record 14504481 (TraceRCA all dataset artifacts),TraceRCA all dataset recursive service-fault CSV windows,RE1-TT/ts-travel-service_delay/5/data.csv,metrics,11803961,selected
Zenodo record 14504481 (TraceRCA all dataset artifacts),TraceRCA all dataset recursive service-fault CSV windows,RE1-TT/ts-travel-service_delay/5/simple_data.csv,metrics,2605036,selected
Zenodo record 14504481 (TraceRCA all dataset artifacts),TraceRCA all dataset recursive service-fault CSV windows,RE1-TT/ts-travel-service_disk/1/data.csv,metrics,12948269,selected
Zenodo record 14504481 (TraceRCA all dataset artifacts),TraceRCA all dataset recursive service-fault CSV windows,RE1-TT/ts-travel-service_disk/1/simple_data.csv,metrics,2208575,selected
Zenodo record 14504481 (TraceRCA all dataset artifacts),TraceRCA all dataset recursive service-fault CSV windows,RE1-TT/ts-travel-service_disk/2/data.csv,metrics,12944251,selected
Zenodo record 14504481 (TraceRCA all dataset artifacts),TraceRCA all dataset recursive service-fault CSV windows,RE1-TT/ts-travel-service_disk/2/simple_data.csv,metrics,2213332,selected
Zenodo record 14504481 (TraceRCA all dataset artifacts),TraceRCA all dataset recursive service-fault CSV windows,RE1-TT/ts-travel-service_disk/3/data.csv,metrics,12866839,selected
Zenodo record 14504481 (TraceRCA all dataset artifacts),TraceRCA all dataset recursive service-fault CSV windows,RE1-TT/ts-travel-service_disk/3/simple_data.csv,metrics,2195194,selected
Zenodo record 14504481 (TraceRCA all dataset artifacts),TraceRCA all dataset recursive service-fault CSV windows,RE1-TT/ts-travel-service_disk/4/data.csv,metrics,12868142,selected
Zenodo record 14504481 (TraceRCA all dataset artifacts),TraceRCA all dataset recursive service-fault CSV windows,RE1-TT/ts-travel-service_disk/4/simple_data.csv,metrics,2192002,selected
Zenodo record 14504481 (TraceRCA all dataset artifacts),TraceRCA all dataset recursive service-fault CSV windows,RE1-TT/ts-travel-service_disk/5/data.csv,metrics,12919085,selected
Zenodo record 14504481 (TraceRCA all dataset artifacts),TraceRCA all dataset recursive service-fault CSV windows,RE1-TT/ts-travel-service_disk/5/simple_data.csv,metrics,2193057,selected
Zenodo record 14504481 (TraceRCA all dataset artifacts),TraceRCA all dataset recursive service-fault CSV windows,RE1-TT/ts-travel-service_loss/1/data.csv,metrics,12818513,selected
Zenodo record 14504481 (TraceRCA all dataset artifacts),TraceRCA all dataset recursive service-fault CSV windows,RE1-TT/ts-travel-service_loss/1/simple_data.csv,metrics,2853471,selected
Zenodo record 14504481 (TraceRCA all dataset artifacts),TraceRCA all dataset recursive service-fault CSV windows,RE1-TT/ts-travel-service_loss/2/data.csv,metrics,11874580,selected
Zenodo record 14504481 (TraceRCA all dataset artifacts),TraceRCA all dataset recursive service-fault CSV windows,RE1-TT/ts-travel-service_loss/2/simple_data.csv,metrics,2628171,selected
Zenodo record 14504481 (TraceRCA all dataset artifacts),TraceRCA all dataset recursive service-fault CSV windows,RE1-TT/ts-travel-service_loss/3/data.csv,metrics,12070004,selected
Zenodo record 14504481 (TraceRCA all dataset artifacts),TraceRCA all dataset recursive service-fault CSV windows,RE1-TT/ts-travel-service_loss/3/simple_data.csv,metrics,2655603,selected
Zenodo record 14504481 (TraceRCA all dataset artifacts),TraceRCA all dataset recursive service-fault CSV windows,RE1-TT/ts-travel-service_loss/4/data.csv,metrics,12074103,selected
Zenodo record 14504481 (TraceRCA all dataset artifacts),TraceRCA all dataset recursive service-fault CSV windows,RE1-TT/ts-travel-service_loss/4/simple_data.csv,metrics,2658263,selected
Zenodo record 14504481 (TraceRCA all dataset artifacts),TraceRCA all dataset recursive service-fault CSV windows,RE1-TT/ts-travel-service_loss/5/data.csv,metrics,12003541,selected
Zenodo record 14504481 (TraceRCA all dataset artifacts),TraceRCA all dataset recursive service-fault CSV windows,RE1-TT/ts-travel-service_loss/5/simple_data.csv,metrics,2637402,selected
Zenodo record 14504481 (TraceRCA all dataset artifacts),TraceRCA all dataset recursive service-fault CSV windows,RE1-TT/ts-travel-service_mem/1/data.csv,metrics,13066256,selected
Zenodo record 14504481 (TraceRCA all dataset artifacts),TraceRCA all dataset recursive service-fault CSV windows,RE1-TT/ts-travel-service_mem/1/simple_data.csv,metrics,2887040,selected
Zenodo record 14504481 (TraceRCA all dataset artifacts),TraceRCA all dataset recursive service-fault CSV windows,RE1-TT/ts-travel-service_mem/2/data.csv,metrics,11882791,selected
Zenodo record 14504481 (TraceRCA all dataset artifacts),TraceRCA all dataset recursive service-fault CSV windows,RE1-TT/ts-travel-service_mem/2/simple_data.csv,metrics,2618065,selected
Zenodo record 14504481 (TraceRCA all dataset artifacts),TraceRCA all dataset recursive service-fault CSV windows,RE1-TT/ts-travel-service_mem/3/data.csv,metrics,11952379,selected
Zenodo record 14504481 (TraceRCA all dataset artifacts),TraceRCA all dataset recursive service-fault CSV windows,RE1-TT/ts-travel-service_mem/3/simple_data.csv,metrics,2631651,selected
Zenodo record 14504481 (TraceRCA all dataset artifacts),TraceRCA all dataset recursive service-fault CSV windows,RE1-TT/ts-travel-service_mem/4/data.csv,metrics,12027676,selected
Zenodo record 14504481 (TraceRCA all dataset artifacts),TraceRCA all dataset recursive service-fault CSV windows,RE1-TT/ts-travel-service_mem/4/simple_data.csv,metrics,2621832,selected
Zenodo record 14504481 (TraceRCA all dataset artifacts),TraceRCA all dataset recursive service-fault CSV windows,RE1-TT/ts-travel-service_mem/5/data.csv,metrics,12985880,selected
Zenodo record 14504481 (TraceRCA all dataset artifacts),TraceRCA all dataset recursive service-fault CSV windows,RE1-TT/ts-travel-service_mem/5/simple_data.csv,metrics,2870269,selected
Zenodo record 14504481 (TraceRCA all dataset artifacts),TraceRCA all dataset recursive service-fault CSV windows,RE2-OB/checkoutservice_cpu/1/logs.csv,logs,23515107,selected
Zenodo record 14504481 (TraceRCA all dataset artifacts),TraceRCA all dataset recursive service-fault CSV windows,RE2-OB/checkoutservice_cpu/1/logts.csv,logs,9951,selected
Zenodo record 14504481 (TraceRCA all dataset artifacts),TraceRCA all dataset recursive service-fault CSV windows,RE2-OB/checkoutservice_cpu/1/metrics.csv,metrics,6782127,selected
Zenodo record 14504481 (TraceRCA all dataset artifacts),TraceRCA all dataset recursive service-fault CSV windows,RE2-OB/checkoutservice_cpu/1/simple_metrics.csv,metrics,1188347,selected
Zenodo record 14504481 (TraceRCA all dataset artifacts),TraceRCA all dataset recursive service-fault CSV windows,RE2-OB/checkoutservice_cpu/1/traces.csv,traces,71632229,selected
Zenodo record 14504481 (TraceRCA all dataset artifacts),TraceRCA all dataset recursive service-fault CSV windows,RE2-OB/checkoutservice_cpu/1/tracets_err.csv,traces,8113,selected
Zenodo record 14504481 (TraceRCA all dataset artifacts),TraceRCA all dataset recursive service-fault CSV windows,RE2-OB/checkoutservice_cpu/1/tracets_lat.csv,traces,4876,selected
Zenodo record 14504481 (TraceRCA all dataset artifacts),TraceRCA all dataset recursive service-fault CSV windows,RE2-OB/checkoutservice_cpu/2/logs.csv,logs,9923146,selected
Zenodo record 14504481 (TraceRCA all dataset artifacts),TraceRCA all dataset recursive service-fault CSV windows,RE2-OB/checkoutservice_cpu/2/logts.csv,logs,7290,selected
Zenodo record 14504481 (TraceRCA all dataset artifacts),TraceRCA all dataset recursive service-fault CSV windows,RE2-OB/checkoutservice_cpu/2/metrics.csv,metrics,4515490,selected
Zenodo record 14504481 (TraceRCA all dataset artifacts),TraceRCA all dataset recursive service-fault CSV windows,RE2-OB/checkoutservice_cpu/2/simple_metrics.csv,metrics,814487,selected
Zenodo record 14504481 (TraceRCA all dataset artifacts),TraceRCA all dataset recursive service-fault CSV windows,RE2-OB/checkoutservice_cpu/2/traces.csv,traces,36547839,selected
Zenodo record 14504481 (TraceRCA all dataset artifacts),TraceRCA all dataset recursive service-fault CSV windows,RE2-OB/checkoutservice_cpu/2/tracets_err.csv,traces,4479,selected
Zenodo record 14504481 (TraceRCA all dataset artifacts),TraceRCA all dataset recursive service-fault CSV windows,RE2-OB/checkoutservice_cpu/2/tracets_lat.csv,traces,2839,selected
Zenodo record 14504481 (TraceRCA all dataset artifacts),TraceRCA all dataset recursive service-fault CSV windows,RE2-OB/checkoutservice_cpu/3/logs.csv,logs,15985009,selected
Zenodo record 14504481 (TraceRCA all dataset artifacts),TraceRCA all dataset recursive service-fault CSV windows,RE2-OB/checkoutservice_cpu/3/logts.csv,logs,9842,selected
Zenodo record 14504481 (TraceRCA all dataset artifacts),TraceRCA all dataset recursive service-fault CSV windows,RE2-OB/checkoutservice_cpu/3/metrics.csv,metrics,6855921,selected
Zenodo record 14504481 (TraceRCA all dataset artifacts),TraceRCA all dataset recursive service-fault CSV windows,RE2-OB/checkoutservice_cpu/3/simple_metrics.csv,metrics,1196602,selected
Zenodo record 14504481 (TraceRCA all dataset artifacts),TraceRCA all dataset recursive service-fault CSV windows,RE2-OB/checkoutservice_cpu/3/traces.csv,traces,74594729,selected
Zenodo record 14504481 (TraceRCA all dataset artifacts),TraceRCA all dataset recursive service-fault CSV windows,RE2-OB/checkoutservice_cpu/3/tracets_err.csv,traces,8098,selected
Zenodo record 14504481 (TraceRCA all dataset artifacts),TraceRCA all dataset recursive service-fault CSV windows,RE2-OB/checkoutservice_cpu/3/tracets_lat.csv,traces,5964,selected
Zenodo record 14504481 (TraceRCA all dataset artifacts),TraceRCA all dataset recursive service-fault CSV windows,RE2-OB/checkoutservice_cpu/multi-source-data/logs.csv,logs,23515107,selected
Zenodo record 14504481 (TraceRCA all dataset artifacts),TraceRCA all dataset recursive service-fault CSV windows,RE2-OB/checkoutservice_cpu/multi-source-data/logts.csv,logs,9951,selected
Zenodo record 14504481 (TraceRCA all dataset artifacts),TraceRCA all dataset recursive service-fault CSV windows,RE2-OB/checkoutservice_cpu/multi-source-data/metrics.csv,metrics,1188347,selected
Zenodo record 14504481 (TraceRCA all dataset artifacts),TraceRCA all dataset recursive service-fault CSV windows,RE2-OB/checkoutservice_cpu/multi-source-data/traces.csv,traces,71632229,selected
Zenodo record 14504481 (TraceRCA all dataset artifacts),TraceRCA all dataset recursive service-fault CSV windows,RE2-OB/checkoutservice_cpu/multi-source-data/tracets_err.csv,traces,8113,selected
Zenodo record 14504481 (TraceRCA all dataset artifacts),TraceRCA all dataset recursive service-fault CSV windows,RE2-OB/checkoutservice_cpu/multi-source-data/tracets_lat.csv,traces,4876,selected
Zenodo record 14504481 (TraceRCA all dataset artifacts),TraceRCA all dataset recursive service-fault CSV windows,RE2-OB/checkoutservice_delay/1/logs.csv,logs,15964589,selected
Zenodo record 14504481 (TraceRCA all dataset artifacts),TraceRCA all dataset recursive service-fault CSV windows,RE2-OB/checkoutservice_delay/1/logts.csv,logs,9956,selected
Zenodo record 14504481 (TraceRCA all dataset artifacts),TraceRCA all dataset recursive service-fault CSV windows,RE2-OB/checkoutservice_delay/1/metrics.csv,metrics,6841347,selected
Zenodo record 14504481 (TraceRCA all dataset artifacts),TraceRCA all dataset recursive service-fault CSV windows,RE2-OB/checkoutservice_delay/1/simple_metrics.csv,metrics,1192999,selected
Zenodo record 14504481 (TraceRCA all dataset artifacts),TraceRCA all dataset recursive service-fault CSV windows,RE2-OB/checkoutservice_delay/1/traces.csv,traces,74050509,selected
Zenodo record 14504481 (TraceRCA all dataset artifacts),TraceRCA all dataset recursive service-fault CSV windows,RE2-OB/checkoutservice_delay/1/tracets_err.csv,traces,8113,selected
Zenodo record 14504481 (TraceRCA all dataset artifacts),TraceRCA all dataset recursive service-fault CSV windows,RE2-OB/checkoutservice_delay/1/tracets_lat.csv,traces,4982,selected
Zenodo record 14504481 (TraceRCA all dataset artifacts),TraceRCA all dataset recursive service-fault CSV windows,RE2-OB/checkoutservice_delay/2/logs.csv,logs,15713333,selected
Zenodo record 14504481 (TraceRCA all dataset artifacts),TraceRCA all dataset recursive service-fault CSV windows,RE2-OB/checkoutservice_delay/2/logts.csv,logs,9865,selected
Zenodo record 14504481 (TraceRCA all dataset artifacts),TraceRCA all dataset recursive service-fault CSV windows,RE2-OB/checkoutservice_delay/2/metrics.csv,metrics,6819562,selected
Zenodo record 14504481 (TraceRCA all dataset artifacts),TraceRCA all dataset recursive service-fault CSV windows,RE2-OB/checkoutservice_delay/2/simple_metrics.csv,metrics,1186203,selected
Zenodo record 14504481 (TraceRCA all dataset artifacts),TraceRCA all dataset recursive service-fault CSV windows,RE2-OB/checkoutservice_delay/2/traces.csv,traces,73535767,selected
Zenodo record 14504481 (TraceRCA all dataset artifacts),TraceRCA all dataset recursive service-fault CSV windows,RE2-OB/checkoutservice_delay/2/tracets_err.csv,traces,8113,selected
Zenodo record 14504481 (TraceRCA all dataset artifacts),TraceRCA all dataset recursive service-fault CSV windows,RE2-OB/checkoutservice_delay/2/tracets_lat.csv,traces,4981,selected
Zenodo record 14504481 (TraceRCA all dataset artifacts),TraceRCA all dataset recursive service-fault CSV windows,RE2-OB/checkoutservice_delay/3/logs.csv,logs,15881155,selected
Zenodo record 14504481 (TraceRCA all dataset artifacts),TraceRCA all dataset recursive service-fault CSV windows,RE2-OB/checkoutservice_delay/3/logts.csv,logs,9930,selected
Zenodo record 14504481 (TraceRCA all dataset artifacts),TraceRCA all dataset recursive service-fault CSV windows,RE2-OB/checkoutservice_delay/3/metrics.csv,metrics,6800496,selected
Zenodo record 14504481 (TraceRCA all dataset artifacts),TraceRCA all dataset recursive service-fault CSV windows,RE2-OB/checkoutservice_delay/3/simple_metrics.csv,metrics,1176790,selected
Zenodo record 14504481 (TraceRCA all dataset artifacts),TraceRCA all dataset recursive service-fault CSV windows,RE2-OB/checkoutservice_delay/3/traces.csv,traces,73979768,selected
Zenodo record 14504481 (TraceRCA all dataset artifacts),TraceRCA all dataset recursive service-fault CSV windows,RE2-OB/checkoutservice_delay/3/tracets_err.csv,traces,8098,selected
Zenodo record 14504481 (TraceRCA all dataset artifacts),TraceRCA all dataset recursive service-fault CSV windows,RE2-OB/checkoutservice_delay/3/tracets_lat.csv,traces,5952,selected
Zenodo record 14504481 (TraceRCA all dataset artifacts),TraceRCA all dataset recursive service-fault CSV windows,RE2-OB/checkoutservice_disk/1/logs.csv,logs,23483015,selected
Zenodo record 14504481 (TraceRCA all dataset artifacts),TraceRCA all dataset recursive service-fault CSV windows,RE2-OB/checkoutservice_disk/1/logts.csv,logs,9844,selected
Zenodo record 14504481 (TraceRCA all dataset artifacts),TraceRCA all dataset recursive service-fault CSV windows,RE2-OB/checkoutservice_disk/1/metrics.csv,metrics,6890673,selected
Zenodo record 14504481 (TraceRCA all dataset artifacts),TraceRCA all dataset recursive service-fault CSV windows,RE2-OB/checkoutservice_disk/1/simple_metrics.csv,metrics,1206969,selected
Zenodo record 14504481 (TraceRCA all dataset artifacts),TraceRCA all dataset recursive service-fault CSV windows,RE2-OB/checkoutservice_disk/1/traces.csv,traces,71462981,selected
Zenodo record 14504481 (TraceRCA all dataset artifacts),TraceRCA all dataset recursive service-fault CSV windows,RE2-OB/checkoutservice_disk/1/tracets_err.csv,traces,8034,selected
Zenodo record 14504481 (TraceRCA all dataset artifacts),TraceRCA all dataset recursive service-fault CSV windows,RE2-OB/checkoutservice_disk/1/tracets_lat.csv,traces,4835,selected
Zenodo record 14504481 (TraceRCA all dataset artifacts),TraceRCA all dataset recursive service-fault CSV windows,RE2-OB/checkoutservice_disk/2/logs.csv,logs,16103057,selected
Zenodo record 14504481 (TraceRCA all dataset artifacts),TraceRCA all dataset recursive service-fault CSV windows,RE2-OB/checkoutservice_disk/2/logts.csv,logs,10000,selected
Zenodo record 14504481 (TraceRCA all dataset artifacts),TraceRCA all dataset recursive service-fault CSV windows,RE2-OB/checkoutservice_disk/2/metrics.csv,metrics,6745956,selected
Zenodo record 14504481 (TraceRCA all dataset artifacts),TraceRCA all dataset recursive service-fault CSV windows,RE2-OB/checkoutservice_disk/2/simple_metrics.csv,metrics,1191044,selected
Zenodo record 14504481 (TraceRCA all dataset artifacts),TraceRCA all dataset recursive service-fault CSV windows,RE2-OB/checkoutservice_disk/2/traces.csv,traces,74451729,selected
Zenodo record 14504481 (TraceRCA all dataset artifacts),TraceRCA all dataset recursive service-fault CSV windows,RE2-OB/checkoutservice_disk/2/tracets_err.csv,traces,8113,selected
Zenodo record 14504481 (TraceRCA all dataset artifacts),TraceRCA all dataset recursive service-fault CSV windows,RE2-OB/checkoutservice_disk/2/tracets_lat.csv,traces,4984,selected
Zenodo record 14504481 (TraceRCA all dataset artifacts),TraceRCA all dataset recursive service-fault CSV windows,RE2-OB/checkoutservice_disk/3/logs.csv,logs,16077847,selected
Zenodo record 14504481 (TraceRCA all dataset artifacts),TraceRCA all dataset recursive service-fault CSV windows,RE2-OB/checkoutservice_disk/3/logts.csv,logs,9824,selected
Zenodo record 14504481 (TraceRCA all dataset artifacts),TraceRCA all dataset recursive service-fault CSV windows,RE2-OB/checkoutservice_disk/3/metrics.csv,metrics,6717135,selected
Zenodo record 14504481 (TraceRCA all dataset artifacts),TraceRCA all dataset recursive service-fault CSV windows,RE2-OB/checkoutservice_disk/3/simple_metrics.csv,metrics,1194915,selected
Zenodo record 14504481 (TraceRCA all dataset artifacts),TraceRCA all dataset recursive service-fault CSV windows,RE2-OB/checkoutservice_disk/3/traces.csv,traces,74962770,selected
Zenodo record 14504481 (TraceRCA all dataset artifacts),TraceRCA all dataset recursive service-fault CSV windows,RE2-OB/checkoutservice_disk/3/tracets_err.csv,traces,8065,selected
Zenodo record 14504481 (TraceRCA all dataset artifacts),TraceRCA all dataset recursive service-fault CSV windows,RE2-OB/checkoutservice_disk/3/tracets_lat.csv,traces,8052,selected
Zenodo record 14504481 (TraceRCA all dataset artifacts),TraceRCA all dataset recursive service-fault CSV windows,RE2-OB/checkoutservice_loss/1/logs.csv,logs,23114730,selected
Zenodo record 14504481 (TraceRCA all dataset artifacts),TraceRCA all dataset recursive service-fault CSV windows,RE2-OB/checkoutservice_loss/1/logts.csv,logs,11839,selected
Zenodo record 14504481 (TraceRCA all dataset artifacts),TraceRCA all dataset recursive service-fault CSV windows,RE2-OB/checkoutservice_loss/1/metrics.csv,metrics,6775872,selected
Zenodo record 14504481 (TraceRCA all dataset artifacts),TraceRCA all dataset recursive service-fault CSV windows,RE2-OB/checkoutservice_loss/1/simple_metrics.csv,metrics,1186082,selected
Zenodo record 14504481 (TraceRCA all dataset artifacts),TraceRCA all dataset recursive service-fault CSV windows,RE2-OB/checkoutservice_loss/1/traces.csv,traces,70507878,selected
Zenodo record 14504481 (TraceRCA all dataset artifacts),TraceRCA all dataset recursive service-fault CSV windows,RE2-OB/checkoutservice_loss/1/tracets_err.csv,traces,8111,selected
Zenodo record 14504481 (TraceRCA all dataset artifacts),TraceRCA all dataset recursive service-fault CSV windows,RE2-OB/checkoutservice_loss/1/tracets_lat.csv,traces,5788,selected
Zenodo record 14504481 (TraceRCA all dataset artifacts),TraceRCA all dataset recursive service-fault CSV windows,RE2-OB/checkoutservice_loss/2/logs.csv,logs,15877888,selected
Zenodo record 14504481 (TraceRCA all dataset artifacts),TraceRCA all dataset recursive service-fault CSV windows,RE2-OB/checkoutservice_loss/2/logts.csv,logs,9854,selected
Zenodo record 14504481 (TraceRCA all dataset artifacts),TraceRCA all dataset recursive service-fault CSV windows,RE2-OB/checkoutservice_loss/2/metrics.csv,metrics,6814208,selected
Zenodo record 14504481 (TraceRCA all dataset artifacts),TraceRCA all dataset recursive service-fault CSV windows,RE2-OB/checkoutservice_loss/2/simple_metrics.csv,metrics,1192186,selected
Zenodo record 14504481 (TraceRCA all dataset artifacts),TraceRCA all dataset recursive service-fault CSV windows,RE2-OB/checkoutservice_loss/2/traces.csv,traces,74202523,selected
Zenodo record 14504481 (TraceRCA all dataset artifacts),TraceRCA all dataset recursive service-fault CSV windows,RE2-OB/checkoutservice_loss/2/tracets_err.csv,traces,8098,selected
Zenodo record 14504481 (TraceRCA all dataset artifacts),TraceRCA all dataset recursive service-fault CSV windows,RE2-OB/checkoutservice_loss/2/tracets_lat.csv,traces,5848,selected
Zenodo record 14504481 (TraceRCA all dataset artifacts),TraceRCA all dataset recursive service-fault CSV windows,RE2-OB/checkoutservice_loss/3/logs.csv,logs,15866241,selected
Zenodo record 14504481 (TraceRCA all dataset artifacts),TraceRCA all dataset recursive service-fault CSV windows,RE2-OB/checkoutservice_loss/3/logts.csv,logs,10977,selected
Zenodo record 14504481 (TraceRCA all dataset artifacts),TraceRCA all dataset recursive service-fault CSV windows,RE2-OB/checkoutservice_loss/3/metrics.csv,metrics,6635146,selected
Zenodo record 14504481 (TraceRCA all dataset artifacts),TraceRCA all dataset recursive service-fault CSV windows,RE2-OB/checkoutservice_loss/3/simple_metrics.csv,metrics,1187327,selected
Zenodo record 14504481 (TraceRCA all dataset artifacts),TraceRCA all dataset recursive service-fault CSV windows,RE2-OB/checkoutservice_loss/3/traces.csv,traces,73551307,selected
Zenodo record 14504481 (TraceRCA all dataset artifacts),TraceRCA all dataset recursive service-fault CSV windows,RE2-OB/checkoutservice_loss/3/tracets_err.csv,traces,8098,selected
Zenodo record 14504481 (TraceRCA all dataset artifacts),TraceRCA all dataset recursive service-fault CSV windows,RE2-OB/checkoutservice_loss/3/tracets_lat.csv,traces,6038,selected
Zenodo record 14504481 (TraceRCA all dataset artifacts),TraceRCA all dataset recursive service-fault CSV windows,RE2-OB/checkoutservice_mem/1/logs.csv,logs,24494482,selected
Zenodo record 14504481 (TraceRCA all dataset artifacts),TraceRCA all dataset recursive service-fault CSV windows,RE2-OB/checkoutservice_mem/1/logts.csv,logs,9965,selected
Zenodo record 14504481 (TraceRCA all dataset artifacts),TraceRCA all dataset recursive service-fault CSV windows,RE2-OB/checkoutservice_mem/1/metrics.csv,metrics,6797485,selected
Zenodo record 14504481 (TraceRCA all dataset artifacts),TraceRCA all dataset recursive service-fault CSV windows,RE2-OB/checkoutservice_mem/1/simple_metrics.csv,metrics,1186175,selected
Zenodo record 14504481 (TraceRCA all dataset artifacts),TraceRCA all dataset recursive service-fault CSV windows,RE2-OB/checkoutservice_mem/1/traces.csv,traces,74180251,selected
Zenodo record 14504481 (TraceRCA all dataset artifacts),TraceRCA all dataset recursive service-fault CSV windows,RE2-OB/checkoutservice_mem/1/tracets_err.csv,traces,8113,selected
Zenodo record 14504481 (TraceRCA all dataset artifacts),TraceRCA all dataset recursive service-fault CSV windows,RE2-OB/checkoutservice_mem/1/tracets_lat.csv,traces,4868,selected
Zenodo record 14504481 (TraceRCA all dataset artifacts),TraceRCA all dataset recursive service-fault CSV windows,RE2-OB/checkoutservice_mem/2/logs.csv,logs,11022943,selected
Zenodo record 14504481 (TraceRCA all dataset artifacts),TraceRCA all dataset recursive service-fault CSV windows,RE2-OB/checkoutservice_mem/2/logts.csv,logs,7715,selected
Zenodo record 14504481 (TraceRCA all dataset artifacts),TraceRCA all dataset recursive service-fault CSV windows,RE2-OB/checkoutservice_mem/2/metrics.csv,metrics,5048726,selected
Zenodo record 14504481 (TraceRCA all dataset artifacts),TraceRCA all dataset recursive service-fault CSV windows,RE2-OB/checkoutservice_mem/2/simple_metrics.csv,metrics,886053,selected
Zenodo record 14504481 (TraceRCA all dataset artifacts),TraceRCA all dataset recursive service-fault CSV windows,RE2-OB/checkoutservice_mem/2/traces.csv,traces,59766022,selected
Zenodo record 14504481 (TraceRCA all dataset artifacts),TraceRCA all dataset recursive service-fault CSV windows,RE2-OB/checkoutservice_mem/2/tracets_err.csv,traces,6534,selected
Zenodo record 14504481 (TraceRCA all dataset artifacts),TraceRCA all dataset recursive service-fault CSV windows,RE2-OB/checkoutservice_mem/2/tracets_lat.csv,traces,4061,selected
Zenodo record 14504481 (TraceRCA all dataset artifacts),TraceRCA all dataset recursive service-fault CSV windows,RE2-OB/checkoutservice_mem/3/logs.csv,logs,16019940,selected
Zenodo record 14504481 (TraceRCA all dataset artifacts),TraceRCA all dataset recursive service-fault CSV windows,RE2-OB/checkoutservice_mem/3/logts.csv,logs,9875,selected
Zenodo record 14504481 (TraceRCA all dataset artifacts),TraceRCA all dataset recursive service-fault CSV windows,RE2-OB/checkoutservice_mem/3/metrics.csv,metrics,6893110,selected
Zenodo record 14504481 (TraceRCA all dataset artifacts),TraceRCA all dataset recursive service-fault CSV windows,RE2-OB/checkoutservice_mem/3/simple_metrics.csv,metrics,1210102,selected
Zenodo record 14504481 (TraceRCA all dataset artifacts),TraceRCA all dataset recursive service-fault CSV windows,RE2-OB/checkoutservice_mem/3/traces.csv,traces,74582606,selected
Zenodo record 14504481 (TraceRCA all dataset artifacts),TraceRCA all dataset recursive service-fault CSV windows,RE2-OB/checkoutservice_mem/3/tracets_err.csv,traces,8098,selected
Zenodo record 14504481 (TraceRCA all dataset artifacts),TraceRCA all dataset recursive service-fault CSV windows,RE2-OB/checkoutservice_mem/3/tracets_lat.csv,traces,5931,selected
Zenodo record 14504481 (TraceRCA all dataset artifacts),TraceRCA all dataset recursive service-fault CSV windows,RE2-OB/checkoutservice_socket/1/logs.csv,logs,15878281,selected
Zenodo record 14504481 (TraceRCA all dataset artifacts),TraceRCA all dataset recursive service-fault CSV windows,RE2-OB/checkoutservice_socket/1/logts.csv,logs,9925,selected
Zenodo record 14504481 (TraceRCA all dataset artifacts),TraceRCA all dataset recursive service-fault CSV windows,RE2-OB/checkoutservice_socket/1/metrics.csv,metrics,6875263,selected
Zenodo record 14504481 (TraceRCA all dataset artifacts),TraceRCA all dataset recursive service-fault CSV windows,RE2-OB/checkoutservice_socket/1/simple_metrics.csv,metrics,1191574,selected
Zenodo record 14504481 (TraceRCA all dataset artifacts),TraceRCA all dataset recursive service-fault CSV windows,RE2-OB/checkoutservice_socket/1/traces.csv,traces,73855091,selected
Zenodo record 14504481 (TraceRCA all dataset artifacts),TraceRCA all dataset recursive service-fault CSV windows,RE2-OB/checkoutservice_socket/1/tracets_err.csv,traces,8095,selected
Zenodo record 14504481 (TraceRCA all dataset artifacts),TraceRCA all dataset recursive service-fault CSV windows,RE2-OB/checkoutservice_socket/1/tracets_lat.csv,traces,6132,selected
Zenodo record 14504481 (TraceRCA all dataset artifacts),TraceRCA all dataset recursive service-fault CSV windows,RE2-OB/checkoutservice_socket/2/logs.csv,logs,15888474,selected
Zenodo record 14504481 (TraceRCA all dataset artifacts),TraceRCA all dataset recursive service-fault CSV windows,RE2-OB/checkoutservice_socket/2/logts.csv,logs,9985,selected
Zenodo record 14504481 (TraceRCA all dataset artifacts),TraceRCA all dataset recursive service-fault CSV windows,RE2-OB/checkoutservice_socket/2/metrics.csv,metrics,6867658,selected
Zenodo record 14504481 (TraceRCA all dataset artifacts),TraceRCA all dataset recursive service-fault CSV windows,RE2-OB/checkoutservice_socket/2/simple_metrics.csv,metrics,1191262,selected
Zenodo record 14504481 (TraceRCA all dataset artifacts),TraceRCA all dataset recursive service-fault CSV windows,RE2-OB/checkoutservice_socket/2/traces.csv,traces,73946903,selected
Zenodo record 14504481 (TraceRCA all dataset artifacts),TraceRCA all dataset recursive service-fault CSV windows,RE2-OB/checkoutservice_socket/2/tracets_err.csv,traces,8113,selected
Zenodo record 14504481 (TraceRCA all dataset artifacts),TraceRCA all dataset recursive service-fault CSV windows,RE2-OB/checkoutservice_socket/2/tracets_lat.csv,traces,4993,selected
Zenodo record 14504481 (TraceRCA all dataset artifacts),TraceRCA all dataset recursive service-fault CSV windows,RE2-OB/checkoutservice_socket/3/logs.csv,logs,16047245,selected
Zenodo record 14504481 (TraceRCA all dataset artifacts),TraceRCA all dataset recursive service-fault CSV windows,RE2-OB/checkoutservice_socket/3/logts.csv,logs,9910,selected
Zenodo record 14504481 (TraceRCA all dataset artifacts),TraceRCA all dataset recursive service-fault CSV windows,RE2-OB/checkoutservice_socket/3/metrics.csv,metrics,6864671,selected
Zenodo record 14504481 (TraceRCA all dataset artifacts),TraceRCA all dataset recursive service-fault CSV windows,RE2-OB/checkoutservice_socket/3/simple_metrics.csv,metrics,1195100,selected
Zenodo record 14504481 (TraceRCA all dataset artifacts),TraceRCA all dataset recursive service-fault CSV windows,RE2-OB/checkoutservice_socket/3/traces.csv,traces,74608170,selected
Zenodo record 14504481 (TraceRCA all dataset artifacts),TraceRCA all dataset recursive service-fault CSV windows,RE2-OB/checkoutservice_socket/3/tracets_err.csv,traces,8113,selected
Zenodo record 14504481 (TraceRCA all dataset artifacts),TraceRCA all dataset recursive service-fault CSV windows,RE2-OB/checkoutservice_socket/3/tracets_lat.csv,traces,5002,selected
Zenodo record 14504481 (TraceRCA all dataset artifacts),TraceRCA all dataset recursive service-fault CSV windows,RE2-OB/currencyservice_cpu/1/logs.csv,logs,15763352,selected
Zenodo record 14504481 (TraceRCA all dataset artifacts),TraceRCA all dataset recursive service-fault CSV windows,RE2-OB/currencyservice_cpu/1/logts.csv,logs,9928,selected
Zenodo record 14504481 (TraceRCA all dataset artifacts),TraceRCA all dataset recursive service-fault CSV windows,RE2-OB/currencyservice_cpu/1/metrics.csv,metrics,6862362,selected
Zenodo record 14504481 (TraceRCA all dataset artifacts),TraceRCA all dataset recursive service-fault CSV windows,RE2-OB/currencyservice_cpu/1/simple_metrics.csv,metrics,1193340,selected
Zenodo record 14504481 (TraceRCA all dataset artifacts),TraceRCA all dataset recursive service-fault CSV windows,RE2-OB/currencyservice_cpu/1/traces.csv,traces,73388958,selected
Zenodo record 14504481 (TraceRCA all dataset artifacts),TraceRCA all dataset recursive service-fault CSV windows,RE2-OB/currencyservice_cpu/1/tracets_err.csv,traces,8113,selected
Zenodo record 14504481 (TraceRCA all dataset artifacts),TraceRCA all dataset recursive service-fault CSV windows,RE2-OB/currencyservice_cpu/1/tracets_lat.csv,traces,4871,selected
Zenodo record 14504481 (TraceRCA all dataset artifacts),TraceRCA all dataset recursive service-fault CSV windows,RE2-OB/currencyservice_cpu/2/logs.csv,logs,15707051,selected
Zenodo record 14504481 (TraceRCA all dataset artifacts),TraceRCA all dataset recursive service-fault CSV windows,RE2-OB/currencyservice_cpu/2/logts.csv,logs,9901,selected
Zenodo record 14504481 (TraceRCA all dataset artifacts),TraceRCA all dataset recursive service-fault CSV windows,RE2-OB/currencyservice_cpu/2/metrics.csv,metrics,6832794,selected
Zenodo record 14504481 (TraceRCA all dataset artifacts),TraceRCA all dataset recursive service-fault CSV windows,RE2-OB/currencyservice_cpu/2/simple_metrics.csv,metrics,1181432,selected
Zenodo record 14504481 (TraceRCA all dataset artifacts),TraceRCA all dataset recursive service-fault CSV windows,RE2-OB/currencyservice_cpu/2/traces.csv,traces,73264458,selected
Zenodo record 14504481 (TraceRCA all dataset artifacts),TraceRCA all dataset recursive service-fault CSV windows,RE2-OB/currencyservice_cpu/2/tracets_err.csv,traces,8113,selected
Zenodo record 14504481 (TraceRCA all dataset artifacts),TraceRCA all dataset recursive service-fault CSV windows,RE2-OB/currencyservice_cpu/2/tracets_lat.csv,traces,4865,selected
Zenodo record 14504481 (TraceRCA all dataset artifacts),TraceRCA all dataset recursive service-fault CSV windows,RE2-OB/currencyservice_cpu/3/logs.csv,logs,15832352,selected
Zenodo record 14504481 (TraceRCA all dataset artifacts),TraceRCA all dataset recursive service-fault CSV windows,RE2-OB/currencyservice_cpu/3/logts.csv,logs,9886,selected
Zenodo record 14504481 (TraceRCA all dataset artifacts),TraceRCA all dataset recursive service-fault CSV windows,RE2-OB/currencyservice_cpu/3/metrics.csv,metrics,6845346,selected
Zenodo record 14504481 (TraceRCA all dataset artifacts),TraceRCA all dataset recursive service-fault CSV windows,RE2-OB/currencyservice_cpu/3/simple_metrics.csv,metrics,1192228,selected
Zenodo record 14504481 (TraceRCA all dataset artifacts),TraceRCA all dataset recursive service-fault CSV windows,RE2-OB/currencyservice_cpu/3/traces.csv,traces,73799339,selected
Zenodo record 14504481 (TraceRCA all dataset artifacts),TraceRCA all dataset recursive service-fault CSV windows,RE2-OB/currencyservice_cpu/3/tracets_err.csv,traces,8095,selected
Zenodo record 14504481 (TraceRCA all dataset artifacts),TraceRCA all dataset recursive service-fault CSV windows,RE2-OB/currencyservice_cpu/3/tracets_lat.csv,traces,6008,selected
Zenodo record 14504481 (TraceRCA all dataset artifacts),TraceRCA all dataset recursive service-fault CSV windows,RE2-OB/currencyservice_delay/1/logs.csv,logs,14553345,selected
Zenodo record 14504481 (TraceRCA all dataset artifacts),TraceRCA all dataset recursive service-fault CSV windows,RE2-OB/currencyservice_delay/1/logts.csv,logs,9845,selected
Zenodo record 14504481 (TraceRCA all dataset artifacts),TraceRCA all dataset recursive service-fault CSV windows,RE2-OB/currencyservice_delay/1/metrics.csv,metrics,6837311,selected
Zenodo record 14504481 (TraceRCA all dataset artifacts),TraceRCA all dataset recursive service-fault CSV windows,RE2-OB/currencyservice_delay/1/simple_metrics.csv,metrics,1190133,selected
Zenodo record 14504481 (TraceRCA all dataset artifacts),TraceRCA all dataset recursive service-fault CSV windows,RE2-OB/currencyservice_delay/1/traces.csv,traces,70123628,selected
Zenodo record 14504481 (TraceRCA all dataset artifacts),TraceRCA all dataset recursive service-fault CSV windows,RE2-OB/currencyservice_delay/1/tracets_err.csv,traces,8113,selected
Zenodo record 14504481 (TraceRCA all dataset artifacts),TraceRCA all dataset recursive service-fault CSV windows,RE2-OB/currencyservice_delay/1/tracets_lat.csv,traces,4885,selected
Zenodo record 14504481 (TraceRCA all dataset artifacts),TraceRCA all dataset recursive service-fault CSV windows,RE2-OB/currencyservice_delay/2/logs.csv,logs,10842741,selected
Zenodo record 14504481 (TraceRCA all dataset artifacts),TraceRCA all dataset recursive service-fault CSV windows,RE2-OB/currencyservice_delay/2/logts.csv,logs,9100,selected
Zenodo record 14504481 (TraceRCA all dataset artifacts),TraceRCA all dataset recursive service-fault CSV windows,RE2-OB/currencyservice_delay/2/metrics.csv,metrics,6830998,selected
Zenodo record 14504481 (TraceRCA all dataset artifacts),TraceRCA all dataset recursive service-fault CSV windows,RE2-OB/currencyservice_delay/2/simple_metrics.csv,metrics,1186247,selected
Zenodo record 14504481 (TraceRCA all dataset artifacts),TraceRCA all dataset recursive service-fault CSV windows,RE2-OB/currencyservice_delay/2/traces.csv,traces,70520200,selected
Zenodo record 14504481 (TraceRCA all dataset artifacts),TraceRCA all dataset recursive service-fault CSV windows,RE2-OB/currencyservice_delay/2/tracets_err.csv,traces,8113,selected
Zenodo record 14504481 (TraceRCA all dataset artifacts),TraceRCA all dataset recursive service-fault CSV windows,RE2-OB/currencyservice_delay/2/tracets_lat.csv,traces,4893,selected
Zenodo record 14504481 (TraceRCA all dataset artifacts),TraceRCA all dataset recursive service-fault CSV windows,RE2-OB/currencyservice_delay/3/logs.csv,logs,10717405,selected
Zenodo record 14504481 (TraceRCA all dataset artifacts),TraceRCA all dataset recursive service-fault CSV windows,RE2-OB/currencyservice_delay/3/logts.csv,logs,9045,selected
Zenodo record 14504481 (TraceRCA all dataset artifacts),TraceRCA all dataset recursive service-fault CSV windows,RE2-OB/currencyservice_delay/3/metrics.csv,metrics,6848546,selected
Zenodo record 14504481 (TraceRCA all dataset artifacts),TraceRCA all dataset recursive service-fault CSV windows,RE2-OB/currencyservice_delay/3/simple_metrics.csv,metrics,1196330,selected
Zenodo record 14504481 (TraceRCA all dataset artifacts),TraceRCA all dataset recursive service-fault CSV windows,RE2-OB/currencyservice_delay/3/traces.csv,traces,69288233,selected
Zenodo record 14504481 (TraceRCA all dataset artifacts),TraceRCA all dataset recursive service-fault CSV windows,RE2-OB/currencyservice_delay/3/tracets_err.csv,traces,8113,selected
Zenodo record 14504481 (TraceRCA all dataset artifacts),TraceRCA all dataset recursive service-fault CSV windows,RE2-OB/currencyservice_delay/3/tracets_lat.csv,traces,4897,selected
Zenodo record 14504481 (TraceRCA all dataset artifacts),TraceRCA all dataset recursive service-fault CSV windows,RE2-OB/currencyservice_disk/1/logs.csv,logs,21629878,selected
Zenodo record 14504481 (TraceRCA all dataset artifacts),TraceRCA all dataset recursive service-fault CSV windows,RE2-OB/currencyservice_disk/1/logts.csv,logs,9788,selected
Zenodo record 14504481 (TraceRCA all dataset artifacts),TraceRCA all dataset recursive service-fault CSV windows,RE2-OB/currencyservice_disk/1/metrics.csv,metrics,6861684,selected
Zenodo record 14504481 (TraceRCA all dataset artifacts),TraceRCA all dataset recursive service-fault CSV windows,RE2-OB/currencyservice_disk/1/simple_metrics.csv,metrics,1196943,selected
Zenodo record 14504481 (TraceRCA all dataset artifacts),TraceRCA all dataset recursive service-fault CSV windows,RE2-OB/currencyservice_disk/1/traces.csv,traces,66046489,selected
Zenodo record 14504481 (TraceRCA all dataset artifacts),TraceRCA all dataset recursive service-fault CSV windows,RE2-OB/currencyservice_disk/1/tracets_err.csv,traces,8113,selected
Zenodo record 14504481 (TraceRCA all dataset artifacts),TraceRCA all dataset recursive service-fault CSV windows,RE2-OB/currencyservice_disk/1/tracets_lat.csv,traces,4957,selected
Zenodo record 14504481 (TraceRCA all dataset artifacts),TraceRCA all dataset recursive service-fault CSV windows,RE2-OB/currencyservice_disk/2/logs.csv,logs,15544167,selected
Zenodo record 14504481 (TraceRCA all dataset artifacts),TraceRCA all dataset recursive service-fault CSV windows,RE2-OB/currencyservice_disk/2/logts.csv,logs,9909,selected
Zenodo record 14504481 (TraceRCA all dataset artifacts),TraceRCA all dataset recursive service-fault CSV windows,RE2-OB/currencyservice_disk/2/metrics.csv,metrics,6947350,selected
Zenodo record 14504481 (TraceRCA all dataset artifacts),TraceRCA all dataset recursive service-fault CSV windows,RE2-OB/currencyservice_disk/2/simple_metrics.csv,metrics,1211609,selected
Zenodo record 14504481 (TraceRCA all dataset artifacts),TraceRCA all dataset recursive service-fault CSV windows,RE2-OB/currencyservice_disk/2/traces.csv,traces,72400661,selected
Zenodo record 14504481 (TraceRCA all dataset artifacts),TraceRCA all dataset recursive service-fault CSV windows,RE2-OB/currencyservice_disk/2/tracets_err.csv,traces,8110,selected
Zenodo record 14504481 (TraceRCA all dataset artifacts),TraceRCA all dataset recursive service-fault CSV windows,RE2-OB/currencyservice_disk/2/tracets_lat.csv,traces,5131,selected
Zenodo record 14504481 (TraceRCA all dataset artifacts),TraceRCA all dataset recursive service-fault CSV windows,RE2-OB/currencyservice_disk/3/logs.csv,logs,15780107,selected
Zenodo record 14504481 (TraceRCA all dataset artifacts),TraceRCA all dataset recursive service-fault CSV windows,RE2-OB/currencyservice_disk/3/logts.csv,logs,9921,selected
Zenodo record 14504481 (TraceRCA all dataset artifacts),TraceRCA all dataset recursive service-fault CSV windows,RE2-OB/currencyservice_disk/3/metrics.csv,metrics,6937045,selected
Zenodo record 14504481 (TraceRCA all dataset artifacts),TraceRCA all dataset recursive service-fault CSV windows,RE2-OB/currencyservice_disk/3/simple_metrics.csv,metrics,1206385,selected
Zenodo record 14504481 (TraceRCA all dataset artifacts),TraceRCA all dataset recursive service-fault CSV windows,RE2-OB/currencyservice_disk/3/traces.csv,traces,73718434,selected
Zenodo record 14504481 (TraceRCA all dataset artifacts),TraceRCA all dataset recursive service-fault CSV windows,RE2-OB/currencyservice_disk/3/tracets_err.csv,traces,8113,selected
Zenodo record 14504481 (TraceRCA all dataset artifacts),TraceRCA all dataset recursive service-fault CSV windows,RE2-OB/currencyservice_disk/3/tracets_lat.csv,traces,4940,selected
Zenodo record 14504481 (TraceRCA all dataset artifacts),TraceRCA all dataset recursive service-fault CSV windows,RE2-OB/currencyservice_loss/1/logs.csv,logs,18152000,selected
Zenodo record 14504481 (TraceRCA all dataset artifacts),TraceRCA all dataset recursive service-fault CSV windows,RE2-OB/currencyservice_loss/1/logts.csv,logs,12978,selected
Zenodo record 14504481 (TraceRCA all dataset artifacts),TraceRCA all dataset recursive service-fault CSV windows,RE2-OB/currencyservice_loss/1/metrics.csv,metrics,6689440,selected
Zenodo record 14504481 (TraceRCA all dataset artifacts),TraceRCA all dataset recursive service-fault CSV windows,RE2-OB/currencyservice_loss/1/simple_metrics.csv,metrics,1157622,selected
Zenodo record 14504481 (TraceRCA all dataset artifacts),TraceRCA all dataset recursive service-fault CSV windows,RE2-OB/currencyservice_loss/1/traces.csv,traces,52172256,selected
Zenodo record 14504481 (TraceRCA all dataset artifacts),TraceRCA all dataset recursive service-fault CSV windows,RE2-OB/currencyservice_loss/1/tracets_err.csv,traces,8011,selected
Zenodo record 14504481 (TraceRCA all dataset artifacts),TraceRCA all dataset recursive service-fault CSV windows,RE2-OB/currencyservice_loss/1/tracets_lat.csv,traces,6231,selected
Zenodo record 14504481 (TraceRCA all dataset artifacts),TraceRCA all dataset recursive service-fault CSV windows,RE2-OB/currencyservice_loss/2/logs.csv,logs,11516793,selected
Zenodo record 14504481 (TraceRCA all dataset artifacts),TraceRCA all dataset recursive service-fault CSV windows,RE2-OB/currencyservice_loss/2/logts.csv,logs,10615,selected
Zenodo record 14504481 (TraceRCA all dataset artifacts),TraceRCA all dataset recursive service-fault CSV windows,RE2-OB/currencyservice_loss/2/metrics.csv,metrics,6884296,selected
Zenodo record 14504481 (TraceRCA all dataset artifacts),TraceRCA all dataset recursive service-fault CSV windows,RE2-OB/currencyservice_loss/2/simple_metrics.csv,metrics,1204924,selected
Zenodo record 14504481 (TraceRCA all dataset artifacts),TraceRCA all dataset recursive service-fault CSV windows,RE2-OB/currencyservice_loss/2/traces.csv,traces,66728349,selected
Zenodo record 14504481 (TraceRCA all dataset artifacts),TraceRCA all dataset recursive service-fault CSV windows,RE2-OB/currencyservice_loss/2/tracets_err.csv,traces,8116,selected
Zenodo record 14504481 (TraceRCA all dataset artifacts),TraceRCA all dataset recursive service-fault CSV windows,RE2-OB/currencyservice_loss/2/tracets_lat.csv,traces,4943,selected
Zenodo record 14504481 (TraceRCA all dataset artifacts),TraceRCA all dataset recursive service-fault CSV windows,RE2-OB/currencyservice_loss/3/logs.csv,logs,13862620,selected
Zenodo record 14504481 (TraceRCA all dataset artifacts),TraceRCA all dataset recursive service-fault CSV windows,RE2-OB/currencyservice_loss/3/logts.csv,logs,10515,selected
Zenodo record 14504481 (TraceRCA all dataset artifacts),TraceRCA all dataset recursive service-fault CSV windows,RE2-OB/currencyservice_loss/3/metrics.csv,metrics,6827209,selected
Zenodo record 14504481 (TraceRCA all dataset artifacts),TraceRCA all dataset recursive service-fault CSV windows,RE2-OB/currencyservice_loss/3/simple_metrics.csv,metrics,1190266,selected
Zenodo record 14504481 (TraceRCA all dataset artifacts),TraceRCA all dataset recursive service-fault CSV windows,RE2-OB/currencyservice_loss/3/traces.csv,traces,64755796,selected
Zenodo record 14504481 (TraceRCA all dataset artifacts),TraceRCA all dataset recursive service-fault CSV windows,RE2-OB/currencyservice_loss/3/tracets_err.csv,traces,8099,selected
Zenodo record 14504481 (TraceRCA all dataset artifacts),TraceRCA all dataset recursive service-fault CSV windows,RE2-OB/currencyservice_loss/3/tracets_lat.csv,traces,6067,selected
Zenodo record 14504481 (TraceRCA all dataset artifacts),TraceRCA all dataset recursive service-fault CSV windows,RE2-OB/currencyservice_mem/1/logs.csv,logs,22720244,selected
Zenodo record 14504481 (TraceRCA all dataset artifacts),TraceRCA all dataset recursive service-fault CSV windows,RE2-OB/currencyservice_mem/1/logts.csv,logs,9871,selected
Zenodo record 14504481 (TraceRCA all dataset artifacts),TraceRCA all dataset recursive service-fault CSV windows,RE2-OB/currencyservice_mem/1/metrics.csv,metrics,6733833,selected
Zenodo record 14504481 (TraceRCA all dataset artifacts),TraceRCA all dataset recursive service-fault CSV windows,RE2-OB/currencyservice_mem/1/simple_metrics.csv,metrics,1174390,selected
Zenodo record 14504481 (TraceRCA all dataset artifacts),TraceRCA all dataset recursive service-fault CSV windows,RE2-OB/currencyservice_mem/1/traces.csv,traces,69289671,selected
Zenodo record 14504481 (TraceRCA all dataset artifacts),TraceRCA all dataset recursive service-fault CSV windows,RE2-OB/currencyservice_mem/1/tracets_err.csv,traces,8098,selected
Zenodo record 14504481 (TraceRCA all dataset artifacts),TraceRCA all dataset recursive service-fault CSV windows,RE2-OB/currencyservice_mem/1/tracets_lat.csv,traces,5949,selected
Zenodo record 14504481 (TraceRCA all dataset artifacts),TraceRCA all dataset recursive service-fault CSV windows,RE2-OB/currencyservice_mem/2/logs.csv,logs,15175391,selected
Zenodo record 14504481 (TraceRCA all dataset artifacts),TraceRCA all dataset recursive service-fault CSV windows,RE2-OB/currencyservice_mem/2/logts.csv,logs,10265,selected
Zenodo record 14504481 (TraceRCA all dataset artifacts),TraceRCA all dataset recursive service-fault CSV windows,RE2-OB/currencyservice_mem/2/metrics.csv,metrics,6672810,selected
Zenodo record 14504481 (TraceRCA all dataset artifacts),TraceRCA all dataset recursive service-fault CSV windows,RE2-OB/currencyservice_mem/2/simple_metrics.csv,metrics,1201335,selected
Zenodo record 14504481 (TraceRCA all dataset artifacts),TraceRCA all dataset recursive service-fault CSV windows,RE2-OB/currencyservice_mem/2/traces.csv,traces,70752566,selected
Zenodo record 14504481 (TraceRCA all dataset artifacts),TraceRCA all dataset recursive service-fault CSV windows,RE2-OB/currencyservice_mem/2/tracets_err.csv,traces,8119,selected
Zenodo record 14504481 (TraceRCA all dataset artifacts),TraceRCA all dataset recursive service-fault CSV windows,RE2-OB/currencyservice_mem/2/tracets_lat.csv,traces,4976,selected
Zenodo record 14504481 (TraceRCA all dataset artifacts),TraceRCA all dataset recursive service-fault CSV windows,RE2-OB/currencyservice_mem/3/logs.csv,logs,15142840,selected
Zenodo record 14504481 (TraceRCA all dataset artifacts),TraceRCA all dataset recursive service-fault CSV windows,RE2-OB/currencyservice_mem/3/logts.csv,logs,10319,selected
Zenodo record 14504481 (TraceRCA all dataset artifacts),TraceRCA all dataset recursive service-fault CSV windows,RE2-OB/currencyservice_mem/3/metrics.csv,metrics,6851496,selected
Zenodo record 14504481 (TraceRCA all dataset artifacts),TraceRCA all dataset recursive service-fault CSV windows,RE2-OB/currencyservice_mem/3/simple_metrics.csv,metrics,1195621,selected
Zenodo record 14504481 (TraceRCA all dataset artifacts),TraceRCA all dataset recursive service-fault CSV windows,RE2-OB/currencyservice_mem/3/traces.csv,traces,70370974,selected
Zenodo record 14504481 (TraceRCA all dataset artifacts),TraceRCA all dataset recursive service-fault CSV windows,RE2-OB/currencyservice_mem/3/tracets_err.csv,traces,8124,selected
Zenodo record 14504481 (TraceRCA all dataset artifacts),TraceRCA all dataset recursive service-fault CSV windows,RE2-OB/currencyservice_mem/3/tracets_lat.csv,traces,4985,selected
Zenodo record 14504481 (TraceRCA all dataset artifacts),TraceRCA all dataset recursive service-fault CSV windows,RE2-OB/currencyservice_socket/1/logs.csv,logs,24433159,selected
Zenodo record 14504481 (TraceRCA all dataset artifacts),TraceRCA all dataset recursive service-fault CSV windows,RE2-OB/currencyservice_socket/1/logts.csv,logs,9958,selected
Zenodo record 14504481 (TraceRCA all dataset artifacts),TraceRCA all dataset recursive service-fault CSV windows,RE2-OB/currencyservice_socket/1/metrics.csv,metrics,6764424,selected
Zenodo record 14504481 (TraceRCA all dataset artifacts),TraceRCA all dataset recursive service-fault CSV windows,RE2-OB/currencyservice_socket/1/simple_metrics.csv,metrics,1182545,selected
Zenodo record 14504481 (TraceRCA all dataset artifacts),TraceRCA all dataset recursive service-fault CSV windows,RE2-OB/currencyservice_socket/1/traces.csv,traces,74266150,selected
Zenodo record 14504481 (TraceRCA all dataset artifacts),TraceRCA all dataset recursive service-fault CSV windows,RE2-OB/currencyservice_socket/1/tracets_err.csv,traces,8092,selected
Zenodo record 14504481 (TraceRCA all dataset artifacts),TraceRCA all dataset recursive service-fault CSV windows,RE2-OB/currencyservice_socket/1/tracets_lat.csv,traces,6314,selected
Zenodo record 14504481 (TraceRCA all dataset artifacts),TraceRCA all dataset recursive service-fault CSV windows,RE2-OB/currencyservice_socket/2/logs.csv,logs,15640016,selected
Zenodo record 14504481 (TraceRCA all dataset artifacts),TraceRCA all dataset recursive service-fault CSV windows,RE2-OB/currencyservice_socket/2/logts.csv,logs,9860,selected
Zenodo record 14504481 (TraceRCA all dataset artifacts),TraceRCA all dataset recursive service-fault CSV windows,RE2-OB/currencyservice_socket/2/metrics.csv,metrics,6862767,selected
Zenodo record 14504481 (TraceRCA all dataset artifacts),TraceRCA all dataset recursive service-fault CSV windows,RE2-OB/currencyservice_socket/2/simple_metrics.csv,metrics,1197046,selected
Zenodo record 14504481 (TraceRCA all dataset artifacts),TraceRCA all dataset recursive service-fault CSV windows,RE2-OB/currencyservice_socket/2/traces.csv,traces,73087672,selected
Zenodo record 14504481 (TraceRCA all dataset artifacts),TraceRCA all dataset recursive service-fault CSV windows,RE2-OB/currencyservice_socket/2/tracets_err.csv,traces,8113,selected
Zenodo record 14504481 (TraceRCA all dataset artifacts),TraceRCA all dataset recursive service-fault CSV windows,RE2-OB/currencyservice_socket/2/tracets_lat.csv,traces,4908,selected
Zenodo record 14504481 (TraceRCA all dataset artifacts),TraceRCA all dataset recursive service-fault CSV windows,RE2-OB/currencyservice_socket/3/logs.csv,logs,15662682,selected
Zenodo record 14504481 (TraceRCA all dataset artifacts),TraceRCA all dataset recursive service-fault CSV windows,RE2-OB/currencyservice_socket/3/logts.csv,logs,9923,selected
Zenodo record 14504481 (TraceRCA all dataset artifacts),TraceRCA all dataset recursive service-fault CSV windows,RE2-OB/currencyservice_socket/3/metrics.csv,metrics,6863879,selected
Zenodo record 14504481 (TraceRCA all dataset artifacts),TraceRCA all dataset recursive service-fault CSV windows,RE2-OB/currencyservice_socket/3/simple_metrics.csv,metrics,1198404,selected
Zenodo record 14504481 (TraceRCA all dataset artifacts),TraceRCA all dataset recursive service-fault CSV windows,RE2-OB/currencyservice_socket/3/traces.csv,traces,72796826,selected
Zenodo record 14504481 (TraceRCA all dataset artifacts),TraceRCA all dataset recursive service-fault CSV windows,RE2-OB/currencyservice_socket/3/tracets_err.csv,traces,8113,selected
Zenodo record 14504481 (TraceRCA all dataset artifacts),TraceRCA all dataset recursive service-fault CSV windows,RE2-OB/currencyservice_socket/3/tracets_lat.csv,traces,4953,selected
Zenodo record 14504481 (TraceRCA all dataset artifacts),TraceRCA all dataset recursive service-fault CSV windows,RE2-OB/emailservice_cpu/1/logs.csv,logs,23450993,selected
Zenodo record 14504481 (TraceRCA all dataset artifacts),TraceRCA all dataset recursive service-fault CSV windows,RE2-OB/emailservice_cpu/1/logts.csv,logs,9842,selected
Zenodo record 14504481 (TraceRCA all dataset artifacts),TraceRCA all dataset recursive service-fault CSV windows,RE2-OB/emailservice_cpu/1/metrics.csv,metrics,6805056,selected
Zenodo record 14504481 (TraceRCA all dataset artifacts),TraceRCA all dataset recursive service-fault CSV windows,RE2-OB/emailservice_cpu/1/simple_metrics.csv,metrics,1190756,selected
Zenodo record 14504481 (TraceRCA all dataset artifacts),TraceRCA all dataset recursive service-fault CSV windows,RE2-OB/emailservice_cpu/1/traces.csv,traces,71713904,selected
Zenodo record 14504481 (TraceRCA all dataset artifacts),TraceRCA all dataset recursive service-fault CSV windows,RE2-OB/emailservice_cpu/1/tracets_err.csv,traces,8034,selected
Zenodo record 14504481 (TraceRCA all dataset artifacts),TraceRCA all dataset recursive service-fault CSV windows,RE2-OB/emailservice_cpu/1/tracets_lat.csv,traces,4837,selected
Zenodo record 14504481 (TraceRCA all dataset artifacts),TraceRCA all dataset recursive service-fault CSV windows,RE2-OB/emailservice_cpu/2/logs.csv,logs,16132746,selected
Zenodo record 14504481 (TraceRCA all dataset artifacts),TraceRCA all dataset recursive service-fault CSV windows,RE2-OB/emailservice_cpu/2/logts.csv,logs,9950,selected
Zenodo record 14504481 (TraceRCA all dataset artifacts),TraceRCA all dataset recursive service-fault CSV windows,RE2-OB/emailservice_cpu/2/metrics.csv,metrics,6865812,selected
Zenodo record 14504481 (TraceRCA all dataset artifacts),TraceRCA all dataset recursive service-fault CSV windows,RE2-OB/emailservice_cpu/2/simple_metrics.csv,metrics,1200685,selected
Zenodo record 14504481 (TraceRCA all dataset artifacts),TraceRCA all dataset recursive service-fault CSV windows,RE2-OB/emailservice_cpu/2/traces.csv,traces,74931944,selected
Zenodo record 14504481 (TraceRCA all dataset artifacts),TraceRCA all dataset recursive service-fault CSV windows,RE2-OB/emailservice_cpu/2/tracets_err.csv,traces,8095,selected
Zenodo record 14504481 (TraceRCA all dataset artifacts),TraceRCA all dataset recursive service-fault CSV windows,RE2-OB/emailservice_cpu/2/tracets_lat.csv,traces,6158,selected
Zenodo record 14504481 (TraceRCA all dataset artifacts),TraceRCA all dataset recursive service-fault CSV windows,RE2-OB/emailservice_cpu/3/logs.csv,logs,16207736,selected
Zenodo record 14504481 (TraceRCA all dataset artifacts),TraceRCA all dataset recursive service-fault CSV windows,RE2-OB/emailservice_cpu/3/logts.csv,logs,9875,selected
Zenodo record 14504481 (TraceRCA all dataset artifacts),TraceRCA all dataset recursive service-fault CSV windows,RE2-OB/emailservice_cpu/3/metrics.csv,metrics,6881479,selected
Zenodo record 14504481 (TraceRCA all dataset artifacts),TraceRCA all dataset recursive service-fault CSV windows,RE2-OB/emailservice_cpu/3/simple_metrics.csv,metrics,1199994,selected
Zenodo record 14504481 (TraceRCA all dataset artifacts),TraceRCA all dataset recursive service-fault CSV windows,RE2-OB/emailservice_cpu/3/traces.csv,traces,75404122,selected
Zenodo record 14504481 (TraceRCA all dataset artifacts),TraceRCA all dataset recursive service-fault CSV windows,RE2-OB/emailservice_cpu/3/tracets_err.csv,traces,8113,selected
Zenodo record 14504481 (TraceRCA all dataset artifacts),TraceRCA all dataset recursive service-fault CSV windows,RE2-OB/emailservice_cpu/3/tracets_lat.csv,traces,5000,selected
Zenodo record 14504481 (TraceRCA all dataset artifacts),TraceRCA all dataset recursive service-fault CSV windows,RE2-OB/emailservice_delay/1/logs.csv,logs,15964154,selected
Zenodo record 14504481 (TraceRCA all dataset artifacts),TraceRCA all dataset recursive service-fault CSV windows,RE2-OB/emailservice_delay/1/logts.csv,logs,9899,selected
Zenodo record 14504481 (TraceRCA all dataset artifacts),TraceRCA all dataset recursive service-fault CSV windows,RE2-OB/emailservice_delay/1/metrics.csv,metrics,6672693,selected
Zenodo record 14504481 (TraceRCA all dataset artifacts),TraceRCA all dataset recursive service-fault CSV windows,RE2-OB/emailservice_delay/1/simple_metrics.csv,metrics,1197117,selected
Zenodo record 14504481 (TraceRCA all dataset artifacts),TraceRCA all dataset recursive service-fault CSV windows,RE2-OB/emailservice_delay/1/traces.csv,traces,74202625,selected
Zenodo record 14504481 (TraceRCA all dataset artifacts),TraceRCA all dataset recursive service-fault CSV windows,RE2-OB/emailservice_delay/1/tracets_err.csv,traces,8113,selected
Zenodo record 14504481 (TraceRCA all dataset artifacts),TraceRCA all dataset recursive service-fault CSV windows,RE2-OB/emailservice_delay/1/tracets_lat.csv,traces,5006,selected
Zenodo record 14504481 (TraceRCA all dataset artifacts),TraceRCA all dataset recursive service-fault CSV windows,RE2-OB/emailservice_delay/2/logs.csv,logs,16004463,selected
Zenodo record 14504481 (TraceRCA all dataset artifacts),TraceRCA all dataset recursive service-fault CSV windows,RE2-OB/emailservice_delay/2/logts.csv,logs,9928,selected
Zenodo record 14504481 (TraceRCA all dataset artifacts),TraceRCA all dataset recursive service-fault CSV windows,RE2-OB/emailservice_delay/2/metrics.csv,metrics,6677814,selected
Zenodo record 14504481 (TraceRCA all dataset artifacts),TraceRCA all dataset recursive service-fault CSV windows,RE2-OB/emailservice_delay/2/simple_metrics.csv,metrics,1200056,selected
Zenodo record 14504481 (TraceRCA all dataset artifacts),TraceRCA all dataset recursive service-fault CSV windows,RE2-OB/emailservice_delay/2/traces.csv,traces,74175433,selected
Zenodo record 14504481 (TraceRCA all dataset artifacts),TraceRCA all dataset recursive service-fault CSV windows,RE2-OB/emailservice_delay/2/tracets_err.csv,traces,8113,selected
Zenodo record 14504481 (TraceRCA all dataset artifacts),TraceRCA all dataset recursive service-fault CSV windows,RE2-OB/emailservice_delay/2/tracets_lat.csv,traces,5007,selected
Zenodo record 14504481 (TraceRCA all dataset artifacts),TraceRCA all dataset recursive service-fault CSV windows,RE2-OB/emailservice_delay/3/logs.csv,logs,16032575,selected
Zenodo record 14504481 (TraceRCA all dataset artifacts),TraceRCA all dataset recursive service-fault CSV windows,RE2-OB/emailservice_delay/3/logts.csv,logs,9922,selected
Zenodo record 14504481 (TraceRCA all dataset artifacts),TraceRCA all dataset recursive service-fault CSV windows,RE2-OB/emailservice_delay/3/metrics.csv,metrics,6684494,selected
Zenodo record 14504481 (TraceRCA all dataset artifacts),TraceRCA all dataset recursive service-fault CSV windows,RE2-OB/emailservice_delay/3/simple_metrics.csv,metrics,1206319,selected
Zenodo record 14504481 (TraceRCA all dataset artifacts),TraceRCA all dataset recursive service-fault CSV windows,RE2-OB/emailservice_delay/3/traces.csv,traces,74424979,selected
Zenodo record 14504481 (TraceRCA all dataset artifacts),TraceRCA all dataset recursive service-fault CSV windows,RE2-OB/emailservice_delay/3/tracets_err.csv,traces,8113,selected
Zenodo record 14504481 (TraceRCA all dataset artifacts),TraceRCA all dataset recursive service-fault CSV windows,RE2-OB/emailservice_delay/3/tracets_lat.csv,traces,5004,selected
Zenodo record 14504481 (TraceRCA all dataset artifacts),TraceRCA all dataset recursive service-fault CSV windows,RE2-OB/emailservice_disk/1/logs.csv,logs,23126827,selected
Zenodo record 14504481 (TraceRCA all dataset artifacts),TraceRCA all dataset recursive service-fault CSV windows,RE2-OB/emailservice_disk/1/logts.csv,logs,9853,selected
Zenodo record 14504481 (TraceRCA all dataset artifacts),TraceRCA all dataset recursive service-fault CSV windows,RE2-OB/emailservice_disk/1/metrics.csv,metrics,6895187,selected
Zenodo record 14504481 (TraceRCA all dataset artifacts),TraceRCA all dataset recursive service-fault CSV windows,RE2-OB/emailservice_disk/1/simple_metrics.csv,metrics,1204531,selected
Zenodo record 14504481 (TraceRCA all dataset artifacts),TraceRCA all dataset recursive service-fault CSV windows,RE2-OB/emailservice_disk/1/traces.csv,traces,70719745,selected
Zenodo record 14504481 (TraceRCA all dataset artifacts),TraceRCA all dataset recursive service-fault CSV windows,RE2-OB/emailservice_disk/1/tracets_err.csv,traces,8113,selected
Zenodo record 14504481 (TraceRCA all dataset artifacts),TraceRCA all dataset recursive service-fault CSV windows,RE2-OB/emailservice_disk/1/tracets_lat.csv,traces,4885,selected
Zenodo record 14504481 (TraceRCA all dataset artifacts),TraceRCA all dataset recursive service-fault CSV windows,RE2-OB/emailservice_disk/2/logs.csv,logs,16124336,selected
Zenodo record 14504481 (TraceRCA all dataset artifacts),TraceRCA all dataset recursive service-fault CSV windows,RE2-OB/emailservice_disk/2/logts.csv,logs,9904,selected
Zenodo record 14504481 (TraceRCA all dataset artifacts),TraceRCA all dataset recursive service-fault CSV windows,RE2-OB/emailservice_disk/2/metrics.csv,metrics,7015502,selected
Zenodo record 14504481 (TraceRCA all dataset artifacts),TraceRCA all dataset recursive service-fault CSV windows,RE2-OB/emailservice_disk/2/simple_metrics.csv,metrics,1213638,selected
Zenodo record 14504481 (TraceRCA all dataset artifacts),TraceRCA all dataset recursive service-fault CSV windows,RE2-OB/emailservice_disk/2/traces.csv,traces,74813646,selected
Zenodo record 14504481 (TraceRCA all dataset artifacts),TraceRCA all dataset recursive service-fault CSV windows,RE2-OB/emailservice_disk/2/tracets_err.csv,traces,8110,selected
Zenodo record 14504481 (TraceRCA all dataset artifacts),TraceRCA all dataset recursive service-fault CSV windows,RE2-OB/emailservice_disk/2/tracets_lat.csv,traces,5198,selected
Zenodo record 14504481 (TraceRCA all dataset artifacts),TraceRCA all dataset recursive service-fault CSV windows,RE2-OB/emailservice_disk/3/logs.csv,logs,14567483,selected
Zenodo record 14504481 (TraceRCA all dataset artifacts),TraceRCA all dataset recursive service-fault CSV windows,RE2-OB/emailservice_disk/3/logts.csv,logs,9094,selected
Zenodo record 14504481 (TraceRCA all dataset artifacts),TraceRCA all dataset recursive service-fault CSV windows,RE2-OB/emailservice_disk/3/metrics.csv,metrics,6784738,selected
Zenodo record 14504481 (TraceRCA all dataset artifacts),TraceRCA all dataset recursive service-fault CSV windows,RE2-OB/emailservice_disk/3/simple_metrics.csv,metrics,1224807,selected
Zenodo record 14504481 (TraceRCA all dataset artifacts),TraceRCA all dataset recursive service-fault CSV windows,RE2-OB/emailservice_disk/3/traces.csv,traces,67547937,selected
Zenodo record 14504481 (TraceRCA all dataset artifacts),TraceRCA all dataset recursive service-fault CSV windows,RE2-OB/emailservice_disk/3/tracets_err.csv,traces,7402,selected
Zenodo record 14504481 (TraceRCA all dataset artifacts),TraceRCA all dataset recursive service-fault CSV windows,RE2-OB/emailservice_disk/3/tracets_lat.csv,traces,4566,selected
Zenodo record 14504481 (TraceRCA all dataset artifacts),TraceRCA all dataset recursive service-fault CSV windows,RE2-OB/emailservice_loss/1/logs.csv,logs,23254297,selected
Zenodo record 14504481 (TraceRCA all dataset artifacts),TraceRCA all dataset recursive service-fault CSV windows,RE2-OB/emailservice_loss/1/logts.csv,logs,10939,selected
Zenodo record 14504481 (TraceRCA all dataset artifacts),TraceRCA all dataset recursive service-fault CSV windows,RE2-OB/emailservice_loss/1/metrics.csv,metrics,6777308,selected
Zenodo record 14504481 (TraceRCA all dataset artifacts),TraceRCA all dataset recursive service-fault CSV windows,RE2-OB/emailservice_loss/1/simple_metrics.csv,metrics,1189907,selected
Zenodo record 14504481 (TraceRCA all dataset artifacts),TraceRCA all dataset recursive service-fault CSV windows,RE2-OB/emailservice_loss/1/traces.csv,traces,70611006,selected
Zenodo record 14504481 (TraceRCA all dataset artifacts),TraceRCA all dataset recursive service-fault CSV windows,RE2-OB/emailservice_loss/1/tracets_err.csv,traces,8123,selected
Zenodo record 14504481 (TraceRCA all dataset artifacts),TraceRCA all dataset recursive service-fault CSV windows,RE2-OB/emailservice_loss/1/tracets_lat.csv,traces,4878,selected
Zenodo record 14504481 (TraceRCA all dataset artifacts),TraceRCA all dataset recursive service-fault CSV windows,RE2-OB/emailservice_loss/2/logs.csv,logs,16054244,selected
Zenodo record 14504481 (TraceRCA all dataset artifacts),TraceRCA all dataset recursive service-fault CSV windows,RE2-OB/emailservice_loss/2/logts.csv,logs,10962,selected
Zenodo record 14504481 (TraceRCA all dataset artifacts),TraceRCA all dataset recursive service-fault CSV windows,RE2-OB/emailservice_loss/2/metrics.csv,metrics,6693749,selected
Zenodo record 14504481 (TraceRCA all dataset artifacts),TraceRCA all dataset recursive service-fault CSV windows,RE2-OB/emailservice_loss/2/simple_metrics.csv,metrics,1207105,selected
Zenodo record 14504481 (TraceRCA all dataset artifacts),TraceRCA all dataset recursive service-fault CSV windows,RE2-OB/emailservice_loss/2/traces.csv,traces,74940766,selected
Zenodo record 14504481 (TraceRCA all dataset artifacts),TraceRCA all dataset recursive service-fault CSV windows,RE2-OB/emailservice_loss/2/tracets_err.csv,traces,8122,selected
Zenodo record 14504481 (TraceRCA all dataset artifacts),TraceRCA all dataset recursive service-fault CSV windows,RE2-OB/emailservice_loss/2/tracets_lat.csv,traces,5007,selected
Zenodo record 14504481 (TraceRCA all dataset artifacts),TraceRCA all dataset recursive service-fault CSV windows,RE2-OB/emailservice_loss/3/logs.csv,logs,15897882,selected
Zenodo record 14504481 (TraceRCA all dataset artifacts),TraceRCA all dataset recursive service-fault CSV windows,RE2-OB/emailservice_loss/3/logts.csv,logs,11010,selected
Zenodo record 14504481 (TraceRCA all dataset artifacts),TraceRCA all dataset recursive service-fault CSV windows,RE2-OB/emailservice_loss/3/metrics.csv,metrics,6681017,selected
Zenodo record 14504481 (TraceRCA all dataset artifacts),TraceRCA all dataset recursive service-fault CSV windows,RE2-OB/emailservice_loss/3/simple_metrics.csv,metrics,1204222,selected
Zenodo record 14504481 (TraceRCA all dataset artifacts),TraceRCA all dataset recursive service-fault CSV windows,RE2-OB/emailservice_loss/3/traces.csv,traces,73632866,selected
Zenodo record 14504481 (TraceRCA all dataset artifacts),TraceRCA all dataset recursive service-fault CSV windows,RE2-OB/emailservice_loss/3/tracets_err.csv,traces,8117,selected
Zenodo record 14504481 (TraceRCA all dataset artifacts),TraceRCA all dataset recursive service-fault CSV windows,RE2-OB/emailservice_loss/3/tracets_lat.csv,traces,5001,selected
Zenodo record 14504481 (TraceRCA all dataset artifacts),TraceRCA all dataset recursive service-fault CSV windows,RE2-OB/emailservice_mem/1/logs.csv,logs,24317664,selected
Zenodo record 14504481 (TraceRCA all dataset artifacts),TraceRCA all dataset recursive service-fault CSV windows,RE2-OB/emailservice_mem/1/logts.csv,logs,9793,selected
Zenodo record 14504481 (TraceRCA all dataset artifacts),TraceRCA all dataset recursive service-fault CSV windows,RE2-OB/emailservice_mem/1/metrics.csv,metrics,6775175,selected
Zenodo record 14504481 (TraceRCA all dataset artifacts),TraceRCA all dataset recursive service-fault CSV windows,RE2-OB/emailservice_mem/1/simple_metrics.csv,metrics,1183805,selected
Zenodo record 14504481 (TraceRCA all dataset artifacts),TraceRCA all dataset recursive service-fault CSV windows,RE2-OB/emailservice_mem/1/traces.csv,traces,73947368,selected
Zenodo record 14504481 (TraceRCA all dataset artifacts),TraceRCA all dataset recursive service-fault CSV windows,RE2-OB/emailservice_mem/1/tracets_err.csv,traces,8034,selected
Zenodo record 14504481 (TraceRCA all dataset artifacts),TraceRCA all dataset recursive service-fault CSV windows,RE2-OB/emailservice_mem/1/tracets_lat.csv,traces,4929,selected
Zenodo record 14504481 (TraceRCA all dataset artifacts),TraceRCA all dataset recursive service-fault CSV windows,RE2-OB/emailservice_mem/2/logs.csv,logs,15976065,selected
Zenodo record 14504481 (TraceRCA all dataset artifacts),TraceRCA all dataset recursive service-fault CSV windows,RE2-OB/emailservice_mem/2/logts.csv,logs,9921,selected
Zenodo record 14504481 (TraceRCA all dataset artifacts),TraceRCA all dataset recursive service-fault CSV windows,RE2-OB/emailservice_mem/2/metrics.csv,metrics,6884382,selected
Zenodo record 14504481 (TraceRCA all dataset artifacts),TraceRCA all dataset recursive service-fault CSV windows,RE2-OB/emailservice_mem/2/simple_metrics.csv,metrics,1198133,selected
Zenodo record 14504481 (TraceRCA all dataset artifacts),TraceRCA all dataset recursive service-fault CSV windows,RE2-OB/emailservice_mem/2/traces.csv,traces,74178959,selected
Zenodo record 14504481 (TraceRCA all dataset artifacts),TraceRCA all dataset recursive service-fault CSV windows,RE2-OB/emailservice_mem/2/tracets_err.csv,traces,8113,selected
Zenodo record 14504481 (TraceRCA all dataset artifacts),TraceRCA all dataset recursive service-fault CSV windows,RE2-OB/emailservice_mem/2/tracets_lat.csv,traces,5026,selected
Zenodo record 14504481 (TraceRCA all dataset artifacts),TraceRCA all dataset recursive service-fault CSV windows,RE2-OB/emailservice_mem/3/logs.csv,logs,15892222,selected
Zenodo record 14504481 (TraceRCA all dataset artifacts),TraceRCA all dataset recursive service-fault CSV windows,RE2-OB/emailservice_mem/3/logts.csv,logs,9908,selected
Zenodo record 14504481 (TraceRCA all dataset artifacts),TraceRCA all dataset recursive service-fault CSV windows,RE2-OB/emailservice_mem/3/metrics.csv,metrics,6929079,selected
Zenodo record 14504481 (TraceRCA all dataset artifacts),TraceRCA all dataset recursive service-fault CSV windows,RE2-OB/emailservice_mem/3/simple_metrics.csv,metrics,1204291,selected
Zenodo record 14504481 (TraceRCA all dataset artifacts),TraceRCA all dataset recursive service-fault CSV windows,RE2-OB/emailservice_mem/3/traces.csv,traces,72289943,selected
Zenodo record 14504481 (TraceRCA all dataset artifacts),TraceRCA all dataset recursive service-fault CSV windows,RE2-OB/emailservice_mem/3/tracets_err.csv,traces,8110,selected
Zenodo record 14504481 (TraceRCA all dataset artifacts),TraceRCA all dataset recursive service-fault CSV windows,RE2-OB/emailservice_mem/3/tracets_lat.csv,traces,5220,selected
Zenodo record 14504481 (TraceRCA all dataset artifacts),TraceRCA all dataset recursive service-fault CSV windows,RE2-OB/emailservice_socket/1/logs.csv,logs,16067292,selected
Zenodo record 14504481 (TraceRCA all dataset artifacts),TraceRCA all dataset recursive service-fault CSV windows,RE2-OB/emailservice_socket/1/logts.csv,logs,9810,selected
Zenodo record 14504481 (TraceRCA all dataset artifacts),TraceRCA all dataset recursive service-fault CSV windows,RE2-OB/emailservice_socket/1/metrics.csv,metrics,6692091,selected
Zenodo record 14504481 (TraceRCA all dataset artifacts),TraceRCA all dataset recursive service-fault CSV windows,RE2-OB/emailservice_socket/1/simple_metrics.csv,metrics,1202324,selected
Zenodo record 14504481 (TraceRCA all dataset artifacts),TraceRCA all dataset recursive service-fault CSV windows,RE2-OB/emailservice_socket/1/traces.csv,traces,74667322,selected
Zenodo record 14504481 (TraceRCA all dataset artifacts),TraceRCA all dataset recursive service-fault CSV windows,RE2-OB/emailservice_socket/1/tracets_err.csv,traces,8034,selected
Zenodo record 14504481 (TraceRCA all dataset artifacts),TraceRCA all dataset recursive service-fault CSV windows,RE2-OB/emailservice_socket/1/tracets_lat.csv,traces,4960,selected
Zenodo record 14504481 (TraceRCA all dataset artifacts),TraceRCA all dataset recursive service-fault CSV windows,RE2-OB/emailservice_socket/2/logs.csv,logs,16177718,selected
Zenodo record 14504481 (TraceRCA all dataset artifacts),TraceRCA all dataset recursive service-fault CSV windows,RE2-OB/emailservice_socket/2/logts.csv,logs,9955,selected
Zenodo record 14504481 (TraceRCA all dataset artifacts),TraceRCA all dataset recursive service-fault CSV windows,RE2-OB/emailservice_socket/2/metrics.csv,metrics,6691275,selected
Zenodo record 14504481 (TraceRCA all dataset artifacts),TraceRCA all dataset recursive service-fault CSV windows,RE2-OB/emailservice_socket/2/simple_metrics.csv,metrics,1201473,selected
Zenodo record 14504481 (TraceRCA all dataset artifacts),TraceRCA all dataset recursive service-fault CSV windows,RE2-OB/emailservice_socket/2/traces.csv,traces,75032955,selected
Zenodo record 14504481 (TraceRCA all dataset artifacts),TraceRCA all dataset recursive service-fault CSV windows,RE2-OB/emailservice_socket/2/tracets_err.csv,traces,8113,selected
Zenodo record 14504481 (TraceRCA all dataset artifacts),TraceRCA all dataset recursive service-fault CSV windows,RE2-OB/emailservice_socket/2/tracets_lat.csv,traces,5001,selected
Zenodo record 14504481 (TraceRCA all dataset artifacts),TraceRCA all dataset recursive service-fault CSV windows,RE2-OB/emailservice_socket/3/logs.csv,logs,15955716,selected
Zenodo record 14504481 (TraceRCA all dataset artifacts),TraceRCA all dataset recursive service-fault CSV windows,RE2-OB/emailservice_socket/3/logts.csv,logs,9961,selected
Zenodo record 14504481 (TraceRCA all dataset artifacts),TraceRCA all dataset recursive service-fault CSV windows,RE2-OB/emailservice_socket/3/metrics.csv,metrics,6673271,selected
Zenodo record 14504481 (TraceRCA all dataset artifacts),TraceRCA all dataset recursive service-fault CSV windows,RE2-OB/emailservice_socket/3/simple_metrics.csv,metrics,1193313,selected
Zenodo record 14504481 (TraceRCA all dataset artifacts),TraceRCA all dataset recursive service-fault CSV windows,RE2-OB/emailservice_socket/3/traces.csv,traces,74311795,selected
Zenodo record 14504481 (TraceRCA all dataset artifacts),TraceRCA all dataset recursive service-fault CSV windows,RE2-OB/emailservice_socket/3/tracets_err.csv,traces,8113,selected
Zenodo record 14504481 (TraceRCA all dataset artifacts),TraceRCA all dataset recursive service-fault CSV windows,RE2-OB/emailservice_socket/3/tracets_lat.csv,traces,5020,selected
Zenodo record 14504481 (TraceRCA all dataset artifacts),TraceRCA all dataset recursive service-fault CSV windows,RE2-OB/productcatalogservice_cpu/1/logs.csv,logs,23559067,selected
Zenodo record 14504481 (TraceRCA all dataset artifacts),TraceRCA all dataset recursive service-fault CSV windows,RE2-OB/productcatalogservice_cpu/1/logts.csv,logs,9889,selected
Zenodo record 14504481 (TraceRCA all dataset artifacts),TraceRCA all dataset recursive service-fault CSV windows,RE2-OB/productcatalogservice_cpu/1/metrics.csv,metrics,6755553,selected
Zenodo record 14504481 (TraceRCA all dataset artifacts),TraceRCA all dataset recursive service-fault CSV windows,RE2-OB/productcatalogservice_cpu/1/simple_metrics.csv,metrics,1172614,selected
Zenodo record 14504481 (TraceRCA all dataset artifacts),TraceRCA all dataset recursive service-fault CSV windows,RE2-OB/productcatalogservice_cpu/1/traces.csv,traces,71844304,selected
Zenodo record 14504481 (TraceRCA all dataset artifacts),TraceRCA all dataset recursive service-fault CSV windows,RE2-OB/productcatalogservice_cpu/1/tracets_err.csv,traces,8113,selected
Zenodo record 14504481 (TraceRCA all dataset artifacts),TraceRCA all dataset recursive service-fault CSV windows,RE2-OB/productcatalogservice_cpu/1/tracets_lat.csv,traces,4991,selected
Zenodo record 14504481 (TraceRCA all dataset artifacts),TraceRCA all dataset recursive service-fault CSV windows,RE2-OB/productcatalogservice_cpu/2/logs.csv,logs,15678366,selected
Zenodo record 14504481 (TraceRCA all dataset artifacts),TraceRCA all dataset recursive service-fault CSV windows,RE2-OB/productcatalogservice_cpu/2/logts.csv,logs,9854,selected
Zenodo record 14504481 (TraceRCA all dataset artifacts),TraceRCA all dataset recursive service-fault CSV windows,RE2-OB/productcatalogservice_cpu/2/metrics.csv,metrics,6789988,selected
Zenodo record 14504481 (TraceRCA all dataset artifacts),TraceRCA all dataset recursive service-fault CSV windows,RE2-OB/productcatalogservice_cpu/2/simple_metrics.csv,metrics,1180172,selected
Zenodo record 14504481 (TraceRCA all dataset artifacts),TraceRCA all dataset recursive service-fault CSV windows,RE2-OB/productcatalogservice_cpu/2/traces.csv,traces,73149430,selected
Zenodo record 14504481 (TraceRCA all dataset artifacts),TraceRCA all dataset recursive service-fault CSV windows,RE2-OB/productcatalogservice_cpu/2/tracets_err.csv,traces,8113,selected
Zenodo record 14504481 (TraceRCA all dataset artifacts),TraceRCA all dataset recursive service-fault CSV windows,RE2-OB/productcatalogservice_cpu/2/tracets_lat.csv,traces,5058,selected
Zenodo record 14504481 (TraceRCA all dataset artifacts),TraceRCA all dataset recursive service-fault CSV windows,RE2-OB/productcatalogservice_cpu/3/logs.csv,logs,15895064,selected
Zenodo record 14504481 (TraceRCA all dataset artifacts),TraceRCA all dataset recursive service-fault CSV windows,RE2-OB/productcatalogservice_cpu/3/logts.csv,logs,9916,selected
Zenodo record 14504481 (TraceRCA all dataset artifacts),TraceRCA all dataset recursive service-fault CSV windows,RE2-OB/productcatalogservice_cpu/3/metrics.csv,metrics,6789902,selected
Zenodo record 14504481 (TraceRCA all dataset artifacts),TraceRCA all dataset recursive service-fault CSV windows,RE2-OB/productcatalogservice_cpu/3/simple_metrics.csv,metrics,1179749,selected
Zenodo record 14504481 (TraceRCA all dataset artifacts),TraceRCA all dataset recursive service-fault CSV windows,RE2-OB/productcatalogservice_cpu/3/traces.csv,traces,74016432,selected
Zenodo record 14504481 (TraceRCA all dataset artifacts),TraceRCA all dataset recursive service-fault CSV windows,RE2-OB/productcatalogservice_cpu/3/tracets_err.csv,traces,8113,selected
Zenodo record 14504481 (TraceRCA all dataset artifacts),TraceRCA all dataset recursive service-fault CSV windows,RE2-OB/productcatalogservice_cpu/3/tracets_lat.csv,traces,5072,selected
Zenodo record 14504481 (TraceRCA all dataset artifacts),TraceRCA all dataset recursive service-fault CSV windows,RE2-OB/productcatalogservice_delay/1/logs.csv,logs,21931253,selected
Zenodo record 14504481 (TraceRCA all dataset artifacts),TraceRCA all dataset recursive service-fault CSV windows,RE2-OB/productcatalogservice_delay/1/logts.csv,logs,9821,selected
Zenodo record 14504481 (TraceRCA all dataset artifacts),TraceRCA all dataset recursive service-fault CSV windows,RE2-OB/productcatalogservice_delay/1/metrics.csv,metrics,6753317,selected
Zenodo record 14504481 (TraceRCA all dataset artifacts),TraceRCA all dataset recursive service-fault CSV windows,RE2-OB/productcatalogservice_delay/1/simple_metrics.csv,metrics,1151563,selected
Zenodo record 14504481 (TraceRCA all dataset artifacts),TraceRCA all dataset recursive service-fault CSV windows,RE2-OB/productcatalogservice_delay/1/traces.csv,traces,66783420,selected
Zenodo record 14504481 (TraceRCA all dataset artifacts),TraceRCA all dataset recursive service-fault CSV windows,RE2-OB/productcatalogservice_delay/1/tracets_err.csv,traces,8113,selected
Zenodo record 14504481 (TraceRCA all dataset artifacts),TraceRCA all dataset recursive service-fault CSV windows,RE2-OB/productcatalogservice_delay/1/tracets_lat.csv,traces,4954,selected
Zenodo record 14504481 (TraceRCA all dataset artifacts),TraceRCA all dataset recursive service-fault CSV windows,RE2-OB/productcatalogservice_delay/2/logs.csv,logs,14267452,selected
Zenodo record 14504481 (TraceRCA all dataset artifacts),TraceRCA all dataset recursive service-fault CSV windows,RE2-OB/productcatalogservice_delay/2/logts.csv,logs,9833,selected
Zenodo record 14504481 (TraceRCA all dataset artifacts),TraceRCA all dataset recursive service-fault CSV windows,RE2-OB/productcatalogservice_delay/2/metrics.csv,metrics,6799139,selected
Zenodo record 14504481 (TraceRCA all dataset artifacts),TraceRCA all dataset recursive service-fault CSV windows,RE2-OB/productcatalogservice_delay/2/simple_metrics.csv,metrics,1170313,selected
Zenodo record 14504481 (TraceRCA all dataset artifacts),TraceRCA all dataset recursive service-fault CSV windows,RE2-OB/productcatalogservice_delay/2/traces.csv,traces,66668551,selected
Zenodo record 14504481 (TraceRCA all dataset artifacts),TraceRCA all dataset recursive service-fault CSV windows,RE2-OB/productcatalogservice_delay/2/tracets_err.csv,traces,8113,selected
Zenodo record 14504481 (TraceRCA all dataset artifacts),TraceRCA all dataset recursive service-fault CSV windows,RE2-OB/productcatalogservice_delay/2/tracets_lat.csv,traces,4939,selected
Zenodo record 14504481 (TraceRCA all dataset artifacts),TraceRCA all dataset recursive service-fault CSV windows,RE2-OB/productcatalogservice_delay/3/logs.csv,logs,14313673,selected
Zenodo record 14504481 (TraceRCA all dataset artifacts),TraceRCA all dataset recursive service-fault CSV windows,RE2-OB/productcatalogservice_delay/3/logts.csv,logs,9800,selected
Zenodo record 14504481 (TraceRCA all dataset artifacts),TraceRCA all dataset recursive service-fault CSV windows,RE2-OB/productcatalogservice_delay/3/metrics.csv,metrics,6774604,selected
Zenodo record 14504481 (TraceRCA all dataset artifacts),TraceRCA all dataset recursive service-fault CSV windows,RE2-OB/productcatalogservice_delay/3/simple_metrics.csv,metrics,1167251,selected
Zenodo record 14504481 (TraceRCA all dataset artifacts),TraceRCA all dataset recursive service-fault CSV windows,RE2-OB/productcatalogservice_delay/3/traces.csv,traces,66881504,selected
Zenodo record 14504481 (TraceRCA all dataset artifacts),TraceRCA all dataset recursive service-fault CSV windows,RE2-OB/productcatalogservice_delay/3/tracets_err.csv,traces,8107,selected
Zenodo record 14504481 (TraceRCA all dataset artifacts),TraceRCA all dataset recursive service-fault CSV windows,RE2-OB/productcatalogservice_delay/3/tracets_lat.csv,traces,5324,selected
Zenodo record 14504481 (TraceRCA all dataset artifacts),TraceRCA all dataset recursive service-fault CSV windows,RE2-OB/productcatalogservice_disk/1/logs.csv,logs,22998711,selected
Zenodo record 14504481 (TraceRCA all dataset artifacts),TraceRCA all dataset recursive service-fault CSV windows,RE2-OB/productcatalogservice_disk/1/logts.csv,logs,9845,selected
Zenodo record 14504481 (TraceRCA all dataset artifacts),TraceRCA all dataset recursive service-fault CSV windows,RE2-OB/productcatalogservice_disk/1/metrics.csv,metrics,6881570,selected
Zenodo record 14504481 (TraceRCA all dataset artifacts),TraceRCA all dataset recursive service-fault CSV windows,RE2-OB/productcatalogservice_disk/1/simple_metrics.csv,metrics,1195576,selected
Zenodo record 14504481 (TraceRCA all dataset artifacts),TraceRCA all dataset recursive service-fault CSV windows,RE2-OB/productcatalogservice_disk/1/traces.csv,traces,70101148,selected
Zenodo record 14504481 (TraceRCA all dataset artifacts),TraceRCA all dataset recursive service-fault CSV windows,RE2-OB/productcatalogservice_disk/1/tracets_err.csv,traces,8113,selected
Zenodo record 14504481 (TraceRCA all dataset artifacts),TraceRCA all dataset recursive service-fault CSV windows,RE2-OB/productcatalogservice_disk/1/tracets_lat.csv,traces,5054,selected
Zenodo record 14504481 (TraceRCA all dataset artifacts),TraceRCA all dataset recursive service-fault CSV windows,RE2-OB/productcatalogservice_disk/2/logs.csv,logs,15792501,selected
Zenodo record 14504481 (TraceRCA all dataset artifacts),TraceRCA all dataset recursive service-fault CSV windows,RE2-OB/productcatalogservice_disk/2/logts.csv,logs,9899,selected
Zenodo record 14504481 (TraceRCA all dataset artifacts),TraceRCA all dataset recursive service-fault CSV windows,RE2-OB/productcatalogservice_disk/2/metrics.csv,metrics,6901688,selected
Zenodo record 14504481 (TraceRCA all dataset artifacts),TraceRCA all dataset recursive service-fault CSV windows,RE2-OB/productcatalogservice_disk/2/simple_metrics.csv,metrics,1199836,selected
Zenodo record 14504481 (TraceRCA all dataset artifacts),TraceRCA all dataset recursive service-fault CSV windows,RE2-OB/productcatalogservice_disk/2/traces.csv,traces,73595661,selected
Zenodo record 14504481 (TraceRCA all dataset artifacts),TraceRCA all dataset recursive service-fault CSV windows,RE2-OB/productcatalogservice_disk/2/tracets_err.csv,traces,8098,selected
Zenodo record 14504481 (TraceRCA all dataset artifacts),TraceRCA all dataset recursive service-fault CSV windows,RE2-OB/productcatalogservice_disk/2/tracets_lat.csv,traces,6026,selected
Zenodo record 14504481 (TraceRCA all dataset artifacts),TraceRCA all dataset recursive service-fault CSV windows,RE2-OB/productcatalogservice_disk/3/logs.csv,logs,15735606,selected
Zenodo record 14504481 (TraceRCA all dataset artifacts),TraceRCA all dataset recursive service-fault CSV windows,RE2-OB/productcatalogservice_disk/3/logts.csv,logs,9965,selected
Zenodo record 14504481 (TraceRCA all dataset artifacts),TraceRCA all dataset recursive service-fault CSV windows,RE2-OB/productcatalogservice_disk/3/metrics.csv,metrics,6722221,selected
Zenodo record 14504481 (TraceRCA all dataset artifacts),TraceRCA all dataset recursive service-fault CSV windows,RE2-OB/productcatalogservice_disk/3/simple_metrics.csv,metrics,1195912,selected
Zenodo record 14504481 (TraceRCA all dataset artifacts),TraceRCA all dataset recursive service-fault CSV windows,RE2-OB/productcatalogservice_disk/3/traces.csv,traces,73121908,selected
Zenodo record 14504481 (TraceRCA all dataset artifacts),TraceRCA all dataset recursive service-fault CSV windows,RE2-OB/productcatalogservice_disk/3/tracets_err.csv,traces,8095,selected
Zenodo record 14504481 (TraceRCA all dataset artifacts),TraceRCA all dataset recursive service-fault CSV windows,RE2-OB/productcatalogservice_disk/3/tracets_lat.csv,traces,6209,selected
Zenodo record 14504481 (TraceRCA all dataset artifacts),TraceRCA all dataset recursive service-fault CSV windows,RE2-OB/productcatalogservice_loss/1/logs.csv,logs,16101311,selected
Zenodo record 14504481 (TraceRCA all dataset artifacts),TraceRCA all dataset recursive service-fault CSV windows,RE2-OB/productcatalogservice_loss/1/logts.csv,logs,18380,selected
Zenodo record 14504481 (TraceRCA all dataset artifacts),TraceRCA all dataset recursive service-fault CSV windows,RE2-OB/productcatalogservice_loss/1/metrics.csv,metrics,6715677,selected
Zenodo record 14504481 (TraceRCA all dataset artifacts),TraceRCA all dataset recursive service-fault CSV windows,RE2-OB/productcatalogservice_loss/1/simple_metrics.csv,metrics,1152729,selected
Zenodo record 14504481 (TraceRCA all dataset artifacts),TraceRCA all dataset recursive service-fault CSV windows,RE2-OB/productcatalogservice_loss/1/traces.csv,traces,46491167,selected
Zenodo record 14504481 (TraceRCA all dataset artifacts),TraceRCA all dataset recursive service-fault CSV windows,RE2-OB/productcatalogservice_loss/1/tracets_err.csv,traces,7876,selected
Zenodo record 14504481 (TraceRCA all dataset artifacts),TraceRCA all dataset recursive service-fault CSV windows,RE2-OB/productcatalogservice_loss/1/tracets_lat.csv,traces,6076,selected
Zenodo record 14504481 (TraceRCA all dataset artifacts),TraceRCA all dataset recursive service-fault CSV windows,RE2-OB/productcatalogservice_loss/2/logs.csv,logs,10859725,selected
Zenodo record 14504481 (TraceRCA all dataset artifacts),TraceRCA all dataset recursive service-fault CSV windows,RE2-OB/productcatalogservice_loss/2/logts.csv,logs,18584,selected
Zenodo record 14504481 (TraceRCA all dataset artifacts),TraceRCA all dataset recursive service-fault CSV windows,RE2-OB/productcatalogservice_loss/2/metrics.csv,metrics,6704757,selected
Zenodo record 14504481 (TraceRCA all dataset artifacts),TraceRCA all dataset recursive service-fault CSV windows,RE2-OB/productcatalogservice_loss/2/simple_metrics.csv,metrics,1149954,selected
Zenodo record 14504481 (TraceRCA all dataset artifacts),TraceRCA all dataset recursive service-fault CSV windows,RE2-OB/productcatalogservice_loss/2/traces.csv,traces,47490813,selected
Zenodo record 14504481 (TraceRCA all dataset artifacts),TraceRCA all dataset recursive service-fault CSV windows,RE2-OB/productcatalogservice_loss/2/tracets_err.csv,traces,8026,selected
Zenodo record 14504481 (TraceRCA all dataset artifacts),TraceRCA all dataset recursive service-fault CSV windows,RE2-OB/productcatalogservice_loss/2/tracets_lat.csv,traces,6561,selected
Zenodo record 14504481 (TraceRCA all dataset artifacts),TraceRCA all dataset recursive service-fault CSV windows,RE2-OB/productcatalogservice_loss/3/logs.csv,logs,13247331,selected
Zenodo record 14504481 (TraceRCA all dataset artifacts),TraceRCA all dataset recursive service-fault CSV windows,RE2-OB/productcatalogservice_loss/3/logts.csv,logs,18682,selected
Zenodo record 14504481 (TraceRCA all dataset artifacts),TraceRCA all dataset recursive service-fault CSV windows,RE2-OB/productcatalogservice_loss/3/metrics.csv,metrics,6759570,selected
Zenodo record 14504481 (TraceRCA all dataset artifacts),TraceRCA all dataset recursive service-fault CSV windows,RE2-OB/productcatalogservice_loss/3/simple_metrics.csv,metrics,1188736,selected
Zenodo record 14504481 (TraceRCA all dataset artifacts),TraceRCA all dataset recursive service-fault CSV windows,RE2-OB/productcatalogservice_loss/3/traces.csv,traces,60989802,selected
Zenodo record 14504481 (TraceRCA all dataset artifacts),TraceRCA all dataset recursive service-fault CSV windows,RE2-OB/productcatalogservice_loss/3/tracets_err.csv,traces,8110,selected
Zenodo record 14504481 (TraceRCA all dataset artifacts),TraceRCA all dataset recursive service-fault CSV windows,RE2-OB/productcatalogservice_loss/3/tracets_lat.csv,traces,6071,selected
Zenodo record 14504481 (TraceRCA all dataset artifacts),TraceRCA all dataset recursive service-fault CSV windows,RE2-OB/productcatalogservice_mem/1/logs.csv,logs,19052585,selected
Zenodo record 14504481 (TraceRCA all dataset artifacts),TraceRCA all dataset recursive service-fault CSV windows,RE2-OB/productcatalogservice_mem/1/logts.csv,logs,10830,selected
Zenodo record 14504481 (TraceRCA all dataset artifacts),TraceRCA all dataset recursive service-fault CSV windows,RE2-OB/productcatalogservice_mem/1/metrics.csv,metrics,6810764,selected
Zenodo record 14504481 (TraceRCA all dataset artifacts),TraceRCA all dataset recursive service-fault CSV windows,RE2-OB/productcatalogservice_mem/1/simple_metrics.csv,metrics,1181179,selected
Zenodo record 14504481 (TraceRCA all dataset artifacts),TraceRCA all dataset recursive service-fault CSV windows,RE2-OB/productcatalogservice_mem/1/traces.csv,traces,57984329,selected
Zenodo record 14504481 (TraceRCA all dataset artifacts),TraceRCA all dataset recursive service-fault CSV windows,RE2-OB/productcatalogservice_mem/1/tracets_err.csv,traces,8117,selected
Zenodo record 14504481 (TraceRCA all dataset artifacts),TraceRCA all dataset recursive service-fault CSV windows,RE2-OB/productcatalogservice_mem/1/tracets_lat.csv,traces,4994,selected
Zenodo record 14504481 (TraceRCA all dataset artifacts),TraceRCA all dataset recursive service-fault CSV windows,RE2-OB/productcatalogservice_mem/2/logs.csv,logs,14480339,selected
Zenodo record 14504481 (TraceRCA all dataset artifacts),TraceRCA all dataset recursive service-fault CSV windows,RE2-OB/productcatalogservice_mem/2/logts.csv,logs,10239,selected
Zenodo record 14504481 (TraceRCA all dataset artifacts),TraceRCA all dataset recursive service-fault CSV windows,RE2-OB/productcatalogservice_mem/2/metrics.csv,metrics,6822445,selected
Zenodo record 14504481 (TraceRCA all dataset artifacts),TraceRCA all dataset recursive service-fault CSV windows,RE2-OB/productcatalogservice_mem/2/simple_metrics.csv,metrics,1184578,selected
Zenodo record 14504481 (TraceRCA all dataset artifacts),TraceRCA all dataset recursive service-fault CSV windows,RE2-OB/productcatalogservice_mem/2/traces.csv,traces,58620448,selected
Zenodo record 14504481 (TraceRCA all dataset artifacts),TraceRCA all dataset recursive service-fault CSV windows,RE2-OB/productcatalogservice_mem/2/tracets_err.csv,traces,8119,selected
Zenodo record 14504481 (TraceRCA all dataset artifacts),TraceRCA all dataset recursive service-fault CSV windows,RE2-OB/productcatalogservice_mem/2/tracets_lat.csv,traces,5007,selected
Zenodo record 14504481 (TraceRCA all dataset artifacts),TraceRCA all dataset recursive service-fault CSV windows,RE2-OB/productcatalogservice_mem/3/logs.csv,logs,13957900,selected
Zenodo record 14504481 (TraceRCA all dataset artifacts),TraceRCA all dataset recursive service-fault CSV windows,RE2-OB/productcatalogservice_mem/3/logts.csv,logs,10171,selected
Zenodo record 14504481 (TraceRCA all dataset artifacts),TraceRCA all dataset recursive service-fault CSV windows,RE2-OB/productcatalogservice_mem/3/metrics.csv,metrics,6801981,selected
Zenodo record 14504481 (TraceRCA all dataset artifacts),TraceRCA all dataset recursive service-fault CSV windows,RE2-OB/productcatalogservice_mem/3/simple_metrics.csv,metrics,1181415,selected
Zenodo record 14504481 (TraceRCA all dataset artifacts),TraceRCA all dataset recursive service-fault CSV windows,RE2-OB/productcatalogservice_mem/3/traces.csv,traces,50473904,selected
Zenodo record 14504481 (TraceRCA all dataset artifacts),TraceRCA all dataset recursive service-fault CSV windows,RE2-OB/productcatalogservice_mem/3/tracets_err.csv,traces,8099,selected
Zenodo record 14504481 (TraceRCA all dataset artifacts),TraceRCA all dataset recursive service-fault CSV windows,RE2-OB/productcatalogservice_mem/3/tracets_lat.csv,traces,5951,selected
Zenodo record 14504481 (TraceRCA all dataset artifacts),TraceRCA all dataset recursive service-fault CSV windows,RE2-OB/productcatalogservice_socket/1/logs.csv,logs,23088553,selected
Zenodo record 14504481 (TraceRCA all dataset artifacts),TraceRCA all dataset recursive service-fault CSV windows,RE2-OB/productcatalogservice_socket/1/logts.csv,logs,9883,selected
Zenodo record 14504481 (TraceRCA all dataset artifacts),TraceRCA all dataset recursive service-fault CSV windows,RE2-OB/productcatalogservice_socket/1/metrics.csv,metrics,6805768,selected
Zenodo record 14504481 (TraceRCA all dataset artifacts),TraceRCA all dataset recursive service-fault CSV windows,RE2-OB/productcatalogservice_socket/1/simple_metrics.csv,metrics,1177863,selected
Zenodo record 14504481 (TraceRCA all dataset artifacts),TraceRCA all dataset recursive service-fault CSV windows,RE2-OB/productcatalogservice_socket/1/traces.csv,traces,70139371,selected
Zenodo record 14504481 (TraceRCA all dataset artifacts),TraceRCA all dataset recursive service-fault CSV windows,RE2-OB/productcatalogservice_socket/1/tracets_err.csv,traces,8113,selected
Zenodo record 14504481 (TraceRCA all dataset artifacts),TraceRCA all dataset recursive service-fault CSV windows,RE2-OB/productcatalogservice_socket/1/tracets_lat.csv,traces,5017,selected
Zenodo record 14504481 (TraceRCA all dataset artifacts),TraceRCA all dataset recursive service-fault CSV windows,RE2-OB/productcatalogservice_socket/2/logs.csv,logs,15858798,selected
Zenodo record 14504481 (TraceRCA all dataset artifacts),TraceRCA all dataset recursive service-fault CSV windows,RE2-OB/productcatalogservice_socket/2/logts.csv,logs,9904,selected
Zenodo record 14504481 (TraceRCA all dataset artifacts),TraceRCA all dataset recursive service-fault CSV windows,RE2-OB/productcatalogservice_socket/2/metrics.csv,metrics,6836337,selected
Zenodo record 14504481 (TraceRCA all dataset artifacts),TraceRCA all dataset recursive service-fault CSV windows,RE2-OB/productcatalogservice_socket/2/simple_metrics.csv,metrics,1178924,selected
Zenodo record 14504481 (TraceRCA all dataset artifacts),TraceRCA all dataset recursive service-fault CSV windows,RE2-OB/productcatalogservice_socket/2/traces.csv,traces,73531982,selected
Zenodo record 14504481 (TraceRCA all dataset artifacts),TraceRCA all dataset recursive service-fault CSV windows,RE2-OB/productcatalogservice_socket/2/tracets_err.csv,traces,8113,selected
Zenodo record 14504481 (TraceRCA all dataset artifacts),TraceRCA all dataset recursive service-fault CSV windows,RE2-OB/productcatalogservice_socket/2/tracets_lat.csv,traces,5057,selected
Zenodo record 14504481 (TraceRCA all dataset artifacts),TraceRCA all dataset recursive service-fault CSV windows,RE2-OB/productcatalogservice_socket/3/logs.csv,logs,16019527,selected
Zenodo record 14504481 (TraceRCA all dataset artifacts),TraceRCA all dataset recursive service-fault CSV windows,RE2-OB/productcatalogservice_socket/3/logts.csv,logs,9935,selected
Zenodo record 14504481 (TraceRCA all dataset artifacts),TraceRCA all dataset recursive service-fault CSV windows,RE2-OB/productcatalogservice_socket/3/metrics.csv,metrics,6847997,selected
Zenodo record 14504481 (TraceRCA all dataset artifacts),TraceRCA all dataset recursive service-fault CSV windows,RE2-OB/productcatalogservice_socket/3/simple_metrics.csv,metrics,1188682,selected
Zenodo record 14504481 (TraceRCA all dataset artifacts),TraceRCA all dataset recursive service-fault CSV windows,RE2-OB/productcatalogservice_socket/3/traces.csv,traces,74437777,selected
Zenodo record 14504481 (TraceRCA all dataset artifacts),TraceRCA all dataset recursive service-fault CSV windows,RE2-OB/productcatalogservice_socket/3/tracets_err.csv,traces,8113,selected
Zenodo record 14504481 (TraceRCA all dataset artifacts),TraceRCA all dataset recursive service-fault CSV windows,RE2-OB/productcatalogservice_socket/3/tracets_lat.csv,traces,5042,selected
Zenodo record 14504481 (TraceRCA all dataset artifacts),TraceRCA all dataset recursive service-fault CSV windows,RE2-OB/recommendationservice_cpu/1/logs.csv,logs,23494355,selected
Zenodo record 14504481 (TraceRCA all dataset artifacts),TraceRCA all dataset recursive service-fault CSV windows,RE2-OB/recommendationservice_cpu/1/logts.csv,logs,9930,selected
Zenodo record 14504481 (TraceRCA all dataset artifacts),TraceRCA all dataset recursive service-fault CSV windows,RE2-OB/recommendationservice_cpu/1/metrics.csv,metrics,6985441,selected
Zenodo record 14504481 (TraceRCA all dataset artifacts),TraceRCA all dataset recursive service-fault CSV windows,RE2-OB/recommendationservice_cpu/1/simple_metrics.csv,metrics,1175812,selected
Zenodo record 14504481 (TraceRCA all dataset artifacts),TraceRCA all dataset recursive service-fault CSV windows,RE2-OB/recommendationservice_cpu/1/traces.csv,traces,71444501,selected
Zenodo record 14504481 (TraceRCA all dataset artifacts),TraceRCA all dataset recursive service-fault CSV windows,RE2-OB/recommendationservice_cpu/1/tracets_err.csv,traces,8113,selected
Zenodo record 14504481 (TraceRCA all dataset artifacts),TraceRCA all dataset recursive service-fault CSV windows,RE2-OB/recommendationservice_cpu/1/tracets_lat.csv,traces,4945,selected
Zenodo record 14504481 (TraceRCA all dataset artifacts),TraceRCA all dataset recursive service-fault CSV windows,RE2-OB/recommendationservice_cpu/2/logs.csv,logs,15949246,selected
Zenodo record 14504481 (TraceRCA all dataset artifacts),TraceRCA all dataset recursive service-fault CSV windows,RE2-OB/recommendationservice_cpu/2/logts.csv,logs,9921,selected
Zenodo record 14504481 (TraceRCA all dataset artifacts),TraceRCA all dataset recursive service-fault CSV windows,RE2-OB/recommendationservice_cpu/2/metrics.csv,metrics,6832051,selected
Zenodo record 14504481 (TraceRCA all dataset artifacts),TraceRCA all dataset recursive service-fault CSV windows,RE2-OB/recommendationservice_cpu/2/simple_metrics.csv,metrics,1198204,selected
Zenodo record 14504481 (TraceRCA all dataset artifacts),TraceRCA all dataset recursive service-fault CSV windows,RE2-OB/recommendationservice_cpu/2/traces.csv,traces,74221872,selected
Zenodo record 14504481 (TraceRCA all dataset artifacts),TraceRCA all dataset recursive service-fault CSV windows,RE2-OB/recommendationservice_cpu/2/tracets_err.csv,traces,8113,selected
Zenodo record 14504481 (TraceRCA all dataset artifacts),TraceRCA all dataset recursive service-fault CSV windows,RE2-OB/recommendationservice_cpu/2/tracets_lat.csv,traces,5049,selected
Zenodo record 14504481 (TraceRCA all dataset artifacts),TraceRCA all dataset recursive service-fault CSV windows,RE2-OB/recommendationservice_cpu/3/logs.csv,logs,16094074,selected
Zenodo record 14504481 (TraceRCA all dataset artifacts),TraceRCA all dataset recursive service-fault CSV windows,RE2-OB/recommendationservice_cpu/3/logts.csv,logs,9977,selected
Zenodo record 14504481 (TraceRCA all dataset artifacts),TraceRCA all dataset recursive service-fault CSV windows,RE2-OB/recommendationservice_cpu/3/metrics.csv,metrics,6816400,selected
Zenodo record 14504481 (TraceRCA all dataset artifacts),TraceRCA all dataset recursive service-fault CSV windows,RE2-OB/recommendationservice_cpu/3/simple_metrics.csv,metrics,1192606,selected
Zenodo record 14504481 (TraceRCA all dataset artifacts),TraceRCA all dataset recursive service-fault CSV windows,RE2-OB/recommendationservice_cpu/3/traces.csv,traces,74958217,selected
Zenodo record 14504481 (TraceRCA all dataset artifacts),TraceRCA all dataset recursive service-fault CSV windows,RE2-OB/recommendationservice_cpu/3/tracets_err.csv,traces,8095,selected
Zenodo record 14504481 (TraceRCA all dataset artifacts),TraceRCA all dataset recursive service-fault CSV windows,RE2-OB/recommendationservice_cpu/3/tracets_lat.csv,traces,6206,selected
Zenodo record 14504481 (TraceRCA all dataset artifacts),TraceRCA all dataset recursive service-fault CSV windows,RE2-OB/recommendationservice_delay/1/logs.csv,logs,23622771,selected
Zenodo record 14504481 (TraceRCA all dataset artifacts),TraceRCA all dataset recursive service-fault CSV windows,RE2-OB/recommendationservice_delay/1/logts.csv,logs,9855,selected
Zenodo record 14504481 (TraceRCA all dataset artifacts),TraceRCA all dataset recursive service-fault CSV windows,RE2-OB/recommendationservice_delay/1/metrics.csv,metrics,6813652,selected
Zenodo record 14504481 (TraceRCA all dataset artifacts),TraceRCA all dataset recursive service-fault CSV windows,RE2-OB/recommendationservice_delay/1/simple_metrics.csv,metrics,1186109,selected
Zenodo record 14504481 (TraceRCA all dataset artifacts),TraceRCA all dataset recursive service-fault CSV windows,RE2-OB/recommendationservice_delay/1/traces.csv,traces,71971092,selected
Zenodo record 14504481 (TraceRCA all dataset artifacts),TraceRCA all dataset recursive service-fault CSV windows,RE2-OB/recommendationservice_delay/1/tracets_err.csv,traces,8113,selected
Zenodo record 14504481 (TraceRCA all dataset artifacts),TraceRCA all dataset recursive service-fault CSV windows,RE2-OB/recommendationservice_delay/1/tracets_lat.csv,traces,4996,selected
Zenodo record 14504481 (TraceRCA all dataset artifacts),TraceRCA all dataset recursive service-fault CSV windows,RE2-OB/recommendationservice_delay/2/logs.csv,logs,15578867,selected
Zenodo record 14504481 (TraceRCA all dataset artifacts),TraceRCA all dataset recursive service-fault CSV windows,RE2-OB/recommendationservice_delay/2/logts.csv,logs,9827,selected
Zenodo record 14504481 (TraceRCA all dataset artifacts),TraceRCA all dataset recursive service-fault CSV windows,RE2-OB/recommendationservice_delay/2/metrics.csv,metrics,6817771,selected
Zenodo record 14504481 (TraceRCA all dataset artifacts),TraceRCA all dataset recursive service-fault CSV windows,RE2-OB/recommendationservice_delay/2/simple_metrics.csv,metrics,1187345,selected
Zenodo record 14504481 (TraceRCA all dataset artifacts),TraceRCA all dataset recursive service-fault CSV windows,RE2-OB/recommendationservice_delay/2/traces.csv,traces,72418457,selected
Zenodo record 14504481 (TraceRCA all dataset artifacts),TraceRCA all dataset recursive service-fault CSV windows,RE2-OB/recommendationservice_delay/2/tracets_err.csv,traces,8034,selected
Zenodo record 14504481 (TraceRCA all dataset artifacts),TraceRCA all dataset recursive service-fault CSV windows,RE2-OB/recommendationservice_delay/2/tracets_lat.csv,traces,4946,selected
Zenodo record 14504481 (TraceRCA all dataset artifacts),TraceRCA all dataset recursive service-fault CSV windows,RE2-OB/recommendationservice_delay/3/logs.csv,logs,15628178,selected
Zenodo record 14504481 (TraceRCA all dataset artifacts),TraceRCA all dataset recursive service-fault CSV windows,RE2-OB/recommendationservice_delay/3/logts.csv,logs,9926,selected
Zenodo record 14504481 (TraceRCA all dataset artifacts),TraceRCA all dataset recursive service-fault CSV windows,RE2-OB/recommendationservice_delay/3/metrics.csv,metrics,6814027,selected
Zenodo record 14504481 (TraceRCA all dataset artifacts),TraceRCA all dataset recursive service-fault CSV windows,RE2-OB/recommendationservice_delay/3/simple_metrics.csv,metrics,1187182,selected
Zenodo record 14504481 (TraceRCA all dataset artifacts),TraceRCA all dataset recursive service-fault CSV windows,RE2-OB/recommendationservice_delay/3/traces.csv,traces,72528746,selected
Zenodo record 14504481 (TraceRCA all dataset artifacts),TraceRCA all dataset recursive service-fault CSV windows,RE2-OB/recommendationservice_delay/3/tracets_err.csv,traces,8098,selected
Zenodo record 14504481 (TraceRCA all dataset artifacts),TraceRCA all dataset recursive service-fault CSV windows,RE2-OB/recommendationservice_delay/3/tracets_lat.csv,traces,5950,selected
Zenodo record 14504481 (TraceRCA all dataset artifacts),TraceRCA all dataset recursive service-fault CSV windows,RE2-OB/recommendationservice_disk/1/logs.csv,logs,23333765,selected
Zenodo record 14504481 (TraceRCA all dataset artifacts),TraceRCA all dataset recursive service-fault CSV windows,RE2-OB/recommendationservice_disk/1/logts.csv,logs,9911,selected
Zenodo record 14504481 (TraceRCA all dataset artifacts),TraceRCA all dataset recursive service-fault CSV windows,RE2-OB/recommendationservice_disk/1/metrics.csv,metrics,6875577,selected
Zenodo record 14504481 (TraceRCA all dataset artifacts),TraceRCA all dataset recursive service-fault CSV windows,RE2-OB/recommendationservice_disk/1/simple_metrics.csv,metrics,1192608,selected
Zenodo record 14504481 (TraceRCA all dataset artifacts),TraceRCA all dataset recursive service-fault CSV windows,RE2-OB/recommendationservice_disk/1/traces.csv,traces,71519359,selected
Zenodo record 14504481 (TraceRCA all dataset artifacts),TraceRCA all dataset recursive service-fault CSV windows,RE2-OB/recommendationservice_disk/1/tracets_err.csv,traces,8113,selected
Zenodo record 14504481 (TraceRCA all dataset artifacts),TraceRCA all dataset recursive service-fault CSV windows,RE2-OB/recommendationservice_disk/1/tracets_lat.csv,traces,4939,selected
Zenodo record 14504481 (TraceRCA all dataset artifacts),TraceRCA all dataset recursive service-fault CSV windows,RE2-OB/recommendationservice_disk/2/logs.csv,logs,15907595,selected
Zenodo record 14504481 (TraceRCA all dataset artifacts),TraceRCA all dataset recursive service-fault CSV windows,RE2-OB/recommendationservice_disk/2/logts.csv,logs,9931,selected
Zenodo record 14504481 (TraceRCA all dataset artifacts),TraceRCA all dataset recursive service-fault CSV windows,RE2-OB/recommendationservice_disk/2/metrics.csv,metrics,6923218,selected
Zenodo record 14504481 (TraceRCA all dataset artifacts),TraceRCA all dataset recursive service-fault CSV windows,RE2-OB/recommendationservice_disk/2/simple_metrics.csv,metrics,1205678,selected
Zenodo record 14504481 (TraceRCA all dataset artifacts),TraceRCA all dataset recursive service-fault CSV windows,RE2-OB/recommendationservice_disk/2/traces.csv,traces,73835072,selected
Zenodo record 14504481 (TraceRCA all dataset artifacts),TraceRCA all dataset recursive service-fault CSV windows,RE2-OB/recommendationservice_disk/2/tracets_err.csv,traces,8098,selected
Zenodo record 14504481 (TraceRCA all dataset artifacts),TraceRCA all dataset recursive service-fault CSV windows,RE2-OB/recommendationservice_disk/2/tracets_lat.csv,traces,6015,selected
Zenodo record 14504481 (TraceRCA all dataset artifacts),TraceRCA all dataset recursive service-fault CSV windows,RE2-OB/recommendationservice_disk/3/logs.csv,logs,16062773,selected
Zenodo record 14504481 (TraceRCA all dataset artifacts),TraceRCA all dataset recursive service-fault CSV windows,RE2-OB/recommendationservice_disk/3/logts.csv,logs,9961,selected
Zenodo record 14504481 (TraceRCA all dataset artifacts),TraceRCA all dataset recursive service-fault CSV windows,RE2-OB/recommendationservice_disk/3/metrics.csv,metrics,6924767,selected
Zenodo record 14504481 (TraceRCA all dataset artifacts),TraceRCA all dataset recursive service-fault CSV windows,RE2-OB/recommendationservice_disk/3/simple_metrics.csv,metrics,1213594,selected
Zenodo record 14504481 (TraceRCA all dataset artifacts),TraceRCA all dataset recursive service-fault CSV windows,RE2-OB/recommendationservice_disk/3/traces.csv,traces,74858815,selected
Zenodo record 14504481 (TraceRCA all dataset artifacts),TraceRCA all dataset recursive service-fault CSV windows,RE2-OB/recommendationservice_disk/3/tracets_err.csv,traces,8107,selected
Zenodo record 14504481 (TraceRCA all dataset artifacts),TraceRCA all dataset recursive service-fault CSV windows,RE2-OB/recommendationservice_disk/3/tracets_lat.csv,traces,5454,selected
Zenodo record 14504481 (TraceRCA all dataset artifacts),TraceRCA all dataset recursive service-fault CSV windows,RE2-OB/recommendationservice_loss/1/logs.csv,logs,20211054,selected
Zenodo record 14504481 (TraceRCA all dataset artifacts),TraceRCA all dataset recursive service-fault CSV windows,RE2-OB/recommendationservice_loss/1/logts.csv,logs,17031,selected
Zenodo record 14504481 (TraceRCA all dataset artifacts),TraceRCA all dataset recursive service-fault CSV windows,RE2-OB/recommendationservice_loss/1/metrics.csv,metrics,6428511,selected
Zenodo record 14504481 (TraceRCA all dataset artifacts),TraceRCA all dataset recursive service-fault CSV windows,RE2-OB/recommendationservice_loss/1/simple_metrics.csv,metrics,1129561,selected
Zenodo record 14504481 (TraceRCA all dataset artifacts),TraceRCA all dataset recursive service-fault CSV windows,RE2-OB/recommendationservice_loss/1/traces.csv,traces,54439755,selected
Zenodo record 14504481 (TraceRCA all dataset artifacts),TraceRCA all dataset recursive service-fault CSV windows,RE2-OB/recommendationservice_loss/1/tracets_err.csv,traces,8244,selected
Zenodo record 14504481 (TraceRCA all dataset artifacts),TraceRCA all dataset recursive service-fault CSV windows,RE2-OB/recommendationservice_loss/1/tracets_lat.csv,traces,4927,selected
Zenodo record 14504481 (TraceRCA all dataset artifacts),TraceRCA all dataset recursive service-fault CSV windows,RE2-OB/recommendationservice_loss/2/logs.csv,logs,15061491,selected
Zenodo record 14504481 (TraceRCA all dataset artifacts),TraceRCA all dataset recursive service-fault CSV windows,RE2-OB/recommendationservice_loss/2/logts.csv,logs,11310,selected
Zenodo record 14504481 (TraceRCA all dataset artifacts),TraceRCA all dataset recursive service-fault CSV windows,RE2-OB/recommendationservice_loss/2/metrics.csv,metrics,6842240,selected
Zenodo record 14504481 (TraceRCA all dataset artifacts),TraceRCA all dataset recursive service-fault CSV windows,RE2-OB/recommendationservice_loss/2/simple_metrics.csv,metrics,1193652,selected
Zenodo record 14504481 (TraceRCA all dataset artifacts),TraceRCA all dataset recursive service-fault CSV windows,RE2-OB/recommendationservice_loss/2/traces.csv,traces,67681893,selected
Zenodo record 14504481 (TraceRCA all dataset artifacts),TraceRCA all dataset recursive service-fault CSV windows,RE2-OB/recommendationservice_loss/2/tracets_err.csv,traces,8132,selected
Zenodo record 14504481 (TraceRCA all dataset artifacts),TraceRCA all dataset recursive service-fault CSV windows,RE2-OB/recommendationservice_loss/2/tracets_lat.csv,traces,5998,selected
Zenodo record 14504481 (TraceRCA all dataset artifacts),TraceRCA all dataset recursive service-fault CSV windows,RE2-OB/recommendationservice_loss/3/logs.csv,logs,14796177,selected
Zenodo record 14504481 (TraceRCA all dataset artifacts),TraceRCA all dataset recursive service-fault CSV windows,RE2-OB/recommendationservice_loss/3/logts.csv,logs,11357,selected
Zenodo record 14504481 (TraceRCA all dataset artifacts),TraceRCA all dataset recursive service-fault CSV windows,RE2-OB/recommendationservice_loss/3/metrics.csv,metrics,6576062,selected
Zenodo record 14504481 (TraceRCA all dataset artifacts),TraceRCA all dataset recursive service-fault CSV windows,RE2-OB/recommendationservice_loss/3/simple_metrics.csv,metrics,1164717,selected
Zenodo record 14504481 (TraceRCA all dataset artifacts),TraceRCA all dataset recursive service-fault CSV windows,RE2-OB/recommendationservice_loss/3/traces.csv,traces,66376410,selected
Zenodo record 14504481 (TraceRCA all dataset artifacts),TraceRCA all dataset recursive service-fault CSV windows,RE2-OB/recommendationservice_loss/3/tracets_err.csv,traces,8147,selected
Zenodo record 14504481 (TraceRCA all dataset artifacts),TraceRCA all dataset recursive service-fault CSV windows,RE2-OB/recommendationservice_loss/3/tracets_lat.csv,traces,5001,selected
Zenodo record 14504481 (TraceRCA all dataset artifacts),TraceRCA all dataset recursive service-fault CSV windows,RE2-OB/recommendationservice_mem/1/logs.csv,logs,23954642,selected
Zenodo record 14504481 (TraceRCA all dataset artifacts),TraceRCA all dataset recursive service-fault CSV windows,RE2-OB/recommendationservice_mem/1/logts.csv,logs,9920,selected
Zenodo record 14504481 (TraceRCA all dataset artifacts),TraceRCA all dataset recursive service-fault CSV windows,RE2-OB/recommendationservice_mem/1/metrics.csv,metrics,6775625,selected
Zenodo record 14504481 (TraceRCA all dataset artifacts),TraceRCA all dataset recursive service-fault CSV windows,RE2-OB/recommendationservice_mem/1/simple_metrics.csv,metrics,1167934,selected
Zenodo record 14504481 (TraceRCA all dataset artifacts),TraceRCA all dataset recursive service-fault CSV windows,RE2-OB/recommendationservice_mem/1/traces.csv,traces,72903752,selected
Zenodo record 14504481 (TraceRCA all dataset artifacts),TraceRCA all dataset recursive service-fault CSV windows,RE2-OB/recommendationservice_mem/1/tracets_err.csv,traces,8113,selected
Zenodo record 14504481 (TraceRCA all dataset artifacts),TraceRCA all dataset recursive service-fault CSV windows,RE2-OB/recommendationservice_mem/1/tracets_lat.csv,traces,5058,selected
Zenodo record 14504481 (TraceRCA all dataset artifacts),TraceRCA all dataset recursive service-fault CSV windows,RE2-OB/recommendationservice_mem/2/logs.csv,logs,15499641,selected
Zenodo record 14504481 (TraceRCA all dataset artifacts),TraceRCA all dataset recursive service-fault CSV windows,RE2-OB/recommendationservice_mem/2/logts.csv,logs,9857,selected
Zenodo record 14504481 (TraceRCA all dataset artifacts),TraceRCA all dataset recursive service-fault CSV windows,RE2-OB/recommendationservice_mem/2/metrics.csv,metrics,6840261,selected
Zenodo record 14504481 (TraceRCA all dataset artifacts),TraceRCA all dataset recursive service-fault CSV windows,RE2-OB/recommendationservice_mem/2/simple_metrics.csv,metrics,1202326,selected
Zenodo record 14504481 (TraceRCA all dataset artifacts),TraceRCA all dataset recursive service-fault CSV windows,RE2-OB/recommendationservice_mem/2/traces.csv,traces,72162308,selected
Zenodo record 14504481 (TraceRCA all dataset artifacts),TraceRCA all dataset recursive service-fault CSV windows,RE2-OB/recommendationservice_mem/2/tracets_err.csv,traces,8113,selected
Zenodo record 14504481 (TraceRCA all dataset artifacts),TraceRCA all dataset recursive service-fault CSV windows,RE2-OB/recommendationservice_mem/2/tracets_lat.csv,traces,5080,selected
Zenodo record 14504481 (TraceRCA all dataset artifacts),TraceRCA all dataset recursive service-fault CSV windows,RE2-OB/recommendationservice_mem/3/logs.csv,logs,15441588,selected
Zenodo record 14504481 (TraceRCA all dataset artifacts),TraceRCA all dataset recursive service-fault CSV windows,RE2-OB/recommendationservice_mem/3/logts.csv,logs,9870,selected
Zenodo record 14504481 (TraceRCA all dataset artifacts),TraceRCA all dataset recursive service-fault CSV windows,RE2-OB/recommendationservice_mem/3/metrics.csv,metrics,6821194,selected
Zenodo record 14504481 (TraceRCA all dataset artifacts),TraceRCA all dataset recursive service-fault CSV windows,RE2-OB/recommendationservice_mem/3/simple_metrics.csv,metrics,1196919,selected
Zenodo record 14504481 (TraceRCA all dataset artifacts),TraceRCA all dataset recursive service-fault CSV windows,RE2-OB/recommendationservice_mem/3/traces.csv,traces,72099195,selected
Zenodo record 14504481 (TraceRCA all dataset artifacts),TraceRCA all dataset recursive service-fault CSV windows,RE2-OB/recommendationservice_mem/3/tracets_err.csv,traces,8110,selected
Zenodo record 14504481 (TraceRCA all dataset artifacts),TraceRCA all dataset recursive service-fault CSV windows,RE2-OB/recommendationservice_mem/3/tracets_lat.csv,traces,5272,selected
Zenodo record 14504481 (TraceRCA all dataset artifacts),TraceRCA all dataset recursive service-fault CSV windows,RE2-OB/recommendationservice_socket/1/logs.csv,logs,18067514,selected
Zenodo record 14504481 (TraceRCA all dataset artifacts),TraceRCA all dataset recursive service-fault CSV windows,RE2-OB/recommendationservice_socket/1/logts.csv,logs,9314,selected
Zenodo record 14504481 (TraceRCA all dataset artifacts),TraceRCA all dataset recursive service-fault CSV windows,RE2-OB/recommendationservice_socket/1/metrics.csv,metrics,6846588,selected
Zenodo record 14504481 (TraceRCA all dataset artifacts),TraceRCA all dataset recursive service-fault CSV windows,RE2-OB/recommendationservice_socket/1/simple_metrics.csv,metrics,1183565,selected
Zenodo record 14504481 (TraceRCA all dataset artifacts),TraceRCA all dataset recursive service-fault CSV windows,RE2-OB/recommendationservice_socket/1/traces.csv,traces,55518033,selected
Zenodo record 14504481 (TraceRCA all dataset artifacts),TraceRCA all dataset recursive service-fault CSV windows,RE2-OB/recommendationservice_socket/1/tracets_err.csv,traces,8107,selected
Zenodo record 14504481 (TraceRCA all dataset artifacts),TraceRCA all dataset recursive service-fault CSV windows,RE2-OB/recommendationservice_socket/1/tracets_lat.csv,traces,5358,selected
Zenodo record 14504481 (TraceRCA all dataset artifacts),TraceRCA all dataset recursive service-fault CSV windows,RE2-OB/recommendationservice_socket/2/logs.csv,logs,16003048,selected
Zenodo record 14504481 (TraceRCA all dataset artifacts),TraceRCA all dataset recursive service-fault CSV windows,RE2-OB/recommendationservice_socket/2/logts.csv,logs,9891,selected
Zenodo record 14504481 (TraceRCA all dataset artifacts),TraceRCA all dataset recursive service-fault CSV windows,RE2-OB/recommendationservice_socket/2/metrics.csv,metrics,6826576,selected
Zenodo record 14504481 (TraceRCA all dataset artifacts),TraceRCA all dataset recursive service-fault CSV windows,RE2-OB/recommendationservice_socket/2/simple_metrics.csv,metrics,1192337,selected
Zenodo record 14504481 (TraceRCA all dataset artifacts),TraceRCA all dataset recursive service-fault CSV windows,RE2-OB/recommendationservice_socket/2/traces.csv,traces,74474848,selected
Zenodo record 14504481 (TraceRCA all dataset artifacts),TraceRCA all dataset recursive service-fault CSV windows,RE2-OB/recommendationservice_socket/2/tracets_err.csv,traces,8113,selected
Zenodo record 14504481 (TraceRCA all dataset artifacts),TraceRCA all dataset recursive service-fault CSV windows,RE2-OB/recommendationservice_socket/2/tracets_lat.csv,traces,5033,selected
Zenodo record 14504481 (TraceRCA all dataset artifacts),TraceRCA all dataset recursive service-fault CSV windows,RE2-OB/recommendationservice_socket/3/logs.csv,logs,15910965,selected
Zenodo record 14504481 (TraceRCA all dataset artifacts),TraceRCA all dataset recursive service-fault CSV windows,RE2-OB/recommendationservice_socket/3/logts.csv,logs,9895,selected
Zenodo record 14504481 (TraceRCA all dataset artifacts),TraceRCA all dataset recursive service-fault CSV windows,RE2-OB/recommendationservice_socket/3/metrics.csv,metrics,6828865,selected
Zenodo record 14504481 (TraceRCA all dataset artifacts),TraceRCA all dataset recursive service-fault CSV windows,RE2-OB/recommendationservice_socket/3/simple_metrics.csv,metrics,1193585,selected
Zenodo record 14504481 (TraceRCA all dataset artifacts),TraceRCA all dataset recursive service-fault CSV windows,RE2-OB/recommendationservice_socket/3/traces.csv,traces,74363912,selected
Zenodo record 14504481 (TraceRCA all dataset artifacts),TraceRCA all dataset recursive service-fault CSV windows,RE2-OB/recommendationservice_socket/3/tracets_err.csv,traces,8113,selected
Zenodo record 14504481 (TraceRCA all dataset artifacts),TraceRCA all dataset recursive service-fault CSV windows,RE2-OB/recommendationservice_socket/3/tracets_lat.csv,traces,5021,selected
Zenodo record 14504481 (TraceRCA all dataset artifacts),TraceRCA all dataset recursive service-fault CSV windows,RE2-SS/carts_cpu/1/logs.csv,logs,17534710,selected
Zenodo record 14504481 (TraceRCA all dataset artifacts),TraceRCA all dataset recursive service-fault CSV windows,RE2-SS/carts_cpu/1/logts.csv,logs,16093,selected
Zenodo record 14504481 (TraceRCA all dataset artifacts),TraceRCA all dataset recursive service-fault CSV windows,RE2-SS/carts_cpu/1/metrics.csv,metrics,6792025,selected
Zenodo record 14504481 (TraceRCA all dataset artifacts),TraceRCA all dataset recursive service-fault CSV windows,RE2-SS/carts_cpu/1/simple_metrics.csv,metrics,1235477,selected
Zenodo record 14504481 (TraceRCA all dataset artifacts),TraceRCA all dataset recursive service-fault CSV windows,RE2-SS/carts_cpu/2/logs.csv,logs,17494082,selected
Zenodo record 14504481 (TraceRCA all dataset artifacts),TraceRCA all dataset recursive service-fault CSV windows,RE2-SS/carts_cpu/2/logts.csv,logs,18169,selected
Zenodo record 14504481 (TraceRCA all dataset artifacts),TraceRCA all dataset recursive service-fault CSV windows,RE2-SS/carts_cpu/2/metrics.csv,metrics,6766225,selected
Zenodo record 14504481 (TraceRCA all dataset artifacts),TraceRCA all dataset recursive service-fault CSV windows,RE2-SS/carts_cpu/2/simple_metrics.csv,metrics,1250223,selected
Zenodo record 14504481 (TraceRCA all dataset artifacts),TraceRCA all dataset recursive service-fault CSV windows,RE2-SS/carts_cpu/3/logs.csv,logs,17625434,selected
Zenodo record 14504481 (TraceRCA all dataset artifacts),TraceRCA all dataset recursive service-fault CSV windows,RE2-SS/carts_cpu/3/logts.csv,logs,16141,selected
Zenodo record 14504481 (TraceRCA all dataset artifacts),TraceRCA all dataset recursive service-fault CSV windows,RE2-SS/carts_cpu/3/metrics.csv,metrics,6729269,selected
Zenodo record 14504481 (TraceRCA all dataset artifacts),TraceRCA all dataset recursive service-fault CSV windows,RE2-SS/carts_cpu/3/simple_metrics.csv,metrics,1248438,selected
Zenodo record 14504481 (TraceRCA all dataset artifacts),TraceRCA all dataset recursive service-fault CSV windows,RE2-SS/carts_delay/1/logs.csv,logs,16805214,selected
Zenodo record 14504481 (TraceRCA all dataset artifacts),TraceRCA all dataset recursive service-fault CSV windows,RE2-SS/carts_delay/1/logts.csv,logs,16270,selected
Zenodo record 14504481 (TraceRCA all dataset artifacts),TraceRCA all dataset recursive service-fault CSV windows,RE2-SS/carts_delay/1/metrics.csv,metrics,6795920,selected
Zenodo record 14504481 (TraceRCA all dataset artifacts),TraceRCA all dataset recursive service-fault CSV windows,RE2-SS/carts_delay/1/simple_metrics.csv,metrics,1241516,selected
Zenodo record 14504481 (TraceRCA all dataset artifacts),TraceRCA all dataset recursive service-fault CSV windows,RE2-SS/carts_delay/2/logs.csv,logs,16845142,selected
Zenodo record 14504481 (TraceRCA all dataset artifacts),TraceRCA all dataset recursive service-fault CSV windows,RE2-SS/carts_delay/2/logts.csv,logs,16001,selected
Zenodo record 14504481 (TraceRCA all dataset artifacts),TraceRCA all dataset recursive service-fault CSV windows,RE2-SS/carts_delay/2/metrics.csv,metrics,6697233,selected
Zenodo record 14504481 (TraceRCA all dataset artifacts),TraceRCA all dataset recursive service-fault CSV windows,RE2-SS/carts_delay/2/simple_metrics.csv,metrics,1202708,selected
Zenodo record 14504481 (TraceRCA all dataset artifacts),TraceRCA all dataset recursive service-fault CSV windows,RE2-SS/carts_delay/3/logs.csv,logs,16687902,selected
Zenodo record 14504481 (TraceRCA all dataset artifacts),TraceRCA all dataset recursive service-fault CSV windows,RE2-SS/carts_delay/3/logts.csv,logs,15957,selected
Zenodo record 14504481 (TraceRCA all dataset artifacts),TraceRCA all dataset recursive service-fault CSV windows,RE2-SS/carts_delay/3/metrics.csv,metrics,6713407,selected
Zenodo record 14504481 (TraceRCA all dataset artifacts),TraceRCA all dataset recursive service-fault CSV windows,RE2-SS/carts_delay/3/simple_metrics.csv,metrics,1203280,selected
Zenodo record 14504481 (TraceRCA all dataset artifacts),TraceRCA all dataset recursive service-fault CSV windows,RE2-SS/carts_disk/1/logs.csv,logs,17790632,selected
Zenodo record 14504481 (TraceRCA all dataset artifacts),TraceRCA all dataset recursive service-fault CSV windows,RE2-SS/carts_disk/1/logts.csv,logs,15701,selected
Zenodo record 14504481 (TraceRCA all dataset artifacts),TraceRCA all dataset recursive service-fault CSV windows,RE2-SS/carts_disk/1/metrics.csv,metrics,6895114,selected
Zenodo record 14504481 (TraceRCA all dataset artifacts),TraceRCA all dataset recursive service-fault CSV windows,RE2-SS/carts_disk/1/simple_metrics.csv,metrics,1262935,selected
Zenodo record 14504481 (TraceRCA all dataset artifacts),TraceRCA all dataset recursive service-fault CSV windows,RE2-SS/carts_disk/2/logs.csv,logs,17703383,selected
Zenodo record 14504481 (TraceRCA all dataset artifacts),TraceRCA all dataset recursive service-fault CSV windows,RE2-SS/carts_disk/2/logts.csv,logs,16063,selected
Zenodo record 14504481 (TraceRCA all dataset artifacts),TraceRCA all dataset recursive service-fault CSV windows,RE2-SS/carts_disk/2/metrics.csv,metrics,6806184,selected
Zenodo record 14504481 (TraceRCA all dataset artifacts),TraceRCA all dataset recursive service-fault CSV windows,RE2-SS/carts_disk/2/simple_metrics.csv,metrics,1251623,selected
Zenodo record 14504481 (TraceRCA all dataset artifacts),TraceRCA all dataset recursive service-fault CSV windows,RE2-SS/carts_disk/3/logs.csv,logs,17664723,selected
Zenodo record 14504481 (TraceRCA all dataset artifacts),TraceRCA all dataset recursive service-fault CSV windows,RE2-SS/carts_disk/3/logts.csv,logs,16330,selected
Zenodo record 14504481 (TraceRCA all dataset artifacts),TraceRCA all dataset recursive service-fault CSV windows,RE2-SS/carts_disk/3/metrics.csv,metrics,6816322,selected
Zenodo record 14504481 (TraceRCA all dataset artifacts),TraceRCA all dataset recursive service-fault CSV windows,RE2-SS/carts_disk/3/simple_metrics.csv,metrics,1253107,selected
Zenodo record 14504481 (TraceRCA all dataset artifacts),TraceRCA all dataset recursive service-fault CSV windows,RE2-SS/carts_loss/1/logs.csv,logs,17094255,selected
Zenodo record 14504481 (TraceRCA all dataset artifacts),TraceRCA all dataset recursive service-fault CSV windows,RE2-SS/carts_loss/1/logts.csv,logs,17677,selected
Zenodo record 14504481 (TraceRCA all dataset artifacts),TraceRCA all dataset recursive service-fault CSV windows,RE2-SS/carts_loss/1/metrics.csv,metrics,6795313,selected
Zenodo record 14504481 (TraceRCA all dataset artifacts),TraceRCA all dataset recursive service-fault CSV windows,RE2-SS/carts_loss/1/simple_metrics.csv,metrics,1246264,selected
Zenodo record 14504481 (TraceRCA all dataset artifacts),TraceRCA all dataset recursive service-fault CSV windows,RE2-SS/carts_loss/2/logs.csv,logs,17177589,selected
Zenodo record 14504481 (TraceRCA all dataset artifacts),TraceRCA all dataset recursive service-fault CSV windows,RE2-SS/carts_loss/2/logts.csv,logs,16456,selected
Zenodo record 14504481 (TraceRCA all dataset artifacts),TraceRCA all dataset recursive service-fault CSV windows,RE2-SS/carts_loss/2/metrics.csv,metrics,6776684,selected
Zenodo record 14504481 (TraceRCA all dataset artifacts),TraceRCA all dataset recursive service-fault CSV windows,RE2-SS/carts_loss/2/simple_metrics.csv,metrics,1245483,selected
Zenodo record 14504481 (TraceRCA all dataset artifacts),TraceRCA all dataset recursive service-fault CSV windows,RE2-SS/carts_loss/3/logs.csv,logs,17032905,selected
Zenodo record 14504481 (TraceRCA all dataset artifacts),TraceRCA all dataset recursive service-fault CSV windows,RE2-SS/carts_loss/3/logts.csv,logs,16647,selected
Zenodo record 14504481 (TraceRCA all dataset artifacts),TraceRCA all dataset recursive service-fault CSV windows,RE2-SS/carts_loss/3/metrics.csv,metrics,6739697,selected
Zenodo record 14504481 (TraceRCA all dataset artifacts),TraceRCA all dataset recursive service-fault CSV windows,RE2-SS/carts_loss/3/simple_metrics.csv,metrics,1252257,selected
Zenodo record 14504481 (TraceRCA all dataset artifacts),TraceRCA all dataset recursive service-fault CSV windows,RE2-SS/carts_mem/1/logs.csv,logs,17758185,selected
Zenodo record 14504481 (TraceRCA all dataset artifacts),TraceRCA all dataset recursive service-fault CSV windows,RE2-SS/carts_mem/1/logts.csv,logs,16409,selected
Zenodo record 14504481 (TraceRCA all dataset artifacts),TraceRCA all dataset recursive service-fault CSV windows,RE2-SS/carts_mem/1/metrics.csv,metrics,6884369,selected
Zenodo record 14504481 (TraceRCA all dataset artifacts),TraceRCA all dataset recursive service-fault CSV windows,RE2-SS/carts_mem/1/simple_metrics.csv,metrics,1255380,selected
Zenodo record 14504481 (TraceRCA all dataset artifacts),TraceRCA all dataset recursive service-fault CSV windows,RE2-SS/carts_mem/2/logs.csv,logs,17430320,selected
Zenodo record 14504481 (TraceRCA all dataset artifacts),TraceRCA all dataset recursive service-fault CSV windows,RE2-SS/carts_mem/2/logts.csv,logs,15658,selected
Zenodo record 14504481 (TraceRCA all dataset artifacts),TraceRCA all dataset recursive service-fault CSV windows,RE2-SS/carts_mem/2/metrics.csv,metrics,6717447,selected
Zenodo record 14504481 (TraceRCA all dataset artifacts),TraceRCA all dataset recursive service-fault CSV windows,RE2-SS/carts_mem/2/simple_metrics.csv,metrics,1232059,selected
Zenodo record 14504481 (TraceRCA all dataset artifacts),TraceRCA all dataset recursive service-fault CSV windows,RE2-SS/carts_mem/3/logs.csv,logs,17507063,selected
Zenodo record 14504481 (TraceRCA all dataset artifacts),TraceRCA all dataset recursive service-fault CSV windows,RE2-SS/carts_mem/3/logts.csv,logs,16125,selected
Zenodo record 14504481 (TraceRCA all dataset artifacts),TraceRCA all dataset recursive service-fault CSV windows,RE2-SS/carts_mem/3/metrics.csv,metrics,6831163,selected
Zenodo record 14504481 (TraceRCA all dataset artifacts),TraceRCA all dataset recursive service-fault CSV windows,RE2-SS/carts_mem/3/simple_metrics.csv,metrics,1249197,selected
Zenodo record 14504481 (TraceRCA all dataset artifacts),TraceRCA all dataset recursive service-fault CSV windows,RE2-SS/carts_socket/1/logs.csv,logs,20972758,selected
Zenodo record 14504481 (TraceRCA all dataset artifacts),TraceRCA all dataset recursive service-fault CSV windows,RE2-SS/carts_socket/1/logts.csv,logs,16056,selected
Zenodo record 14504481 (TraceRCA all dataset artifacts),TraceRCA all dataset recursive service-fault CSV windows,RE2-SS/carts_socket/1/metrics.csv,metrics,6722661,selected
Zenodo record 14504481 (TraceRCA all dataset artifacts),TraceRCA all dataset recursive service-fault CSV windows,RE2-SS/carts_socket/1/simple_metrics.csv,metrics,1246660,selected
Zenodo record 14504481 (TraceRCA all dataset artifacts),TraceRCA all dataset recursive service-fault CSV windows,RE2-SS/carts_socket/2/logs.csv,logs,17507366,selected
Zenodo record 14504481 (TraceRCA all dataset artifacts),TraceRCA all dataset recursive service-fault CSV windows,RE2-SS/carts_socket/2/logts.csv,logs,16146,selected
Zenodo record 14504481 (TraceRCA all dataset artifacts),TraceRCA all dataset recursive service-fault CSV windows,RE2-SS/carts_socket/2/metrics.csv,metrics,6796321,selected
Zenodo record 14504481 (TraceRCA all dataset artifacts),TraceRCA all dataset recursive service-fault CSV windows,RE2-SS/carts_socket/2/simple_metrics.csv,metrics,1247390,selected
Zenodo record 14504481 (TraceRCA all dataset artifacts),TraceRCA all dataset recursive service-fault CSV windows,RE2-SS/carts_socket/3/logs.csv,logs,17426300,selected
Zenodo record 14504481 (TraceRCA all dataset artifacts),TraceRCA all dataset recursive service-fault CSV windows,RE2-SS/carts_socket/3/logts.csv,logs,16075,selected
Zenodo record 14504481 (TraceRCA all dataset artifacts),TraceRCA all dataset recursive service-fault CSV windows,RE2-SS/carts_socket/3/metrics.csv,metrics,6769738,selected
Zenodo record 14504481 (TraceRCA all dataset artifacts),TraceRCA all dataset recursive service-fault CSV windows,RE2-SS/carts_socket/3/simple_metrics.csv,metrics,1235837,selected
Zenodo record 14504481 (TraceRCA all dataset artifacts),TraceRCA all dataset recursive service-fault CSV windows,RE2-SS/catalogue_cpu/1/logs.csv,logs,15721599,selected
Zenodo record 14504481 (TraceRCA all dataset artifacts),TraceRCA all dataset recursive service-fault CSV windows,RE2-SS/catalogue_cpu/1/logts.csv,logs,17684,selected
Zenodo record 14504481 (TraceRCA all dataset artifacts),TraceRCA all dataset recursive service-fault CSV windows,RE2-SS/catalogue_cpu/1/metrics.csv,metrics,6603783,selected
Zenodo record 14504481 (TraceRCA all dataset artifacts),TraceRCA all dataset recursive service-fault CSV windows,RE2-SS/catalogue_cpu/1/simple_metrics.csv,metrics,1190518,selected
Zenodo record 14504481 (TraceRCA all dataset artifacts),TraceRCA all dataset recursive service-fault CSV windows,RE2-SS/catalogue_cpu/2/logs.csv,logs,15031303,selected
Zenodo record 14504481 (TraceRCA all dataset artifacts),TraceRCA all dataset recursive service-fault CSV windows,RE2-SS/catalogue_cpu/2/logts.csv,logs,16970,selected
Zenodo record 14504481 (TraceRCA all dataset artifacts),TraceRCA all dataset recursive service-fault CSV windows,RE2-SS/catalogue_cpu/2/metrics.csv,metrics,6643336,selected
Zenodo record 14504481 (TraceRCA all dataset artifacts),TraceRCA all dataset recursive service-fault CSV windows,RE2-SS/catalogue_cpu/2/simple_metrics.csv,metrics,1199864,selected
Zenodo record 14504481 (TraceRCA all dataset artifacts),TraceRCA all dataset recursive service-fault CSV windows,RE2-SS/catalogue_cpu/3/logs.csv,logs,17601287,selected
Zenodo record 14504481 (TraceRCA all dataset artifacts),TraceRCA all dataset recursive service-fault CSV windows,RE2-SS/catalogue_cpu/3/logts.csv,logs,15743,selected
Zenodo record 14504481 (TraceRCA all dataset artifacts),TraceRCA all dataset recursive service-fault CSV windows,RE2-SS/catalogue_cpu/3/metrics.csv,metrics,6802768,selected
Zenodo record 14504481 (TraceRCA all dataset artifacts),TraceRCA all dataset recursive service-fault CSV windows,RE2-SS/catalogue_cpu/3/simple_metrics.csv,metrics,1241382,selected
Zenodo record 14504481 (TraceRCA all dataset artifacts),TraceRCA all dataset recursive service-fault CSV windows,RE2-SS/catalogue_delay/1/logs.csv,logs,22556229,selected
Zenodo record 14504481 (TraceRCA all dataset artifacts),TraceRCA all dataset recursive service-fault CSV windows,RE2-SS/catalogue_delay/1/logts.csv,logs,15946,selected
Zenodo record 14504481 (TraceRCA all dataset artifacts),TraceRCA all dataset recursive service-fault CSV windows,RE2-SS/catalogue_delay/1/metrics.csv,metrics,6703199,selected
Zenodo record 14504481 (TraceRCA all dataset artifacts),TraceRCA all dataset recursive service-fault CSV windows,RE2-SS/catalogue_delay/1/simple_metrics.csv,metrics,1238930,selected
Zenodo record 14504481 (TraceRCA all dataset artifacts),TraceRCA all dataset recursive service-fault CSV windows,RE2-SS/catalogue_delay/2/logs.csv,logs,17138504,selected
Zenodo record 14504481 (TraceRCA all dataset artifacts),TraceRCA all dataset recursive service-fault CSV windows,RE2-SS/catalogue_delay/2/logts.csv,logs,15674,selected
Zenodo record 14504481 (TraceRCA all dataset artifacts),TraceRCA all dataset recursive service-fault CSV windows,RE2-SS/catalogue_delay/2/metrics.csv,metrics,6718722,selected
Zenodo record 14504481 (TraceRCA all dataset artifacts),TraceRCA all dataset recursive service-fault CSV windows,RE2-SS/catalogue_delay/2/simple_metrics.csv,metrics,1217387,selected
Zenodo record 14504481 (TraceRCA all dataset artifacts),TraceRCA all dataset recursive service-fault CSV windows,RE2-SS/catalogue_delay/3/logs.csv,logs,15898202,selected
Zenodo record 14504481 (TraceRCA all dataset artifacts),TraceRCA all dataset recursive service-fault CSV windows,RE2-SS/catalogue_delay/3/logts.csv,logs,26452,selected
Zenodo record 14504481 (TraceRCA all dataset artifacts),TraceRCA all dataset recursive service-fault CSV windows,RE2-SS/catalogue_delay/3/metrics.csv,metrics,6754926,selected
Zenodo record 14504481 (TraceRCA all dataset artifacts),TraceRCA all dataset recursive service-fault CSV windows,RE2-SS/catalogue_delay/3/simple_metrics.csv,metrics,1236760,selected
Zenodo record 14504481 (TraceRCA all dataset artifacts),TraceRCA all dataset recursive service-fault CSV windows,RE2-SS/catalogue_disk/1/logs.csv,logs,21037800,selected
Zenodo record 14504481 (TraceRCA all dataset artifacts),TraceRCA all dataset recursive service-fault CSV windows,RE2-SS/catalogue_disk/1/logts.csv,logs,15742,selected
Zenodo record 14504481 (TraceRCA all dataset artifacts),TraceRCA all dataset recursive service-fault CSV windows,RE2-SS/catalogue_disk/1/metrics.csv,metrics,6697815,selected
Zenodo record 14504481 (TraceRCA all dataset artifacts),TraceRCA all dataset recursive service-fault CSV windows,RE2-SS/catalogue_disk/1/simple_metrics.csv,metrics,1226647,selected
Zenodo record 14504481 (TraceRCA all dataset artifacts),TraceRCA all dataset recursive service-fault CSV windows,RE2-SS/catalogue_disk/2/logs.csv,logs,17507038,selected
Zenodo record 14504481 (TraceRCA all dataset artifacts),TraceRCA all dataset recursive service-fault CSV windows,RE2-SS/catalogue_disk/2/logts.csv,logs,16047,selected
Zenodo record 14504481 (TraceRCA all dataset artifacts),TraceRCA all dataset recursive service-fault CSV windows,RE2-SS/catalogue_disk/2/metrics.csv,metrics,6902915,selected
Zenodo record 14504481 (TraceRCA all dataset artifacts),TraceRCA all dataset recursive service-fault CSV windows,RE2-SS/catalogue_disk/2/simple_metrics.csv,metrics,1250573,selected
Zenodo record 14504481 (TraceRCA all dataset artifacts),TraceRCA all dataset recursive service-fault CSV windows,RE2-SS/catalogue_disk/3/logs.csv,logs,17551812,selected
Zenodo record 14504481 (TraceRCA all dataset artifacts),TraceRCA all dataset recursive service-fault CSV windows,RE2-SS/catalogue_disk/3/logts.csv,logs,16490,selected
Zenodo record 14504481 (TraceRCA all dataset artifacts),TraceRCA all dataset recursive service-fault CSV windows,RE2-SS/catalogue_disk/3/metrics.csv,metrics,6886879,selected
Zenodo record 14504481 (TraceRCA all dataset artifacts),TraceRCA all dataset recursive service-fault CSV windows,RE2-SS/catalogue_disk/3/simple_metrics.csv,metrics,1265569,selected
Zenodo record 14504481 (TraceRCA all dataset artifacts),TraceRCA all dataset recursive service-fault CSV windows,RE2-SS/catalogue_loss/1/logs.csv,logs,11308900,selected
Zenodo record 14504481 (TraceRCA all dataset artifacts),TraceRCA all dataset recursive service-fault CSV windows,RE2-SS/catalogue_loss/1/logts.csv,logs,26074,selected
Zenodo record 14504481 (TraceRCA all dataset artifacts),TraceRCA all dataset recursive service-fault CSV windows,RE2-SS/catalogue_loss/1/metrics.csv,metrics,6435448,selected
Zenodo record 14504481 (TraceRCA all dataset artifacts),TraceRCA all dataset recursive service-fault CSV windows,RE2-SS/catalogue_loss/1/simple_metrics.csv,metrics,1155146,selected
Zenodo record 14504481 (TraceRCA all dataset artifacts),TraceRCA all dataset recursive service-fault CSV windows,RE2-SS/catalogue_loss/2/logs.csv,logs,11784289,selected
Zenodo record 14504481 (TraceRCA all dataset artifacts),TraceRCA all dataset recursive service-fault CSV windows,RE2-SS/catalogue_loss/2/logts.csv,logs,27207,selected
Zenodo record 14504481 (TraceRCA all dataset artifacts),TraceRCA all dataset recursive service-fault CSV windows,RE2-SS/catalogue_loss/2/metrics.csv,metrics,6495782,selected
Zenodo record 14504481 (TraceRCA all dataset artifacts),TraceRCA all dataset recursive service-fault CSV windows,RE2-SS/catalogue_loss/2/simple_metrics.csv,metrics,1179123,selected
Zenodo record 14504481 (TraceRCA all dataset artifacts),TraceRCA all dataset recursive service-fault CSV windows,RE2-SS/catalogue_loss/3/logs.csv,logs,12139865,selected
Zenodo record 14504481 (TraceRCA all dataset artifacts),TraceRCA all dataset recursive service-fault CSV windows,RE2-SS/catalogue_loss/3/logts.csv,logs,26676,selected
Zenodo record 14504481 (TraceRCA all dataset artifacts),TraceRCA all dataset recursive service-fault CSV windows,RE2-SS/catalogue_loss/3/metrics.csv,metrics,6529276,selected
Zenodo record 14504481 (TraceRCA all dataset artifacts),TraceRCA all dataset recursive service-fault CSV windows,RE2-SS/catalogue_loss/3/simple_metrics.csv,metrics,1186981,selected
Zenodo record 14504481 (TraceRCA all dataset artifacts),TraceRCA all dataset recursive service-fault CSV windows,RE2-SS/catalogue_mem/1/logs.csv,logs,17524588,selected
Zenodo record 14504481 (TraceRCA all dataset artifacts),TraceRCA all dataset recursive service-fault CSV windows,RE2-SS/catalogue_mem/1/logts.csv,logs,16260,selected
Zenodo record 14504481 (TraceRCA all dataset artifacts),TraceRCA all dataset recursive service-fault CSV windows,RE2-SS/catalogue_mem/1/metrics.csv,metrics,6845038,selected
Zenodo record 14504481 (TraceRCA all dataset artifacts),TraceRCA all dataset recursive service-fault CSV windows,RE2-SS/catalogue_mem/1/simple_metrics.csv,metrics,1252809,selected
Zenodo record 14504481 (TraceRCA all dataset artifacts),TraceRCA all dataset recursive service-fault CSV windows,RE2-SS/catalogue_mem/2/logs.csv,logs,17514337,selected
Zenodo record 14504481 (TraceRCA all dataset artifacts),TraceRCA all dataset recursive service-fault CSV windows,RE2-SS/catalogue_mem/2/logts.csv,logs,16295,selected
Zenodo record 14504481 (TraceRCA all dataset artifacts),TraceRCA all dataset recursive service-fault CSV windows,RE2-SS/catalogue_mem/2/metrics.csv,metrics,6817902,selected
Zenodo record 14504481 (TraceRCA all dataset artifacts),TraceRCA all dataset recursive service-fault CSV windows,RE2-SS/catalogue_mem/2/simple_metrics.csv,metrics,1244968,selected
Zenodo record 14504481 (TraceRCA all dataset artifacts),TraceRCA all dataset recursive service-fault CSV windows,RE2-SS/catalogue_mem/3/logs.csv,logs,17442092,selected
Zenodo record 14504481 (TraceRCA all dataset artifacts),TraceRCA all dataset recursive service-fault CSV windows,RE2-SS/catalogue_mem/3/logts.csv,logs,15833,selected
Zenodo record 14504481 (TraceRCA all dataset artifacts),TraceRCA all dataset recursive service-fault CSV windows,RE2-SS/catalogue_mem/3/metrics.csv,metrics,6820776,selected
Zenodo record 14504481 (TraceRCA all dataset artifacts),TraceRCA all dataset recursive service-fault CSV windows,RE2-SS/catalogue_mem/3/simple_metrics.csv,metrics,1241908,selected
Zenodo record 14504481 (TraceRCA all dataset artifacts),TraceRCA all dataset recursive service-fault CSV windows,RE2-SS/catalogue_socket/1/logs.csv,logs,22833546,selected
Zenodo record 14504481 (TraceRCA all dataset artifacts),TraceRCA all dataset recursive service-fault CSV windows,RE2-SS/catalogue_socket/1/logts.csv,logs,16048,selected
Zenodo record 14504481 (TraceRCA all dataset artifacts),TraceRCA all dataset recursive service-fault CSV windows,RE2-SS/catalogue_socket/1/metrics.csv,metrics,6702841,selected
Zenodo record 14504481 (TraceRCA all dataset artifacts),TraceRCA all dataset recursive service-fault CSV windows,RE2-SS/catalogue_socket/1/simple_metrics.csv,metrics,1228099,selected
Zenodo record 14504481 (TraceRCA all dataset artifacts),TraceRCA all dataset recursive service-fault CSV windows,RE2-SS/catalogue_socket/2/logs.csv,logs,17760779,selected
Zenodo record 14504481 (TraceRCA all dataset artifacts),TraceRCA all dataset recursive service-fault CSV windows,RE2-SS/catalogue_socket/2/logts.csv,logs,16484,selected
Zenodo record 14504481 (TraceRCA all dataset artifacts),TraceRCA all dataset recursive service-fault CSV windows,RE2-SS/catalogue_socket/2/metrics.csv,metrics,6836897,selected
Zenodo record 14504481 (TraceRCA all dataset artifacts),TraceRCA all dataset recursive service-fault CSV windows,RE2-SS/catalogue_socket/2/simple_metrics.csv,metrics,1242913,selected
Zenodo record 14504481 (TraceRCA all dataset artifacts),TraceRCA all dataset recursive service-fault CSV windows,RE2-SS/catalogue_socket/3/logs.csv,logs,17511072,selected
Zenodo record 14504481 (TraceRCA all dataset artifacts),TraceRCA all dataset recursive service-fault CSV windows,RE2-SS/catalogue_socket/3/logts.csv,logs,16040,selected
Zenodo record 14504481 (TraceRCA all dataset artifacts),TraceRCA all dataset recursive service-fault CSV windows,RE2-SS/catalogue_socket/3/metrics.csv,metrics,6819298,selected
Zenodo record 14504481 (TraceRCA all dataset artifacts),TraceRCA all dataset recursive service-fault CSV windows,RE2-SS/catalogue_socket/3/simple_metrics.csv,metrics,1240058,selected
Zenodo record 14504481 (TraceRCA all dataset artifacts),TraceRCA all dataset recursive service-fault CSV windows,RE2-SS/orders_cpu/1/logs.csv,logs,17501676,selected
Zenodo record 14504481 (TraceRCA all dataset artifacts),TraceRCA all dataset recursive service-fault CSV windows,RE2-SS/orders_cpu/1/logts.csv,logs,15897,selected
Zenodo record 14504481 (TraceRCA all dataset artifacts),TraceRCA all dataset recursive service-fault CSV windows,RE2-SS/orders_cpu/1/metrics.csv,metrics,6746987,selected
Zenodo record 14504481 (TraceRCA all dataset artifacts),TraceRCA all dataset recursive service-fault CSV windows,RE2-SS/orders_cpu/1/simple_metrics.csv,metrics,1226242,selected
Zenodo record 14504481 (TraceRCA all dataset artifacts),TraceRCA all dataset recursive service-fault CSV windows,RE2-SS/orders_cpu/2/logs.csv,logs,17500892,selected
Zenodo record 14504481 (TraceRCA all dataset artifacts),TraceRCA all dataset recursive service-fault CSV windows,RE2-SS/orders_cpu/2/logts.csv,logs,16139,selected
Zenodo record 14504481 (TraceRCA all dataset artifacts),TraceRCA all dataset recursive service-fault CSV windows,RE2-SS/orders_cpu/2/metrics.csv,metrics,6736337,selected
Zenodo record 14504481 (TraceRCA all dataset artifacts),TraceRCA all dataset recursive service-fault CSV windows,RE2-SS/orders_cpu/2/simple_metrics.csv,metrics,1257677,selected
Zenodo record 14504481 (TraceRCA all dataset artifacts),TraceRCA all dataset recursive service-fault CSV windows,RE2-SS/orders_cpu/3/logs.csv,logs,17576912,selected
Zenodo record 14504481 (TraceRCA all dataset artifacts),TraceRCA all dataset recursive service-fault CSV windows,RE2-SS/orders_cpu/3/logts.csv,logs,15862,selected
Zenodo record 14504481 (TraceRCA all dataset artifacts),TraceRCA all dataset recursive service-fault CSV windows,RE2-SS/orders_cpu/3/metrics.csv,metrics,6771943,selected
Zenodo record 14504481 (TraceRCA all dataset artifacts),TraceRCA all dataset recursive service-fault CSV windows,RE2-SS/orders_cpu/3/simple_metrics.csv,metrics,1251592,selected
Zenodo record 14504481 (TraceRCA all dataset artifacts),TraceRCA all dataset recursive service-fault CSV windows,RE2-SS/orders_delay/1/logs.csv,logs,24379564,selected
Zenodo record 14504481 (TraceRCA all dataset artifacts),TraceRCA all dataset recursive service-fault CSV windows,RE2-SS/orders_delay/1/logts.csv,logs,16097,selected
Zenodo record 14504481 (TraceRCA all dataset artifacts),TraceRCA all dataset recursive service-fault CSV windows,RE2-SS/orders_delay/1/metrics.csv,metrics,6750384,selected
Zenodo record 14504481 (TraceRCA all dataset artifacts),TraceRCA all dataset recursive service-fault CSV windows,RE2-SS/orders_delay/1/simple_metrics.csv,metrics,1242644,selected
Zenodo record 14504481 (TraceRCA all dataset artifacts),TraceRCA all dataset recursive service-fault CSV windows,RE2-SS/orders_delay/2/logs.csv,logs,17552594,selected
Zenodo record 14504481 (TraceRCA all dataset artifacts),TraceRCA all dataset recursive service-fault CSV windows,RE2-SS/orders_delay/2/logts.csv,logs,16723,selected
Zenodo record 14504481 (TraceRCA all dataset artifacts),TraceRCA all dataset recursive service-fault CSV windows,RE2-SS/orders_delay/2/metrics.csv,metrics,6682981,selected
Zenodo record 14504481 (TraceRCA all dataset artifacts),TraceRCA all dataset recursive service-fault CSV windows,RE2-SS/orders_delay/2/simple_metrics.csv,metrics,1223397,selected
Zenodo record 14504481 (TraceRCA all dataset artifacts),TraceRCA all dataset recursive service-fault CSV windows,RE2-SS/orders_delay/3/logs.csv,logs,17360016,selected
Zenodo record 14504481 (TraceRCA all dataset artifacts),TraceRCA all dataset recursive service-fault CSV windows,RE2-SS/orders_delay/3/logts.csv,logs,16725,selected
Zenodo record 14504481 (TraceRCA all dataset artifacts),TraceRCA all dataset recursive service-fault CSV windows,RE2-SS/orders_delay/3/metrics.csv,metrics,6652514,selected
Zenodo record 14504481 (TraceRCA all dataset artifacts),TraceRCA all dataset recursive service-fault CSV windows,RE2-SS/orders_delay/3/simple_metrics.csv,metrics,1223758,selected
Zenodo record 14504481 (TraceRCA all dataset artifacts),TraceRCA all dataset recursive service-fault CSV windows,RE2-SS/orders_disk/1/logs.csv,logs,14201670,selected
Zenodo record 14504481 (TraceRCA all dataset artifacts),TraceRCA all dataset recursive service-fault CSV windows,RE2-SS/orders_disk/1/logts.csv,logs,123916,selected
Zenodo record 14504481 (TraceRCA all dataset artifacts),TraceRCA all dataset recursive service-fault CSV windows,RE2-SS/orders_disk/1/metrics.csv,metrics,5764341,selected
Zenodo record 14504481 (TraceRCA all dataset artifacts),TraceRCA all dataset recursive service-fault CSV windows,RE2-SS/orders_disk/1/simple_metrics.csv,metrics,1128825,selected
Zenodo record 14504481 (TraceRCA all dataset artifacts),TraceRCA all dataset recursive service-fault CSV windows,RE2-SS/orders_disk/2/logs.csv,logs,17766694,selected
Zenodo record 14504481 (TraceRCA all dataset artifacts),TraceRCA all dataset recursive service-fault CSV windows,RE2-SS/orders_disk/2/logts.csv,logs,25746,selected
Zenodo record 14504481 (TraceRCA all dataset artifacts),TraceRCA all dataset recursive service-fault CSV windows,RE2-SS/orders_disk/2/metrics.csv,metrics,6843709,selected
Zenodo record 14504481 (TraceRCA all dataset artifacts),TraceRCA all dataset recursive service-fault CSV windows,RE2-SS/orders_disk/2/simple_metrics.csv,metrics,1250064,selected
Zenodo record 14504481 (TraceRCA all dataset artifacts),TraceRCA all dataset recursive service-fault CSV windows,RE2-SS/orders_disk/3/logs.csv,logs,17515715,selected
Zenodo record 14504481 (TraceRCA all dataset artifacts),TraceRCA all dataset recursive service-fault CSV windows,RE2-SS/orders_disk/3/logts.csv,logs,16490,selected
Zenodo record 14504481 (TraceRCA all dataset artifacts),TraceRCA all dataset recursive service-fault CSV windows,RE2-SS/orders_disk/3/metrics.csv,metrics,6915967,selected
Zenodo record 14504481 (TraceRCA all dataset artifacts),TraceRCA all dataset recursive service-fault CSV windows,RE2-SS/orders_disk/3/simple_metrics.csv,metrics,1257785,selected
Zenodo record 14504481 (TraceRCA all dataset artifacts),TraceRCA all dataset recursive service-fault CSV windows,RE2-SS/orders_loss/1/logs.csv,logs,17803979,selected
Zenodo record 14504481 (TraceRCA all dataset artifacts),TraceRCA all dataset recursive service-fault CSV windows,RE2-SS/orders_loss/1/logts.csv,logs,19033,selected
Zenodo record 14504481 (TraceRCA all dataset artifacts),TraceRCA all dataset recursive service-fault CSV windows,RE2-SS/orders_loss/1/metrics.csv,metrics,6650804,selected
Zenodo record 14504481 (TraceRCA all dataset artifacts),TraceRCA all dataset recursive service-fault CSV windows,RE2-SS/orders_loss/1/simple_metrics.csv,metrics,1226533,selected
Zenodo record 14504481 (TraceRCA all dataset artifacts),TraceRCA all dataset recursive service-fault CSV windows,RE2-SS/orders_loss/2/logs.csv,logs,17553976,selected
Zenodo record 14504481 (TraceRCA all dataset artifacts),TraceRCA all dataset recursive service-fault CSV windows,RE2-SS/orders_loss/2/logts.csv,logs,16973,selected
Zenodo record 14504481 (TraceRCA all dataset artifacts),TraceRCA all dataset recursive service-fault CSV windows,RE2-SS/orders_loss/2/metrics.csv,metrics,6652074,selected
Zenodo record 14504481 (TraceRCA all dataset artifacts),TraceRCA all dataset recursive service-fault CSV windows,RE2-SS/orders_loss/2/simple_metrics.csv,metrics,1233935,selected
Zenodo record 14504481 (TraceRCA all dataset artifacts),TraceRCA all dataset recursive service-fault CSV windows,RE2-SS/orders_loss/3/logs.csv,logs,17690696,selected
Zenodo record 14504481 (TraceRCA all dataset artifacts),TraceRCA all dataset recursive service-fault CSV windows,RE2-SS/orders_loss/3/logts.csv,logs,16939,selected
Zenodo record 14504481 (TraceRCA all dataset artifacts),TraceRCA all dataset recursive service-fault CSV windows,RE2-SS/orders_loss/3/metrics.csv,metrics,6641669,selected
Zenodo record 14504481 (TraceRCA all dataset artifacts),TraceRCA all dataset recursive service-fault CSV windows,RE2-SS/orders_loss/3/simple_metrics.csv,metrics,1237878,selected
Zenodo record 14504481 (TraceRCA all dataset artifacts),TraceRCA all dataset recursive service-fault CSV windows,RE2-SS/orders_mem/1/logs.csv,logs,17463483,selected
Zenodo record 14504481 (TraceRCA all dataset artifacts),TraceRCA all dataset recursive service-fault CSV windows,RE2-SS/orders_mem/1/logts.csv,logs,18741,selected
Zenodo record 14504481 (TraceRCA all dataset artifacts),TraceRCA all dataset recursive service-fault CSV windows,RE2-SS/orders_mem/1/metrics.csv,metrics,6833633,selected
Zenodo record 14504481 (TraceRCA all dataset artifacts),TraceRCA all dataset recursive service-fault CSV windows,RE2-SS/orders_mem/1/simple_metrics.csv,metrics,1237516,selected
Zenodo record 14504481 (TraceRCA all dataset artifacts),TraceRCA all dataset recursive service-fault CSV windows,RE2-SS/orders_mem/2/logs.csv,logs,17529909,selected
Zenodo record 14504481 (TraceRCA all dataset artifacts),TraceRCA all dataset recursive service-fault CSV windows,RE2-SS/orders_mem/2/logts.csv,logs,18793,selected
Zenodo record 14504481 (TraceRCA all dataset artifacts),TraceRCA all dataset recursive service-fault CSV windows,RE2-SS/orders_mem/2/metrics.csv,metrics,6768139,selected
Zenodo record 14504481 (TraceRCA all dataset artifacts),TraceRCA all dataset recursive service-fault CSV windows,RE2-SS/orders_mem/2/simple_metrics.csv,metrics,1247910,selected
Zenodo record 14504481 (TraceRCA all dataset artifacts),TraceRCA all dataset recursive service-fault CSV windows,RE2-SS/orders_mem/3/logs.csv,logs,17539715,selected
Zenodo record 14504481 (TraceRCA all dataset artifacts),TraceRCA all dataset recursive service-fault CSV windows,RE2-SS/orders_mem/3/logts.csv,logs,16027,selected
Zenodo record 14504481 (TraceRCA all dataset artifacts),TraceRCA all dataset recursive service-fault CSV windows,RE2-SS/orders_mem/3/metrics.csv,metrics,6786188,selected
Zenodo record 14504481 (TraceRCA all dataset artifacts),TraceRCA all dataset recursive service-fault CSV windows,RE2-SS/orders_mem/3/simple_metrics.csv,metrics,1242299,selected
Zenodo record 14504481 (TraceRCA all dataset artifacts),TraceRCA all dataset recursive service-fault CSV windows,RE2-SS/orders_socket/1/logs.csv,logs,24448878,selected
Zenodo record 14504481 (TraceRCA all dataset artifacts),TraceRCA all dataset recursive service-fault CSV windows,RE2-SS/orders_socket/1/logts.csv,logs,19960,selected
Zenodo record 14504481 (TraceRCA all dataset artifacts),TraceRCA all dataset recursive service-fault CSV windows,RE2-SS/orders_socket/1/metrics.csv,metrics,6755691,selected
Zenodo record 14504481 (TraceRCA all dataset artifacts),TraceRCA all dataset recursive service-fault CSV windows,RE2-SS/orders_socket/1/simple_metrics.csv,metrics,1253752,selected
Zenodo record 14504481 (TraceRCA all dataset artifacts),TraceRCA all dataset recursive service-fault CSV windows,RE2-SS/orders_socket/2/logs.csv,logs,17538709,selected
Zenodo record 14504481 (TraceRCA all dataset artifacts),TraceRCA all dataset recursive service-fault CSV windows,RE2-SS/orders_socket/2/logts.csv,logs,16129,selected
Zenodo record 14504481 (TraceRCA all dataset artifacts),TraceRCA all dataset recursive service-fault CSV windows,RE2-SS/orders_socket/2/metrics.csv,metrics,6766593,selected
Zenodo record 14504481 (TraceRCA all dataset artifacts),TraceRCA all dataset recursive service-fault CSV windows,RE2-SS/orders_socket/2/simple_metrics.csv,metrics,1246488,selected
Zenodo record 14504481 (TraceRCA all dataset artifacts),TraceRCA all dataset recursive service-fault CSV windows,RE2-SS/orders_socket/3/logs.csv,logs,17435083,selected
Zenodo record 14504481 (TraceRCA all dataset artifacts),TraceRCA all dataset recursive service-fault CSV windows,RE2-SS/orders_socket/3/logts.csv,logs,17960,selected
Zenodo record 14504481 (TraceRCA all dataset artifacts),TraceRCA all dataset recursive service-fault CSV windows,RE2-SS/orders_socket/3/metrics.csv,metrics,6753007,selected
Zenodo record 14504481 (TraceRCA all dataset artifacts),TraceRCA all dataset recursive service-fault CSV windows,RE2-SS/orders_socket/3/simple_metrics.csv,metrics,1243867,selected
Zenodo record 14504481 (TraceRCA all dataset artifacts),TraceRCA all dataset recursive service-fault CSV windows,RE2-SS/payment_cpu/1/logs.csv,logs,17599415,selected
Zenodo record 14504481 (TraceRCA all dataset artifacts),TraceRCA all dataset recursive service-fault CSV windows,RE2-SS/payment_cpu/1/logts.csv,logs,16406,selected
Zenodo record 14504481 (TraceRCA all dataset artifacts),TraceRCA all dataset recursive service-fault CSV windows,RE2-SS/payment_cpu/1/metrics.csv,metrics,6740886,selected
Zenodo record 14504481 (TraceRCA all dataset artifacts),TraceRCA all dataset recursive service-fault CSV windows,RE2-SS/payment_cpu/1/simple_metrics.csv,metrics,1237938,selected
Zenodo record 14504481 (TraceRCA all dataset artifacts),TraceRCA all dataset recursive service-fault CSV windows,RE2-SS/payment_cpu/2/logs.csv,logs,17484072,selected
Zenodo record 14504481 (TraceRCA all dataset artifacts),TraceRCA all dataset recursive service-fault CSV windows,RE2-SS/payment_cpu/2/logts.csv,logs,16066,selected
Zenodo record 14504481 (TraceRCA all dataset artifacts),TraceRCA all dataset recursive service-fault CSV windows,RE2-SS/payment_cpu/2/metrics.csv,metrics,6786641,selected
Zenodo record 14504481 (TraceRCA all dataset artifacts),TraceRCA all dataset recursive service-fault CSV windows,RE2-SS/payment_cpu/2/simple_metrics.csv,metrics,1246856,selected
Zenodo record 14504481 (TraceRCA all dataset artifacts),TraceRCA all dataset recursive service-fault CSV windows,RE2-SS/payment_cpu/3/logs.csv,logs,17569347,selected
Zenodo record 14504481 (TraceRCA all dataset artifacts),TraceRCA all dataset recursive service-fault CSV windows,RE2-SS/payment_cpu/3/logts.csv,logs,16114,selected
Zenodo record 14504481 (TraceRCA all dataset artifacts),TraceRCA all dataset recursive service-fault CSV windows,RE2-SS/payment_cpu/3/metrics.csv,metrics,6792271,selected
Zenodo record 14504481 (TraceRCA all dataset artifacts),TraceRCA all dataset recursive service-fault CSV windows,RE2-SS/payment_cpu/3/simple_metrics.csv,metrics,1252141,selected
Zenodo record 14504481 (TraceRCA all dataset artifacts),TraceRCA all dataset recursive service-fault CSV windows,RE2-SS/payment_delay/1/logs.csv,logs,25031029,selected
Zenodo record 14504481 (TraceRCA all dataset artifacts),TraceRCA all dataset recursive service-fault CSV windows,RE2-SS/payment_delay/1/logts.csv,logs,16004,selected
Zenodo record 14504481 (TraceRCA all dataset artifacts),TraceRCA all dataset recursive service-fault CSV windows,RE2-SS/payment_delay/1/metrics.csv,metrics,6728848,selected
Zenodo record 14504481 (TraceRCA all dataset artifacts),TraceRCA all dataset recursive service-fault CSV windows,RE2-SS/payment_delay/1/simple_metrics.csv,metrics,1242113,selected
Zenodo record 14504481 (TraceRCA all dataset artifacts),TraceRCA all dataset recursive service-fault CSV windows,RE2-SS/payment_delay/2/logs.csv,logs,17649127,selected
Zenodo record 14504481 (TraceRCA all dataset artifacts),TraceRCA all dataset recursive service-fault CSV windows,RE2-SS/payment_delay/2/logts.csv,logs,16353,selected
Zenodo record 14504481 (TraceRCA all dataset artifacts),TraceRCA all dataset recursive service-fault CSV windows,RE2-SS/payment_delay/2/metrics.csv,metrics,6725913,selected
Zenodo record 14504481 (TraceRCA all dataset artifacts),TraceRCA all dataset recursive service-fault CSV windows,RE2-SS/payment_delay/2/simple_metrics.csv,metrics,1218081,selected
Zenodo record 14504481 (TraceRCA all dataset artifacts),TraceRCA all dataset recursive service-fault CSV windows,RE2-SS/payment_delay/3/logs.csv,logs,17555242,selected
Zenodo record 14504481 (TraceRCA all dataset artifacts),TraceRCA all dataset recursive service-fault CSV windows,RE2-SS/payment_delay/3/logts.csv,logs,16008,selected
Zenodo record 14504481 (TraceRCA all dataset artifacts),TraceRCA all dataset recursive service-fault CSV windows,RE2-SS/payment_delay/3/metrics.csv,metrics,6774267,selected
Zenodo record 14504481 (TraceRCA all dataset artifacts),TraceRCA all dataset recursive service-fault CSV windows,RE2-SS/payment_delay/3/simple_metrics.csv,metrics,1223450,selected
Zenodo record 14504481 (TraceRCA all dataset artifacts),TraceRCA all dataset recursive service-fault CSV windows,RE2-SS/payment_disk/1/logs.csv,logs,25243600,selected
Zenodo record 14504481 (TraceRCA all dataset artifacts),TraceRCA all dataset recursive service-fault CSV windows,RE2-SS/payment_disk/1/logts.csv,logs,16559,selected
Zenodo record 14504481 (TraceRCA all dataset artifacts),TraceRCA all dataset recursive service-fault CSV windows,RE2-SS/payment_disk/1/metrics.csv,metrics,6839118,selected
Zenodo record 14504481 (TraceRCA all dataset artifacts),TraceRCA all dataset recursive service-fault CSV windows,RE2-SS/payment_disk/1/simple_metrics.csv,metrics,1256794,selected
Zenodo record 14504481 (TraceRCA all dataset artifacts),TraceRCA all dataset recursive service-fault CSV windows,RE2-SS/payment_disk/2/logs.csv,logs,17529097,selected
Zenodo record 14504481 (TraceRCA all dataset artifacts),TraceRCA all dataset recursive service-fault CSV windows,RE2-SS/payment_disk/2/logts.csv,logs,16289,selected
Zenodo record 14504481 (TraceRCA all dataset artifacts),TraceRCA all dataset recursive service-fault CSV windows,RE2-SS/payment_disk/2/metrics.csv,metrics,6885007,selected
Zenodo record 14504481 (TraceRCA all dataset artifacts),TraceRCA all dataset recursive service-fault CSV windows,RE2-SS/payment_disk/2/simple_metrics.csv,metrics,1262733,selected
Zenodo record 14504481 (TraceRCA all dataset artifacts),TraceRCA all dataset recursive service-fault CSV windows,RE2-SS/payment_disk/3/logs.csv,logs,17433676,selected
Zenodo record 14504481 (TraceRCA all dataset artifacts),TraceRCA all dataset recursive service-fault CSV windows,RE2-SS/payment_disk/3/logts.csv,logs,16502,selected
Zenodo record 14504481 (TraceRCA all dataset artifacts),TraceRCA all dataset recursive service-fault CSV windows,RE2-SS/payment_disk/3/metrics.csv,metrics,6879533,selected
Zenodo record 14504481 (TraceRCA all dataset artifacts),TraceRCA all dataset recursive service-fault CSV windows,RE2-SS/payment_disk/3/simple_metrics.csv,metrics,1268615,selected
Zenodo record 14504481 (TraceRCA all dataset artifacts),TraceRCA all dataset recursive service-fault CSV windows,RE2-SS/payment_loss/1/logs.csv,logs,18142038,selected
Zenodo record 14504481 (TraceRCA all dataset artifacts),TraceRCA all dataset recursive service-fault CSV windows,RE2-SS/payment_loss/1/logts.csv,logs,19877,selected
Zenodo record 14504481 (TraceRCA all dataset artifacts),TraceRCA all dataset recursive service-fault CSV windows,RE2-SS/payment_loss/1/metrics.csv,metrics,6702278,selected
Zenodo record 14504481 (TraceRCA all dataset artifacts),TraceRCA all dataset recursive service-fault CSV windows,RE2-SS/payment_loss/1/simple_metrics.csv,metrics,1226000,selected
Zenodo record 14504481 (TraceRCA all dataset artifacts),TraceRCA all dataset recursive service-fault CSV windows,RE2-SS/payment_loss/2/logs.csv,logs,17727540,selected
Zenodo record 14504481 (TraceRCA all dataset artifacts),TraceRCA all dataset recursive service-fault CSV windows,RE2-SS/payment_loss/2/logts.csv,logs,16996,selected
Zenodo record 14504481 (TraceRCA all dataset artifacts),TraceRCA all dataset recursive service-fault CSV windows,RE2-SS/payment_loss/2/metrics.csv,metrics,6703395,selected
Zenodo record 14504481 (TraceRCA all dataset artifacts),TraceRCA all dataset recursive service-fault CSV windows,RE2-SS/payment_loss/2/simple_metrics.csv,metrics,1234412,selected
Zenodo record 14504481 (TraceRCA all dataset artifacts),TraceRCA all dataset recursive service-fault CSV windows,RE2-SS/payment_loss/3/logs.csv,logs,17918210,selected
Zenodo record 14504481 (TraceRCA all dataset artifacts),TraceRCA all dataset recursive service-fault CSV windows,RE2-SS/payment_loss/3/logts.csv,logs,18251,selected
Zenodo record 14504481 (TraceRCA all dataset artifacts),TraceRCA all dataset recursive service-fault CSV windows,RE2-SS/payment_loss/3/metrics.csv,metrics,6718394,selected
Zenodo record 14504481 (TraceRCA all dataset artifacts),TraceRCA all dataset recursive service-fault CSV windows,RE2-SS/payment_loss/3/simple_metrics.csv,metrics,1229160,selected
Zenodo record 14504481 (TraceRCA all dataset artifacts),TraceRCA all dataset recursive service-fault CSV windows,RE2-SS/payment_mem/1/logs.csv,logs,17670320,selected
Zenodo record 14504481 (TraceRCA all dataset artifacts),TraceRCA all dataset recursive service-fault CSV windows,RE2-SS/payment_mem/1/logts.csv,logs,22899,selected
Zenodo record 14504481 (TraceRCA all dataset artifacts),TraceRCA all dataset recursive service-fault CSV windows,RE2-SS/payment_mem/1/metrics.csv,metrics,6840928,selected
Zenodo record 14504481 (TraceRCA all dataset artifacts),TraceRCA all dataset recursive service-fault CSV windows,RE2-SS/payment_mem/1/simple_metrics.csv,metrics,1260380,selected
Zenodo record 14504481 (TraceRCA all dataset artifacts),TraceRCA all dataset recursive service-fault CSV windows,RE2-SS/payment_mem/2/logs.csv,logs,17453911,selected
Zenodo record 14504481 (TraceRCA all dataset artifacts),TraceRCA all dataset recursive service-fault CSV windows,RE2-SS/payment_mem/2/logts.csv,logs,16277,selected
Zenodo record 14504481 (TraceRCA all dataset artifacts),TraceRCA all dataset recursive service-fault CSV windows,RE2-SS/payment_mem/2/metrics.csv,metrics,6759626,selected
Zenodo record 14504481 (TraceRCA all dataset artifacts),TraceRCA all dataset recursive service-fault CSV windows,RE2-SS/payment_mem/2/simple_metrics.csv,metrics,1244996,selected
Zenodo record 14504481 (TraceRCA all dataset artifacts),TraceRCA all dataset recursive service-fault CSV windows,RE2-SS/payment_mem/3/logs.csv,logs,17633790,selected
Zenodo record 14504481 (TraceRCA all dataset artifacts),TraceRCA all dataset recursive service-fault CSV windows,RE2-SS/payment_mem/3/logts.csv,logs,18819,selected
Zenodo record 14504481 (TraceRCA all dataset artifacts),TraceRCA all dataset recursive service-fault CSV windows,RE2-SS/payment_mem/3/metrics.csv,metrics,6751658,selected
Zenodo record 14504481 (TraceRCA all dataset artifacts),TraceRCA all dataset recursive service-fault CSV windows,RE2-SS/payment_mem/3/simple_metrics.csv,metrics,1241096,selected
Zenodo record 14504481 (TraceRCA all dataset artifacts),TraceRCA all dataset recursive service-fault CSV windows,RE2-SS/payment_socket/1/logs.csv,logs,24473527,selected
Zenodo record 14504481 (TraceRCA all dataset artifacts),TraceRCA all dataset recursive service-fault CSV windows,RE2-SS/payment_socket/1/logts.csv,logs,16074,selected
Zenodo record 14504481 (TraceRCA all dataset artifacts),TraceRCA all dataset recursive service-fault CSV windows,RE2-SS/payment_socket/1/metrics.csv,metrics,6778974,selected
Zenodo record 14504481 (TraceRCA all dataset artifacts),TraceRCA all dataset recursive service-fault CSV windows,RE2-SS/payment_socket/1/simple_metrics.csv,metrics,1248678,selected
Zenodo record 14504481 (TraceRCA all dataset artifacts),TraceRCA all dataset recursive service-fault CSV windows,RE2-SS/payment_socket/2/logs.csv,logs,17512521,selected
Zenodo record 14504481 (TraceRCA all dataset artifacts),TraceRCA all dataset recursive service-fault CSV windows,RE2-SS/payment_socket/2/logts.csv,logs,16216,selected
Zenodo record 14504481 (TraceRCA all dataset artifacts),TraceRCA all dataset recursive service-fault CSV windows,RE2-SS/payment_socket/2/metrics.csv,metrics,6799874,selected
Zenodo record 14504481 (TraceRCA all dataset artifacts),TraceRCA all dataset recursive service-fault CSV windows,RE2-SS/payment_socket/2/simple_metrics.csv,metrics,1247611,selected
Zenodo record 14504481 (TraceRCA all dataset artifacts),TraceRCA all dataset recursive service-fault CSV windows,RE2-SS/payment_socket/3/logs.csv,logs,17666006,selected
Zenodo record 14504481 (TraceRCA all dataset artifacts),TraceRCA all dataset recursive service-fault CSV windows,RE2-SS/payment_socket/3/logts.csv,logs,16115,selected
Zenodo record 14504481 (TraceRCA all dataset artifacts),TraceRCA all dataset recursive service-fault CSV windows,RE2-SS/payment_socket/3/metrics.csv,metrics,6752423,selected
Zenodo record 14504481 (TraceRCA all dataset artifacts),TraceRCA all dataset recursive service-fault CSV windows,RE2-SS/payment_socket/3/simple_metrics.csv,metrics,1238423,selected
Zenodo record 14504481 (TraceRCA all dataset artifacts),TraceRCA all dataset recursive service-fault CSV windows,RE2-SS/user_cpu/1/logs.csv,logs,15822272,selected
Zenodo record 14504481 (TraceRCA all dataset artifacts),TraceRCA all dataset recursive service-fault CSV windows,RE2-SS/user_cpu/1/logts.csv,logs,17589,selected
Zenodo record 14504481 (TraceRCA all dataset artifacts),TraceRCA all dataset recursive service-fault CSV windows,RE2-SS/user_cpu/1/metrics.csv,metrics,6610139,selected
Zenodo record 14504481 (TraceRCA all dataset artifacts),TraceRCA all dataset recursive service-fault CSV windows,RE2-SS/user_cpu/1/simple_metrics.csv,metrics,1201738,selected
Zenodo record 14504481 (TraceRCA all dataset artifacts),TraceRCA all dataset recursive service-fault CSV windows,RE2-SS/user_cpu/2/logs.csv,logs,15453319,selected
Zenodo record 14504481 (TraceRCA all dataset artifacts),TraceRCA all dataset recursive service-fault CSV windows,RE2-SS/user_cpu/2/logts.csv,logs,17475,selected
Zenodo record 14504481 (TraceRCA all dataset artifacts),TraceRCA all dataset recursive service-fault CSV windows,RE2-SS/user_cpu/2/metrics.csv,metrics,6575376,selected
Zenodo record 14504481 (TraceRCA all dataset artifacts),TraceRCA all dataset recursive service-fault CSV windows,RE2-SS/user_cpu/2/simple_metrics.csv,metrics,1189170,selected
Zenodo record 14504481 (TraceRCA all dataset artifacts),TraceRCA all dataset recursive service-fault CSV windows,RE2-SS/user_cpu/3/logs.csv,logs,17479343,selected
Zenodo record 14504481 (TraceRCA all dataset artifacts),TraceRCA all dataset recursive service-fault CSV windows,RE2-SS/user_cpu/3/logts.csv,logs,15892,selected
Zenodo record 14504481 (TraceRCA all dataset artifacts),TraceRCA all dataset recursive service-fault CSV windows,RE2-SS/user_cpu/3/metrics.csv,metrics,6740196,selected
Zenodo record 14504481 (TraceRCA all dataset artifacts),TraceRCA all dataset recursive service-fault CSV windows,RE2-SS/user_cpu/3/simple_metrics.csv,metrics,1246397,selected
Zenodo record 14504481 (TraceRCA all dataset artifacts),TraceRCA all dataset recursive service-fault CSV windows,RE2-SS/user_delay/1/logs.csv,logs,23962916,selected
Zenodo record 14504481 (TraceRCA all dataset artifacts),TraceRCA all dataset recursive service-fault CSV windows,RE2-SS/user_delay/1/logts.csv,logs,15801,selected
Zenodo record 14504481 (TraceRCA all dataset artifacts),TraceRCA all dataset recursive service-fault CSV windows,RE2-SS/user_delay/1/metrics.csv,metrics,6765175,selected
Zenodo record 14504481 (TraceRCA all dataset artifacts),TraceRCA all dataset recursive service-fault CSV windows,RE2-SS/user_delay/1/simple_metrics.csv,metrics,1244324,selected
Zenodo record 14504481 (TraceRCA all dataset artifacts),TraceRCA all dataset recursive service-fault CSV windows,RE2-SS/user_delay/2/logs.csv,logs,17072092,selected
Zenodo record 14504481 (TraceRCA all dataset artifacts),TraceRCA all dataset recursive service-fault CSV windows,RE2-SS/user_delay/2/logts.csv,logs,16488,selected
Zenodo record 14504481 (TraceRCA all dataset artifacts),TraceRCA all dataset recursive service-fault CSV windows,RE2-SS/user_delay/2/metrics.csv,metrics,6766172,selected
Zenodo record 14504481 (TraceRCA all dataset artifacts),TraceRCA all dataset recursive service-fault CSV windows,RE2-SS/user_delay/2/simple_metrics.csv,metrics,1227592,selected
Zenodo record 14504481 (TraceRCA all dataset artifacts),TraceRCA all dataset recursive service-fault CSV windows,RE2-SS/user_delay/3/logs.csv,logs,16933764,selected
Zenodo record 14504481 (TraceRCA all dataset artifacts),TraceRCA all dataset recursive service-fault CSV windows,RE2-SS/user_delay/3/logts.csv,logs,16434,selected
Zenodo record 14504481 (TraceRCA all dataset artifacts),TraceRCA all dataset recursive service-fault CSV windows,RE2-SS/user_delay/3/metrics.csv,metrics,6730697,selected
Zenodo record 14504481 (TraceRCA all dataset artifacts),TraceRCA all dataset recursive service-fault CSV windows,RE2-SS/user_delay/3/simple_metrics.csv,metrics,1214663,selected
Zenodo record 14504481 (TraceRCA all dataset artifacts),TraceRCA all dataset recursive service-fault CSV windows,RE2-SS/user_disk/1/logs.csv,logs,23097063,selected
Zenodo record 14504481 (TraceRCA all dataset artifacts),TraceRCA all dataset recursive service-fault CSV windows,RE2-SS/user_disk/1/logts.csv,logs,26440,selected
Zenodo record 14504481 (TraceRCA all dataset artifacts),TraceRCA all dataset recursive service-fault CSV windows,RE2-SS/user_disk/1/metrics.csv,metrics,6788940,selected
Zenodo record 14504481 (TraceRCA all dataset artifacts),TraceRCA all dataset recursive service-fault CSV windows,RE2-SS/user_disk/1/simple_metrics.csv,metrics,1239897,selected
Zenodo record 14504481 (TraceRCA all dataset artifacts),TraceRCA all dataset recursive service-fault CSV windows,RE2-SS/user_disk/2/logs.csv,logs,17489247,selected
Zenodo record 14504481 (TraceRCA all dataset artifacts),TraceRCA all dataset recursive service-fault CSV windows,RE2-SS/user_disk/2/logts.csv,logs,17288,selected
Zenodo record 14504481 (TraceRCA all dataset artifacts),TraceRCA all dataset recursive service-fault CSV windows,RE2-SS/user_disk/2/metrics.csv,metrics,6846483,selected
Zenodo record 14504481 (TraceRCA all dataset artifacts),TraceRCA all dataset recursive service-fault CSV windows,RE2-SS/user_disk/2/simple_metrics.csv,metrics,1258254,selected
Zenodo record 14504481 (TraceRCA all dataset artifacts),TraceRCA all dataset recursive service-fault CSV windows,RE2-SS/user_disk/3/logs.csv,logs,17552842,selected
Zenodo record 14504481 (TraceRCA all dataset artifacts),TraceRCA all dataset recursive service-fault CSV windows,RE2-SS/user_disk/3/logts.csv,logs,17167,selected
Zenodo record 14504481 (TraceRCA all dataset artifacts),TraceRCA all dataset recursive service-fault CSV windows,RE2-SS/user_disk/3/metrics.csv,metrics,6824715,selected
Zenodo record 14504481 (TraceRCA all dataset artifacts),TraceRCA all dataset recursive service-fault CSV windows,RE2-SS/user_disk/3/simple_metrics.csv,metrics,1257120,selected
Zenodo record 14504481 (TraceRCA all dataset artifacts),TraceRCA all dataset recursive service-fault CSV windows,RE2-SS/user_loss/1/logs.csv,logs,10690201,selected
Zenodo record 14504481 (TraceRCA all dataset artifacts),TraceRCA all dataset recursive service-fault CSV windows,RE2-SS/user_loss/1/logts.csv,logs,25930,selected
Zenodo record 14504481 (TraceRCA all dataset artifacts),TraceRCA all dataset recursive service-fault CSV windows,RE2-SS/user_loss/1/metrics.csv,metrics,6371667,selected
Zenodo record 14504481 (TraceRCA all dataset artifacts),TraceRCA all dataset recursive service-fault CSV windows,RE2-SS/user_loss/1/simple_metrics.csv,metrics,1139717,selected
Zenodo record 14504481 (TraceRCA all dataset artifacts),TraceRCA all dataset recursive service-fault CSV windows,RE2-SS/user_loss/2/logs.csv,logs,11699961,selected
Zenodo record 14504481 (TraceRCA all dataset artifacts),TraceRCA all dataset recursive service-fault CSV windows,RE2-SS/user_loss/2/logts.csv,logs,27135,selected
Zenodo record 14504481 (TraceRCA all dataset artifacts),TraceRCA all dataset recursive service-fault CSV windows,RE2-SS/user_loss/2/metrics.csv,metrics,6527832,selected
Zenodo record 14504481 (TraceRCA all dataset artifacts),TraceRCA all dataset recursive service-fault CSV windows,RE2-SS/user_loss/2/simple_metrics.csv,metrics,1167713,selected
Zenodo record 14504481 (TraceRCA all dataset artifacts),TraceRCA all dataset recursive service-fault CSV windows,RE2-SS/user_loss/3/logs.csv,logs,13217190,selected
Zenodo record 14504481 (TraceRCA all dataset artifacts),TraceRCA all dataset recursive service-fault CSV windows,RE2-SS/user_loss/3/logts.csv,logs,26956,selected
Zenodo record 14504481 (TraceRCA all dataset artifacts),TraceRCA all dataset recursive service-fault CSV windows,RE2-SS/user_loss/3/metrics.csv,metrics,6622527,selected
Zenodo record 14504481 (TraceRCA all dataset artifacts),TraceRCA all dataset recursive service-fault CSV windows,RE2-SS/user_loss/3/simple_metrics.csv,metrics,1198420,selected
Zenodo record 14504481 (TraceRCA all dataset artifacts),TraceRCA all dataset recursive service-fault CSV windows,RE2-SS/user_mem/1/logs.csv,logs,17623079,selected
Zenodo record 14504481 (TraceRCA all dataset artifacts),TraceRCA all dataset recursive service-fault CSV windows,RE2-SS/user_mem/1/logts.csv,logs,16095,selected
Zenodo record 14504481 (TraceRCA all dataset artifacts),TraceRCA all dataset recursive service-fault CSV windows,RE2-SS/user_mem/1/metrics.csv,metrics,6824802,selected
Zenodo record 14504481 (TraceRCA all dataset artifacts),TraceRCA all dataset recursive service-fault CSV windows,RE2-SS/user_mem/1/simple_metrics.csv,metrics,1245204,selected
Zenodo record 14504481 (TraceRCA all dataset artifacts),TraceRCA all dataset recursive service-fault CSV windows,RE2-SS/user_mem/2/logs.csv,logs,17412909,selected
Zenodo record 14504481 (TraceRCA all dataset artifacts),TraceRCA all dataset recursive service-fault CSV windows,RE2-SS/user_mem/2/logts.csv,logs,17095,selected
Zenodo record 14504481 (TraceRCA all dataset artifacts),TraceRCA all dataset recursive service-fault CSV windows,RE2-SS/user_mem/2/metrics.csv,metrics,6798258,selected
Zenodo record 14504481 (TraceRCA all dataset artifacts),TraceRCA all dataset recursive service-fault CSV windows,RE2-SS/user_mem/2/simple_metrics.csv,metrics,1245408,selected
Zenodo record 14504481 (TraceRCA all dataset artifacts),TraceRCA all dataset recursive service-fault CSV windows,RE2-SS/user_mem/3/logs.csv,logs,17380294,selected
Zenodo record 14504481 (TraceRCA all dataset artifacts),TraceRCA all dataset recursive service-fault CSV windows,RE2-SS/user_mem/3/logts.csv,logs,16217,selected
Zenodo record 14504481 (TraceRCA all dataset artifacts),TraceRCA all dataset recursive service-fault CSV windows,RE2-SS/user_mem/3/metrics.csv,metrics,6800423,selected
Zenodo record 14504481 (TraceRCA all dataset artifacts),TraceRCA all dataset recursive service-fault CSV windows,RE2-SS/user_mem/3/simple_metrics.csv,metrics,1251450,selected
Zenodo record 14504481 (TraceRCA all dataset artifacts),TraceRCA all dataset recursive service-fault CSV windows,RE2-SS/user_socket/1/logs.csv,logs,24909503,selected
Zenodo record 14504481 (TraceRCA all dataset artifacts),TraceRCA all dataset recursive service-fault CSV windows,RE2-SS/user_socket/1/logts.csv,logs,17345,selected
Zenodo record 14504481 (TraceRCA all dataset artifacts),TraceRCA all dataset recursive service-fault CSV windows,RE2-SS/user_socket/1/metrics.csv,metrics,6796222,selected
Zenodo record 14504481 (TraceRCA all dataset artifacts),TraceRCA all dataset recursive service-fault CSV windows,RE2-SS/user_socket/1/simple_metrics.csv,metrics,1249851,selected
Zenodo record 14504481 (TraceRCA all dataset artifacts),TraceRCA all dataset recursive service-fault CSV windows,RE2-SS/user_socket/2/logs.csv,logs,17347415,selected
Zenodo record 14504481 (TraceRCA all dataset artifacts),TraceRCA all dataset recursive service-fault CSV windows,RE2-SS/user_socket/2/logts.csv,logs,16635,selected
Zenodo record 14504481 (TraceRCA all dataset artifacts),TraceRCA all dataset recursive service-fault CSV windows,RE2-SS/user_socket/2/metrics.csv,metrics,6863275,selected
Zenodo record 14504481 (TraceRCA all dataset artifacts),TraceRCA all dataset recursive service-fault CSV windows,RE2-SS/user_socket/2/simple_metrics.csv,metrics,1247773,selected
Zenodo record 14504481 (TraceRCA all dataset artifacts),TraceRCA all dataset recursive service-fault CSV windows,RE2-SS/user_socket/3/logs.csv,logs,17499612,selected
Zenodo record 14504481 (TraceRCA all dataset artifacts),TraceRCA all dataset recursive service-fault CSV windows,RE2-SS/user_socket/3/logts.csv,logs,15890,selected
Zenodo record 14504481 (TraceRCA all dataset artifacts),TraceRCA all dataset recursive service-fault CSV windows,RE2-SS/user_socket/3/metrics.csv,metrics,6849094,selected
Zenodo record 14504481 (TraceRCA all dataset artifacts),TraceRCA all dataset recursive service-fault CSV windows,RE2-SS/user_socket/3/simple_metrics.csv,metrics,1253218,selected
Zenodo record 14504481 (TraceRCA all dataset artifacts),TraceRCA all dataset recursive service-fault CSV windows,RE2-TT/ts-auth-service_cpu/1/logs.csv,logs,181151448,selected
Zenodo record 14504481 (TraceRCA all dataset artifacts),TraceRCA all dataset recursive service-fault CSV windows,RE2-TT/ts-auth-service_cpu/1/logts.csv,logs,43577,selected
Zenodo record 14504481 (TraceRCA all dataset artifacts),TraceRCA all dataset recursive service-fault CSV windows,RE2-TT/ts-auth-service_cpu/1/metrics.csv,metrics,26832487,selected
Zenodo record 14504481 (TraceRCA all dataset artifacts),TraceRCA all dataset recursive service-fault CSV windows,RE2-TT/ts-auth-service_cpu/1/simple_metrics.csv,metrics,6220997,selected
Zenodo record 14504481 (TraceRCA all dataset artifacts),TraceRCA all dataset recursive service-fault CSV windows,RE2-TT/ts-auth-service_cpu/1/traces.csv,traces,174262891,selected
Zenodo record 14504481 (TraceRCA all dataset artifacts),TraceRCA all dataset recursive service-fault CSV windows,RE2-TT/ts-auth-service_cpu/1/tracets_err.csv,traces,68572,selected
Zenodo record 14504481 (TraceRCA all dataset artifacts),TraceRCA all dataset recursive service-fault CSV windows,RE2-TT/ts-auth-service_cpu/1/tracets_lat.csv,traces,54063,selected
Zenodo record 14504481 (TraceRCA all dataset artifacts),TraceRCA all dataset recursive service-fault CSV windows,RE2-TT/ts-auth-service_cpu/2/logs.csv,logs,136672054,selected
Zenodo record 14504481 (TraceRCA all dataset artifacts),TraceRCA all dataset recursive service-fault CSV windows,RE2-TT/ts-auth-service_cpu/2/logts.csv,logs,46209,selected
Zenodo record 14504481 (TraceRCA all dataset artifacts),TraceRCA all dataset recursive service-fault CSV windows,RE2-TT/ts-auth-service_cpu/2/metrics.csv,metrics,26706371,selected
Zenodo record 14504481 (TraceRCA all dataset artifacts),TraceRCA all dataset recursive service-fault CSV windows,RE2-TT/ts-auth-service_cpu/2/simple_metrics.csv,metrics,6202457,selected
Zenodo record 14504481 (TraceRCA all dataset artifacts),TraceRCA all dataset recursive service-fault CSV windows,RE2-TT/ts-auth-service_cpu/2/traces.csv,traces,128259258,selected
Zenodo record 14504481 (TraceRCA all dataset artifacts),TraceRCA all dataset recursive service-fault CSV windows,RE2-TT/ts-auth-service_cpu/2/tracets_err.csv,traces,68722,selected
Zenodo record 14504481 (TraceRCA all dataset artifacts),TraceRCA all dataset recursive service-fault CSV windows,RE2-TT/ts-auth-service_cpu/2/tracets_lat.csv,traces,47271,selected
Zenodo record 14504481 (TraceRCA all dataset artifacts),TraceRCA all dataset recursive service-fault CSV windows,RE2-TT/ts-auth-service_cpu/3/logs.csv,logs,160204681,selected
Zenodo record 14504481 (TraceRCA all dataset artifacts),TraceRCA all dataset recursive service-fault CSV windows,RE2-TT/ts-auth-service_cpu/3/logts.csv,logs,42505,selected
Zenodo record 14504481 (TraceRCA all dataset artifacts),TraceRCA all dataset recursive service-fault CSV windows,RE2-TT/ts-auth-service_cpu/3/metrics.csv,metrics,26779228,selected
Zenodo record 14504481 (TraceRCA all dataset artifacts),TraceRCA all dataset recursive service-fault CSV windows,RE2-TT/ts-auth-service_cpu/3/simple_metrics.csv,metrics,6208546,selected
Zenodo record 14504481 (TraceRCA all dataset artifacts),TraceRCA all dataset recursive service-fault CSV windows,RE2-TT/ts-auth-service_cpu/3/traces.csv,traces,137201604,selected
Zenodo record 14504481 (TraceRCA all dataset artifacts),TraceRCA all dataset recursive service-fault CSV windows,RE2-TT/ts-auth-service_cpu/3/tracets_err.csv,traces,68758,selected
Zenodo record 14504481 (TraceRCA all dataset artifacts),TraceRCA all dataset recursive service-fault CSV windows,RE2-TT/ts-auth-service_cpu/3/tracets_lat.csv,traces,49126,selected
Zenodo record 14504481 (TraceRCA all dataset artifacts),TraceRCA all dataset recursive service-fault CSV windows,RE2-TT/ts-auth-service_delay/1/logs.csv,logs,69432659,selected
Zenodo record 14504481 (TraceRCA all dataset artifacts),TraceRCA all dataset recursive service-fault CSV windows,RE2-TT/ts-auth-service_delay/1/logts.csv,logs,44285,selected
Zenodo record 14504481 (TraceRCA all dataset artifacts),TraceRCA all dataset recursive service-fault CSV windows,RE2-TT/ts-auth-service_delay/1/metrics.csv,metrics,26904724,selected
Zenodo record 14504481 (TraceRCA all dataset artifacts),TraceRCA all dataset recursive service-fault CSV windows,RE2-TT/ts-auth-service_delay/1/simple_metrics.csv,metrics,6217193,selected
Zenodo record 14504481 (TraceRCA all dataset artifacts),TraceRCA all dataset recursive service-fault CSV windows,RE2-TT/ts-auth-service_delay/1/traces.csv,traces,175380764,selected
Zenodo record 14504481 (TraceRCA all dataset artifacts),TraceRCA all dataset recursive service-fault CSV windows,RE2-TT/ts-auth-service_delay/1/tracets_err.csv,traces,72954,selected
Zenodo record 14504481 (TraceRCA all dataset artifacts),TraceRCA all dataset recursive service-fault CSV windows,RE2-TT/ts-auth-service_delay/1/tracets_lat.csv,traces,53718,selected
Zenodo record 14504481 (TraceRCA all dataset artifacts),TraceRCA all dataset recursive service-fault CSV windows,RE2-TT/ts-auth-service_delay/2/logs.csv,logs,83751200,selected
Zenodo record 14504481 (TraceRCA all dataset artifacts),TraceRCA all dataset recursive service-fault CSV windows,RE2-TT/ts-auth-service_delay/2/logts.csv,logs,41925,selected
Zenodo record 14504481 (TraceRCA all dataset artifacts),TraceRCA all dataset recursive service-fault CSV windows,RE2-TT/ts-auth-service_delay/2/metrics.csv,metrics,27002907,selected
Zenodo record 14504481 (TraceRCA all dataset artifacts),TraceRCA all dataset recursive service-fault CSV windows,RE2-TT/ts-auth-service_delay/2/simple_metrics.csv,metrics,6214817,selected
Zenodo record 14504481 (TraceRCA all dataset artifacts),TraceRCA all dataset recursive service-fault CSV windows,RE2-TT/ts-auth-service_delay/2/traces.csv,traces,100328191,selected
Zenodo record 14504481 (TraceRCA all dataset artifacts),TraceRCA all dataset recursive service-fault CSV windows,RE2-TT/ts-auth-service_delay/2/tracets_err.csv,traces,67131,selected
Zenodo record 14504481 (TraceRCA all dataset artifacts),TraceRCA all dataset recursive service-fault CSV windows,RE2-TT/ts-auth-service_delay/2/tracets_lat.csv,traces,53884,selected
Zenodo record 14504481 (TraceRCA all dataset artifacts),TraceRCA all dataset recursive service-fault CSV windows,RE2-TT/ts-auth-service_delay/3/logs.csv,logs,86998733,selected
Zenodo record 14504481 (TraceRCA all dataset artifacts),TraceRCA all dataset recursive service-fault CSV windows,RE2-TT/ts-auth-service_delay/3/logts.csv,logs,42047,selected
Zenodo record 14504481 (TraceRCA all dataset artifacts),TraceRCA all dataset recursive service-fault CSV windows,RE2-TT/ts-auth-service_delay/3/metrics.csv,metrics,26936028,selected
Zenodo record 14504481 (TraceRCA all dataset artifacts),TraceRCA all dataset recursive service-fault CSV windows,RE2-TT/ts-auth-service_delay/3/simple_metrics.csv,metrics,6232269,selected
Zenodo record 14504481 (TraceRCA all dataset artifacts),TraceRCA all dataset recursive service-fault CSV windows,RE2-TT/ts-auth-service_delay/3/traces.csv,traces,103200517,selected
Zenodo record 14504481 (TraceRCA all dataset artifacts),TraceRCA all dataset recursive service-fault CSV windows,RE2-TT/ts-auth-service_delay/3/tracets_err.csv,traces,66899,selected
Zenodo record 14504481 (TraceRCA all dataset artifacts),TraceRCA all dataset recursive service-fault CSV windows,RE2-TT/ts-auth-service_delay/3/tracets_lat.csv,traces,51157,selected
Zenodo record 14504481 (TraceRCA all dataset artifacts),TraceRCA all dataset recursive service-fault CSV windows,RE2-TT/ts-auth-service_disk/1/logs.csv,logs,98232998,selected
Zenodo record 14504481 (TraceRCA all dataset artifacts),TraceRCA all dataset recursive service-fault CSV windows,RE2-TT/ts-auth-service_disk/1/logts.csv,logs,49391,selected
Zenodo record 14504481 (TraceRCA all dataset artifacts),TraceRCA all dataset recursive service-fault CSV windows,RE2-TT/ts-auth-service_disk/1/metrics.csv,metrics,26984327,selected
Zenodo record 14504481 (TraceRCA all dataset artifacts),TraceRCA all dataset recursive service-fault CSV windows,RE2-TT/ts-auth-service_disk/1/simple_metrics.csv,metrics,6203755,selected
Zenodo record 14504481 (TraceRCA all dataset artifacts),TraceRCA all dataset recursive service-fault CSV windows,RE2-TT/ts-auth-service_disk/1/traces.csv,traces,106190659,selected
Zenodo record 14504481 (TraceRCA all dataset artifacts),TraceRCA all dataset recursive service-fault CSV windows,RE2-TT/ts-auth-service_disk/1/tracets_err.csv,traces,67387,selected
Zenodo record 14504481 (TraceRCA all dataset artifacts),TraceRCA all dataset recursive service-fault CSV windows,RE2-TT/ts-auth-service_disk/1/tracets_lat.csv,traces,53269,selected
Zenodo record 14504481 (TraceRCA all dataset artifacts),TraceRCA all dataset recursive service-fault CSV windows,RE2-TT/ts-auth-service_disk/2/logs.csv,logs,85128513,selected
Zenodo record 14504481 (TraceRCA all dataset artifacts),TraceRCA all dataset recursive service-fault CSV windows,RE2-TT/ts-auth-service_disk/2/logts.csv,logs,42340,selected
Zenodo record 14504481 (TraceRCA all dataset artifacts),TraceRCA all dataset recursive service-fault CSV windows,RE2-TT/ts-auth-service_disk/2/metrics.csv,metrics,26934710,selected
Zenodo record 14504481 (TraceRCA all dataset artifacts),TraceRCA all dataset recursive service-fault CSV windows,RE2-TT/ts-auth-service_disk/2/simple_metrics.csv,metrics,6184401,selected
Zenodo record 14504481 (TraceRCA all dataset artifacts),TraceRCA all dataset recursive service-fault CSV windows,RE2-TT/ts-auth-service_disk/2/traces.csv,traces,100052147,selected
Zenodo record 14504481 (TraceRCA all dataset artifacts),TraceRCA all dataset recursive service-fault CSV windows,RE2-TT/ts-auth-service_disk/2/tracets_err.csv,traces,67536,selected
Zenodo record 14504481 (TraceRCA all dataset artifacts),TraceRCA all dataset recursive service-fault CSV windows,RE2-TT/ts-auth-service_disk/2/tracets_lat.csv,traces,49283,selected
Zenodo record 14504481 (TraceRCA all dataset artifacts),TraceRCA all dataset recursive service-fault CSV windows,RE2-TT/ts-auth-service_disk/3/logs.csv,logs,117306111,selected
Zenodo record 14504481 (TraceRCA all dataset artifacts),TraceRCA all dataset recursive service-fault CSV windows,RE2-TT/ts-auth-service_disk/3/logts.csv,logs,42272,selected
Zenodo record 14504481 (TraceRCA all dataset artifacts),TraceRCA all dataset recursive service-fault CSV windows,RE2-TT/ts-auth-service_disk/3/metrics.csv,metrics,26895300,selected
Zenodo record 14504481 (TraceRCA all dataset artifacts),TraceRCA all dataset recursive service-fault CSV windows,RE2-TT/ts-auth-service_disk/3/simple_metrics.csv,metrics,6205531,selected
Zenodo record 14504481 (TraceRCA all dataset artifacts),TraceRCA all dataset recursive service-fault CSV windows,RE2-TT/ts-auth-service_disk/3/traces.csv,traces,114741842,selected
Zenodo record 14504481 (TraceRCA all dataset artifacts),TraceRCA all dataset recursive service-fault CSV windows,RE2-TT/ts-auth-service_disk/3/tracets_err.csv,traces,68425,selected
Zenodo record 14504481 (TraceRCA all dataset artifacts),TraceRCA all dataset recursive service-fault CSV windows,RE2-TT/ts-auth-service_disk/3/tracets_lat.csv,traces,54552,selected
Zenodo record 14504481 (TraceRCA all dataset artifacts),TraceRCA all dataset recursive service-fault CSV windows,RE2-TT/ts-auth-service_loss/1/logs.csv,logs,163019611,selected
Zenodo record 14504481 (TraceRCA all dataset artifacts),TraceRCA all dataset recursive service-fault CSV windows,RE2-TT/ts-auth-service_loss/1/logts.csv,logs,44526,selected
Zenodo record 14504481 (TraceRCA all dataset artifacts),TraceRCA all dataset recursive service-fault CSV windows,RE2-TT/ts-auth-service_loss/1/metrics.csv,metrics,26777942,selected
Zenodo record 14504481 (TraceRCA all dataset artifacts),TraceRCA all dataset recursive service-fault CSV windows,RE2-TT/ts-auth-service_loss/1/simple_metrics.csv,metrics,6205438,selected
Zenodo record 14504481 (TraceRCA all dataset artifacts),TraceRCA all dataset recursive service-fault CSV windows,RE2-TT/ts-auth-service_loss/1/traces.csv,traces,146794316,selected
Zenodo record 14504481 (TraceRCA all dataset artifacts),TraceRCA all dataset recursive service-fault CSV windows,RE2-TT/ts-auth-service_loss/1/tracets_err.csv,traces,68551,selected
Zenodo record 14504481 (TraceRCA all dataset artifacts),TraceRCA all dataset recursive service-fault CSV windows,RE2-TT/ts-auth-service_loss/1/tracets_lat.csv,traces,55946,selected
Zenodo record 14504481 (TraceRCA all dataset artifacts),TraceRCA all dataset recursive service-fault CSV windows,RE2-TT/ts-auth-service_loss/2/logs.csv,logs,118961492,selected
Zenodo record 14504481 (TraceRCA all dataset artifacts),TraceRCA all dataset recursive service-fault CSV windows,RE2-TT/ts-auth-service_loss/2/logts.csv,logs,41891,selected
Zenodo record 14504481 (TraceRCA all dataset artifacts),TraceRCA all dataset recursive service-fault CSV windows,RE2-TT/ts-auth-service_loss/2/metrics.csv,metrics,27038341,selected
Zenodo record 14504481 (TraceRCA all dataset artifacts),TraceRCA all dataset recursive service-fault CSV windows,RE2-TT/ts-auth-service_loss/2/simple_metrics.csv,metrics,6236648,selected
Zenodo record 14504481 (TraceRCA all dataset artifacts),TraceRCA all dataset recursive service-fault CSV windows,RE2-TT/ts-auth-service_loss/2/traces.csv,traces,118385584,selected
Zenodo record 14504481 (TraceRCA all dataset artifacts),TraceRCA all dataset recursive service-fault CSV windows,RE2-TT/ts-auth-service_loss/2/tracets_err.csv,traces,68689,selected
Zenodo record 14504481 (TraceRCA all dataset artifacts),TraceRCA all dataset recursive service-fault CSV windows,RE2-TT/ts-auth-service_loss/2/tracets_lat.csv,traces,49154,selected
Zenodo record 14504481 (TraceRCA all dataset artifacts),TraceRCA all dataset recursive service-fault CSV windows,RE2-TT/ts-auth-service_loss/3/logs.csv,logs,146952444,selected
Zenodo record 14504481 (TraceRCA all dataset artifacts),TraceRCA all dataset recursive service-fault CSV windows,RE2-TT/ts-auth-service_loss/3/logts.csv,logs,41700,selected
Zenodo record 14504481 (TraceRCA all dataset artifacts),TraceRCA all dataset recursive service-fault CSV windows,RE2-TT/ts-auth-service_loss/3/metrics.csv,metrics,26794038,selected
Zenodo record 14504481 (TraceRCA all dataset artifacts),TraceRCA all dataset recursive service-fault CSV windows,RE2-TT/ts-auth-service_loss/3/simple_metrics.csv,metrics,6225368,selected
Zenodo record 14504481 (TraceRCA all dataset artifacts),TraceRCA all dataset recursive service-fault CSV windows,RE2-TT/ts-auth-service_loss/3/traces.csv,traces,94078275,selected
Zenodo record 14504481 (TraceRCA all dataset artifacts),TraceRCA all dataset recursive service-fault CSV windows,RE2-TT/ts-auth-service_loss/3/tracets_err.csv,traces,72954,selected
Zenodo record 14504481 (TraceRCA all dataset artifacts),TraceRCA all dataset recursive service-fault CSV windows,RE2-TT/ts-auth-service_loss/3/tracets_lat.csv,traces,57697,selected
Zenodo record 14504481 (TraceRCA all dataset artifacts),TraceRCA all dataset recursive service-fault CSV windows,RE2-TT/ts-auth-service_mem/1/logs.csv,logs,194098003,selected
Zenodo record 14504481 (TraceRCA all dataset artifacts),TraceRCA all dataset recursive service-fault CSV windows,RE2-TT/ts-auth-service_mem/1/logts.csv,logs,42081,selected
Zenodo record 14504481 (TraceRCA all dataset artifacts),TraceRCA all dataset recursive service-fault CSV windows,RE2-TT/ts-auth-service_mem/1/metrics.csv,metrics,26864285,selected
Zenodo record 14504481 (TraceRCA all dataset artifacts),TraceRCA all dataset recursive service-fault CSV windows,RE2-TT/ts-auth-service_mem/1/simple_metrics.csv,metrics,6242457,selected
Zenodo record 14504481 (TraceRCA all dataset artifacts),TraceRCA all dataset recursive service-fault CSV windows,RE2-TT/ts-auth-service_mem/1/traces.csv,traces,165926163,selected
Zenodo record 14504481 (TraceRCA all dataset artifacts),TraceRCA all dataset recursive service-fault CSV windows,RE2-TT/ts-auth-service_mem/1/tracets_err.csv,traces,68533,selected
Zenodo record 14504481 (TraceRCA all dataset artifacts),TraceRCA all dataset recursive service-fault CSV windows,RE2-TT/ts-auth-service_mem/1/tracets_lat.csv,traces,53671,selected
Zenodo record 14504481 (TraceRCA all dataset artifacts),TraceRCA all dataset recursive service-fault CSV windows,RE2-TT/ts-auth-service_mem/2/logs.csv,logs,171548384,selected
Zenodo record 14504481 (TraceRCA all dataset artifacts),TraceRCA all dataset recursive service-fault CSV windows,RE2-TT/ts-auth-service_mem/2/logts.csv,logs,50331,selected
Zenodo record 14504481 (TraceRCA all dataset artifacts),TraceRCA all dataset recursive service-fault CSV windows,RE2-TT/ts-auth-service_mem/2/metrics.csv,metrics,26819411,selected
Zenodo record 14504481 (TraceRCA all dataset artifacts),TraceRCA all dataset recursive service-fault CSV windows,RE2-TT/ts-auth-service_mem/2/simple_metrics.csv,metrics,6231078,selected
Zenodo record 14504481 (TraceRCA all dataset artifacts),TraceRCA all dataset recursive service-fault CSV windows,RE2-TT/ts-auth-service_mem/2/traces.csv,traces,171608204,selected
Zenodo record 14504481 (TraceRCA all dataset artifacts),TraceRCA all dataset recursive service-fault CSV windows,RE2-TT/ts-auth-service_mem/2/tracets_err.csv,traces,68059,selected
Zenodo record 14504481 (TraceRCA all dataset artifacts),TraceRCA all dataset recursive service-fault CSV windows,RE2-TT/ts-auth-service_mem/2/tracets_lat.csv,traces,50083,selected
Zenodo record 14504481 (TraceRCA all dataset artifacts),TraceRCA all dataset recursive service-fault CSV windows,RE2-TT/ts-auth-service_mem/3/logs.csv,logs,80675815,selected
Zenodo record 14504481 (TraceRCA all dataset artifacts),TraceRCA all dataset recursive service-fault CSV windows,RE2-TT/ts-auth-service_mem/3/logts.csv,logs,42305,selected
Zenodo record 14504481 (TraceRCA all dataset artifacts),TraceRCA all dataset recursive service-fault CSV windows,RE2-TT/ts-auth-service_mem/3/metrics.csv,metrics,26972282,selected
Zenodo record 14504481 (TraceRCA all dataset artifacts),TraceRCA all dataset recursive service-fault CSV windows,RE2-TT/ts-auth-service_mem/3/simple_metrics.csv,metrics,6187608,selected
Zenodo record 14504481 (TraceRCA all dataset artifacts),TraceRCA all dataset recursive service-fault CSV windows,RE2-TT/ts-auth-service_mem/3/traces.csv,traces,95152767,selected
Zenodo record 14504481 (TraceRCA all dataset artifacts),TraceRCA all dataset recursive service-fault CSV windows,RE2-TT/ts-auth-service_mem/3/tracets_err.csv,traces,67248,selected
Zenodo record 14504481 (TraceRCA all dataset artifacts),TraceRCA all dataset recursive service-fault CSV windows,RE2-TT/ts-auth-service_mem/3/tracets_lat.csv,traces,51891,selected
Zenodo record 14504481 (TraceRCA all dataset artifacts),TraceRCA all dataset recursive service-fault CSV windows,RE2-TT/ts-auth-service_socket/1/logs.csv,logs,132796158,selected
Zenodo record 14504481 (TraceRCA all dataset artifacts),TraceRCA all dataset recursive service-fault CSV windows,RE2-TT/ts-auth-service_socket/1/logts.csv,logs,41685,selected
Zenodo record 14504481 (TraceRCA all dataset artifacts),TraceRCA all dataset recursive service-fault CSV windows,RE2-TT/ts-auth-service_socket/1/metrics.csv,metrics,26835672,selected
Zenodo record 14504481 (TraceRCA all dataset artifacts),TraceRCA all dataset recursive service-fault CSV windows,RE2-TT/ts-auth-service_socket/1/simple_metrics.csv,metrics,6197585,selected
Zenodo record 14504481 (TraceRCA all dataset artifacts),TraceRCA all dataset recursive service-fault CSV windows,RE2-TT/ts-auth-service_socket/1/traces.csv,traces,126918737,selected
Zenodo record 14504481 (TraceRCA all dataset artifacts),TraceRCA all dataset recursive service-fault CSV windows,RE2-TT/ts-auth-service_socket/1/tracets_err.csv,traces,68929,selected
Zenodo record 14504481 (TraceRCA all dataset artifacts),TraceRCA all dataset recursive service-fault CSV windows,RE2-TT/ts-auth-service_socket/1/tracets_lat.csv,traces,46184,selected
Zenodo record 14504481 (TraceRCA all dataset artifacts),TraceRCA all dataset recursive service-fault CSV windows,RE2-TT/ts-auth-service_socket/2/logs.csv,logs,112940518,selected
Zenodo record 14504481 (TraceRCA all dataset artifacts),TraceRCA all dataset recursive service-fault CSV windows,RE2-TT/ts-auth-service_socket/2/logts.csv,logs,41897,selected
Zenodo record 14504481 (TraceRCA all dataset artifacts),TraceRCA all dataset recursive service-fault CSV windows,RE2-TT/ts-auth-service_socket/2/metrics.csv,metrics,26767647,selected
Zenodo record 14504481 (TraceRCA all dataset artifacts),TraceRCA all dataset recursive service-fault CSV windows,RE2-TT/ts-auth-service_socket/2/simple_metrics.csv,metrics,6162834,selected
Zenodo record 14504481 (TraceRCA all dataset artifacts),TraceRCA all dataset recursive service-fault CSV windows,RE2-TT/ts-auth-service_socket/2/traces.csv,traces,114442734,selected
Zenodo record 14504481 (TraceRCA all dataset artifacts),TraceRCA all dataset recursive service-fault CSV windows,RE2-TT/ts-auth-service_socket/2/tracets_err.csv,traces,68464,selected
Zenodo record 14504481 (TraceRCA all dataset artifacts),TraceRCA all dataset recursive service-fault CSV windows,RE2-TT/ts-auth-service_socket/2/tracets_lat.csv,traces,52448,selected
Zenodo record 14504481 (TraceRCA all dataset artifacts),TraceRCA all dataset recursive service-fault CSV windows,RE2-TT/ts-auth-service_socket/3/logs.csv,logs,180031936,selected
Zenodo record 14504481 (TraceRCA all dataset artifacts),TraceRCA all dataset recursive service-fault CSV windows,RE2-TT/ts-auth-service_socket/3/logts.csv,logs,43424,selected
Zenodo record 14504481 (TraceRCA all dataset artifacts),TraceRCA all dataset recursive service-fault CSV windows,RE2-TT/ts-auth-service_socket/3/metrics.csv,metrics,26785479,selected
Zenodo record 14504481 (TraceRCA all dataset artifacts),TraceRCA all dataset recursive service-fault CSV windows,RE2-TT/ts-auth-service_socket/3/simple_metrics.csv,metrics,6224490,selected
Zenodo record 14504481 (TraceRCA all dataset artifacts),TraceRCA all dataset recursive service-fault CSV windows,RE2-TT/ts-auth-service_socket/3/traces.csv,traces,144692435,selected
Zenodo record 14504481 (TraceRCA all dataset artifacts),TraceRCA all dataset recursive service-fault CSV windows,RE2-TT/ts-auth-service_socket/3/tracets_err.csv,traces,68869,selected
Zenodo record 14504481 (TraceRCA all dataset artifacts),TraceRCA all dataset recursive service-fault CSV windows,RE2-TT/ts-auth-service_socket/3/tracets_lat.csv,traces,45754,selected
Zenodo record 14504481 (TraceRCA all dataset artifacts),TraceRCA all dataset recursive service-fault CSV windows,RE2-TT/ts-order-service_cpu/1/logs.csv,logs,81638958,selected
Zenodo record 14504481 (TraceRCA all dataset artifacts),TraceRCA all dataset recursive service-fault CSV windows,RE2-TT/ts-order-service_cpu/1/logts.csv,logs,44025,selected
Zenodo record 14504481 (TraceRCA all dataset artifacts),TraceRCA all dataset recursive service-fault CSV windows,RE2-TT/ts-order-service_cpu/1/metrics.csv,metrics,26979675,selected
Zenodo record 14504481 (TraceRCA all dataset artifacts),TraceRCA all dataset recursive service-fault CSV windows,RE2-TT/ts-order-service_cpu/1/simple_metrics.csv,metrics,6187657,selected
Zenodo record 14504481 (TraceRCA all dataset artifacts),TraceRCA all dataset recursive service-fault CSV windows,RE2-TT/ts-order-service_cpu/1/traces.csv,traces,96611916,selected
Zenodo record 14504481 (TraceRCA all dataset artifacts),TraceRCA all dataset recursive service-fault CSV windows,RE2-TT/ts-order-service_cpu/1/tracets_err.csv,traces,67281,selected
Zenodo record 14504481 (TraceRCA all dataset artifacts),TraceRCA all dataset recursive service-fault CSV windows,RE2-TT/ts-order-service_cpu/1/tracets_lat.csv,traces,50442,selected
Zenodo record 14504481 (TraceRCA all dataset artifacts),TraceRCA all dataset recursive service-fault CSV windows,RE2-TT/ts-order-service_cpu/2/logs.csv,logs,120480029,selected
Zenodo record 14504481 (TraceRCA all dataset artifacts),TraceRCA all dataset recursive service-fault CSV windows,RE2-TT/ts-order-service_cpu/2/logts.csv,logs,42379,selected
Zenodo record 14504481 (TraceRCA all dataset artifacts),TraceRCA all dataset recursive service-fault CSV windows,RE2-TT/ts-order-service_cpu/2/metrics.csv,metrics,26803221,selected
Zenodo record 14504481 (TraceRCA all dataset artifacts),TraceRCA all dataset recursive service-fault CSV windows,RE2-TT/ts-order-service_cpu/2/simple_metrics.csv,metrics,6239729,selected
Zenodo record 14504481 (TraceRCA all dataset artifacts),TraceRCA all dataset recursive service-fault CSV windows,RE2-TT/ts-order-service_cpu/2/traces.csv,traces,124237930,selected
Zenodo record 14504481 (TraceRCA all dataset artifacts),TraceRCA all dataset recursive service-fault CSV windows,RE2-TT/ts-order-service_cpu/2/tracets_err.csv,traces,68752,selected
Zenodo record 14504481 (TraceRCA all dataset artifacts),TraceRCA all dataset recursive service-fault CSV windows,RE2-TT/ts-order-service_cpu/2/tracets_lat.csv,traces,49233,selected
Zenodo record 14504481 (TraceRCA all dataset artifacts),TraceRCA all dataset recursive service-fault CSV windows,RE2-TT/ts-order-service_cpu/3/logs.csv,logs,145912939,selected
Zenodo record 14504481 (TraceRCA all dataset artifacts),TraceRCA all dataset recursive service-fault CSV windows,RE2-TT/ts-order-service_cpu/3/logts.csv,logs,44117,selected
Zenodo record 14504481 (TraceRCA all dataset artifacts),TraceRCA all dataset recursive service-fault CSV windows,RE2-TT/ts-order-service_cpu/3/metrics.csv,metrics,26752856,selected
Zenodo record 14504481 (TraceRCA all dataset artifacts),TraceRCA all dataset recursive service-fault CSV windows,RE2-TT/ts-order-service_cpu/3/simple_metrics.csv,metrics,6227684,selected
Zenodo record 14504481 (TraceRCA all dataset artifacts),TraceRCA all dataset recursive service-fault CSV windows,RE2-TT/ts-order-service_cpu/3/traces.csv,traces,129659891,selected
Zenodo record 14504481 (TraceRCA all dataset artifacts),TraceRCA all dataset recursive service-fault CSV windows,RE2-TT/ts-order-service_cpu/3/tracets_err.csv,traces,65685,selected
Zenodo record 14504481 (TraceRCA all dataset artifacts),TraceRCA all dataset recursive service-fault CSV windows,RE2-TT/ts-order-service_cpu/3/tracets_lat.csv,traces,51443,selected
Zenodo record 14504481 (TraceRCA all dataset artifacts),TraceRCA all dataset recursive service-fault CSV windows,RE2-TT/ts-order-service_delay/1/logs.csv,logs,39065823,selected
Zenodo record 14504481 (TraceRCA all dataset artifacts),TraceRCA all dataset recursive service-fault CSV windows,RE2-TT/ts-order-service_delay/1/logts.csv,logs,32523,selected
Zenodo record 14504481 (TraceRCA all dataset artifacts),TraceRCA all dataset recursive service-fault CSV windows,RE2-TT/ts-order-service_delay/1/metrics.csv,metrics,26748564,selected
Zenodo record 14504481 (TraceRCA all dataset artifacts),TraceRCA all dataset recursive service-fault CSV windows,RE2-TT/ts-order-service_delay/1/simple_metrics.csv,metrics,6191814,selected
Zenodo record 14504481 (TraceRCA all dataset artifacts),TraceRCA all dataset recursive service-fault CSV windows,RE2-TT/ts-order-service_delay/1/traces.csv,traces,118314569,selected
Zenodo record 14504481 (TraceRCA all dataset artifacts),TraceRCA all dataset recursive service-fault CSV windows,RE2-TT/ts-order-service_delay/1/tracets_err.csv,traces,59407,selected
Zenodo record 14504481 (TraceRCA all dataset artifacts),TraceRCA all dataset recursive service-fault CSV windows,RE2-TT/ts-order-service_delay/1/tracets_lat.csv,traces,51853,selected
Zenodo record 14504481 (TraceRCA all dataset artifacts),TraceRCA all dataset recursive service-fault CSV windows,RE2-TT/ts-order-service_delay/2/logs.csv,logs,13706314,selected
Zenodo record 14504481 (TraceRCA all dataset artifacts),TraceRCA all dataset recursive service-fault CSV windows,RE2-TT/ts-order-service_delay/2/logts.csv,logs,12139,selected
Zenodo record 14504481 (TraceRCA all dataset artifacts),TraceRCA all dataset recursive service-fault CSV windows,RE2-TT/ts-order-service_delay/2/metrics.csv,metrics,25640182,selected
Zenodo record 14504481 (TraceRCA all dataset artifacts),TraceRCA all dataset recursive service-fault CSV windows,RE2-TT/ts-order-service_delay/2/simple_metrics.csv,metrics,5818799,selected
Zenodo record 14504481 (TraceRCA all dataset artifacts),TraceRCA all dataset recursive service-fault CSV windows,RE2-TT/ts-order-service_delay/2/traces.csv,traces,18824990,selected
Zenodo record 14504481 (TraceRCA all dataset artifacts),TraceRCA all dataset recursive service-fault CSV windows,RE2-TT/ts-order-service_delay/2/tracets_err.csv,traces,34191,selected
Zenodo record 14504481 (TraceRCA all dataset artifacts),TraceRCA all dataset recursive service-fault CSV windows,RE2-TT/ts-order-service_delay/2/tracets_lat.csv,traces,26822,selected
Zenodo record 14504481 (TraceRCA all dataset artifacts),TraceRCA all dataset recursive service-fault CSV windows,RE2-TT/ts-order-service_delay/3/logs.csv,logs,13976819,selected
Zenodo record 14504481 (TraceRCA all dataset artifacts),TraceRCA all dataset recursive service-fault CSV windows,RE2-TT/ts-order-service_delay/3/logts.csv,logs,11715,selected
Zenodo record 14504481 (TraceRCA all dataset artifacts),TraceRCA all dataset recursive service-fault CSV windows,RE2-TT/ts-order-service_delay/3/metrics.csv,metrics,25362143,selected
Zenodo record 14504481 (TraceRCA all dataset artifacts),TraceRCA all dataset recursive service-fault CSV windows,RE2-TT/ts-order-service_delay/3/simple_metrics.csv,metrics,5821428,selected
Zenodo record 14504481 (TraceRCA all dataset artifacts),TraceRCA all dataset recursive service-fault CSV windows,RE2-TT/ts-order-service_delay/3/traces.csv,traces,19168344,selected
Zenodo record 14504481 (TraceRCA all dataset artifacts),TraceRCA all dataset recursive service-fault CSV windows,RE2-TT/ts-order-service_delay/3/tracets_err.csv,traces,34239,selected
Zenodo record 14504481 (TraceRCA all dataset artifacts),TraceRCA all dataset recursive service-fault CSV windows,RE2-TT/ts-order-service_delay/3/tracets_lat.csv,traces,24345,selected
Zenodo record 14504481 (TraceRCA all dataset artifacts),TraceRCA all dataset recursive service-fault CSV windows,RE2-TT/ts-order-service_disk/1/logs.csv,logs,193577971,selected
Zenodo record 14504481 (TraceRCA all dataset artifacts),TraceRCA all dataset recursive service-fault CSV windows,RE2-TT/ts-order-service_disk/1/logts.csv,logs,72841,selected
Zenodo record 14504481 (TraceRCA all dataset artifacts),TraceRCA all dataset recursive service-fault CSV windows,RE2-TT/ts-order-service_disk/1/metrics.csv,metrics,26793464,selected
Zenodo record 14504481 (TraceRCA all dataset artifacts),TraceRCA all dataset recursive service-fault CSV windows,RE2-TT/ts-order-service_disk/1/simple_metrics.csv,metrics,6224942,selected
Zenodo record 14504481 (TraceRCA all dataset artifacts),TraceRCA all dataset recursive service-fault CSV windows,RE2-TT/ts-order-service_disk/1/traces.csv,traces,160817037,selected
Zenodo record 14504481 (TraceRCA all dataset artifacts),TraceRCA all dataset recursive service-fault CSV windows,RE2-TT/ts-order-service_disk/1/tracets_err.csv,traces,68185,selected
Zenodo record 14504481 (TraceRCA all dataset artifacts),TraceRCA all dataset recursive service-fault CSV windows,RE2-TT/ts-order-service_disk/1/tracets_lat.csv,traces,58142,selected
Zenodo record 14504481 (TraceRCA all dataset artifacts),TraceRCA all dataset recursive service-fault CSV windows,RE2-TT/ts-order-service_disk/2/logs.csv,logs,14075404,selected
Zenodo record 14504481 (TraceRCA all dataset artifacts),TraceRCA all dataset recursive service-fault CSV windows,RE2-TT/ts-order-service_disk/2/logts.csv,logs,11939,selected
Zenodo record 14504481 (TraceRCA all dataset artifacts),TraceRCA all dataset recursive service-fault CSV windows,RE2-TT/ts-order-service_disk/2/metrics.csv,metrics,25553891,selected
Zenodo record 14504481 (TraceRCA all dataset artifacts),TraceRCA all dataset recursive service-fault CSV windows,RE2-TT/ts-order-service_disk/2/simple_metrics.csv,metrics,5828473,selected
Zenodo record 14504481 (TraceRCA all dataset artifacts),TraceRCA all dataset recursive service-fault CSV windows,RE2-TT/ts-order-service_disk/2/traces.csv,traces,19193219,selected
Zenodo record 14504481 (TraceRCA all dataset artifacts),TraceRCA all dataset recursive service-fault CSV windows,RE2-TT/ts-order-service_disk/2/tracets_err.csv,traces,34206,selected
Zenodo record 14504481 (TraceRCA all dataset artifacts),TraceRCA all dataset recursive service-fault CSV windows,RE2-TT/ts-order-service_disk/2/tracets_lat.csv,traces,25864,selected
Zenodo record 14504481 (TraceRCA all dataset artifacts),TraceRCA all dataset recursive service-fault CSV windows,RE2-TT/ts-order-service_disk/3/logs.csv,logs,14210731,selected
Zenodo record 14504481 (TraceRCA all dataset artifacts),TraceRCA all dataset recursive service-fault CSV windows,RE2-TT/ts-order-service_disk/3/logts.csv,logs,11728,selected
Zenodo record 14504481 (TraceRCA all dataset artifacts),TraceRCA all dataset recursive service-fault CSV windows,RE2-TT/ts-order-service_disk/3/metrics.csv,metrics,25260335,selected
Zenodo record 14504481 (TraceRCA all dataset artifacts),TraceRCA all dataset recursive service-fault CSV windows,RE2-TT/ts-order-service_disk/3/simple_metrics.csv,metrics,5807045,selected
Zenodo record 14504481 (TraceRCA all dataset artifacts),TraceRCA all dataset recursive service-fault CSV windows,RE2-TT/ts-order-service_disk/3/traces.csv,traces,19335577,selected
Zenodo record 14504481 (TraceRCA all dataset artifacts),TraceRCA all dataset recursive service-fault CSV windows,RE2-TT/ts-order-service_disk/3/tracets_err.csv,traces,34128,selected
Zenodo record 14504481 (TraceRCA all dataset artifacts),TraceRCA all dataset recursive service-fault CSV windows,RE2-TT/ts-order-service_disk/3/tracets_lat.csv,traces,25403,selected
Zenodo record 14504481 (TraceRCA all dataset artifacts),TraceRCA all dataset recursive service-fault CSV windows,RE2-TT/ts-order-service_loss/1/logs.csv,logs,163847763,selected
Zenodo record 14504481 (TraceRCA all dataset artifacts),TraceRCA all dataset recursive service-fault CSV windows,RE2-TT/ts-order-service_loss/1/logts.csv,logs,43754,selected
Zenodo record 14504481 (TraceRCA all dataset artifacts),TraceRCA all dataset recursive service-fault CSV windows,RE2-TT/ts-order-service_loss/1/metrics.csv,metrics,26921547,selected
Zenodo record 14504481 (TraceRCA all dataset artifacts),TraceRCA all dataset recursive service-fault CSV windows,RE2-TT/ts-order-service_loss/1/simple_metrics.csv,metrics,6260713,selected
Zenodo record 14504481 (TraceRCA all dataset artifacts),TraceRCA all dataset recursive service-fault CSV windows,RE2-TT/ts-order-service_loss/1/traces.csv,traces,196831673,selected
Zenodo record 14504481 (TraceRCA all dataset artifacts),TraceRCA all dataset recursive service-fault CSV windows,RE2-TT/ts-order-service_loss/1/tracets_err.csv,traces,68575,selected
Zenodo record 14504481 (TraceRCA all dataset artifacts),TraceRCA all dataset recursive service-fault CSV windows,RE2-TT/ts-order-service_loss/1/tracets_lat.csv,traces,56986,selected
Zenodo record 14504481 (TraceRCA all dataset artifacts),TraceRCA all dataset recursive service-fault CSV windows,RE2-TT/ts-order-service_loss/2/logs.csv,logs,14104991,selected
Zenodo record 14504481 (TraceRCA all dataset artifacts),TraceRCA all dataset recursive service-fault CSV windows,RE2-TT/ts-order-service_loss/2/logts.csv,logs,11721,selected
Zenodo record 14504481 (TraceRCA all dataset artifacts),TraceRCA all dataset recursive service-fault CSV windows,RE2-TT/ts-order-service_loss/2/metrics.csv,metrics,25224551,selected
Zenodo record 14504481 (TraceRCA all dataset artifacts),TraceRCA all dataset recursive service-fault CSV windows,RE2-TT/ts-order-service_loss/2/simple_metrics.csv,metrics,5791006,selected
Zenodo record 14504481 (TraceRCA all dataset artifacts),TraceRCA all dataset recursive service-fault CSV windows,RE2-TT/ts-order-service_loss/2/traces.csv,traces,19333120,selected
Zenodo record 14504481 (TraceRCA all dataset artifacts),TraceRCA all dataset recursive service-fault CSV windows,RE2-TT/ts-order-service_loss/2/tracets_err.csv,traces,34182,selected
Zenodo record 14504481 (TraceRCA all dataset artifacts),TraceRCA all dataset recursive service-fault CSV windows,RE2-TT/ts-order-service_loss/2/tracets_lat.csv,traces,25452,selected
Zenodo record 14504481 (TraceRCA all dataset artifacts),TraceRCA all dataset recursive service-fault CSV windows,RE2-TT/ts-order-service_loss/3/logs.csv,logs,14146517,selected
Zenodo record 14504481 (TraceRCA all dataset artifacts),TraceRCA all dataset recursive service-fault CSV windows,RE2-TT/ts-order-service_loss/3/logts.csv,logs,11616,selected
Zenodo record 14504481 (TraceRCA all dataset artifacts),TraceRCA all dataset recursive service-fault CSV windows,RE2-TT/ts-order-service_loss/3/metrics.csv,metrics,25243846,selected
Zenodo record 14504481 (TraceRCA all dataset artifacts),TraceRCA all dataset recursive service-fault CSV windows,RE2-TT/ts-order-service_loss/3/simple_metrics.csv,metrics,5769391,selected
Zenodo record 14504481 (TraceRCA all dataset artifacts),TraceRCA all dataset recursive service-fault CSV windows,RE2-TT/ts-order-service_loss/3/traces.csv,traces,19345952,selected
Zenodo record 14504481 (TraceRCA all dataset artifacts),TraceRCA all dataset recursive service-fault CSV windows,RE2-TT/ts-order-service_loss/3/tracets_err.csv,traces,33968,selected
Zenodo record 14504481 (TraceRCA all dataset artifacts),TraceRCA all dataset recursive service-fault CSV windows,RE2-TT/ts-order-service_loss/3/tracets_lat.csv,traces,20528,selected
Zenodo record 14504481 (TraceRCA all dataset artifacts),TraceRCA all dataset recursive service-fault CSV windows,RE2-TT/ts-order-service_mem/1/logs.csv,logs,77358587,selected
Zenodo record 14504481 (TraceRCA all dataset artifacts),TraceRCA all dataset recursive service-fault CSV windows,RE2-TT/ts-order-service_mem/1/logts.csv,logs,42083,selected
Zenodo record 14504481 (TraceRCA all dataset artifacts),TraceRCA all dataset recursive service-fault CSV windows,RE2-TT/ts-order-service_mem/1/metrics.csv,metrics,27072064,selected
Zenodo record 14504481 (TraceRCA all dataset artifacts),TraceRCA all dataset recursive service-fault CSV windows,RE2-TT/ts-order-service_mem/1/simple_metrics.csv,metrics,6224345,selected
Zenodo record 14504481 (TraceRCA all dataset artifacts),TraceRCA all dataset recursive service-fault CSV windows,RE2-TT/ts-order-service_mem/1/traces.csv,traces,93759035,selected
Zenodo record 14504481 (TraceRCA all dataset artifacts),TraceRCA all dataset recursive service-fault CSV windows,RE2-TT/ts-order-service_mem/1/tracets_err.csv,traces,67566,selected
Zenodo record 14504481 (TraceRCA all dataset artifacts),TraceRCA all dataset recursive service-fault CSV windows,RE2-TT/ts-order-service_mem/1/tracets_lat.csv,traces,49072,selected
Zenodo record 14504481 (TraceRCA all dataset artifacts),TraceRCA all dataset recursive service-fault CSV windows,RE2-TT/ts-order-service_mem/2/logs.csv,logs,84787588,selected
Zenodo record 14504481 (TraceRCA all dataset artifacts),TraceRCA all dataset recursive service-fault CSV windows,RE2-TT/ts-order-service_mem/2/logts.csv,logs,42729,selected
Zenodo record 14504481 (TraceRCA all dataset artifacts),TraceRCA all dataset recursive service-fault CSV windows,RE2-TT/ts-order-service_mem/2/metrics.csv,metrics,27024518,selected
Zenodo record 14504481 (TraceRCA all dataset artifacts),TraceRCA all dataset recursive service-fault CSV windows,RE2-TT/ts-order-service_mem/2/simple_metrics.csv,metrics,6211696,selected
Zenodo record 14504481 (TraceRCA all dataset artifacts),TraceRCA all dataset recursive service-fault CSV windows,RE2-TT/ts-order-service_mem/2/traces.csv,traces,100714345,selected
Zenodo record 14504481 (TraceRCA all dataset artifacts),TraceRCA all dataset recursive service-fault CSV windows,RE2-TT/ts-order-service_mem/2/tracets_err.csv,traces,67722,selected
Zenodo record 14504481 (TraceRCA all dataset artifacts),TraceRCA all dataset recursive service-fault CSV windows,RE2-TT/ts-order-service_mem/2/tracets_lat.csv,traces,49840,selected
Zenodo record 14504481 (TraceRCA all dataset artifacts),TraceRCA all dataset recursive service-fault CSV windows,RE2-TT/ts-order-service_mem/3/logs.csv,logs,103188737,selected
Zenodo record 14504481 (TraceRCA all dataset artifacts),TraceRCA all dataset recursive service-fault CSV windows,RE2-TT/ts-order-service_mem/3/logts.csv,logs,41817,selected
Zenodo record 14504481 (TraceRCA all dataset artifacts),TraceRCA all dataset recursive service-fault CSV windows,RE2-TT/ts-order-service_mem/3/metrics.csv,metrics,26886059,selected
Zenodo record 14504481 (TraceRCA all dataset artifacts),TraceRCA all dataset recursive service-fault CSV windows,RE2-TT/ts-order-service_mem/3/simple_metrics.csv,metrics,6214205,selected
Zenodo record 14504481 (TraceRCA all dataset artifacts),TraceRCA all dataset recursive service-fault CSV windows,RE2-TT/ts-order-service_mem/3/traces.csv,traces,108001990,selected
Zenodo record 14504481 (TraceRCA all dataset artifacts),TraceRCA all dataset recursive service-fault CSV windows,RE2-TT/ts-order-service_mem/3/tracets_err.csv,traces,68275,selected
Zenodo record 14504481 (TraceRCA all dataset artifacts),TraceRCA all dataset recursive service-fault CSV windows,RE2-TT/ts-order-service_mem/3/tracets_lat.csv,traces,55506,selected
Zenodo record 14504481 (TraceRCA all dataset artifacts),TraceRCA all dataset recursive service-fault CSV windows,RE2-TT/ts-order-service_socket/1/logs.csv,logs,174357185,selected
Zenodo record 14504481 (TraceRCA all dataset artifacts),TraceRCA all dataset recursive service-fault CSV windows,RE2-TT/ts-order-service_socket/1/logts.csv,logs,43785,selected
Zenodo record 14504481 (TraceRCA all dataset artifacts),TraceRCA all dataset recursive service-fault CSV windows,RE2-TT/ts-order-service_socket/1/metrics.csv,metrics,26878127,selected
Zenodo record 14504481 (TraceRCA all dataset artifacts),TraceRCA all dataset recursive service-fault CSV windows,RE2-TT/ts-order-service_socket/1/simple_metrics.csv,metrics,6240439,selected
Zenodo record 14504481 (TraceRCA all dataset artifacts),TraceRCA all dataset recursive service-fault CSV windows,RE2-TT/ts-order-service_socket/1/traces.csv,traces,183404591,selected
Zenodo record 14504481 (TraceRCA all dataset artifacts),TraceRCA all dataset recursive service-fault CSV windows,RE2-TT/ts-order-service_socket/1/tracets_err.csv,traces,69119,selected
Zenodo record 14504481 (TraceRCA all dataset artifacts),TraceRCA all dataset recursive service-fault CSV windows,RE2-TT/ts-order-service_socket/1/tracets_lat.csv,traces,47065,selected
Zenodo record 14504481 (TraceRCA all dataset artifacts),TraceRCA all dataset recursive service-fault CSV windows,RE2-TT/ts-order-service_socket/2/logs.csv,logs,13790269,selected
Zenodo record 14504481 (TraceRCA all dataset artifacts),TraceRCA all dataset recursive service-fault CSV windows,RE2-TT/ts-order-service_socket/2/logts.csv,logs,11713,selected
Zenodo record 14504481 (TraceRCA all dataset artifacts),TraceRCA all dataset recursive service-fault CSV windows,RE2-TT/ts-order-service_socket/2/metrics.csv,metrics,25303728,selected
Zenodo record 14504481 (TraceRCA all dataset artifacts),TraceRCA all dataset recursive service-fault CSV windows,RE2-TT/ts-order-service_socket/2/simple_metrics.csv,metrics,5780917,selected
Zenodo record 14504481 (TraceRCA all dataset artifacts),TraceRCA all dataset recursive service-fault CSV windows,RE2-TT/ts-order-service_socket/2/traces.csv,traces,18903609,selected
Zenodo record 14504481 (TraceRCA all dataset artifacts),TraceRCA all dataset recursive service-fault CSV windows,RE2-TT/ts-order-service_socket/2/tracets_err.csv,traces,34146,selected
Zenodo record 14504481 (TraceRCA all dataset artifacts),TraceRCA all dataset recursive service-fault CSV windows,RE2-TT/ts-order-service_socket/2/tracets_lat.csv,traces,25804,selected
Zenodo record 14504481 (TraceRCA all dataset artifacts),TraceRCA all dataset recursive service-fault CSV windows,RE2-TT/ts-order-service_socket/3/logs.csv,logs,174718319,selected
Zenodo record 14504481 (TraceRCA all dataset artifacts),TraceRCA all dataset recursive service-fault CSV windows,RE2-TT/ts-order-service_socket/3/logts.csv,logs,46861,selected
Zenodo record 14504481 (TraceRCA all dataset artifacts),TraceRCA all dataset recursive service-fault CSV windows,RE2-TT/ts-order-service_socket/3/metrics.csv,metrics,26738376,selected
Zenodo record 14504481 (TraceRCA all dataset artifacts),TraceRCA all dataset recursive service-fault CSV windows,RE2-TT/ts-order-service_socket/3/simple_metrics.csv,metrics,6186037,selected
Zenodo record 14504481 (TraceRCA all dataset artifacts),TraceRCA all dataset recursive service-fault CSV windows,RE2-TT/ts-order-service_socket/3/traces.csv,traces,148795006,selected
Zenodo record 14504481 (TraceRCA all dataset artifacts),TraceRCA all dataset recursive service-fault CSV windows,RE2-TT/ts-order-service_socket/3/tracets_err.csv,traces,68734,selected
Zenodo record 14504481 (TraceRCA all dataset artifacts),TraceRCA all dataset recursive service-fault CSV windows,RE2-TT/ts-order-service_socket/3/tracets_lat.csv,traces,51979,selected
Zenodo record 14504481 (TraceRCA all dataset artifacts),TraceRCA all dataset recursive service-fault CSV windows,RE2-TT/ts-route-service_cpu/1/logs.csv,logs,122709574,selected
Zenodo record 14504481 (TraceRCA all dataset artifacts),TraceRCA all dataset recursive service-fault CSV windows,RE2-TT/ts-route-service_cpu/1/logts.csv,logs,45581,selected
Zenodo record 14504481 (TraceRCA all dataset artifacts),TraceRCA all dataset recursive service-fault CSV windows,RE2-TT/ts-route-service_cpu/1/metrics.csv,metrics,26572478,selected
Zenodo record 14504481 (TraceRCA all dataset artifacts),TraceRCA all dataset recursive service-fault CSV windows,RE2-TT/ts-route-service_cpu/1/simple_metrics.csv,metrics,6164487,selected
Zenodo record 14504481 (TraceRCA all dataset artifacts),TraceRCA all dataset recursive service-fault CSV windows,RE2-TT/ts-route-service_cpu/1/traces.csv,traces,116142608,selected
Zenodo record 14504481 (TraceRCA all dataset artifacts),TraceRCA all dataset recursive service-fault CSV windows,RE2-TT/ts-route-service_cpu/1/tracets_err.csv,traces,68452,selected
Zenodo record 14504481 (TraceRCA all dataset artifacts),TraceRCA all dataset recursive service-fault CSV windows,RE2-TT/ts-route-service_cpu/1/tracets_lat.csv,traces,53865,selected
Zenodo record 14504481 (TraceRCA all dataset artifacts),TraceRCA all dataset recursive service-fault CSV windows,RE2-TT/ts-route-service_cpu/2/logs.csv,logs,14033130,selected
Zenodo record 14504481 (TraceRCA all dataset artifacts),TraceRCA all dataset recursive service-fault CSV windows,RE2-TT/ts-route-service_cpu/2/logts.csv,logs,12146,selected
Zenodo record 14504481 (TraceRCA all dataset artifacts),TraceRCA all dataset recursive service-fault CSV windows,RE2-TT/ts-route-service_cpu/2/metrics.csv,metrics,25602236,selected
Zenodo record 14504481 (TraceRCA all dataset artifacts),TraceRCA all dataset recursive service-fault CSV windows,RE2-TT/ts-route-service_cpu/2/simple_metrics.csv,metrics,5856617,selected
Zenodo record 14504481 (TraceRCA all dataset artifacts),TraceRCA all dataset recursive service-fault CSV windows,RE2-TT/ts-route-service_cpu/2/traces.csv,traces,19226739,selected
Zenodo record 14504481 (TraceRCA all dataset artifacts),TraceRCA all dataset recursive service-fault CSV windows,RE2-TT/ts-route-service_cpu/2/tracets_err.csv,traces,34209,selected
Zenodo record 14504481 (TraceRCA all dataset artifacts),TraceRCA all dataset recursive service-fault CSV windows,RE2-TT/ts-route-service_cpu/2/tracets_lat.csv,traces,23943,selected
Zenodo record 14504481 (TraceRCA all dataset artifacts),TraceRCA all dataset recursive service-fault CSV windows,RE2-TT/ts-route-service_cpu/3/logs.csv,logs,14032679,selected
Zenodo record 14504481 (TraceRCA all dataset artifacts),TraceRCA all dataset recursive service-fault CSV windows,RE2-TT/ts-route-service_cpu/3/logts.csv,logs,27883,selected
Zenodo record 14504481 (TraceRCA all dataset artifacts),TraceRCA all dataset recursive service-fault CSV windows,RE2-TT/ts-route-service_cpu/3/metrics.csv,metrics,25283597,selected
Zenodo record 14504481 (TraceRCA all dataset artifacts),TraceRCA all dataset recursive service-fault CSV windows,RE2-TT/ts-route-service_cpu/3/simple_metrics.csv,metrics,5833432,selected
Zenodo record 14504481 (TraceRCA all dataset artifacts),TraceRCA all dataset recursive service-fault CSV windows,RE2-TT/ts-route-service_cpu/3/traces.csv,traces,19210401,selected
Zenodo record 14504481 (TraceRCA all dataset artifacts),TraceRCA all dataset recursive service-fault CSV windows,RE2-TT/ts-route-service_cpu/3/tracets_err.csv,traces,34125,selected
Zenodo record 14504481 (TraceRCA all dataset artifacts),TraceRCA all dataset recursive service-fault CSV windows,RE2-TT/ts-route-service_cpu/3/tracets_lat.csv,traces,26372,selected
Zenodo record 14504481 (TraceRCA all dataset artifacts),TraceRCA all dataset recursive service-fault CSV windows,RE2-TT/ts-route-service_delay/1/logs.csv,logs,135014188,selected
Zenodo record 14504481 (TraceRCA all dataset artifacts),TraceRCA all dataset recursive service-fault CSV windows,RE2-TT/ts-route-service_delay/1/logts.csv,logs,44368,selected
Zenodo record 14504481 (TraceRCA all dataset artifacts),TraceRCA all dataset recursive service-fault CSV windows,RE2-TT/ts-route-service_delay/1/metrics.csv,metrics,26656614,selected
Zenodo record 14504481 (TraceRCA all dataset artifacts),TraceRCA all dataset recursive service-fault CSV windows,RE2-TT/ts-route-service_delay/1/simple_metrics.csv,metrics,6177961,selected
Zenodo record 14504481 (TraceRCA all dataset artifacts),TraceRCA all dataset recursive service-fault CSV windows,RE2-TT/ts-route-service_delay/1/traces.csv,traces,119800460,selected
Zenodo record 14504481 (TraceRCA all dataset artifacts),TraceRCA all dataset recursive service-fault CSV windows,RE2-TT/ts-route-service_delay/1/tracets_err.csv,traces,68503,selected
Zenodo record 14504481 (TraceRCA all dataset artifacts),TraceRCA all dataset recursive service-fault CSV windows,RE2-TT/ts-route-service_delay/1/tracets_lat.csv,traces,49907,selected
Zenodo record 14504481 (TraceRCA all dataset artifacts),TraceRCA all dataset recursive service-fault CSV windows,RE2-TT/ts-route-service_delay/2/logs.csv,logs,126717618,selected
Zenodo record 14504481 (TraceRCA all dataset artifacts),TraceRCA all dataset recursive service-fault CSV windows,RE2-TT/ts-route-service_delay/2/logts.csv,logs,41758,selected
Zenodo record 14504481 (TraceRCA all dataset artifacts),TraceRCA all dataset recursive service-fault CSV windows,RE2-TT/ts-route-service_delay/2/metrics.csv,metrics,26666706,selected
Zenodo record 14504481 (TraceRCA all dataset artifacts),TraceRCA all dataset recursive service-fault CSV windows,RE2-TT/ts-route-service_delay/2/simple_metrics.csv,metrics,6189909,selected
Zenodo record 14504481 (TraceRCA all dataset artifacts),TraceRCA all dataset recursive service-fault CSV windows,RE2-TT/ts-route-service_delay/2/traces.csv,traces,113610152,selected
Zenodo record 14504481 (TraceRCA all dataset artifacts),TraceRCA all dataset recursive service-fault CSV windows,RE2-TT/ts-route-service_delay/2/tracets_err.csv,traces,68635,selected
Zenodo record 14504481 (TraceRCA all dataset artifacts),TraceRCA all dataset recursive service-fault CSV windows,RE2-TT/ts-route-service_delay/2/tracets_lat.csv,traces,52034,selected
Zenodo record 14504481 (TraceRCA all dataset artifacts),TraceRCA all dataset recursive service-fault CSV windows,RE2-TT/ts-route-service_delay/3/logs.csv,logs,149904207,selected
Zenodo record 14504481 (TraceRCA all dataset artifacts),TraceRCA all dataset recursive service-fault CSV windows,RE2-TT/ts-route-service_delay/3/logts.csv,logs,41698,selected
Zenodo record 14504481 (TraceRCA all dataset artifacts),TraceRCA all dataset recursive service-fault CSV windows,RE2-TT/ts-route-service_delay/3/metrics.csv,metrics,26654378,selected
Zenodo record 14504481 (TraceRCA all dataset artifacts),TraceRCA all dataset recursive service-fault CSV windows,RE2-TT/ts-route-service_delay/3/simple_metrics.csv,metrics,6184567,selected
Zenodo record 14504481 (TraceRCA all dataset artifacts),TraceRCA all dataset recursive service-fault CSV windows,RE2-TT/ts-route-service_delay/3/traces.csv,traces,132288563,selected
Zenodo record 14504481 (TraceRCA all dataset artifacts),TraceRCA all dataset recursive service-fault CSV windows,RE2-TT/ts-route-service_delay/3/tracets_err.csv,traces,68341,selected
Zenodo record 14504481 (TraceRCA all dataset artifacts),TraceRCA all dataset recursive service-fault CSV windows,RE2-TT/ts-route-service_delay/3/tracets_lat.csv,traces,59346,selected
Zenodo record 14504481 (TraceRCA all dataset artifacts),TraceRCA all dataset recursive service-fault CSV windows,RE2-TT/ts-route-service_disk/1/logs.csv,logs,70280918,selected
Zenodo record 14504481 (TraceRCA all dataset artifacts),TraceRCA all dataset recursive service-fault CSV windows,RE2-TT/ts-route-service_disk/1/logts.csv,logs,52093,selected
Zenodo record 14504481 (TraceRCA all dataset artifacts),TraceRCA all dataset recursive service-fault CSV windows,RE2-TT/ts-route-service_disk/1/metrics.csv,metrics,26870488,selected
Zenodo record 14504481 (TraceRCA all dataset artifacts),TraceRCA all dataset recursive service-fault CSV windows,RE2-TT/ts-route-service_disk/1/simple_metrics.csv,metrics,6238842,selected
Zenodo record 14504481 (TraceRCA all dataset artifacts),TraceRCA all dataset recursive service-fault CSV windows,RE2-TT/ts-route-service_disk/1/traces.csv,traces,200311086,selected
Zenodo record 14504481 (TraceRCA all dataset artifacts),TraceRCA all dataset recursive service-fault CSV windows,RE2-TT/ts-route-service_disk/1/tracets_err.csv,traces,66140,selected
Zenodo record 14504481 (TraceRCA all dataset artifacts),TraceRCA all dataset recursive service-fault CSV windows,RE2-TT/ts-route-service_disk/1/tracets_lat.csv,traces,51138,selected
Zenodo record 14504481 (TraceRCA all dataset artifacts),TraceRCA all dataset recursive service-fault CSV windows,RE2-TT/ts-route-service_disk/2/logs.csv,logs,144721281,selected
Zenodo record 14504481 (TraceRCA all dataset artifacts),TraceRCA all dataset recursive service-fault CSV windows,RE2-TT/ts-route-service_disk/2/logts.csv,logs,41726,selected
Zenodo record 14504481 (TraceRCA all dataset artifacts),TraceRCA all dataset recursive service-fault CSV windows,RE2-TT/ts-route-service_disk/2/metrics.csv,metrics,26682616,selected
Zenodo record 14504481 (TraceRCA all dataset artifacts),TraceRCA all dataset recursive service-fault CSV windows,RE2-TT/ts-route-service_disk/2/simple_metrics.csv,metrics,6218319,selected
Zenodo record 14504481 (TraceRCA all dataset artifacts),TraceRCA all dataset recursive service-fault CSV windows,RE2-TT/ts-route-service_disk/2/traces.csv,traces,49733669,selected
Zenodo record 14504481 (TraceRCA all dataset artifacts),TraceRCA all dataset recursive service-fault CSV windows,RE2-TT/ts-route-service_disk/2/tracets_err.csv,traces,71983,selected
Zenodo record 14504481 (TraceRCA all dataset artifacts),TraceRCA all dataset recursive service-fault CSV windows,RE2-TT/ts-route-service_disk/2/tracets_lat.csv,traces,57410,selected
Zenodo record 14504481 (TraceRCA all dataset artifacts),TraceRCA all dataset recursive service-fault CSV windows,RE2-TT/ts-route-service_disk/3/logs.csv,logs,66877563,selected
Zenodo record 14504481 (TraceRCA all dataset artifacts),TraceRCA all dataset recursive service-fault CSV windows,RE2-TT/ts-route-service_disk/3/logts.csv,logs,42541,selected
Zenodo record 14504481 (TraceRCA all dataset artifacts),TraceRCA all dataset recursive service-fault CSV windows,RE2-TT/ts-route-service_disk/3/metrics.csv,metrics,26783685,selected
Zenodo record 14504481 (TraceRCA all dataset artifacts),TraceRCA all dataset recursive service-fault CSV windows,RE2-TT/ts-route-service_disk/3/simple_metrics.csv,metrics,6168030,selected
Zenodo record 14504481 (TraceRCA all dataset artifacts),TraceRCA all dataset recursive service-fault CSV windows,RE2-TT/ts-route-service_disk/3/traces.csv,traces,83642445,selected
Zenodo record 14504481 (TraceRCA all dataset artifacts),TraceRCA all dataset recursive service-fault CSV windows,RE2-TT/ts-route-service_disk/3/tracets_err.csv,traces,67302,selected
Zenodo record 14504481 (TraceRCA all dataset artifacts),TraceRCA all dataset recursive service-fault CSV windows,RE2-TT/ts-route-service_disk/3/tracets_lat.csv,traces,52772,selected
Zenodo record 14504481 (TraceRCA all dataset artifacts),TraceRCA all dataset recursive service-fault CSV windows,RE2-TT/ts-route-service_loss/1/logs.csv,logs,52303367,selected
Zenodo record 14504481 (TraceRCA all dataset artifacts),TraceRCA all dataset recursive service-fault CSV windows,RE2-TT/ts-route-service_loss/1/logts.csv,logs,41584,selected
Zenodo record 14504481 (TraceRCA all dataset artifacts),TraceRCA all dataset recursive service-fault CSV windows,RE2-TT/ts-route-service_loss/1/metrics.csv,metrics,26789001,selected
Zenodo record 14504481 (TraceRCA all dataset artifacts),TraceRCA all dataset recursive service-fault CSV windows,RE2-TT/ts-route-service_loss/1/simple_metrics.csv,metrics,6233713,selected
Zenodo record 14504481 (TraceRCA all dataset artifacts),TraceRCA all dataset recursive service-fault CSV windows,RE2-TT/ts-route-service_loss/1/traces.csv,traces,182037370,selected
Zenodo record 14504481 (TraceRCA all dataset artifacts),TraceRCA all dataset recursive service-fault CSV windows,RE2-TT/ts-route-service_loss/1/tracets_err.csv,traces,68915,selected
Zenodo record 14504481 (TraceRCA all dataset artifacts),TraceRCA all dataset recursive service-fault CSV windows,RE2-TT/ts-route-service_loss/1/tracets_lat.csv,traces,52309,selected
Zenodo record 14504481 (TraceRCA all dataset artifacts),TraceRCA all dataset recursive service-fault CSV windows,RE2-TT/ts-route-service_loss/2/logs.csv,logs,185254065,selected
Zenodo record 14504481 (TraceRCA all dataset artifacts),TraceRCA all dataset recursive service-fault CSV windows,RE2-TT/ts-route-service_loss/2/logts.csv,logs,41339,selected
Zenodo record 14504481 (TraceRCA all dataset artifacts),TraceRCA all dataset recursive service-fault CSV windows,RE2-TT/ts-route-service_loss/2/metrics.csv,metrics,26717973,selected
Zenodo record 14504481 (TraceRCA all dataset artifacts),TraceRCA all dataset recursive service-fault CSV windows,RE2-TT/ts-route-service_loss/2/simple_metrics.csv,metrics,6213228,selected
Zenodo record 14504481 (TraceRCA all dataset artifacts),TraceRCA all dataset recursive service-fault CSV windows,RE2-TT/ts-route-service_loss/2/traces.csv,traces,133432325,selected
Zenodo record 14504481 (TraceRCA all dataset artifacts),TraceRCA all dataset recursive service-fault CSV windows,RE2-TT/ts-route-service_loss/2/tracets_err.csv,traces,72577,selected
Zenodo record 14504481 (TraceRCA all dataset artifacts),TraceRCA all dataset recursive service-fault CSV windows,RE2-TT/ts-route-service_loss/2/tracets_lat.csv,traces,51540,selected
Zenodo record 14504481 (TraceRCA all dataset artifacts),TraceRCA all dataset recursive service-fault CSV windows,RE2-TT/ts-route-service_loss/3/logs.csv,logs,79339631,selected
Zenodo record 14504481 (TraceRCA all dataset artifacts),TraceRCA all dataset recursive service-fault CSV windows,RE2-TT/ts-route-service_loss/3/logts.csv,logs,42088,selected
Zenodo record 14504481 (TraceRCA all dataset artifacts),TraceRCA all dataset recursive service-fault CSV windows,RE2-TT/ts-route-service_loss/3/metrics.csv,metrics,26987017,selected
Zenodo record 14504481 (TraceRCA all dataset artifacts),TraceRCA all dataset recursive service-fault CSV windows,RE2-TT/ts-route-service_loss/3/simple_metrics.csv,metrics,6214767,selected
Zenodo record 14504481 (TraceRCA all dataset artifacts),TraceRCA all dataset recursive service-fault CSV windows,RE2-TT/ts-route-service_loss/3/traces.csv,traces,96179912,selected
Zenodo record 14504481 (TraceRCA all dataset artifacts),TraceRCA all dataset recursive service-fault CSV windows,RE2-TT/ts-route-service_loss/3/tracets_err.csv,traces,67251,selected
Zenodo record 14504481 (TraceRCA all dataset artifacts),TraceRCA all dataset recursive service-fault CSV windows,RE2-TT/ts-route-service_loss/3/tracets_lat.csv,traces,58601,selected
Zenodo record 14504481 (TraceRCA all dataset artifacts),TraceRCA all dataset recursive service-fault CSV windows,RE2-TT/ts-route-service_mem/1/logs.csv,logs,113216172,selected
Zenodo record 14504481 (TraceRCA all dataset artifacts),TraceRCA all dataset recursive service-fault CSV windows,RE2-TT/ts-route-service_mem/1/logts.csv,logs,50409,selected
Zenodo record 14504481 (TraceRCA all dataset artifacts),TraceRCA all dataset recursive service-fault CSV windows,RE2-TT/ts-route-service_mem/1/metrics.csv,metrics,26815394,selected
Zenodo record 14504481 (TraceRCA all dataset artifacts),TraceRCA all dataset recursive service-fault CSV windows,RE2-TT/ts-route-service_mem/1/simple_metrics.csv,metrics,6237352,selected
Zenodo record 14504481 (TraceRCA all dataset artifacts),TraceRCA all dataset recursive service-fault CSV windows,RE2-TT/ts-route-service_mem/1/traces.csv,traces,105371106,selected
Zenodo record 14504481 (TraceRCA all dataset artifacts),TraceRCA all dataset recursive service-fault CSV windows,RE2-TT/ts-route-service_mem/1/tracets_err.csv,traces,68833,selected
Zenodo record 14504481 (TraceRCA all dataset artifacts),TraceRCA all dataset recursive service-fault CSV windows,RE2-TT/ts-route-service_mem/1/tracets_lat.csv,traces,52094,selected
Zenodo record 14504481 (TraceRCA all dataset artifacts),TraceRCA all dataset recursive service-fault CSV windows,RE2-TT/ts-route-service_mem/2/logs.csv,logs,80963525,selected
Zenodo record 14504481 (TraceRCA all dataset artifacts),TraceRCA all dataset recursive service-fault CSV windows,RE2-TT/ts-route-service_mem/2/logts.csv,logs,44051,selected
Zenodo record 14504481 (TraceRCA all dataset artifacts),TraceRCA all dataset recursive service-fault CSV windows,RE2-TT/ts-route-service_mem/2/metrics.csv,metrics,27025326,selected
Zenodo record 14504481 (TraceRCA all dataset artifacts),TraceRCA all dataset recursive service-fault CSV windows,RE2-TT/ts-route-service_mem/2/simple_metrics.csv,metrics,6225781,selected
Zenodo record 14504481 (TraceRCA all dataset artifacts),TraceRCA all dataset recursive service-fault CSV windows,RE2-TT/ts-route-service_mem/2/traces.csv,traces,97100801,selected
Zenodo record 14504481 (TraceRCA all dataset artifacts),TraceRCA all dataset recursive service-fault CSV windows,RE2-TT/ts-route-service_mem/2/tracets_err.csv,traces,67504,selected
Zenodo record 14504481 (TraceRCA all dataset artifacts),TraceRCA all dataset recursive service-fault CSV windows,RE2-TT/ts-route-service_mem/2/tracets_lat.csv,traces,54497,selected
Zenodo record 14504481 (TraceRCA all dataset artifacts),TraceRCA all dataset recursive service-fault CSV windows,RE2-TT/ts-route-service_mem/3/logs.csv,logs,109469095,selected
Zenodo record 14504481 (TraceRCA all dataset artifacts),TraceRCA all dataset recursive service-fault CSV windows,RE2-TT/ts-route-service_mem/3/logts.csv,logs,42022,selected
Zenodo record 14504481 (TraceRCA all dataset artifacts),TraceRCA all dataset recursive service-fault CSV windows,RE2-TT/ts-route-service_mem/3/metrics.csv,metrics,26828050,selected
Zenodo record 14504481 (TraceRCA all dataset artifacts),TraceRCA all dataset recursive service-fault CSV windows,RE2-TT/ts-route-service_mem/3/simple_metrics.csv,metrics,6212577,selected
Zenodo record 14504481 (TraceRCA all dataset artifacts),TraceRCA all dataset recursive service-fault CSV windows,RE2-TT/ts-route-service_mem/3/traces.csv,traces,112372790,selected
Zenodo record 14504481 (TraceRCA all dataset artifacts),TraceRCA all dataset recursive service-fault CSV windows,RE2-TT/ts-route-service_mem/3/tracets_err.csv,traces,68389,selected
Zenodo record 14504481 (TraceRCA all dataset artifacts),TraceRCA all dataset recursive service-fault CSV windows,RE2-TT/ts-route-service_mem/3/tracets_lat.csv,traces,57013,selected
Zenodo record 14504481 (TraceRCA all dataset artifacts),TraceRCA all dataset recursive service-fault CSV windows,RE2-TT/ts-route-service_socket/1/logs.csv,logs,67906232,selected
Zenodo record 14504481 (TraceRCA all dataset artifacts),TraceRCA all dataset recursive service-fault CSV windows,RE2-TT/ts-route-service_socket/1/logts.csv,logs,43987,selected
Zenodo record 14504481 (TraceRCA all dataset artifacts),TraceRCA all dataset recursive service-fault CSV windows,RE2-TT/ts-route-service_socket/1/metrics.csv,metrics,26970954,selected
Zenodo record 14504481 (TraceRCA all dataset artifacts),TraceRCA all dataset recursive service-fault CSV windows,RE2-TT/ts-route-service_socket/1/simple_metrics.csv,metrics,6249672,selected
Zenodo record 14504481 (TraceRCA all dataset artifacts),TraceRCA all dataset recursive service-fault CSV windows,RE2-TT/ts-route-service_socket/1/traces.csv,traces,233353404,selected
Zenodo record 14504481 (TraceRCA all dataset artifacts),TraceRCA all dataset recursive service-fault CSV windows,RE2-TT/ts-route-service_socket/1/tracets_err.csv,traces,68728,selected
Zenodo record 14504481 (TraceRCA all dataset artifacts),TraceRCA all dataset recursive service-fault CSV windows,RE2-TT/ts-route-service_socket/1/tracets_lat.csv,traces,57356,selected
Zenodo record 14504481 (TraceRCA all dataset artifacts),TraceRCA all dataset recursive service-fault CSV windows,RE2-TT/ts-route-service_socket/2/logs.csv,logs,82729269,selected
Zenodo record 14504481 (TraceRCA all dataset artifacts),TraceRCA all dataset recursive service-fault CSV windows,RE2-TT/ts-route-service_socket/2/logts.csv,logs,41948,selected
Zenodo record 14504481 (TraceRCA all dataset artifacts),TraceRCA all dataset recursive service-fault CSV windows,RE2-TT/ts-route-service_socket/2/metrics.csv,metrics,27045016,selected
Zenodo record 14504481 (TraceRCA all dataset artifacts),TraceRCA all dataset recursive service-fault CSV windows,RE2-TT/ts-route-service_socket/2/simple_metrics.csv,metrics,6216736,selected
Zenodo record 14504481 (TraceRCA all dataset artifacts),TraceRCA all dataset recursive service-fault CSV windows,RE2-TT/ts-route-service_socket/2/traces.csv,traces,100663654,selected
Zenodo record 14504481 (TraceRCA all dataset artifacts),TraceRCA all dataset recursive service-fault CSV windows,RE2-TT/ts-route-service_socket/2/tracets_err.csv,traces,67347,selected
Zenodo record 14504481 (TraceRCA all dataset artifacts),TraceRCA all dataset recursive service-fault CSV windows,RE2-TT/ts-route-service_socket/2/tracets_lat.csv,traces,53435,selected
Zenodo record 14504481 (TraceRCA all dataset artifacts),TraceRCA all dataset recursive service-fault CSV windows,RE2-TT/ts-route-service_socket/3/logs.csv,logs,110997131,selected
Zenodo record 14504481 (TraceRCA all dataset artifacts),TraceRCA all dataset recursive service-fault CSV windows,RE2-TT/ts-route-service_socket/3/logts.csv,logs,42313,selected
Zenodo record 14504481 (TraceRCA all dataset artifacts),TraceRCA all dataset recursive service-fault CSV windows,RE2-TT/ts-route-service_socket/3/metrics.csv,metrics,26846620,selected
Zenodo record 14504481 (TraceRCA all dataset artifacts),TraceRCA all dataset recursive service-fault CSV windows,RE2-TT/ts-route-service_socket/3/simple_metrics.csv,metrics,6200220,selected
Zenodo record 14504481 (TraceRCA all dataset artifacts),TraceRCA all dataset recursive service-fault CSV windows,RE2-TT/ts-route-service_socket/3/traces.csv,traces,117959557,selected
Zenodo record 14504481 (TraceRCA all dataset artifacts),TraceRCA all dataset recursive service-fault CSV windows,RE2-TT/ts-route-service_socket/3/tracets_err.csv,traces,68386,selected
Zenodo record 14504481 (TraceRCA all dataset artifacts),TraceRCA all dataset recursive service-fault CSV windows,RE2-TT/ts-route-service_socket/3/tracets_lat.csv,traces,54190,selected
Zenodo record 14504481 (TraceRCA all dataset artifacts),TraceRCA all dataset recursive service-fault CSV windows,RE2-TT/ts-train-service_cpu/1/logs.csv,logs,189853483,selected
Zenodo record 14504481 (TraceRCA all dataset artifacts),TraceRCA all dataset recursive service-fault CSV windows,RE2-TT/ts-train-service_cpu/1/logts.csv,logs,46208,selected
Zenodo record 14504481 (TraceRCA all dataset artifacts),TraceRCA all dataset recursive service-fault CSV windows,RE2-TT/ts-train-service_cpu/1/metrics.csv,metrics,26859059,selected
Zenodo record 14504481 (TraceRCA all dataset artifacts),TraceRCA all dataset recursive service-fault CSV windows,RE2-TT/ts-train-service_cpu/1/simple_metrics.csv,metrics,6226635,selected
Zenodo record 14504481 (TraceRCA all dataset artifacts),TraceRCA all dataset recursive service-fault CSV windows,RE2-TT/ts-train-service_cpu/1/traces.csv,traces,160711076,selected
Zenodo record 14504481 (TraceRCA all dataset artifacts),TraceRCA all dataset recursive service-fault CSV windows,RE2-TT/ts-train-service_cpu/1/tracets_err.csv,traces,68479,selected
Zenodo record 14504481 (TraceRCA all dataset artifacts),TraceRCA all dataset recursive service-fault CSV windows,RE2-TT/ts-train-service_cpu/1/tracets_lat.csv,traces,54054,selected
Zenodo record 14504481 (TraceRCA all dataset artifacts),TraceRCA all dataset recursive service-fault CSV windows,RE2-TT/ts-train-service_cpu/2/logs.csv,logs,129237150,selected
Zenodo record 14504481 (TraceRCA all dataset artifacts),TraceRCA all dataset recursive service-fault CSV windows,RE2-TT/ts-train-service_cpu/2/logts.csv,logs,49393,selected
Zenodo record 14504481 (TraceRCA all dataset artifacts),TraceRCA all dataset recursive service-fault CSV windows,RE2-TT/ts-train-service_cpu/2/metrics.csv,metrics,26690478,selected
Zenodo record 14504481 (TraceRCA all dataset artifacts),TraceRCA all dataset recursive service-fault CSV windows,RE2-TT/ts-train-service_cpu/2/simple_metrics.csv,metrics,6227694,selected
Zenodo record 14504481 (TraceRCA all dataset artifacts),TraceRCA all dataset recursive service-fault CSV windows,RE2-TT/ts-train-service_cpu/2/traces.csv,traces,123493532,selected
Zenodo record 14504481 (TraceRCA all dataset artifacts),TraceRCA all dataset recursive service-fault CSV windows,RE2-TT/ts-train-service_cpu/2/tracets_err.csv,traces,68602,selected
Zenodo record 14504481 (TraceRCA all dataset artifacts),TraceRCA all dataset recursive service-fault CSV windows,RE2-TT/ts-train-service_cpu/2/tracets_lat.csv,traces,56201,selected
Zenodo record 14504481 (TraceRCA all dataset artifacts),TraceRCA all dataset recursive service-fault CSV windows,RE2-TT/ts-train-service_cpu/3/logs.csv,logs,158964925,selected
Zenodo record 14504481 (TraceRCA all dataset artifacts),TraceRCA all dataset recursive service-fault CSV windows,RE2-TT/ts-train-service_cpu/3/logts.csv,logs,44304,selected
Zenodo record 14504481 (TraceRCA all dataset artifacts),TraceRCA all dataset recursive service-fault CSV windows,RE2-TT/ts-train-service_cpu/3/metrics.csv,metrics,26792711,selected
Zenodo record 14504481 (TraceRCA all dataset artifacts),TraceRCA all dataset recursive service-fault CSV windows,RE2-TT/ts-train-service_cpu/3/simple_metrics.csv,metrics,6241789,selected
Zenodo record 14504481 (TraceRCA all dataset artifacts),TraceRCA all dataset recursive service-fault CSV windows,RE2-TT/ts-train-service_cpu/3/traces.csv,traces,143711217,selected
Zenodo record 14504481 (TraceRCA all dataset artifacts),TraceRCA all dataset recursive service-fault CSV windows,RE2-TT/ts-train-service_cpu/3/tracets_err.csv,traces,68911,selected
Zenodo record 14504481 (TraceRCA all dataset artifacts),TraceRCA all dataset recursive service-fault CSV windows,RE2-TT/ts-train-service_cpu/3/tracets_lat.csv,traces,44408,selected
Zenodo record 14504481 (TraceRCA all dataset artifacts),TraceRCA all dataset recursive service-fault CSV windows,RE2-TT/ts-train-service_delay/1/logs.csv,logs,165863026,selected
Zenodo record 14504481 (TraceRCA all dataset artifacts),TraceRCA all dataset recursive service-fault CSV windows,RE2-TT/ts-train-service_delay/1/logts.csv,logs,43558,selected
Zenodo record 14504481 (TraceRCA all dataset artifacts),TraceRCA all dataset recursive service-fault CSV windows,RE2-TT/ts-train-service_delay/1/metrics.csv,metrics,26710391,selected
Zenodo record 14504481 (TraceRCA all dataset artifacts),TraceRCA all dataset recursive service-fault CSV windows,RE2-TT/ts-train-service_delay/1/simple_metrics.csv,metrics,6192766,selected
Zenodo record 14504481 (TraceRCA all dataset artifacts),TraceRCA all dataset recursive service-fault CSV windows,RE2-TT/ts-train-service_delay/1/traces.csv,traces,152554591,selected
Zenodo record 14504481 (TraceRCA all dataset artifacts),TraceRCA all dataset recursive service-fault CSV windows,RE2-TT/ts-train-service_delay/1/tracets_err.csv,traces,68167,selected
Zenodo record 14504481 (TraceRCA all dataset artifacts),TraceRCA all dataset recursive service-fault CSV windows,RE2-TT/ts-train-service_delay/1/tracets_lat.csv,traces,48578,selected
Zenodo record 14504481 (TraceRCA all dataset artifacts),TraceRCA all dataset recursive service-fault CSV windows,RE2-TT/ts-train-service_delay/2/logs.csv,logs,99110133,selected
Zenodo record 14504481 (TraceRCA all dataset artifacts),TraceRCA all dataset recursive service-fault CSV windows,RE2-TT/ts-train-service_delay/2/logts.csv,logs,42002,selected
Zenodo record 14504481 (TraceRCA all dataset artifacts),TraceRCA all dataset recursive service-fault CSV windows,RE2-TT/ts-train-service_delay/2/metrics.csv,metrics,26613108,selected
Zenodo record 14504481 (TraceRCA all dataset artifacts),TraceRCA all dataset recursive service-fault CSV windows,RE2-TT/ts-train-service_delay/2/simple_metrics.csv,metrics,6145364,selected
Zenodo record 14504481 (TraceRCA all dataset artifacts),TraceRCA all dataset recursive service-fault CSV windows,RE2-TT/ts-train-service_delay/2/traces.csv,traces,102573560,selected
Zenodo record 14504481 (TraceRCA all dataset artifacts),TraceRCA all dataset recursive service-fault CSV windows,RE2-TT/ts-train-service_delay/2/tracets_err.csv,traces,68110,selected
Zenodo record 14504481 (TraceRCA all dataset artifacts),TraceRCA all dataset recursive service-fault CSV windows,RE2-TT/ts-train-service_delay/2/tracets_lat.csv,traces,59998,selected
Zenodo record 14504481 (TraceRCA all dataset artifacts),TraceRCA all dataset recursive service-fault CSV windows,RE2-TT/ts-train-service_delay/3/logs.csv,logs,126920844,selected
Zenodo record 14504481 (TraceRCA all dataset artifacts),TraceRCA all dataset recursive service-fault CSV windows,RE2-TT/ts-train-service_delay/3/logts.csv,logs,41762,selected
Zenodo record 14504481 (TraceRCA all dataset artifacts),TraceRCA all dataset recursive service-fault CSV windows,RE2-TT/ts-train-service_delay/3/metrics.csv,metrics,26739830,selected
Zenodo record 14504481 (TraceRCA all dataset artifacts),TraceRCA all dataset recursive service-fault CSV windows,RE2-TT/ts-train-service_delay/3/simple_metrics.csv,metrics,6185886,selected
Zenodo record 14504481 (TraceRCA all dataset artifacts),TraceRCA all dataset recursive service-fault CSV windows,RE2-TT/ts-train-service_delay/3/traces.csv,traces,121105172,selected
Zenodo record 14504481 (TraceRCA all dataset artifacts),TraceRCA all dataset recursive service-fault CSV windows,RE2-TT/ts-train-service_delay/3/tracets_err.csv,traces,68359,selected
Zenodo record 14504481 (TraceRCA all dataset artifacts),TraceRCA all dataset recursive service-fault CSV windows,RE2-TT/ts-train-service_delay/3/tracets_lat.csv,traces,58569,selected
Zenodo record 14504481 (TraceRCA all dataset artifacts),TraceRCA all dataset recursive service-fault CSV windows,RE2-TT/ts-train-service_disk/1/logs.csv,logs,118468666,selected
Zenodo record 14504481 (TraceRCA all dataset artifacts),TraceRCA all dataset recursive service-fault CSV windows,RE2-TT/ts-train-service_disk/1/logts.csv,logs,41704,selected
Zenodo record 14504481 (TraceRCA all dataset artifacts),TraceRCA all dataset recursive service-fault CSV windows,RE2-TT/ts-train-service_disk/1/metrics.csv,metrics,26766607,selected
Zenodo record 14504481 (TraceRCA all dataset artifacts),TraceRCA all dataset recursive service-fault CSV windows,RE2-TT/ts-train-service_disk/1/simple_metrics.csv,metrics,6221398,selected
Zenodo record 14504481 (TraceRCA all dataset artifacts),TraceRCA all dataset recursive service-fault CSV windows,RE2-TT/ts-train-service_disk/1/traces.csv,traces,118932109,selected
Zenodo record 14504481 (TraceRCA all dataset artifacts),TraceRCA all dataset recursive service-fault CSV windows,RE2-TT/ts-train-service_disk/1/tracets_err.csv,traces,68572,selected
Zenodo record 14504481 (TraceRCA all dataset artifacts),TraceRCA all dataset recursive service-fault CSV windows,RE2-TT/ts-train-service_disk/1/tracets_lat.csv,traces,55970,selected
Zenodo record 14504481 (TraceRCA all dataset artifacts),TraceRCA all dataset recursive service-fault CSV windows,RE2-TT/ts-train-service_disk/2/logs.csv,logs,147268734,selected
Zenodo record 14504481 (TraceRCA all dataset artifacts),TraceRCA all dataset recursive service-fault CSV windows,RE2-TT/ts-train-service_disk/2/logts.csv,logs,41710,selected
Zenodo record 14504481 (TraceRCA all dataset artifacts),TraceRCA all dataset recursive service-fault CSV windows,RE2-TT/ts-train-service_disk/2/metrics.csv,metrics,26789289,selected
Zenodo record 14504481 (TraceRCA all dataset artifacts),TraceRCA all dataset recursive service-fault CSV windows,RE2-TT/ts-train-service_disk/2/simple_metrics.csv,metrics,6239931,selected
Zenodo record 14504481 (TraceRCA all dataset artifacts),TraceRCA all dataset recursive service-fault CSV windows,RE2-TT/ts-train-service_disk/2/traces.csv,traces,132709101,selected
Zenodo record 14504481 (TraceRCA all dataset artifacts),TraceRCA all dataset recursive service-fault CSV windows,RE2-TT/ts-train-service_disk/2/tracets_err.csv,traces,68875,selected
Zenodo record 14504481 (TraceRCA all dataset artifacts),TraceRCA all dataset recursive service-fault CSV windows,RE2-TT/ts-train-service_disk/2/tracets_lat.csv,traces,46603,selected
Zenodo record 14504481 (TraceRCA all dataset artifacts),TraceRCA all dataset recursive service-fault CSV windows,RE2-TT/ts-train-service_disk/3/logs.csv,logs,178822282,selected
Zenodo record 14504481 (TraceRCA all dataset artifacts),TraceRCA all dataset recursive service-fault CSV windows,RE2-TT/ts-train-service_disk/3/logts.csv,logs,43214,selected
Zenodo record 14504481 (TraceRCA all dataset artifacts),TraceRCA all dataset recursive service-fault CSV windows,RE2-TT/ts-train-service_disk/3/metrics.csv,metrics,26840142,selected
Zenodo record 14504481 (TraceRCA all dataset artifacts),TraceRCA all dataset recursive service-fault CSV windows,RE2-TT/ts-train-service_disk/3/simple_metrics.csv,metrics,6250685,selected
Zenodo record 14504481 (TraceRCA all dataset artifacts),TraceRCA all dataset recursive service-fault CSV windows,RE2-TT/ts-train-service_disk/3/traces.csv,traces,153808759,selected
Zenodo record 14504481 (TraceRCA all dataset artifacts),TraceRCA all dataset recursive service-fault CSV windows,RE2-TT/ts-train-service_disk/3/tracets_err.csv,traces,68566,selected
Zenodo record 14504481 (TraceRCA all dataset artifacts),TraceRCA all dataset recursive service-fault CSV windows,RE2-TT/ts-train-service_disk/3/tracets_lat.csv,traces,50033,selected
Zenodo record 14504481 (TraceRCA all dataset artifacts),TraceRCA all dataset recursive service-fault CSV windows,RE2-TT/ts-train-service_loss/1/logs.csv,logs,183013055,selected
Zenodo record 14504481 (TraceRCA all dataset artifacts),TraceRCA all dataset recursive service-fault CSV windows,RE2-TT/ts-train-service_loss/1/logts.csv,logs,47447,selected
Zenodo record 14504481 (TraceRCA all dataset artifacts),TraceRCA all dataset recursive service-fault CSV windows,RE2-TT/ts-train-service_loss/1/metrics.csv,metrics,26760667,selected
Zenodo record 14504481 (TraceRCA all dataset artifacts),TraceRCA all dataset recursive service-fault CSV windows,RE2-TT/ts-train-service_loss/1/simple_metrics.csv,metrics,6229213,selected
Zenodo record 14504481 (TraceRCA all dataset artifacts),TraceRCA all dataset recursive service-fault CSV windows,RE2-TT/ts-train-service_loss/1/traces.csv,traces,156764766,selected
Zenodo record 14504481 (TraceRCA all dataset artifacts),TraceRCA all dataset recursive service-fault CSV windows,RE2-TT/ts-train-service_loss/1/tracets_err.csv,traces,68548,selected
Zenodo record 14504481 (TraceRCA all dataset artifacts),TraceRCA all dataset recursive service-fault CSV windows,RE2-TT/ts-train-service_loss/1/tracets_lat.csv,traces,55707,selected
Zenodo record 14504481 (TraceRCA all dataset artifacts),TraceRCA all dataset recursive service-fault CSV windows,RE2-TT/ts-train-service_loss/2/logs.csv,logs,163727857,selected
Zenodo record 14504481 (TraceRCA all dataset artifacts),TraceRCA all dataset recursive service-fault CSV windows,RE2-TT/ts-train-service_loss/2/logts.csv,logs,44848,selected
Zenodo record 14504481 (TraceRCA all dataset artifacts),TraceRCA all dataset recursive service-fault CSV windows,RE2-TT/ts-train-service_loss/2/metrics.csv,metrics,26819283,selected
Zenodo record 14504481 (TraceRCA all dataset artifacts),TraceRCA all dataset recursive service-fault CSV windows,RE2-TT/ts-train-service_loss/2/simple_metrics.csv,metrics,6221196,selected
Zenodo record 14504481 (TraceRCA all dataset artifacts),TraceRCA all dataset recursive service-fault CSV windows,RE2-TT/ts-train-service_loss/2/traces.csv,traces,150788558,selected
Zenodo record 14504481 (TraceRCA all dataset artifacts),TraceRCA all dataset recursive service-fault CSV windows,RE2-TT/ts-train-service_loss/2/tracets_err.csv,traces,68494,selected
Zenodo record 14504481 (TraceRCA all dataset artifacts),TraceRCA all dataset recursive service-fault CSV windows,RE2-TT/ts-train-service_loss/2/tracets_lat.csv,traces,54608,selected
Zenodo record 14504481 (TraceRCA all dataset artifacts),TraceRCA all dataset recursive service-fault CSV windows,RE2-TT/ts-train-service_loss/3/logs.csv,logs,182219090,selected
Zenodo record 14504481 (TraceRCA all dataset artifacts),TraceRCA all dataset recursive service-fault CSV windows,RE2-TT/ts-train-service_loss/3/logts.csv,logs,43925,selected
Zenodo record 14504481 (TraceRCA all dataset artifacts),TraceRCA all dataset recursive service-fault CSV windows,RE2-TT/ts-train-service_loss/3/metrics.csv,metrics,26804739,selected
Zenodo record 14504481 (TraceRCA all dataset artifacts),TraceRCA all dataset recursive service-fault CSV windows,RE2-TT/ts-train-service_loss/3/simple_metrics.csv,metrics,6224127,selected
Zenodo record 14504481 (TraceRCA all dataset artifacts),TraceRCA all dataset recursive service-fault CSV windows,RE2-TT/ts-train-service_loss/3/traces.csv,traces,158927647,selected
Zenodo record 14504481 (TraceRCA all dataset artifacts),TraceRCA all dataset recursive service-fault CSV windows,RE2-TT/ts-train-service_loss/3/tracets_err.csv,traces,68485,selected
Zenodo record 14504481 (TraceRCA all dataset artifacts),TraceRCA all dataset recursive service-fault CSV windows,RE2-TT/ts-train-service_loss/3/tracets_lat.csv,traces,53743,selected
Zenodo record 14504481 (TraceRCA all dataset artifacts),TraceRCA all dataset recursive service-fault CSV windows,RE2-TT/ts-train-service_mem/1/logs.csv,logs,82158606,selected
Zenodo record 14504481 (TraceRCA all dataset artifacts),TraceRCA all dataset recursive service-fault CSV windows,RE2-TT/ts-train-service_mem/1/logts.csv,logs,42990,selected
Zenodo record 14504481 (TraceRCA all dataset artifacts),TraceRCA all dataset recursive service-fault CSV windows,RE2-TT/ts-train-service_mem/1/metrics.csv,metrics,26889945,selected
Zenodo record 14504481 (TraceRCA all dataset artifacts),TraceRCA all dataset recursive service-fault CSV windows,RE2-TT/ts-train-service_mem/1/simple_metrics.csv,metrics,6232275,selected
Zenodo record 14504481 (TraceRCA all dataset artifacts),TraceRCA all dataset recursive service-fault CSV windows,RE2-TT/ts-train-service_mem/1/traces.csv,traces,98928511,selected
Zenodo record 14504481 (TraceRCA all dataset artifacts),TraceRCA all dataset recursive service-fault CSV windows,RE2-TT/ts-train-service_mem/1/tracets_err.csv,traces,67509,selected
Zenodo record 14504481 (TraceRCA all dataset artifacts),TraceRCA all dataset recursive service-fault CSV windows,RE2-TT/ts-train-service_mem/1/tracets_lat.csv,traces,48473,selected
Zenodo record 14504481 (TraceRCA all dataset artifacts),TraceRCA all dataset recursive service-fault CSV windows,RE2-TT/ts-train-service_mem/2/logs.csv,logs,78116167,selected
Zenodo record 14504481 (TraceRCA all dataset artifacts),TraceRCA all dataset recursive service-fault CSV windows,RE2-TT/ts-train-service_mem/2/logts.csv,logs,44003,selected
Zenodo record 14504481 (TraceRCA all dataset artifacts),TraceRCA all dataset recursive service-fault CSV windows,RE2-TT/ts-train-service_mem/2/metrics.csv,metrics,26807825,selected
Zenodo record 14504481 (TraceRCA all dataset artifacts),TraceRCA all dataset recursive service-fault CSV windows,RE2-TT/ts-train-service_mem/2/simple_metrics.csv,metrics,6241717,selected
Zenodo record 14504481 (TraceRCA all dataset artifacts),TraceRCA all dataset recursive service-fault CSV windows,RE2-TT/ts-train-service_mem/2/traces.csv,traces,96200126,selected
Zenodo record 14504481 (TraceRCA all dataset artifacts),TraceRCA all dataset recursive service-fault CSV windows,RE2-TT/ts-train-service_mem/2/tracets_err.csv,traces,67236,selected
Zenodo record 14504481 (TraceRCA all dataset artifacts),TraceRCA all dataset recursive service-fault CSV windows,RE2-TT/ts-train-service_mem/2/tracets_lat.csv,traces,53622,selected
Zenodo record 14504481 (TraceRCA all dataset artifacts),TraceRCA all dataset recursive service-fault CSV windows,RE2-TT/ts-train-service_mem/3/logs.csv,logs,114472914,selected
Zenodo record 14504481 (TraceRCA all dataset artifacts),TraceRCA all dataset recursive service-fault CSV windows,RE2-TT/ts-train-service_mem/3/logts.csv,logs,41698,selected
Zenodo record 14504481 (TraceRCA all dataset artifacts),TraceRCA all dataset recursive service-fault CSV windows,RE2-TT/ts-train-service_mem/3/metrics.csv,metrics,26677725,selected
Zenodo record 14504481 (TraceRCA all dataset artifacts),TraceRCA all dataset recursive service-fault CSV windows,RE2-TT/ts-train-service_mem/3/simple_metrics.csv,metrics,6242897,selected
Zenodo record 14504481 (TraceRCA all dataset artifacts),TraceRCA all dataset recursive service-fault CSV windows,RE2-TT/ts-train-service_mem/3/traces.csv,traces,115653980,selected
Zenodo record 14504481 (TraceRCA all dataset artifacts),TraceRCA all dataset recursive service-fault CSV windows,RE2-TT/ts-train-service_mem/3/tracets_err.csv,traces,68557,selected
Zenodo record 14504481 (TraceRCA all dataset artifacts),TraceRCA all dataset recursive service-fault CSV windows,RE2-TT/ts-train-service_mem/3/tracets_lat.csv,traces,53887,selected
Zenodo record 14504481 (TraceRCA all dataset artifacts),TraceRCA all dataset recursive service-fault CSV windows,RE2-TT/ts-train-service_socket/1/logs.csv,logs,28965797,selected
Zenodo record 14504481 (TraceRCA all dataset artifacts),TraceRCA all dataset recursive service-fault CSV windows,RE2-TT/ts-train-service_socket/1/logts.csv,logs,19252,selected
Zenodo record 14504481 (TraceRCA all dataset artifacts),TraceRCA all dataset recursive service-fault CSV windows,RE2-TT/ts-train-service_socket/1/metrics.csv,metrics,26883421,selected
Zenodo record 14504481 (TraceRCA all dataset artifacts),TraceRCA all dataset recursive service-fault CSV windows,RE2-TT/ts-train-service_socket/1/simple_metrics.csv,metrics,6248807,selected
Zenodo record 14504481 (TraceRCA all dataset artifacts),TraceRCA all dataset recursive service-fault CSV windows,RE2-TT/ts-train-service_socket/1/traces.csv,traces,58032383,selected
Zenodo record 14504481 (TraceRCA all dataset artifacts),TraceRCA all dataset recursive service-fault CSV windows,RE2-TT/ts-train-service_socket/1/tracets_err.csv,traces,38407,selected
Zenodo record 14504481 (TraceRCA all dataset artifacts),TraceRCA all dataset recursive service-fault CSV windows,RE2-TT/ts-train-service_socket/1/tracets_lat.csv,traces,38327,selected
Zenodo record 14504481 (TraceRCA all dataset artifacts),TraceRCA all dataset recursive service-fault CSV windows,RE2-TT/ts-train-service_socket/2/logs.csv,logs,202258338,selected
Zenodo record 14504481 (TraceRCA all dataset artifacts),TraceRCA all dataset recursive service-fault CSV windows,RE2-TT/ts-train-service_socket/2/logts.csv,logs,47778,selected
Zenodo record 14504481 (TraceRCA all dataset artifacts),TraceRCA all dataset recursive service-fault CSV windows,RE2-TT/ts-train-service_socket/2/metrics.csv,metrics,26831134,selected
Zenodo record 14504481 (TraceRCA all dataset artifacts),TraceRCA all dataset recursive service-fault CSV windows,RE2-TT/ts-train-service_socket/2/simple_metrics.csv,metrics,6244948,selected
Zenodo record 14504481 (TraceRCA all dataset artifacts),TraceRCA all dataset recursive service-fault CSV windows,RE2-TT/ts-train-service_socket/2/traces.csv,traces,168551985,selected
Zenodo record 14504481 (TraceRCA all dataset artifacts),TraceRCA all dataset recursive service-fault CSV windows,RE2-TT/ts-train-service_socket/2/tracets_err.csv,traces,68585,selected
Zenodo record 14504481 (TraceRCA all dataset artifacts),TraceRCA all dataset recursive service-fault CSV windows,RE2-TT/ts-train-service_socket/2/tracets_lat.csv,traces,54907,selected
Zenodo record 14504481 (TraceRCA all dataset artifacts),TraceRCA all dataset recursive service-fault CSV windows,RE2-TT/ts-train-service_socket/3/logs.csv,logs,84256443,selected
Zenodo record 14504481 (TraceRCA all dataset artifacts),TraceRCA all dataset recursive service-fault CSV windows,RE2-TT/ts-train-service_socket/3/logts.csv,logs,42558,selected
Zenodo record 14504481 (TraceRCA all dataset artifacts),TraceRCA all dataset recursive service-fault CSV windows,RE2-TT/ts-train-service_socket/3/metrics.csv,metrics,26798092,selected
Zenodo record 14504481 (TraceRCA all dataset artifacts),TraceRCA all dataset recursive service-fault CSV windows,RE2-TT/ts-train-service_socket/3/simple_metrics.csv,metrics,6220585,selected
Zenodo record 14504481 (TraceRCA all dataset artifacts),TraceRCA all dataset recursive service-fault CSV windows,RE2-TT/ts-train-service_socket/3/traces.csv,traces,101294585,selected
Zenodo record 14504481 (TraceRCA all dataset artifacts),TraceRCA all dataset recursive service-fault CSV windows,RE2-TT/ts-train-service_socket/3/tracets_err.csv,traces,67611,selected
Zenodo record 14504481 (TraceRCA all dataset artifacts),TraceRCA all dataset recursive service-fault CSV windows,RE2-TT/ts-train-service_socket/3/tracets_lat.csv,traces,57007,selected
Zenodo record 14504481 (TraceRCA all dataset artifacts),TraceRCA all dataset recursive service-fault CSV windows,RE2-TT/ts-travel-service_cpu/1/logs.csv,logs,91568193,selected
Zenodo record 14504481 (TraceRCA all dataset artifacts),TraceRCA all dataset recursive service-fault CSV windows,RE2-TT/ts-travel-service_cpu/1/logts.csv,logs,42062,selected
Zenodo record 14504481 (TraceRCA all dataset artifacts),TraceRCA all dataset recursive service-fault CSV windows,RE2-TT/ts-travel-service_cpu/1/metrics.csv,metrics,26715753,selected
Zenodo record 14504481 (TraceRCA all dataset artifacts),TraceRCA all dataset recursive service-fault CSV windows,RE2-TT/ts-travel-service_cpu/1/simple_metrics.csv,metrics,6201183,selected
Zenodo record 14504481 (TraceRCA all dataset artifacts),TraceRCA all dataset recursive service-fault CSV windows,RE2-TT/ts-travel-service_cpu/1/traces.csv,traces,112201985,selected
Zenodo record 14504481 (TraceRCA all dataset artifacts),TraceRCA all dataset recursive service-fault CSV windows,RE2-TT/ts-travel-service_cpu/1/tracets_err.csv,traces,67617,selected
Zenodo record 14504481 (TraceRCA all dataset artifacts),TraceRCA all dataset recursive service-fault CSV windows,RE2-TT/ts-travel-service_cpu/1/tracets_lat.csv,traces,52308,selected
Zenodo record 14504481 (TraceRCA all dataset artifacts),TraceRCA all dataset recursive service-fault CSV windows,RE2-TT/ts-travel-service_cpu/2/logs.csv,logs,130825964,selected
Zenodo record 14504481 (TraceRCA all dataset artifacts),TraceRCA all dataset recursive service-fault CSV windows,RE2-TT/ts-travel-service_cpu/2/logts.csv,logs,44625,selected
Zenodo record 14504481 (TraceRCA all dataset artifacts),TraceRCA all dataset recursive service-fault CSV windows,RE2-TT/ts-travel-service_cpu/2/metrics.csv,metrics,26750051,selected
Zenodo record 14504481 (TraceRCA all dataset artifacts),TraceRCA all dataset recursive service-fault CSV windows,RE2-TT/ts-travel-service_cpu/2/simple_metrics.csv,metrics,6231084,selected
Zenodo record 14504481 (TraceRCA all dataset artifacts),TraceRCA all dataset recursive service-fault CSV windows,RE2-TT/ts-travel-service_cpu/2/traces.csv,traces,121927194,selected
Zenodo record 14504481 (TraceRCA all dataset artifacts),TraceRCA all dataset recursive service-fault CSV windows,RE2-TT/ts-travel-service_cpu/2/tracets_err.csv,traces,68665,selected
Zenodo record 14504481 (TraceRCA all dataset artifacts),TraceRCA all dataset recursive service-fault CSV windows,RE2-TT/ts-travel-service_cpu/2/tracets_lat.csv,traces,53066,selected
Zenodo record 14504481 (TraceRCA all dataset artifacts),TraceRCA all dataset recursive service-fault CSV windows,RE2-TT/ts-travel-service_cpu/3/logs.csv,logs,166727655,selected
Zenodo record 14504481 (TraceRCA all dataset artifacts),TraceRCA all dataset recursive service-fault CSV windows,RE2-TT/ts-travel-service_cpu/3/logts.csv,logs,42545,selected
Zenodo record 14504481 (TraceRCA all dataset artifacts),TraceRCA all dataset recursive service-fault CSV windows,RE2-TT/ts-travel-service_cpu/3/metrics.csv,metrics,26818931,selected
Zenodo record 14504481 (TraceRCA all dataset artifacts),TraceRCA all dataset recursive service-fault CSV windows,RE2-TT/ts-travel-service_cpu/3/simple_metrics.csv,metrics,6229259,selected
Zenodo record 14504481 (TraceRCA all dataset artifacts),TraceRCA all dataset recursive service-fault CSV windows,RE2-TT/ts-travel-service_cpu/3/traces.csv,traces,122100325,selected
Zenodo record 14504481 (TraceRCA all dataset artifacts),TraceRCA all dataset recursive service-fault CSV windows,RE2-TT/ts-travel-service_cpu/3/tracets_err.csv,traces,72513,selected
Zenodo record 14504481 (TraceRCA all dataset artifacts),TraceRCA all dataset recursive service-fault CSV windows,RE2-TT/ts-travel-service_cpu/3/tracets_lat.csv,traces,51291,selected
Zenodo record 14504481 (TraceRCA all dataset artifacts),TraceRCA all dataset recursive service-fault CSV windows,RE2-TT/ts-travel-service_delay/1/logs.csv,logs,171415415,selected
Zenodo record 14504481 (TraceRCA all dataset artifacts),TraceRCA all dataset recursive service-fault CSV windows,RE2-TT/ts-travel-service_delay/1/logts.csv,logs,45088,selected
Zenodo record 14504481 (TraceRCA all dataset artifacts),TraceRCA all dataset recursive service-fault CSV windows,RE2-TT/ts-travel-service_delay/1/metrics.csv,metrics,26766227,selected
Zenodo record 14504481 (TraceRCA all dataset artifacts),TraceRCA all dataset recursive service-fault CSV windows,RE2-TT/ts-travel-service_delay/1/simple_metrics.csv,metrics,6186083,selected
Zenodo record 14504481 (TraceRCA all dataset artifacts),TraceRCA all dataset recursive service-fault CSV windows,RE2-TT/ts-travel-service_delay/1/traces.csv,traces,141752014,selected
Zenodo record 14504481 (TraceRCA all dataset artifacts),TraceRCA all dataset recursive service-fault CSV windows,RE2-TT/ts-travel-service_delay/1/tracets_err.csv,traces,68728,selected
Zenodo record 14504481 (TraceRCA all dataset artifacts),TraceRCA all dataset recursive service-fault CSV windows,RE2-TT/ts-travel-service_delay/1/tracets_lat.csv,traces,51044,selected
Zenodo record 14504481 (TraceRCA all dataset artifacts),TraceRCA all dataset recursive service-fault CSV windows,RE2-TT/ts-travel-service_delay/2/logs.csv,logs,142042769,selected
Zenodo record 14504481 (TraceRCA all dataset artifacts),TraceRCA all dataset recursive service-fault CSV windows,RE2-TT/ts-travel-service_delay/2/logts.csv,logs,43644,selected
Zenodo record 14504481 (TraceRCA all dataset artifacts),TraceRCA all dataset recursive service-fault CSV windows,RE2-TT/ts-travel-service_delay/2/metrics.csv,metrics,26764606,selected
Zenodo record 14504481 (TraceRCA all dataset artifacts),TraceRCA all dataset recursive service-fault CSV windows,RE2-TT/ts-travel-service_delay/2/simple_metrics.csv,metrics,6200524,selected
Zenodo record 14504481 (TraceRCA all dataset artifacts),TraceRCA all dataset recursive service-fault CSV windows,RE2-TT/ts-travel-service_delay/2/traces.csv,traces,126087891,selected
Zenodo record 14504481 (TraceRCA all dataset artifacts),TraceRCA all dataset recursive service-fault CSV windows,RE2-TT/ts-travel-service_delay/2/tracets_err.csv,traces,68779,selected
Zenodo record 14504481 (TraceRCA all dataset artifacts),TraceRCA all dataset recursive service-fault CSV windows,RE2-TT/ts-travel-service_delay/2/tracets_lat.csv,traces,54958,selected
Zenodo record 14504481 (TraceRCA all dataset artifacts),TraceRCA all dataset recursive service-fault CSV windows,RE2-TT/ts-travel-service_delay/3/logs.csv,logs,167620443,selected
Zenodo record 14504481 (TraceRCA all dataset artifacts),TraceRCA all dataset recursive service-fault CSV windows,RE2-TT/ts-travel-service_delay/3/logts.csv,logs,45593,selected
Zenodo record 14504481 (TraceRCA all dataset artifacts),TraceRCA all dataset recursive service-fault CSV windows,RE2-TT/ts-travel-service_delay/3/metrics.csv,metrics,26823412,selected
Zenodo record 14504481 (TraceRCA all dataset artifacts),TraceRCA all dataset recursive service-fault CSV windows,RE2-TT/ts-travel-service_delay/3/simple_metrics.csv,metrics,6218861,selected
Zenodo record 14504481 (TraceRCA all dataset artifacts),TraceRCA all dataset recursive service-fault CSV windows,RE2-TT/ts-travel-service_delay/3/traces.csv,traces,144650187,selected
Zenodo record 14504481 (TraceRCA all dataset artifacts),TraceRCA all dataset recursive service-fault CSV windows,RE2-TT/ts-travel-service_delay/3/tracets_err.csv,traces,67972,selected
Zenodo record 14504481 (TraceRCA all dataset artifacts),TraceRCA all dataset recursive service-fault CSV windows,RE2-TT/ts-travel-service_delay/3/tracets_lat.csv,traces,49674,selected
Zenodo record 14504481 (TraceRCA all dataset artifacts),TraceRCA all dataset recursive service-fault CSV windows,RE2-TT/ts-travel-service_disk/1/logs.csv,logs,159021184,selected
Zenodo record 14504481 (TraceRCA all dataset artifacts),TraceRCA all dataset recursive service-fault CSV windows,RE2-TT/ts-travel-service_disk/1/logts.csv,logs,50051,selected
Zenodo record 14504481 (TraceRCA all dataset artifacts),TraceRCA all dataset recursive service-fault CSV windows,RE2-TT/ts-travel-service_disk/1/metrics.csv,metrics,26876236,selected
Zenodo record 14504481 (TraceRCA all dataset artifacts),TraceRCA all dataset recursive service-fault CSV windows,RE2-TT/ts-travel-service_disk/1/simple_metrics.csv,metrics,6221099,selected
Zenodo record 14504481 (TraceRCA all dataset artifacts),TraceRCA all dataset recursive service-fault CSV windows,RE2-TT/ts-travel-service_disk/1/traces.csv,traces,137258172,selected
Zenodo record 14504481 (TraceRCA all dataset artifacts),TraceRCA all dataset recursive service-fault CSV windows,RE2-TT/ts-travel-service_disk/1/tracets_err.csv,traces,68241,selected
Zenodo record 14504481 (TraceRCA all dataset artifacts),TraceRCA all dataset recursive service-fault CSV windows,RE2-TT/ts-travel-service_disk/1/tracets_lat.csv,traces,58156,selected
Zenodo record 14504481 (TraceRCA all dataset artifacts),TraceRCA all dataset recursive service-fault CSV windows,RE2-TT/ts-travel-service_disk/2/logs.csv,logs,14148753,selected
Zenodo record 14504481 (TraceRCA all dataset artifacts),TraceRCA all dataset recursive service-fault CSV windows,RE2-TT/ts-travel-service_disk/2/logts.csv,logs,12056,selected
Zenodo record 14504481 (TraceRCA all dataset artifacts),TraceRCA all dataset recursive service-fault CSV windows,RE2-TT/ts-travel-service_disk/2/metrics.csv,metrics,25691790,selected
Zenodo record 14504481 (TraceRCA all dataset artifacts),TraceRCA all dataset recursive service-fault CSV windows,RE2-TT/ts-travel-service_disk/2/simple_metrics.csv,metrics,5955944,selected
Zenodo record 14504481 (TraceRCA all dataset artifacts),TraceRCA all dataset recursive service-fault CSV windows,RE2-TT/ts-travel-service_disk/2/traces.csv,traces,25438518,selected
Zenodo record 14504481 (TraceRCA all dataset artifacts),TraceRCA all dataset recursive service-fault CSV windows,RE2-TT/ts-travel-service_disk/2/tracets_err.csv,traces,36053,selected
Zenodo record 14504481 (TraceRCA all dataset artifacts),TraceRCA all dataset recursive service-fault CSV windows,RE2-TT/ts-travel-service_disk/2/tracets_lat.csv,traces,26069,selected
Zenodo record 14504481 (TraceRCA all dataset artifacts),TraceRCA all dataset recursive service-fault CSV windows,RE2-TT/ts-travel-service_disk/3/logs.csv,logs,14270087,selected
Zenodo record 14504481 (TraceRCA all dataset artifacts),TraceRCA all dataset recursive service-fault CSV windows,RE2-TT/ts-travel-service_disk/3/logts.csv,logs,34876,selected
Zenodo record 14504481 (TraceRCA all dataset artifacts),TraceRCA all dataset recursive service-fault CSV windows,RE2-TT/ts-travel-service_disk/3/metrics.csv,metrics,25702303,selected
Zenodo record 14504481 (TraceRCA all dataset artifacts),TraceRCA all dataset recursive service-fault CSV windows,RE2-TT/ts-travel-service_disk/3/simple_metrics.csv,metrics,5969867,selected
Zenodo record 14504481 (TraceRCA all dataset artifacts),TraceRCA all dataset recursive service-fault CSV windows,RE2-TT/ts-travel-service_disk/3/traces.csv,traces,25333134,selected
Zenodo record 14504481 (TraceRCA all dataset artifacts),TraceRCA all dataset recursive service-fault CSV windows,RE2-TT/ts-travel-service_disk/3/tracets_err.csv,traces,34095,selected
Zenodo record 14504481 (TraceRCA all dataset artifacts),TraceRCA all dataset recursive service-fault CSV windows,RE2-TT/ts-travel-service_disk/3/tracets_lat.csv,traces,29051,selected
Zenodo record 14504481 (TraceRCA all dataset artifacts),TraceRCA all dataset recursive service-fault CSV windows,RE2-TT/ts-travel-service_loss/1/logs.csv,logs,129678782,selected
Zenodo record 14504481 (TraceRCA all dataset artifacts),TraceRCA all dataset recursive service-fault CSV windows,RE2-TT/ts-travel-service_loss/1/logts.csv,logs,42482,selected
Zenodo record 14504481 (TraceRCA all dataset artifacts),TraceRCA all dataset recursive service-fault CSV windows,RE2-TT/ts-travel-service_loss/1/metrics.csv,metrics,26722345,selected
Zenodo record 14504481 (TraceRCA all dataset artifacts),TraceRCA all dataset recursive service-fault CSV windows,RE2-TT/ts-travel-service_loss/1/simple_metrics.csv,metrics,6196163,selected
Zenodo record 14504481 (TraceRCA all dataset artifacts),TraceRCA all dataset recursive service-fault CSV windows,RE2-TT/ts-travel-service_loss/1/traces.csv,traces,134361533,selected
Zenodo record 14504481 (TraceRCA all dataset artifacts),TraceRCA all dataset recursive service-fault CSV windows,RE2-TT/ts-travel-service_loss/1/tracets_err.csv,traces,68380,selected
Zenodo record 14504481 (TraceRCA all dataset artifacts),TraceRCA all dataset recursive service-fault CSV windows,RE2-TT/ts-travel-service_loss/1/tracets_lat.csv,traces,54620,selected
Zenodo record 14504481 (TraceRCA all dataset artifacts),TraceRCA all dataset recursive service-fault CSV windows,RE2-TT/ts-travel-service_loss/2/logs.csv,logs,201434143,selected
Zenodo record 14504481 (TraceRCA all dataset artifacts),TraceRCA all dataset recursive service-fault CSV windows,RE2-TT/ts-travel-service_loss/2/logts.csv,logs,43776,selected
Zenodo record 14504481 (TraceRCA all dataset artifacts),TraceRCA all dataset recursive service-fault CSV windows,RE2-TT/ts-travel-service_loss/2/metrics.csv,metrics,26918471,selected
Zenodo record 14504481 (TraceRCA all dataset artifacts),TraceRCA all dataset recursive service-fault CSV windows,RE2-TT/ts-travel-service_loss/2/simple_metrics.csv,metrics,6270745,selected
Zenodo record 14504481 (TraceRCA all dataset artifacts),TraceRCA all dataset recursive service-fault CSV windows,RE2-TT/ts-travel-service_loss/2/traces.csv,traces,184796249,selected
Zenodo record 14504481 (TraceRCA all dataset artifacts),TraceRCA all dataset recursive service-fault CSV windows,RE2-TT/ts-travel-service_loss/2/tracets_err.csv,traces,68698,selected
Zenodo record 14504481 (TraceRCA all dataset artifacts),TraceRCA all dataset recursive service-fault CSV windows,RE2-TT/ts-travel-service_loss/2/tracets_lat.csv,traces,53096,selected
Zenodo record 14504481 (TraceRCA all dataset artifacts),TraceRCA all dataset recursive service-fault CSV windows,RE2-TT/ts-travel-service_loss/3/logs.csv,logs,163155897,selected
Zenodo record 14504481 (TraceRCA all dataset artifacts),TraceRCA all dataset recursive service-fault CSV windows,RE2-TT/ts-travel-service_loss/3/logts.csv,logs,42316,selected
Zenodo record 14504481 (TraceRCA all dataset artifacts),TraceRCA all dataset recursive service-fault CSV windows,RE2-TT/ts-travel-service_loss/3/metrics.csv,metrics,26749773,selected
Zenodo record 14504481 (TraceRCA all dataset artifacts),TraceRCA all dataset recursive service-fault CSV windows,RE2-TT/ts-travel-service_loss/3/simple_metrics.csv,metrics,6214195,selected
Zenodo record 14504481 (TraceRCA all dataset artifacts),TraceRCA all dataset recursive service-fault CSV windows,RE2-TT/ts-travel-service_loss/3/traces.csv,traces,155855010,selected
Zenodo record 14504481 (TraceRCA all dataset artifacts),TraceRCA all dataset recursive service-fault CSV windows,RE2-TT/ts-travel-service_loss/3/tracets_err.csv,traces,68383,selected
Zenodo record 14504481 (TraceRCA all dataset artifacts),TraceRCA all dataset recursive service-fault CSV windows,RE2-TT/ts-travel-service_loss/3/tracets_lat.csv,traces,42521,selected
Zenodo record 14504481 (TraceRCA all dataset artifacts),TraceRCA all dataset recursive service-fault CSV windows,RE2-TT/ts-travel-service_mem/1/logs.csv,logs,131876749,selected
Zenodo record 14504481 (TraceRCA all dataset artifacts),TraceRCA all dataset recursive service-fault CSV windows,RE2-TT/ts-travel-service_mem/1/logts.csv,logs,42115,selected
Zenodo record 14504481 (TraceRCA all dataset artifacts),TraceRCA all dataset recursive service-fault CSV windows,RE2-TT/ts-travel-service_mem/1/metrics.csv,metrics,26796459,selected
Zenodo record 14504481 (TraceRCA all dataset artifacts),TraceRCA all dataset recursive service-fault CSV windows,RE2-TT/ts-travel-service_mem/1/simple_metrics.csv,metrics,6221494,selected
Zenodo record 14504481 (TraceRCA all dataset artifacts),TraceRCA all dataset recursive service-fault CSV windows,RE2-TT/ts-travel-service_mem/1/traces.csv,traces,126156946,selected
Zenodo record 14504481 (TraceRCA all dataset artifacts),TraceRCA all dataset recursive service-fault CSV windows,RE2-TT/ts-travel-service_mem/1/tracets_err.csv,traces,68305,selected
Zenodo record 14504481 (TraceRCA all dataset artifacts),TraceRCA all dataset recursive service-fault CSV windows,RE2-TT/ts-travel-service_mem/1/tracets_lat.csv,traces,42639,selected
Zenodo record 14504481 (TraceRCA all dataset artifacts),TraceRCA all dataset recursive service-fault CSV windows,RE2-TT/ts-travel-service_mem/2/logs.csv,logs,151176053,selected
Zenodo record 14504481 (TraceRCA all dataset artifacts),TraceRCA all dataset recursive service-fault CSV windows,RE2-TT/ts-travel-service_mem/2/logts.csv,logs,50475,selected
Zenodo record 14504481 (TraceRCA all dataset artifacts),TraceRCA all dataset recursive service-fault CSV windows,RE2-TT/ts-travel-service_mem/2/metrics.csv,metrics,26715090,selected
Zenodo record 14504481 (TraceRCA all dataset artifacts),TraceRCA all dataset recursive service-fault CSV windows,RE2-TT/ts-travel-service_mem/2/simple_metrics.csv,metrics,6208091,selected
Zenodo record 14504481 (TraceRCA all dataset artifacts),TraceRCA all dataset recursive service-fault CSV windows,RE2-TT/ts-travel-service_mem/2/traces.csv,traces,135424031,selected
Zenodo record 14504481 (TraceRCA all dataset artifacts),TraceRCA all dataset recursive service-fault CSV windows,RE2-TT/ts-travel-service_mem/2/tracets_err.csv,traces,68764,selected
Zenodo record 14504481 (TraceRCA all dataset artifacts),TraceRCA all dataset recursive service-fault CSV windows,RE2-TT/ts-travel-service_mem/2/tracets_lat.csv,traces,49617,selected
Zenodo record 14504481 (TraceRCA all dataset artifacts),TraceRCA all dataset recursive service-fault CSV windows,RE2-TT/ts-travel-service_mem/3/logs.csv,logs,73040246,selected
Zenodo record 14504481 (TraceRCA all dataset artifacts),TraceRCA all dataset recursive service-fault CSV windows,RE2-TT/ts-travel-service_mem/3/logts.csv,logs,42009,selected
Zenodo record 14504481 (TraceRCA all dataset artifacts),TraceRCA all dataset recursive service-fault CSV windows,RE2-TT/ts-travel-service_mem/3/metrics.csv,metrics,26666213,selected
Zenodo record 14504481 (TraceRCA all dataset artifacts),TraceRCA all dataset recursive service-fault CSV windows,RE2-TT/ts-travel-service_mem/3/simple_metrics.csv,metrics,6170118,selected
Zenodo record 14504481 (TraceRCA all dataset artifacts),TraceRCA all dataset recursive service-fault CSV windows,RE2-TT/ts-travel-service_mem/3/traces.csv,traces,90359678,selected
Zenodo record 14504481 (TraceRCA all dataset artifacts),TraceRCA all dataset recursive service-fault CSV windows,RE2-TT/ts-travel-service_mem/3/tracets_err.csv,traces,67161,selected
Zenodo record 14504481 (TraceRCA all dataset artifacts),TraceRCA all dataset recursive service-fault CSV windows,RE2-TT/ts-travel-service_mem/3/tracets_lat.csv,traces,55225,selected
Zenodo record 14504481 (TraceRCA all dataset artifacts),TraceRCA all dataset recursive service-fault CSV windows,RE2-TT/ts-travel-service_socket/1/logs.csv,logs,14306370,selected
Zenodo record 14504481 (TraceRCA all dataset artifacts),TraceRCA all dataset recursive service-fault CSV windows,RE2-TT/ts-travel-service_socket/1/logts.csv,logs,29400,selected
Zenodo record 14504481 (TraceRCA all dataset artifacts),TraceRCA all dataset recursive service-fault CSV windows,RE2-TT/ts-travel-service_socket/1/metrics.csv,metrics,25683531,selected
Zenodo record 14504481 (TraceRCA all dataset artifacts),TraceRCA all dataset recursive service-fault CSV windows,RE2-TT/ts-travel-service_socket/1/simple_metrics.csv,metrics,5950713,selected
Zenodo record 14504481 (TraceRCA all dataset artifacts),TraceRCA all dataset recursive service-fault CSV windows,RE2-TT/ts-travel-service_socket/1/traces.csv,traces,24902853,selected
Zenodo record 14504481 (TraceRCA all dataset artifacts),TraceRCA all dataset recursive service-fault CSV windows,RE2-TT/ts-travel-service_socket/1/tracets_err.csv,traces,34236,selected
Zenodo record 14504481 (TraceRCA all dataset artifacts),TraceRCA all dataset recursive service-fault CSV windows,RE2-TT/ts-travel-service_socket/1/tracets_lat.csv,traces,23380,selected
Zenodo record 14504481 (TraceRCA all dataset artifacts),TraceRCA all dataset recursive service-fault CSV windows,RE2-TT/ts-travel-service_socket/2/logs.csv,logs,85229290,selected
Zenodo record 14504481 (TraceRCA all dataset artifacts),TraceRCA all dataset recursive service-fault CSV windows,RE2-TT/ts-travel-service_socket/2/logts.csv,logs,42826,selected
Zenodo record 14504481 (TraceRCA all dataset artifacts),TraceRCA all dataset recursive service-fault CSV windows,RE2-TT/ts-travel-service_socket/2/metrics.csv,metrics,27071444,selected
Zenodo record 14504481 (TraceRCA all dataset artifacts),TraceRCA all dataset recursive service-fault CSV windows,RE2-TT/ts-travel-service_socket/2/simple_metrics.csv,metrics,6225192,selected
Zenodo record 14504481 (TraceRCA all dataset artifacts),TraceRCA all dataset recursive service-fault CSV windows,RE2-TT/ts-travel-service_socket/2/traces.csv,traces,103064443,selected
Zenodo record 14504481 (TraceRCA all dataset artifacts),TraceRCA all dataset recursive service-fault CSV windows,RE2-TT/ts-travel-service_socket/2/tracets_err.csv,traces,67629,selected
Zenodo record 14504481 (TraceRCA all dataset artifacts),TraceRCA all dataset recursive service-fault CSV windows,RE2-TT/ts-travel-service_socket/2/tracets_lat.csv,traces,50047,selected
Zenodo record 14504481 (TraceRCA all dataset artifacts),TraceRCA all dataset recursive service-fault CSV windows,RE2-TT/ts-travel-service_socket/3/logs.csv,logs,118510766,selected
Zenodo record 14504481 (TraceRCA all dataset artifacts),TraceRCA all dataset recursive service-fault CSV windows,RE2-TT/ts-travel-service_socket/3/logts.csv,logs,41954,selected
Zenodo record 14504481 (TraceRCA all dataset artifacts),TraceRCA all dataset recursive service-fault CSV windows,RE2-TT/ts-travel-service_socket/3/metrics.csv,metrics,26845434,selected
Zenodo record 14504481 (TraceRCA all dataset artifacts),TraceRCA all dataset recursive service-fault CSV windows,RE2-TT/ts-travel-service_socket/3/simple_metrics.csv,metrics,6202943,selected
Zenodo record 14504481 (TraceRCA all dataset artifacts),TraceRCA all dataset recursive service-fault CSV windows,RE2-TT/ts-travel-service_socket/3/traces.csv,traces,120086935,selected
Zenodo record 14504481 (TraceRCA all dataset artifacts),TraceRCA all dataset recursive service-fault CSV windows,RE2-TT/ts-travel-service_socket/3/tracets_err.csv,traces,68383,selected
Zenodo record 14504481 (TraceRCA all dataset artifacts),TraceRCA all dataset recursive service-fault CSV windows,RE2-TT/ts-travel-service_socket/3/tracets_lat.csv,traces,54813,selected
Zenodo record 14504481 (TraceRCA all dataset artifacts),TraceRCA all dataset recursive service-fault CSV windows,RE3-OB/adservice_f3/1/logs.csv,logs,11129186,selected
Zenodo record 14504481 (TraceRCA all dataset artifacts),TraceRCA all dataset recursive service-fault CSV windows,RE3-OB/adservice_f3/1/metrics.csv,metrics,6241421,selected
Zenodo record 14504481 (TraceRCA all dataset artifacts),TraceRCA all dataset recursive service-fault CSV windows,RE3-OB/adservice_f3/1/simple_metrics.csv,metrics,1130519,selected
Zenodo record 14504481 (TraceRCA all dataset artifacts),TraceRCA all dataset recursive service-fault CSV windows,RE3-OB/adservice_f3/1/traces.csv,traces,29613484,selected
Zenodo record 14504481 (TraceRCA all dataset artifacts),TraceRCA all dataset recursive service-fault CSV windows,RE3-OB/adservice_f3/2/logs.csv,logs,10891470,selected
Zenodo record 14504481 (TraceRCA all dataset artifacts),TraceRCA all dataset recursive service-fault CSV windows,RE3-OB/adservice_f3/2/metrics.csv,metrics,6516944,selected
Zenodo record 14504481 (TraceRCA all dataset artifacts),TraceRCA all dataset recursive service-fault CSV windows,RE3-OB/adservice_f3/2/simple_metrics.csv,metrics,1195528,selected
Zenodo record 14504481 (TraceRCA all dataset artifacts),TraceRCA all dataset recursive service-fault CSV windows,RE3-OB/adservice_f3/2/traces.csv,traces,29030059,selected
Zenodo record 14504481 (TraceRCA all dataset artifacts),TraceRCA all dataset recursive service-fault CSV windows,RE3-OB/adservice_f3/3/logs.csv,logs,10888016,selected
Zenodo record 14504481 (TraceRCA all dataset artifacts),TraceRCA all dataset recursive service-fault CSV windows,RE3-OB/adservice_f3/3/metrics.csv,metrics,6471651,selected
Zenodo record 14504481 (TraceRCA all dataset artifacts),TraceRCA all dataset recursive service-fault CSV windows,RE3-OB/adservice_f3/3/simple_metrics.csv,metrics,1178810,selected
Zenodo record 14504481 (TraceRCA all dataset artifacts),TraceRCA all dataset recursive service-fault CSV windows,RE3-OB/adservice_f3/3/traces.csv,traces,29311339,selected
Zenodo record 14504481 (TraceRCA all dataset artifacts),TraceRCA all dataset recursive service-fault CSV windows,RE3-OB/adservice_f4/1/logs.csv,logs,14060930,selected
Zenodo record 14504481 (TraceRCA all dataset artifacts),TraceRCA all dataset recursive service-fault CSV windows,RE3-OB/adservice_f4/1/metrics.csv,metrics,6226453,selected
Zenodo record 14504481 (TraceRCA all dataset artifacts),TraceRCA all dataset recursive service-fault CSV windows,RE3-OB/adservice_f4/1/simple_metrics.csv,metrics,1129536,selected
Zenodo record 14504481 (TraceRCA all dataset artifacts),TraceRCA all dataset recursive service-fault CSV windows,RE3-OB/adservice_f4/1/traces.csv,traces,29461704,selected
Zenodo record 14504481 (TraceRCA all dataset artifacts),TraceRCA all dataset recursive service-fault CSV windows,RE3-OB/adservice_f4/2/logs.csv,logs,14090072,selected
Zenodo record 14504481 (TraceRCA all dataset artifacts),TraceRCA all dataset recursive service-fault CSV windows,RE3-OB/adservice_f4/2/metrics.csv,metrics,6232078,selected
Zenodo record 14504481 (TraceRCA all dataset artifacts),TraceRCA all dataset recursive service-fault CSV windows,RE3-OB/adservice_f4/2/simple_metrics.csv,metrics,1136706,selected
Zenodo record 14504481 (TraceRCA all dataset artifacts),TraceRCA all dataset recursive service-fault CSV windows,RE3-OB/adservice_f4/2/traces.csv,traces,29514817,selected
Zenodo record 14504481 (TraceRCA all dataset artifacts),TraceRCA all dataset recursive service-fault CSV windows,RE3-OB/adservice_f4/3/logs.csv,logs,14021566,selected
Zenodo record 14504481 (TraceRCA all dataset artifacts),TraceRCA all dataset recursive service-fault CSV windows,RE3-OB/adservice_f4/3/metrics.csv,metrics,6195363,selected
Zenodo record 14504481 (TraceRCA all dataset artifacts),TraceRCA all dataset recursive service-fault CSV windows,RE3-OB/adservice_f4/3/simple_metrics.csv,metrics,1113285,selected
Zenodo record 14504481 (TraceRCA all dataset artifacts),TraceRCA all dataset recursive service-fault CSV windows,RE3-OB/adservice_f4/3/traces.csv,traces,29704442,selected
Zenodo record 14504481 (TraceRCA all dataset artifacts),TraceRCA all dataset recursive service-fault CSV windows,RE3-OB/adservice_f5/1/logs.csv,logs,10867881,selected
Zenodo record 14504481 (TraceRCA all dataset artifacts),TraceRCA all dataset recursive service-fault CSV windows,RE3-OB/adservice_f5/1/metrics.csv,metrics,6071492,selected
Zenodo record 14504481 (TraceRCA all dataset artifacts),TraceRCA all dataset recursive service-fault CSV windows,RE3-OB/adservice_f5/1/simple_metrics.csv,metrics,1086992,selected
Zenodo record 14504481 (TraceRCA all dataset artifacts),TraceRCA all dataset recursive service-fault CSV windows,RE3-OB/adservice_f5/1/traces.csv,traces,29152903,selected
Zenodo record 14504481 (TraceRCA all dataset artifacts),TraceRCA all dataset recursive service-fault CSV windows,RE3-OB/adservice_f5/2/logs.csv,logs,11062349,selected
Zenodo record 14504481 (TraceRCA all dataset artifacts),TraceRCA all dataset recursive service-fault CSV windows,RE3-OB/adservice_f5/2/metrics.csv,metrics,6105761,selected
Zenodo record 14504481 (TraceRCA all dataset artifacts),TraceRCA all dataset recursive service-fault CSV windows,RE3-OB/adservice_f5/2/simple_metrics.csv,metrics,1098759,selected
Zenodo record 14504481 (TraceRCA all dataset artifacts),TraceRCA all dataset recursive service-fault CSV windows,RE3-OB/adservice_f5/2/traces.csv,traces,29405561,selected
Zenodo record 14504481 (TraceRCA all dataset artifacts),TraceRCA all dataset recursive service-fault CSV windows,RE3-OB/adservice_f5/3/logs.csv,logs,10959206,selected
Zenodo record 14504481 (TraceRCA all dataset artifacts),TraceRCA all dataset recursive service-fault CSV windows,RE3-OB/adservice_f5/3/metrics.csv,metrics,6088066,selected
Zenodo record 14504481 (TraceRCA all dataset artifacts),TraceRCA all dataset recursive service-fault CSV windows,RE3-OB/adservice_f5/3/simple_metrics.csv,metrics,1090291,selected
Zenodo record 14504481 (TraceRCA all dataset artifacts),TraceRCA all dataset recursive service-fault CSV windows,RE3-OB/adservice_f5/3/traces.csv,traces,29352154,selected
Zenodo record 14504481 (TraceRCA all dataset artifacts),TraceRCA all dataset recursive service-fault CSV windows,RE3-OB/cartservice_f1/1/logs.csv,logs,10450087,selected
Zenodo record 14504481 (TraceRCA all dataset artifacts),TraceRCA all dataset recursive service-fault CSV windows,RE3-OB/cartservice_f1/1/metrics.csv,metrics,6213508,selected
Zenodo record 14504481 (TraceRCA all dataset artifacts),TraceRCA all dataset recursive service-fault CSV windows,RE3-OB/cartservice_f1/1/simple_metrics.csv,metrics,1125627,selected
Zenodo record 14504481 (TraceRCA all dataset artifacts),TraceRCA all dataset recursive service-fault CSV windows,RE3-OB/cartservice_f1/1/traces.csv,traces,26648179,selected
Zenodo record 14504481 (TraceRCA all dataset artifacts),TraceRCA all dataset recursive service-fault CSV windows,RE3-OB/cartservice_f1/2/logs.csv,logs,10688890,selected
Zenodo record 14504481 (TraceRCA all dataset artifacts),TraceRCA all dataset recursive service-fault CSV windows,RE3-OB/cartservice_f1/2/metrics.csv,metrics,6260492,selected
Zenodo record 14504481 (TraceRCA all dataset artifacts),TraceRCA all dataset recursive service-fault CSV windows,RE3-OB/cartservice_f1/2/simple_metrics.csv,metrics,1143157,selected
Zenodo record 14504481 (TraceRCA all dataset artifacts),TraceRCA all dataset recursive service-fault CSV windows,RE3-OB/cartservice_f1/2/traces.csv,traces,27043007,selected
Zenodo record 14504481 (TraceRCA all dataset artifacts),TraceRCA all dataset recursive service-fault CSV windows,RE3-OB/cartservice_f1/3/logs.csv,logs,10611724,selected
Zenodo record 14504481 (TraceRCA all dataset artifacts),TraceRCA all dataset recursive service-fault CSV windows,RE3-OB/cartservice_f1/3/metrics.csv,metrics,6227530,selected
Zenodo record 14504481 (TraceRCA all dataset artifacts),TraceRCA all dataset recursive service-fault CSV windows,RE3-OB/cartservice_f1/3/simple_metrics.csv,metrics,1123198,selected
Zenodo record 14504481 (TraceRCA all dataset artifacts),TraceRCA all dataset recursive service-fault CSV windows,RE3-OB/cartservice_f1/3/traces.csv,traces,27029001,selected
Zenodo record 14504481 (TraceRCA all dataset artifacts),TraceRCA all dataset recursive service-fault CSV windows,RE3-OB/currencyservice_f1/1/logs.csv,logs,9465033,selected
Zenodo record 14504481 (TraceRCA all dataset artifacts),TraceRCA all dataset recursive service-fault CSV windows,RE3-OB/currencyservice_f1/1/metrics.csv,metrics,5911142,selected
Zenodo record 14504481 (TraceRCA all dataset artifacts),TraceRCA all dataset recursive service-fault CSV windows,RE3-OB/currencyservice_f1/1/simple_metrics.csv,metrics,1071585,selected
Zenodo record 14504481 (TraceRCA all dataset artifacts),TraceRCA all dataset recursive service-fault CSV windows,RE3-OB/currencyservice_f1/1/traces.csv,traces,20777630,selected
Zenodo record 14504481 (TraceRCA all dataset artifacts),TraceRCA all dataset recursive service-fault CSV windows,RE3-OB/currencyservice_f1/2/logs.csv,logs,9770644,selected
Zenodo record 14504481 (TraceRCA all dataset artifacts),TraceRCA all dataset recursive service-fault CSV windows,RE3-OB/currencyservice_f1/2/metrics.csv,metrics,5960002,selected
Zenodo record 14504481 (TraceRCA all dataset artifacts),TraceRCA all dataset recursive service-fault CSV windows,RE3-OB/currencyservice_f1/2/simple_metrics.csv,metrics,1082112,selected
Zenodo record 14504481 (TraceRCA all dataset artifacts),TraceRCA all dataset recursive service-fault CSV windows,RE3-OB/currencyservice_f1/2/traces.csv,traces,21292767,selected
Zenodo record 14504481 (TraceRCA all dataset artifacts),TraceRCA all dataset recursive service-fault CSV windows,RE3-OB/currencyservice_f1/3/logs.csv,logs,9477956,selected
Zenodo record 14504481 (TraceRCA all dataset artifacts),TraceRCA all dataset recursive service-fault CSV windows,RE3-OB/currencyservice_f1/3/metrics.csv,metrics,5980441,selected
Zenodo record 14504481 (TraceRCA all dataset artifacts),TraceRCA all dataset recursive service-fault CSV windows,RE3-OB/currencyservice_f1/3/simple_metrics.csv,metrics,1079379,selected
Zenodo record 14504481 (TraceRCA all dataset artifacts),TraceRCA all dataset recursive service-fault CSV windows,RE3-OB/currencyservice_f1/3/traces.csv,traces,20896329,selected
Zenodo record 14504481 (TraceRCA all dataset artifacts),TraceRCA all dataset recursive service-fault CSV windows,RE3-OB/emailservice_f1/1/logs.csv,logs,11106711,selected
Zenodo record 14504481 (TraceRCA all dataset artifacts),TraceRCA all dataset recursive service-fault CSV windows,RE3-OB/emailservice_f1/1/metrics.csv,metrics,6100723,selected
Zenodo record 14504481 (TraceRCA all dataset artifacts),TraceRCA all dataset recursive service-fault CSV windows,RE3-OB/emailservice_f1/1/simple_metrics.csv,metrics,1100791,selected
Zenodo record 14504481 (TraceRCA all dataset artifacts),TraceRCA all dataset recursive service-fault CSV windows,RE3-OB/emailservice_f1/1/traces.csv,traces,29538448,selected
Zenodo record 14504481 (TraceRCA all dataset artifacts),TraceRCA all dataset recursive service-fault CSV windows,RE3-OB/emailservice_f1/2/logs.csv,logs,11087755,selected
Zenodo record 14504481 (TraceRCA all dataset artifacts),TraceRCA all dataset recursive service-fault CSV windows,RE3-OB/emailservice_f1/2/metrics.csv,metrics,6153919,selected
Zenodo record 14504481 (TraceRCA all dataset artifacts),TraceRCA all dataset recursive service-fault CSV windows,RE3-OB/emailservice_f1/2/simple_metrics.csv,metrics,1110152,selected
Zenodo record 14504481 (TraceRCA all dataset artifacts),TraceRCA all dataset recursive service-fault CSV windows,RE3-OB/emailservice_f1/2/traces.csv,traces,29293022,selected
Zenodo record 14504481 (TraceRCA all dataset artifacts),TraceRCA all dataset recursive service-fault CSV windows,RE3-OB/emailservice_f1/3/logs.csv,logs,10856695,selected
Zenodo record 14504481 (TraceRCA all dataset artifacts),TraceRCA all dataset recursive service-fault CSV windows,RE3-OB/emailservice_f1/3/metrics.csv,metrics,6133273,selected
Zenodo record 14504481 (TraceRCA all dataset artifacts),TraceRCA all dataset recursive service-fault CSV windows,RE3-OB/emailservice_f1/3/simple_metrics.csv,metrics,1101817,selected
Zenodo record 14504481 (TraceRCA all dataset artifacts),TraceRCA all dataset recursive service-fault CSV windows,RE3-OB/emailservice_f1/3/traces.csv,traces,29100843,selected
Zenodo record 14504481 (TraceRCA all dataset artifacts),TraceRCA all dataset recursive service-fault CSV windows,RE3-OB/emailservice_f2/1/logs.csv,logs,11261085,selected
Zenodo record 14504481 (TraceRCA all dataset artifacts),TraceRCA all dataset recursive service-fault CSV windows,RE3-OB/emailservice_f2/1/metrics.csv,metrics,6104721,selected
Zenodo record 14504481 (TraceRCA all dataset artifacts),TraceRCA all dataset recursive service-fault CSV windows,RE3-OB/emailservice_f2/1/simple_metrics.csv,metrics,1095715,selected
Zenodo record 14504481 (TraceRCA all dataset artifacts),TraceRCA all dataset recursive service-fault CSV windows,RE3-OB/emailservice_f2/1/traces.csv,traces,29814345,selected
Zenodo record 14504481 (TraceRCA all dataset artifacts),TraceRCA all dataset recursive service-fault CSV windows,RE3-OB/emailservice_f2/2/logs.csv,logs,11129463,selected
Zenodo record 14504481 (TraceRCA all dataset artifacts),TraceRCA all dataset recursive service-fault CSV windows,RE3-OB/emailservice_f2/2/metrics.csv,metrics,6113894,selected
Zenodo record 14504481 (TraceRCA all dataset artifacts),TraceRCA all dataset recursive service-fault CSV windows,RE3-OB/emailservice_f2/2/simple_metrics.csv,metrics,1098281,selected
Zenodo record 14504481 (TraceRCA all dataset artifacts),TraceRCA all dataset recursive service-fault CSV windows,RE3-OB/emailservice_f2/2/traces.csv,traces,29492719,selected
Zenodo record 14504481 (TraceRCA all dataset artifacts),TraceRCA all dataset recursive service-fault CSV windows,RE3-OB/emailservice_f2/3/logs.csv,logs,11062719,selected
Zenodo record 14504481 (TraceRCA all dataset artifacts),TraceRCA all dataset recursive service-fault CSV windows,RE3-OB/emailservice_f2/3/metrics.csv,metrics,6130269,selected
Zenodo record 14504481 (TraceRCA all dataset artifacts),TraceRCA all dataset recursive service-fault CSV windows,RE3-OB/emailservice_f2/3/simple_metrics.csv,metrics,1102822,selected
Zenodo record 14504481 (TraceRCA all dataset artifacts),TraceRCA all dataset recursive service-fault CSV windows,RE3-OB/emailservice_f2/3/traces.csv,traces,29245286,selected
Zenodo record 14504481 (TraceRCA all dataset artifacts),TraceRCA all dataset recursive service-fault CSV windows,RE3-OB/emailservice_f3/1/logs.csv,logs,11031970,selected
Zenodo record 14504481 (TraceRCA all dataset artifacts),TraceRCA all dataset recursive service-fault CSV windows,RE3-OB/emailservice_f3/1/metrics.csv,metrics,6199844,selected
Zenodo record 14504481 (TraceRCA all dataset artifacts),TraceRCA all dataset recursive service-fault CSV windows,RE3-OB/emailservice_f3/1/simple_metrics.csv,metrics,1132705,selected
Zenodo record 14504481 (TraceRCA all dataset artifacts),TraceRCA all dataset recursive service-fault CSV windows,RE3-OB/emailservice_f3/1/traces.csv,traces,29101311,selected
Zenodo record 14504481 (TraceRCA all dataset artifacts),TraceRCA all dataset recursive service-fault CSV windows,RE3-OB/emailservice_f3/2/logs.csv,logs,11256178,selected
Zenodo record 14504481 (TraceRCA all dataset artifacts),TraceRCA all dataset recursive service-fault CSV windows,RE3-OB/emailservice_f3/2/metrics.csv,metrics,6244628,selected
Zenodo record 14504481 (TraceRCA all dataset artifacts),TraceRCA all dataset recursive service-fault CSV windows,RE3-OB/emailservice_f3/2/simple_metrics.csv,metrics,1141651,selected
Zenodo record 14504481 (TraceRCA all dataset artifacts),TraceRCA all dataset recursive service-fault CSV windows,RE3-OB/emailservice_f3/2/traces.csv,traces,29828158,selected
Zenodo record 14504481 (TraceRCA all dataset artifacts),TraceRCA all dataset recursive service-fault CSV windows,RE3-OB/emailservice_f3/3/logs.csv,logs,11277006,selected
Zenodo record 14504481 (TraceRCA all dataset artifacts),TraceRCA all dataset recursive service-fault CSV windows,RE3-OB/emailservice_f3/3/metrics.csv,metrics,6211177,selected
Zenodo record 14504481 (TraceRCA all dataset artifacts),TraceRCA all dataset recursive service-fault CSV windows,RE3-OB/emailservice_f3/3/simple_metrics.csv,metrics,1131541,selected
Zenodo record 14504481 (TraceRCA all dataset artifacts),TraceRCA all dataset recursive service-fault CSV windows,RE3-OB/emailservice_f3/3/traces.csv,traces,30056325,selected
Zenodo record 14504481 (TraceRCA all dataset artifacts),TraceRCA all dataset recursive service-fault CSV windows,RE3-OB/emailservice_f4/1/logs.csv,logs,11155671,selected
Zenodo record 14504481 (TraceRCA all dataset artifacts),TraceRCA all dataset recursive service-fault CSV windows,RE3-OB/emailservice_f4/1/metrics.csv,metrics,6186831,selected
Zenodo record 14504481 (TraceRCA all dataset artifacts),TraceRCA all dataset recursive service-fault CSV windows,RE3-OB/emailservice_f4/1/simple_metrics.csv,metrics,1115611,selected
Zenodo record 14504481 (TraceRCA all dataset artifacts),TraceRCA all dataset recursive service-fault CSV windows,RE3-OB/emailservice_f4/1/traces.csv,traces,29638708,selected
Zenodo record 14504481 (TraceRCA all dataset artifacts),TraceRCA all dataset recursive service-fault CSV windows,RE3-OB/emailservice_f4/2/logs.csv,logs,11331024,selected
Zenodo record 14504481 (TraceRCA all dataset artifacts),TraceRCA all dataset recursive service-fault CSV windows,RE3-OB/emailservice_f4/2/metrics.csv,metrics,6207292,selected
Zenodo record 14504481 (TraceRCA all dataset artifacts),TraceRCA all dataset recursive service-fault CSV windows,RE3-OB/emailservice_f4/2/simple_metrics.csv,metrics,1117233,selected
Zenodo record 14504481 (TraceRCA all dataset artifacts),TraceRCA all dataset recursive service-fault CSV windows,RE3-OB/emailservice_f4/2/traces.csv,traces,29961976,selected
Zenodo record 14504481 (TraceRCA all dataset artifacts),TraceRCA all dataset recursive service-fault CSV windows,RE3-OB/emailservice_f4/3/logs.csv,logs,10979721,selected
Zenodo record 14504481 (TraceRCA all dataset artifacts),TraceRCA all dataset recursive service-fault CSV windows,RE3-OB/emailservice_f4/3/metrics.csv,metrics,6220166,selected
Zenodo record 14504481 (TraceRCA all dataset artifacts),TraceRCA all dataset recursive service-fault CSV windows,RE3-OB/emailservice_f4/3/simple_metrics.csv,metrics,1127793,selected
Zenodo record 14504481 (TraceRCA all dataset artifacts),TraceRCA all dataset recursive service-fault CSV windows,RE3-OB/emailservice_f4/3/traces.csv,traces,29234446,selected
Zenodo record 14504481 (TraceRCA all dataset artifacts),TraceRCA all dataset recursive service-fault CSV windows,RE3-OB/emailservice_f5/1/logs.csv,logs,11109908,selected
Zenodo record 14504481 (TraceRCA all dataset artifacts),TraceRCA all dataset recursive service-fault CSV windows,RE3-OB/emailservice_f5/1/metrics.csv,metrics,6083591,selected
Zenodo record 14504481 (TraceRCA all dataset artifacts),TraceRCA all dataset recursive service-fault CSV windows,RE3-OB/emailservice_f5/1/simple_metrics.csv,metrics,1092361,selected
Zenodo record 14504481 (TraceRCA all dataset artifacts),TraceRCA all dataset recursive service-fault CSV windows,RE3-OB/emailservice_f5/1/traces.csv,traces,29382714,selected
Zenodo record 14504481 (TraceRCA all dataset artifacts),TraceRCA all dataset recursive service-fault CSV windows,RE3-OB/emailservice_f5/2/logs.csv,logs,11185746,selected
Zenodo record 14504481 (TraceRCA all dataset artifacts),TraceRCA all dataset recursive service-fault CSV windows,RE3-OB/emailservice_f5/2/metrics.csv,metrics,6111163,selected
Zenodo record 14504481 (TraceRCA all dataset artifacts),TraceRCA all dataset recursive service-fault CSV windows,RE3-OB/emailservice_f5/2/simple_metrics.csv,metrics,1090887,selected
Zenodo record 14504481 (TraceRCA all dataset artifacts),TraceRCA all dataset recursive service-fault CSV windows,RE3-OB/emailservice_f5/2/traces.csv,traces,29689543,selected
Zenodo record 14504481 (TraceRCA all dataset artifacts),TraceRCA all dataset recursive service-fault CSV windows,RE3-OB/emailservice_f5/3/logs.csv,logs,11101256,selected
Zenodo record 14504481 (TraceRCA all dataset artifacts),TraceRCA all dataset recursive service-fault CSV windows,RE3-OB/emailservice_f5/3/metrics.csv,metrics,6121875,selected
Zenodo record 14504481 (TraceRCA all dataset artifacts),TraceRCA all dataset recursive service-fault CSV windows,RE3-OB/emailservice_f5/3/simple_metrics.csv,metrics,1104826,selected
Zenodo record 14504481 (TraceRCA all dataset artifacts),TraceRCA all dataset recursive service-fault CSV windows,RE3-OB/emailservice_f5/3/traces.csv,traces,29396833,selected
Zenodo record 14504481 (TraceRCA all dataset artifacts),TraceRCA all dataset recursive service-fault CSV windows,RE3-SS/carts_f1/1/logs.csv,logs,24129399,selected
Zenodo record 14504481 (TraceRCA all dataset artifacts),TraceRCA all dataset recursive service-fault CSV windows,RE3-SS/carts_f1/1/metrics.csv,metrics,6692029,selected
Zenodo record 14504481 (TraceRCA all dataset artifacts),TraceRCA all dataset recursive service-fault CSV windows,RE3-SS/carts_f1/1/simple_metrics.csv,metrics,1259774,selected
Zenodo record 14504481 (TraceRCA all dataset artifacts),TraceRCA all dataset recursive service-fault CSV windows,RE3-SS/carts_f1/2/logs.csv,logs,24206155,selected
Zenodo record 14504481 (TraceRCA all dataset artifacts),TraceRCA all dataset recursive service-fault CSV windows,RE3-SS/carts_f1/2/metrics.csv,metrics,6691702,selected
Zenodo record 14504481 (TraceRCA all dataset artifacts),TraceRCA all dataset recursive service-fault CSV windows,RE3-SS/carts_f1/2/simple_metrics.csv,metrics,1264386,selected
Zenodo record 14504481 (TraceRCA all dataset artifacts),TraceRCA all dataset recursive service-fault CSV windows,RE3-SS/carts_f1/3/logs.csv,logs,24240653,selected
Zenodo record 14504481 (TraceRCA all dataset artifacts),TraceRCA all dataset recursive service-fault CSV windows,RE3-SS/carts_f1/3/metrics.csv,metrics,6943125,selected
Zenodo record 14504481 (TraceRCA all dataset artifacts),TraceRCA all dataset recursive service-fault CSV windows,RE3-SS/carts_f1/3/simple_metrics.csv,metrics,1313056,selected
Zenodo record 14504481 (TraceRCA all dataset artifacts),TraceRCA all dataset recursive service-fault CSV windows,RE3-SS/carts_f1/3/traces.csv,traces,116,selected
Zenodo record 14504481 (TraceRCA all dataset artifacts),TraceRCA all dataset recursive service-fault CSV windows,RE3-SS/carts_f1/4/logs.csv,logs,24306296,selected
Zenodo record 14504481 (TraceRCA all dataset artifacts),TraceRCA all dataset recursive service-fault CSV windows,RE3-SS/carts_f1/4/metrics.csv,metrics,6861536,selected
Zenodo record 14504481 (TraceRCA all dataset artifacts),TraceRCA all dataset recursive service-fault CSV windows,RE3-SS/carts_f1/4/simple_metrics.csv,metrics,1291509,selected
Zenodo record 14504481 (TraceRCA all dataset artifacts),TraceRCA all dataset recursive service-fault CSV windows,RE3-SS/carts_f3/1/logs.csv,logs,24030783,selected
Zenodo record 14504481 (TraceRCA all dataset artifacts),TraceRCA all dataset recursive service-fault CSV windows,RE3-SS/carts_f3/1/metrics.csv,metrics,6616842,selected
Zenodo record 14504481 (TraceRCA all dataset artifacts),TraceRCA all dataset recursive service-fault CSV windows,RE3-SS/carts_f3/1/simple_metrics.csv,metrics,1239050,selected
Zenodo record 14504481 (TraceRCA all dataset artifacts),TraceRCA all dataset recursive service-fault CSV windows,RE3-SS/carts_f3/2/logs.csv,logs,24055776,selected
Zenodo record 14504481 (TraceRCA all dataset artifacts),TraceRCA all dataset recursive service-fault CSV windows,RE3-SS/carts_f3/2/metrics.csv,metrics,6622748,selected
Zenodo record 14504481 (TraceRCA all dataset artifacts),TraceRCA all dataset recursive service-fault CSV windows,RE3-SS/carts_f3/2/simple_metrics.csv,metrics,1241980,selected
Zenodo record 14504481 (TraceRCA all dataset artifacts),TraceRCA all dataset recursive service-fault CSV windows,RE3-SS/carts_f3/3/logs.csv,logs,24180531,selected
Zenodo record 14504481 (TraceRCA all dataset artifacts),TraceRCA all dataset recursive service-fault CSV windows,RE3-SS/carts_f3/3/metrics.csv,metrics,6729724,selected
Zenodo record 14504481 (TraceRCA all dataset artifacts),TraceRCA all dataset recursive service-fault CSV windows,RE3-SS/carts_f3/3/simple_metrics.csv,metrics,1262101,selected
Zenodo record 14504481 (TraceRCA all dataset artifacts),TraceRCA all dataset recursive service-fault CSV windows,RE3-SS/carts_f3/3/traces.csv,traces,116,selected
Zenodo record 14504481 (TraceRCA all dataset artifacts),TraceRCA all dataset recursive service-fault CSV windows,RE3-SS/carts_f3/4/logs.csv,logs,24238750,selected
Zenodo record 14504481 (TraceRCA all dataset artifacts),TraceRCA all dataset recursive service-fault CSV windows,RE3-SS/carts_f3/4/metrics.csv,metrics,6797139,selected
Zenodo record 14504481 (TraceRCA all dataset artifacts),TraceRCA all dataset recursive service-fault CSV windows,RE3-SS/carts_f3/4/simple_metrics.csv,metrics,1289306,selected
Zenodo record 14504481 (TraceRCA all dataset artifacts),TraceRCA all dataset recursive service-fault CSV windows,RE3-SS/carts_f4/1/logs.csv,logs,24241385,selected
Zenodo record 14504481 (TraceRCA all dataset artifacts),TraceRCA all dataset recursive service-fault CSV windows,RE3-SS/carts_f4/1/metrics.csv,metrics,6612593,selected
Zenodo record 14504481 (TraceRCA all dataset artifacts),TraceRCA all dataset recursive service-fault CSV windows,RE3-SS/carts_f4/1/simple_metrics.csv,metrics,1242427,selected
Zenodo record 14504481 (TraceRCA all dataset artifacts),TraceRCA all dataset recursive service-fault CSV windows,RE3-SS/carts_f4/2/logs.csv,logs,24348284,selected
Zenodo record 14504481 (TraceRCA all dataset artifacts),TraceRCA all dataset recursive service-fault CSV windows,RE3-SS/carts_f4/2/metrics.csv,metrics,6615607,selected
Zenodo record 14504481 (TraceRCA all dataset artifacts),TraceRCA all dataset recursive service-fault CSV windows,RE3-SS/carts_f4/2/simple_metrics.csv,metrics,1243193,selected
Zenodo record 14504481 (TraceRCA all dataset artifacts),TraceRCA all dataset recursive service-fault CSV windows,RE3-SS/carts_f4/3/logs.csv,logs,24195212,selected
Zenodo record 14504481 (TraceRCA all dataset artifacts),TraceRCA all dataset recursive service-fault CSV windows,RE3-SS/carts_f4/3/metrics.csv,metrics,6710260,selected
Zenodo record 14504481 (TraceRCA all dataset artifacts),TraceRCA all dataset recursive service-fault CSV windows,RE3-SS/carts_f4/3/simple_metrics.csv,metrics,1252994,selected
Zenodo record 14504481 (TraceRCA all dataset artifacts),TraceRCA all dataset recursive service-fault CSV windows,RE3-SS/carts_f4/3/traces.csv,traces,116,selected
Zenodo record 14504481 (TraceRCA all dataset artifacts),TraceRCA all dataset recursive service-fault CSV windows,RE3-SS/carts_f4/4/logs.csv,logs,24333271,selected
Zenodo record 14504481 (TraceRCA all dataset artifacts),TraceRCA all dataset recursive service-fault CSV windows,RE3-SS/carts_f4/4/metrics.csv,metrics,6772064,selected
Zenodo record 14504481 (TraceRCA all dataset artifacts),TraceRCA all dataset recursive service-fault CSV windows,RE3-SS/carts_f4/4/simple_metrics.csv,metrics,1279210,selected
Zenodo record 14504481 (TraceRCA all dataset artifacts),TraceRCA all dataset recursive service-fault CSV windows,RE3-SS/front-end_f1/1/logs.csv,logs,24394598,selected
Zenodo record 14504481 (TraceRCA all dataset artifacts),TraceRCA all dataset recursive service-fault CSV windows,RE3-SS/front-end_f1/1/metrics.csv,metrics,6567991,selected
Zenodo record 14504481 (TraceRCA all dataset artifacts),TraceRCA all dataset recursive service-fault CSV windows,RE3-SS/front-end_f1/1/simple_metrics.csv,metrics,1247730,selected
Zenodo record 14504481 (TraceRCA all dataset artifacts),TraceRCA all dataset recursive service-fault CSV windows,RE3-SS/front-end_f1/2/logs.csv,logs,24383648,selected
Zenodo record 14504481 (TraceRCA all dataset artifacts),TraceRCA all dataset recursive service-fault CSV windows,RE3-SS/front-end_f1/2/metrics.csv,metrics,6574688,selected
Zenodo record 14504481 (TraceRCA all dataset artifacts),TraceRCA all dataset recursive service-fault CSV windows,RE3-SS/front-end_f1/2/simple_metrics.csv,metrics,1246352,selected
Zenodo record 14504481 (TraceRCA all dataset artifacts),TraceRCA all dataset recursive service-fault CSV windows,RE3-SS/front-end_f1/3/logs.csv,logs,24198988,selected
Zenodo record 14504481 (TraceRCA all dataset artifacts),TraceRCA all dataset recursive service-fault CSV windows,RE3-SS/front-end_f1/3/metrics.csv,metrics,6645678,selected
Zenodo record 14504481 (TraceRCA all dataset artifacts),TraceRCA all dataset recursive service-fault CSV windows,RE3-SS/front-end_f1/3/simple_metrics.csv,metrics,1249718,selected
Zenodo record 14504481 (TraceRCA all dataset artifacts),TraceRCA all dataset recursive service-fault CSV windows,RE3-SS/front-end_f1/3/traces.csv,traces,116,selected
Zenodo record 14504481 (TraceRCA all dataset artifacts),TraceRCA all dataset recursive service-fault CSV windows,RE3-SS/front-end_f2/1/logs.csv,logs,24479433,selected
Zenodo record 14504481 (TraceRCA all dataset artifacts),TraceRCA all dataset recursive service-fault CSV windows,RE3-SS/front-end_f2/1/metrics.csv,metrics,6582057,selected
Zenodo record 14504481 (TraceRCA all dataset artifacts),TraceRCA all dataset recursive service-fault CSV windows,RE3-SS/front-end_f2/1/simple_metrics.csv,metrics,1247260,selected
Zenodo record 14504481 (TraceRCA all dataset artifacts),TraceRCA all dataset recursive service-fault CSV windows,RE3-SS/front-end_f2/2/logs.csv,logs,24539441,selected
Zenodo record 14504481 (TraceRCA all dataset artifacts),TraceRCA all dataset recursive service-fault CSV windows,RE3-SS/front-end_f2/2/metrics.csv,metrics,6603285,selected
Zenodo record 14504481 (TraceRCA all dataset artifacts),TraceRCA all dataset recursive service-fault CSV windows,RE3-SS/front-end_f2/2/simple_metrics.csv,metrics,1254584,selected
Zenodo record 14504481 (TraceRCA all dataset artifacts),TraceRCA all dataset recursive service-fault CSV windows,RE3-SS/front-end_f2/3/logs.csv,logs,24745515,selected
Zenodo record 14504481 (TraceRCA all dataset artifacts),TraceRCA all dataset recursive service-fault CSV windows,RE3-SS/front-end_f2/3/metrics.csv,metrics,6643055,selected
Zenodo record 14504481 (TraceRCA all dataset artifacts),TraceRCA all dataset recursive service-fault CSV windows,RE3-SS/front-end_f2/3/simple_metrics.csv,metrics,1252591,selected
Zenodo record 14504481 (TraceRCA all dataset artifacts),TraceRCA all dataset recursive service-fault CSV windows,RE3-SS/front-end_f2/3/traces.csv,traces,116,selected
Zenodo record 14504481 (TraceRCA all dataset artifacts),TraceRCA all dataset recursive service-fault CSV windows,RE3-SS/front-end_f3/1/logs.csv,logs,13193383,selected
Zenodo record 14504481 (TraceRCA all dataset artifacts),TraceRCA all dataset recursive service-fault CSV windows,RE3-SS/front-end_f3/1/metrics.csv,metrics,6227093,selected
Zenodo record 14504481 (TraceRCA all dataset artifacts),TraceRCA all dataset recursive service-fault CSV windows,RE3-SS/front-end_f3/1/simple_metrics.csv,metrics,1154366,selected
Zenodo record 14504481 (TraceRCA all dataset artifacts),TraceRCA all dataset recursive service-fault CSV windows,RE3-SS/front-end_f3/1/traces.csv,traces,116,selected
Zenodo record 14504481 (TraceRCA all dataset artifacts),TraceRCA all dataset recursive service-fault CSV windows,RE3-SS/front-end_f3/2/logs.csv,logs,13358994,selected
Zenodo record 14504481 (TraceRCA all dataset artifacts),TraceRCA all dataset recursive service-fault CSV windows,RE3-SS/front-end_f3/2/metrics.csv,metrics,6189244,selected
Zenodo record 14504481 (TraceRCA all dataset artifacts),TraceRCA all dataset recursive service-fault CSV windows,RE3-SS/front-end_f3/2/simple_metrics.csv,metrics,1152461,selected
Zenodo record 14504481 (TraceRCA all dataset artifacts),TraceRCA all dataset recursive service-fault CSV windows,RE3-SS/front-end_f3/2/traces.csv,traces,116,selected
Zenodo record 14504481 (TraceRCA all dataset artifacts),TraceRCA all dataset recursive service-fault CSV windows,RE3-SS/front-end_f3/3/logs.csv,logs,13463362,selected
Zenodo record 14504481 (TraceRCA all dataset artifacts),TraceRCA all dataset recursive service-fault CSV windows,RE3-SS/front-end_f3/3/metrics.csv,metrics,6180775,selected
Zenodo record 14504481 (TraceRCA all dataset artifacts),TraceRCA all dataset recursive service-fault CSV windows,RE3-SS/front-end_f3/3/simple_metrics.csv,metrics,1144437,selected
Zenodo record 14504481 (TraceRCA all dataset artifacts),TraceRCA all dataset recursive service-fault CSV windows,RE3-SS/front-end_f3/3/traces.csv,traces,116,selected
Zenodo record 14504481 (TraceRCA all dataset artifacts),TraceRCA all dataset recursive service-fault CSV windows,RE3-SS/orders_f1/1/logs.csv,logs,32317325,selected
Zenodo record 14504481 (TraceRCA all dataset artifacts),TraceRCA all dataset recursive service-fault CSV windows,RE3-SS/orders_f1/1/metrics.csv,metrics,6579179,selected
Zenodo record 14504481 (TraceRCA all dataset artifacts),TraceRCA all dataset recursive service-fault CSV windows,RE3-SS/orders_f1/1/simple_metrics.csv,metrics,1240372,selected
Zenodo record 14504481 (TraceRCA all dataset artifacts),TraceRCA all dataset recursive service-fault CSV windows,RE3-SS/orders_f1/1/traces.csv,traces,116,selected
Zenodo record 14504481 (TraceRCA all dataset artifacts),TraceRCA all dataset recursive service-fault CSV windows,RE3-SS/orders_f1/2/logs.csv,logs,32265565,selected
Zenodo record 14504481 (TraceRCA all dataset artifacts),TraceRCA all dataset recursive service-fault CSV windows,RE3-SS/orders_f1/2/metrics.csv,metrics,6564084,selected
Zenodo record 14504481 (TraceRCA all dataset artifacts),TraceRCA all dataset recursive service-fault CSV windows,RE3-SS/orders_f1/2/simple_metrics.csv,metrics,1237376,selected
Zenodo record 14504481 (TraceRCA all dataset artifacts),TraceRCA all dataset recursive service-fault CSV windows,RE3-SS/orders_f1/2/traces.csv,traces,116,selected
Zenodo record 14504481 (TraceRCA all dataset artifacts),TraceRCA all dataset recursive service-fault CSV windows,RE3-SS/orders_f1/3/logs.csv,logs,32331580,selected
Zenodo record 14504481 (TraceRCA all dataset artifacts),TraceRCA all dataset recursive service-fault CSV windows,RE3-SS/orders_f1/3/metrics.csv,metrics,6573962,selected
Zenodo record 14504481 (TraceRCA all dataset artifacts),TraceRCA all dataset recursive service-fault CSV windows,RE3-SS/orders_f1/3/simple_metrics.csv,metrics,1226541,selected
Zenodo record 14504481 (TraceRCA all dataset artifacts),TraceRCA all dataset recursive service-fault CSV windows,RE3-SS/orders_f1/3/traces.csv,traces,116,selected
Zenodo record 14504481 (TraceRCA all dataset artifacts),TraceRCA all dataset recursive service-fault CSV windows,RE3-SS/orders_f3/1/logs.csv,logs,21886478,selected
Zenodo record 14504481 (TraceRCA all dataset artifacts),TraceRCA all dataset recursive service-fault CSV windows,RE3-SS/orders_f3/1/metrics.csv,metrics,6598588,selected
Zenodo record 14504481 (TraceRCA all dataset artifacts),TraceRCA all dataset recursive service-fault CSV windows,RE3-SS/orders_f3/1/simple_metrics.csv,metrics,1246876,selected
Zenodo record 14504481 (TraceRCA all dataset artifacts),TraceRCA all dataset recursive service-fault CSV windows,RE3-SS/orders_f3/2/logs.csv,logs,21944128,selected
Zenodo record 14504481 (TraceRCA all dataset artifacts),TraceRCA all dataset recursive service-fault CSV windows,RE3-SS/orders_f3/2/metrics.csv,metrics,6571846,selected
Zenodo record 14504481 (TraceRCA all dataset artifacts),TraceRCA all dataset recursive service-fault CSV windows,RE3-SS/orders_f3/2/simple_metrics.csv,metrics,1246315,selected
Zenodo record 14504481 (TraceRCA all dataset artifacts),TraceRCA all dataset recursive service-fault CSV windows,RE3-SS/orders_f3/3/logs.csv,logs,22020708,selected
Zenodo record 14504481 (TraceRCA all dataset artifacts),TraceRCA all dataset recursive service-fault CSV windows,RE3-SS/orders_f3/3/metrics.csv,metrics,6605268,selected
Zenodo record 14504481 (TraceRCA all dataset artifacts),TraceRCA all dataset recursive service-fault CSV windows,RE3-SS/orders_f3/3/simple_metrics.csv,metrics,1241584,selected
Zenodo record 14504481 (TraceRCA all dataset artifacts),TraceRCA all dataset recursive service-fault CSV windows,RE3-SS/orders_f3/3/traces.csv,traces,116,selected
Zenodo record 14504481 (TraceRCA all dataset artifacts),TraceRCA all dataset recursive service-fault CSV windows,RE3-SS/orders_f4/1/logs.csv,logs,14326682,selected
Zenodo record 14504481 (TraceRCA all dataset artifacts),TraceRCA all dataset recursive service-fault CSV windows,RE3-SS/orders_f4/1/metrics.csv,metrics,6335325,selected
Zenodo record 14504481 (TraceRCA all dataset artifacts),TraceRCA all dataset recursive service-fault CSV windows,RE3-SS/orders_f4/1/simple_metrics.csv,metrics,1187042,selected
Zenodo record 14504481 (TraceRCA all dataset artifacts),TraceRCA all dataset recursive service-fault CSV windows,RE3-SS/orders_f4/2/logs.csv,logs,11446304,selected
Zenodo record 14504481 (TraceRCA all dataset artifacts),TraceRCA all dataset recursive service-fault CSV windows,RE3-SS/orders_f4/2/metrics.csv,metrics,6203094,selected
Zenodo record 14504481 (TraceRCA all dataset artifacts),TraceRCA all dataset recursive service-fault CSV windows,RE3-SS/orders_f4/2/simple_metrics.csv,metrics,1156045,selected
Zenodo record 14504481 (TraceRCA all dataset artifacts),TraceRCA all dataset recursive service-fault CSV windows,RE3-SS/orders_f4/3/logs.csv,logs,14331253,selected
Zenodo record 14504481 (TraceRCA all dataset artifacts),TraceRCA all dataset recursive service-fault CSV windows,RE3-SS/orders_f4/3/metrics.csv,metrics,6396449,selected
Zenodo record 14504481 (TraceRCA all dataset artifacts),TraceRCA all dataset recursive service-fault CSV windows,RE3-SS/orders_f4/3/simple_metrics.csv,metrics,1189181,selected
Zenodo record 14504481 (TraceRCA all dataset artifacts),TraceRCA all dataset recursive service-fault CSV windows,RE3-SS/orders_f4/3/traces.csv,traces,116,selected
Zenodo record 14504481 (TraceRCA all dataset artifacts),TraceRCA all dataset recursive service-fault CSV windows,RE3-TT/ts-auth-service_f1/1/logs.csv,logs,13629073,selected
Zenodo record 14504481 (TraceRCA all dataset artifacts),TraceRCA all dataset recursive service-fault CSV windows,RE3-TT/ts-auth-service_f1/1/metrics.csv,metrics,21419712,selected
Zenodo record 14504481 (TraceRCA all dataset artifacts),TraceRCA all dataset recursive service-fault CSV windows,RE3-TT/ts-auth-service_f1/1/simple_metrics.csv,metrics,5564217,selected
Zenodo record 14504481 (TraceRCA all dataset artifacts),TraceRCA all dataset recursive service-fault CSV windows,RE3-TT/ts-auth-service_f1/1/traces.csv,traces,13511389,selected
Zenodo record 14504481 (TraceRCA all dataset artifacts),TraceRCA all dataset recursive service-fault CSV windows,RE3-TT/ts-auth-service_f1/2/logs.csv,logs,13138341,selected
Zenodo record 14504481 (TraceRCA all dataset artifacts),TraceRCA all dataset recursive service-fault CSV windows,RE3-TT/ts-auth-service_f1/2/metrics.csv,metrics,21462266,selected
Zenodo record 14504481 (TraceRCA all dataset artifacts),TraceRCA all dataset recursive service-fault CSV windows,RE3-TT/ts-auth-service_f1/2/simple_metrics.csv,metrics,5559562,selected
Zenodo record 14504481 (TraceRCA all dataset artifacts),TraceRCA all dataset recursive service-fault CSV windows,RE3-TT/ts-auth-service_f1/2/traces.csv,traces,13185572,selected
Zenodo record 14504481 (TraceRCA all dataset artifacts),TraceRCA all dataset recursive service-fault CSV windows,RE3-TT/ts-auth-service_f1/3/logs.csv,logs,14346621,selected
Zenodo record 14504481 (TraceRCA all dataset artifacts),TraceRCA all dataset recursive service-fault CSV windows,RE3-TT/ts-auth-service_f1/3/metrics.csv,metrics,21353885,selected
Zenodo record 14504481 (TraceRCA all dataset artifacts),TraceRCA all dataset recursive service-fault CSV windows,RE3-TT/ts-auth-service_f1/3/simple_metrics.csv,metrics,5557341,selected
Zenodo record 14504481 (TraceRCA all dataset artifacts),TraceRCA all dataset recursive service-fault CSV windows,RE3-TT/ts-auth-service_f1/3/traces.csv,traces,14115831,selected
Zenodo record 14504481 (TraceRCA all dataset artifacts),TraceRCA all dataset recursive service-fault CSV windows,RE3-TT/ts-auth-service_f1/4/logs.csv,logs,5656559,selected
Zenodo record 14504481 (TraceRCA all dataset artifacts),TraceRCA all dataset recursive service-fault CSV windows,RE3-TT/ts-auth-service_f1/4/metrics.csv,metrics,20385042,selected
Zenodo record 14504481 (TraceRCA all dataset artifacts),TraceRCA all dataset recursive service-fault CSV windows,RE3-TT/ts-auth-service_f1/4/simple_metrics.csv,metrics,5290595,selected
Zenodo record 14504481 (TraceRCA all dataset artifacts),TraceRCA all dataset recursive service-fault CSV windows,RE3-TT/ts-auth-service_f1/4/traces.csv,traces,5520127,selected
Zenodo record 14504481 (TraceRCA all dataset artifacts),TraceRCA all dataset recursive service-fault CSV windows,RE3-TT/ts-auth-service_f2/1/logs.csv,logs,15767421,selected
Zenodo record 14504481 (TraceRCA all dataset artifacts),TraceRCA all dataset recursive service-fault CSV windows,RE3-TT/ts-auth-service_f2/1/metrics.csv,metrics,21448019,selected
Zenodo record 14504481 (TraceRCA all dataset artifacts),TraceRCA all dataset recursive service-fault CSV windows,RE3-TT/ts-auth-service_f2/1/simple_metrics.csv,metrics,5588454,selected
Zenodo record 14504481 (TraceRCA all dataset artifacts),TraceRCA all dataset recursive service-fault CSV windows,RE3-TT/ts-auth-service_f2/1/traces.csv,traces,15201438,selected
Zenodo record 14504481 (TraceRCA all dataset artifacts),TraceRCA all dataset recursive service-fault CSV windows,RE3-TT/ts-auth-service_f2/2/logs.csv,logs,14754189,selected
Zenodo record 14504481 (TraceRCA all dataset artifacts),TraceRCA all dataset recursive service-fault CSV windows,RE3-TT/ts-auth-service_f2/2/metrics.csv,metrics,21359256,selected
Zenodo record 14504481 (TraceRCA all dataset artifacts),TraceRCA all dataset recursive service-fault CSV windows,RE3-TT/ts-auth-service_f2/2/simple_metrics.csv,metrics,5561090,selected
Zenodo record 14504481 (TraceRCA all dataset artifacts),TraceRCA all dataset recursive service-fault CSV windows,RE3-TT/ts-auth-service_f2/2/traces.csv,traces,14468732,selected
Zenodo record 14504481 (TraceRCA all dataset artifacts),TraceRCA all dataset recursive service-fault CSV windows,RE3-TT/ts-auth-service_f2/3/logs.csv,logs,14140667,selected
Zenodo record 14504481 (TraceRCA all dataset artifacts),TraceRCA all dataset recursive service-fault CSV windows,RE3-TT/ts-auth-service_f2/3/metrics.csv,metrics,21254039,selected
Zenodo record 14504481 (TraceRCA all dataset artifacts),TraceRCA all dataset recursive service-fault CSV windows,RE3-TT/ts-auth-service_f2/3/simple_metrics.csv,metrics,5546550,selected
Zenodo record 14504481 (TraceRCA all dataset artifacts),TraceRCA all dataset recursive service-fault CSV windows,RE3-TT/ts-auth-service_f2/3/traces.csv,traces,13878564,selected
Zenodo record 14504481 (TraceRCA all dataset artifacts),TraceRCA all dataset recursive service-fault CSV windows,RE3-TT/ts-auth-service_f2/4/logs.csv,logs,5849632,selected
Zenodo record 14504481 (TraceRCA all dataset artifacts),TraceRCA all dataset recursive service-fault CSV windows,RE3-TT/ts-auth-service_f2/4/metrics.csv,metrics,20318129,selected
Zenodo record 14504481 (TraceRCA all dataset artifacts),TraceRCA all dataset recursive service-fault CSV windows,RE3-TT/ts-auth-service_f2/4/simple_metrics.csv,metrics,5267732,selected
Zenodo record 14504481 (TraceRCA all dataset artifacts),TraceRCA all dataset recursive service-fault CSV windows,RE3-TT/ts-auth-service_f2/4/traces.csv,traces,5757816,selected
Zenodo record 14504481 (TraceRCA all dataset artifacts),TraceRCA all dataset recursive service-fault CSV windows,RE3-TT/ts-auth-service_f3/1/logs.csv,logs,22560010,selected
Zenodo record 14504481 (TraceRCA all dataset artifacts),TraceRCA all dataset recursive service-fault CSV windows,RE3-TT/ts-auth-service_f3/1/metrics.csv,metrics,21776880,selected
Zenodo record 14504481 (TraceRCA all dataset artifacts),TraceRCA all dataset recursive service-fault CSV windows,RE3-TT/ts-auth-service_f3/1/simple_metrics.csv,metrics,5694731,selected
Zenodo record 14504481 (TraceRCA all dataset artifacts),TraceRCA all dataset recursive service-fault CSV windows,RE3-TT/ts-auth-service_f3/1/traces.csv,traces,13949102,selected
Zenodo record 14504481 (TraceRCA all dataset artifacts),TraceRCA all dataset recursive service-fault CSV windows,RE3-TT/ts-auth-service_f3/2/logs.csv,logs,23228325,selected
Zenodo record 14504481 (TraceRCA all dataset artifacts),TraceRCA all dataset recursive service-fault CSV windows,RE3-TT/ts-auth-service_f3/2/metrics.csv,metrics,21948750,selected
Zenodo record 14504481 (TraceRCA all dataset artifacts),TraceRCA all dataset recursive service-fault CSV windows,RE3-TT/ts-auth-service_f3/2/simple_metrics.csv,metrics,5705585,selected
Zenodo record 14504481 (TraceRCA all dataset artifacts),TraceRCA all dataset recursive service-fault CSV windows,RE3-TT/ts-auth-service_f3/2/traces.csv,traces,14704387,selected
Zenodo record 14504481 (TraceRCA all dataset artifacts),TraceRCA all dataset recursive service-fault CSV windows,RE3-TT/ts-auth-service_f3/3/logs.csv,logs,23874217,selected
Zenodo record 14504481 (TraceRCA all dataset artifacts),TraceRCA all dataset recursive service-fault CSV windows,RE3-TT/ts-auth-service_f3/3/metrics.csv,metrics,21973794,selected
Zenodo record 14504481 (TraceRCA all dataset artifacts),TraceRCA all dataset recursive service-fault CSV windows,RE3-TT/ts-auth-service_f3/3/simple_metrics.csv,metrics,5703685,selected
Zenodo record 14504481 (TraceRCA all dataset artifacts),TraceRCA all dataset recursive service-fault CSV windows,RE3-TT/ts-auth-service_f3/3/traces.csv,traces,14621675,selected
Zenodo record 14504481 (TraceRCA all dataset artifacts),TraceRCA all dataset recursive service-fault CSV windows,RE3-TT/ts-auth-service_f3/4/logs.csv,logs,13869976,selected
Zenodo record 14504481 (TraceRCA all dataset artifacts),TraceRCA all dataset recursive service-fault CSV windows,RE3-TT/ts-auth-service_f3/4/metrics.csv,metrics,20871808,selected
Zenodo record 14504481 (TraceRCA all dataset artifacts),TraceRCA all dataset recursive service-fault CSV windows,RE3-TT/ts-auth-service_f3/4/simple_metrics.csv,metrics,5392922,selected
Zenodo record 14504481 (TraceRCA all dataset artifacts),TraceRCA all dataset recursive service-fault CSV windows,RE3-TT/ts-auth-service_f3/4/traces.csv,traces,5543525,selected
Zenodo record 14504481 (TraceRCA all dataset artifacts),TraceRCA all dataset recursive service-fault CSV windows,RE3-TT/ts-auth-service_f4/1/logs.csv,logs,15476968,selected
Zenodo record 14504481 (TraceRCA all dataset artifacts),TraceRCA all dataset recursive service-fault CSV windows,RE3-TT/ts-auth-service_f4/1/metrics.csv,metrics,21382182,selected
Zenodo record 14504481 (TraceRCA all dataset artifacts),TraceRCA all dataset recursive service-fault CSV windows,RE3-TT/ts-auth-service_f4/1/simple_metrics.csv,metrics,5581597,selected
Zenodo record 14504481 (TraceRCA all dataset artifacts),TraceRCA all dataset recursive service-fault CSV windows,RE3-TT/ts-auth-service_f4/1/traces.csv,traces,14530303,selected
Zenodo record 14504481 (TraceRCA all dataset artifacts),TraceRCA all dataset recursive service-fault CSV windows,RE3-TT/ts-auth-service_f4/2/logs.csv,logs,16619365,selected
Zenodo record 14504481 (TraceRCA all dataset artifacts),TraceRCA all dataset recursive service-fault CSV windows,RE3-TT/ts-auth-service_f4/2/metrics.csv,metrics,21497384,selected
Zenodo record 14504481 (TraceRCA all dataset artifacts),TraceRCA all dataset recursive service-fault CSV windows,RE3-TT/ts-auth-service_f4/2/simple_metrics.csv,metrics,5578230,selected
Zenodo record 14504481 (TraceRCA all dataset artifacts),TraceRCA all dataset recursive service-fault CSV windows,RE3-TT/ts-auth-service_f4/2/traces.csv,traces,15319299,selected
Zenodo record 14504481 (TraceRCA all dataset artifacts),TraceRCA all dataset recursive service-fault CSV windows,RE3-TT/ts-auth-service_f4/3/logs.csv,logs,17426594,selected
Zenodo record 14504481 (TraceRCA all dataset artifacts),TraceRCA all dataset recursive service-fault CSV windows,RE3-TT/ts-auth-service_f4/3/metrics.csv,metrics,21444589,selected
Zenodo record 14504481 (TraceRCA all dataset artifacts),TraceRCA all dataset recursive service-fault CSV windows,RE3-TT/ts-auth-service_f4/3/simple_metrics.csv,metrics,5560978,selected
Zenodo record 14504481 (TraceRCA all dataset artifacts),TraceRCA all dataset recursive service-fault CSV windows,RE3-TT/ts-auth-service_f4/3/traces.csv,traces,15389880,selected
Zenodo record 14504481 (TraceRCA all dataset artifacts),TraceRCA all dataset recursive service-fault CSV windows,RE3-TT/ts-route-service_f1/1/logs.csv,logs,27845242,selected
Zenodo record 14504481 (TraceRCA all dataset artifacts),TraceRCA all dataset recursive service-fault CSV windows,RE3-TT/ts-route-service_f1/1/metrics.csv,metrics,22912142,selected
Zenodo record 14504481 (TraceRCA all dataset artifacts),TraceRCA all dataset recursive service-fault CSV windows,RE3-TT/ts-route-service_f1/1/simple_metrics.csv,metrics,5967186,selected
Zenodo record 14504481 (TraceRCA all dataset artifacts),TraceRCA all dataset recursive service-fault CSV windows,RE3-TT/ts-route-service_f1/1/traces.csv,traces,26515537,selected
Zenodo record 14504481 (TraceRCA all dataset artifacts),TraceRCA all dataset recursive service-fault CSV windows,RE3-TT/ts-route-service_f1/2/logs.csv,logs,32564338,selected
Zenodo record 14504481 (TraceRCA all dataset artifacts),TraceRCA all dataset recursive service-fault CSV windows,RE3-TT/ts-route-service_f1/2/metrics.csv,metrics,23060873,selected
Zenodo record 14504481 (TraceRCA all dataset artifacts),TraceRCA all dataset recursive service-fault CSV windows,RE3-TT/ts-route-service_f1/2/simple_metrics.csv,metrics,5991649,selected
Zenodo record 14504481 (TraceRCA all dataset artifacts),TraceRCA all dataset recursive service-fault CSV windows,RE3-TT/ts-route-service_f1/2/traces.csv,traces,28750166,selected
Zenodo record 14504481 (TraceRCA all dataset artifacts),TraceRCA all dataset recursive service-fault CSV windows,RE3-TT/ts-route-service_f1/3/logs.csv,logs,32862412,selected
Zenodo record 14504481 (TraceRCA all dataset artifacts),TraceRCA all dataset recursive service-fault CSV windows,RE3-TT/ts-route-service_f1/3/metrics.csv,metrics,23098070,selected
Zenodo record 14504481 (TraceRCA all dataset artifacts),TraceRCA all dataset recursive service-fault CSV windows,RE3-TT/ts-route-service_f1/3/simple_metrics.csv,metrics,5997079,selected
Zenodo record 14504481 (TraceRCA all dataset artifacts),TraceRCA all dataset recursive service-fault CSV windows,RE3-TT/ts-route-service_f1/3/traces.csv,traces,28650599,selected
Zenodo record 14504481 (TraceRCA all dataset artifacts),TraceRCA all dataset recursive service-fault CSV windows,RE3-TT/ts-route-service_f2/1/logs.csv,logs,30222932,selected
Zenodo record 14504481 (TraceRCA all dataset artifacts),TraceRCA all dataset recursive service-fault CSV windows,RE3-TT/ts-route-service_f2/1/metrics.csv,metrics,22970654,selected
Zenodo record 14504481 (TraceRCA all dataset artifacts),TraceRCA all dataset recursive service-fault CSV windows,RE3-TT/ts-route-service_f2/1/simple_metrics.csv,metrics,5981731,selected
Zenodo record 14504481 (TraceRCA all dataset artifacts),TraceRCA all dataset recursive service-fault CSV windows,RE3-TT/ts-route-service_f2/1/traces.csv,traces,28110619,selected
Zenodo record 14504481 (TraceRCA all dataset artifacts),TraceRCA all dataset recursive service-fault CSV windows,RE3-TT/ts-route-service_f2/2/logs.csv,logs,31610376,selected
Zenodo record 14504481 (TraceRCA all dataset artifacts),TraceRCA all dataset recursive service-fault CSV windows,RE3-TT/ts-route-service_f2/2/metrics.csv,metrics,23072056,selected
Zenodo record 14504481 (TraceRCA all dataset artifacts),TraceRCA all dataset recursive service-fault CSV windows,RE3-TT/ts-route-service_f2/2/simple_metrics.csv,metrics,5981600,selected
Zenodo record 14504481 (TraceRCA all dataset artifacts),TraceRCA all dataset recursive service-fault CSV windows,RE3-TT/ts-route-service_f2/2/traces.csv,traces,28322494,selected
Zenodo record 14504481 (TraceRCA all dataset artifacts),TraceRCA all dataset recursive service-fault CSV windows,RE3-TT/ts-route-service_f2/3/logs.csv,logs,34280724,selected
Zenodo record 14504481 (TraceRCA all dataset artifacts),TraceRCA all dataset recursive service-fault CSV windows,RE3-TT/ts-route-service_f2/3/metrics.csv,metrics,22959466,selected
Zenodo record 14504481 (TraceRCA all dataset artifacts),TraceRCA all dataset recursive service-fault CSV windows,RE3-TT/ts-route-service_f2/3/simple_metrics.csv,metrics,5981095,selected
Zenodo record 14504481 (TraceRCA all dataset artifacts),TraceRCA all dataset recursive service-fault CSV windows,RE3-TT/ts-route-service_f2/3/traces.csv,traces,28784223,selected
Zenodo record 14504481 (TraceRCA all dataset artifacts),TraceRCA all dataset recursive service-fault CSV windows,RE3-TT/ts-route-service_f3/1/logs.csv,logs,31947238,selected
Zenodo record 14504481 (TraceRCA all dataset artifacts),TraceRCA all dataset recursive service-fault CSV windows,RE3-TT/ts-route-service_f3/1/metrics.csv,metrics,23047762,selected
Zenodo record 14504481 (TraceRCA all dataset artifacts),TraceRCA all dataset recursive service-fault CSV windows,RE3-TT/ts-route-service_f3/1/simple_metrics.csv,metrics,5986732,selected
Zenodo record 14504481 (TraceRCA all dataset artifacts),TraceRCA all dataset recursive service-fault CSV windows,RE3-TT/ts-route-service_f3/1/traces.csv,traces,28998555,selected
Zenodo record 14504481 (TraceRCA all dataset artifacts),TraceRCA all dataset recursive service-fault CSV windows,RE3-TT/ts-route-service_f3/2/logs.csv,logs,33981603,selected
Zenodo record 14504481 (TraceRCA all dataset artifacts),TraceRCA all dataset recursive service-fault CSV windows,RE3-TT/ts-route-service_f3/2/metrics.csv,metrics,23034851,selected
Zenodo record 14504481 (TraceRCA all dataset artifacts),TraceRCA all dataset recursive service-fault CSV windows,RE3-TT/ts-route-service_f3/2/simple_metrics.csv,metrics,5950385,selected
Zenodo record 14504481 (TraceRCA all dataset artifacts),TraceRCA all dataset recursive service-fault CSV windows,RE3-TT/ts-route-service_f3/2/traces.csv,traces,28359797,selected
Zenodo record 14504481 (TraceRCA all dataset artifacts),TraceRCA all dataset recursive service-fault CSV windows,RE3-TT/ts-route-service_f3/3/logs.csv,logs,35691151,selected
Zenodo record 14504481 (TraceRCA all dataset artifacts),TraceRCA all dataset recursive service-fault CSV windows,RE3-TT/ts-route-service_f3/3/metrics.csv,metrics,23071886,selected
Zenodo record 14504481 (TraceRCA all dataset artifacts),TraceRCA all dataset recursive service-fault CSV windows,RE3-TT/ts-route-service_f3/3/simple_metrics.csv,metrics,5976679,selected
Zenodo record 14504481 (TraceRCA all dataset artifacts),TraceRCA all dataset recursive service-fault CSV windows,RE3-TT/ts-route-service_f3/3/traces.csv,traces,30827176,selected
Zenodo record 14504481 (TraceRCA all dataset artifacts),TraceRCA all dataset recursive service-fault CSV windows,RE3-TT/ts-route-service_f3_1/1/logs.csv,logs,31164415,selected
Zenodo record 14504481 (TraceRCA all dataset artifacts),TraceRCA all dataset recursive service-fault CSV windows,RE3-TT/ts-route-service_f3_1/1/metrics.csv,metrics,23012736,selected
Zenodo record 14504481 (TraceRCA all dataset artifacts),TraceRCA all dataset recursive service-fault CSV windows,RE3-TT/ts-route-service_f3_1/1/simple_metrics.csv,metrics,5977089,selected
Zenodo record 14504481 (TraceRCA all dataset artifacts),TraceRCA all dataset recursive service-fault CSV windows,RE3-TT/ts-route-service_f3_1/1/traces.csv,traces,28259092,selected
Zenodo record 14504481 (TraceRCA all dataset artifacts),TraceRCA all dataset recursive service-fault CSV windows,RE3-TT/ts-route-service_f3_1/2/logs.csv,logs,40343852,selected
Zenodo record 14504481 (TraceRCA all dataset artifacts),TraceRCA all dataset recursive service-fault CSV windows,RE3-TT/ts-route-service_f3_1/2/metrics.csv,metrics,23036483,selected
Zenodo record 14504481 (TraceRCA all dataset artifacts),TraceRCA all dataset recursive service-fault CSV windows,RE3-TT/ts-route-service_f3_1/2/simple_metrics.csv,metrics,5975445,selected
Zenodo record 14504481 (TraceRCA all dataset artifacts),TraceRCA all dataset recursive service-fault CSV windows,RE3-TT/ts-route-service_f3_1/2/traces.csv,traces,32335154,selected
Zenodo record 14504481 (TraceRCA all dataset artifacts),TraceRCA all dataset recursive service-fault CSV windows,RE3-TT/ts-route-service_f3_1/3/logs.csv,logs,44216862,selected
Zenodo record 14504481 (TraceRCA all dataset artifacts),TraceRCA all dataset recursive service-fault CSV windows,RE3-TT/ts-route-service_f3_1/3/metrics.csv,metrics,22946765,selected
Zenodo record 14504481 (TraceRCA all dataset artifacts),TraceRCA all dataset recursive service-fault CSV windows,RE3-TT/ts-route-service_f3_1/3/simple_metrics.csv,metrics,5961601,selected
Zenodo record 14504481 (TraceRCA all dataset artifacts),TraceRCA all dataset recursive service-fault CSV windows,RE3-TT/ts-route-service_f3_1/3/traces.csv,traces,37083796,selected
Zenodo record 14504481 (TraceRCA all dataset artifacts),TraceRCA all dataset recursive service-fault CSV windows,RE3-TT/ts-route-service_f4/1/logs.csv,logs,30661405,selected
Zenodo record 14504481 (TraceRCA all dataset artifacts),TraceRCA all dataset recursive service-fault CSV windows,RE3-TT/ts-route-service_f4/1/metrics.csv,metrics,23059518,selected
Zenodo record 14504481 (TraceRCA all dataset artifacts),TraceRCA all dataset recursive service-fault CSV windows,RE3-TT/ts-route-service_f4/1/simple_metrics.csv,metrics,5984903,selected
Zenodo record 14504481 (TraceRCA all dataset artifacts),TraceRCA all dataset recursive service-fault CSV windows,RE3-TT/ts-route-service_f4/1/traces.csv,traces,27199166,selected
Zenodo record 14504481 (TraceRCA all dataset artifacts),TraceRCA all dataset recursive service-fault CSV windows,RE3-TT/ts-route-service_f4/2/logs.csv,logs,37946722,selected
Zenodo record 14504481 (TraceRCA all dataset artifacts),TraceRCA all dataset recursive service-fault CSV windows,RE3-TT/ts-route-service_f4/2/metrics.csv,metrics,22967451,selected
Zenodo record 14504481 (TraceRCA all dataset artifacts),TraceRCA all dataset recursive service-fault CSV windows,RE3-TT/ts-route-service_f4/2/simple_metrics.csv,metrics,5971714,selected
Zenodo record 14504481 (TraceRCA all dataset artifacts),TraceRCA all dataset recursive service-fault CSV windows,RE3-TT/ts-route-service_f4/2/traces.csv,traces,30721152,selected
Zenodo record 14504481 (TraceRCA all dataset artifacts),TraceRCA all dataset recursive service-fault CSV windows,RE3-TT/ts-route-service_f4/3/logs.csv,logs,39013411,selected
Zenodo record 14504481 (TraceRCA all dataset artifacts),TraceRCA all dataset recursive service-fault CSV windows,RE3-TT/ts-route-service_f4/3/metrics.csv,metrics,23028482,selected
Zenodo record 14504481 (TraceRCA all dataset artifacts),TraceRCA all dataset recursive service-fault CSV windows,RE3-TT/ts-route-service_f4/3/simple_metrics.csv,metrics,5965459,selected
Zenodo record 14504481 (TraceRCA all dataset artifacts),TraceRCA all dataset recursive service-fault CSV windows,RE3-TT/ts-route-service_f4/3/traces.csv,traces,32458711,selected
Zenodo/GitHub record 13999185 (TrainTicket response-time artifact),TrainTicket response-time and repository CSV windows,train-ticket-microservice-2/script/results/locust_requests.csv,traces,519916,selected
