manifest_index,experimental_view,relative_path,size_bytes,status,sha256,computed_at_utc
1,RCAEval recursive service-fault CSV windows,RE1/RE1-OB/adservice_cpu/1/data.csv,2669597,sha256 calculado,42e972d3691a20a4db8b0864b50e88212dd24690252c6b29fdecb343e6e6d387,2026-09-23T19:30:00+00:00
2,RCAEval recursive service-fault CSV windows,RE1/RE1-OB/adservice_cpu/2/data.csv,2665108,sha256 calculado,b03f8d9737661869dbd15e627cd56632a7fc6f407f075c6a0fb2899c518f8698,2026-09-23T19:30:00+00:00
3,RCAEval recursive service-fault CSV windows,RE1/RE1-OB/adservice_cpu/3/data.csv,2665499,sha256 calculado,440cfb7016885b19b8de4273ad118b66958fcdc8a33cdf1afa14db6c08d52776,2026-09-23T19:30:01+00:00
4,RCAEval recursive service-fault CSV windows,RE1/RE1-OB/adservice_cpu/4/data.csv,2642686,sha256 calculado,eadb255014de4c7ac03b983968bc8eaae0715d917895d87a5f4dde9311541b49,2026-09-23T19:30:01+00:00
5,RCAEval recursive service-fault CSV windows,RE1/RE1-OB/adservice_cpu/5/data.csv,2649231,sha256 calculado,3d89c34ce249167cb49508b362c066863d1f6d8c52b59ced6ca041db5af23d68,2026-09-23T19:30:01+00:00
6,RCAEval recursive service-fault CSV windows,RE1/RE1-OB/adservice_delay/1/data.csv,555820,sha256 calculado,1e7684d5b1e2c3bb5fda47ad2e16389cdab1a6f91cd1c3e4f33aba4527fed5da,2026-09-23T19:30:01+00:00
7,RCAEval recursive service-fault CSV windows,RE1/RE1-OB/adservice_delay/2/data.csv,551720,sha256 calculado,ea1a85c9ccb277c0d484adb74f9609cd073017e4ac9d8fdeaa873ded74e2fdf3,2026-09-23T19:30:01+00:00
8,RCAEval recursive service-fault CSV windows,RE1/RE1-OB/adservice_delay/3/data.csv,549827,sha256 calculado,d885c3111f7648edf8408c91a9578df3f60a56ac1f10646a32739fa852c232f6,2026-09-23T19:30:01+00:00
9,RCAEval recursive service-fault CSV windows,RE1/RE1-OB/adservice_delay/4/data.csv,553096,sha256 calculado,8e1451ee25870d1a19f41622e62e8d624467ce48f812ad5a2f5726eb9e3c6c8b,2026-09-23T19:30:01+00:00
10,RCAEval recursive service-fault CSV windows,RE1/RE1-OB/adservice_delay/5/data.csv,556281,sha256 calculado,e2f4cebbe0cc1a3f898057ae7ebf8cbea7aec11ba158b0f50cfc96f7961a6ffd,2026-09-23T19:30:01+00:00
11,RCAEval recursive service-fault CSV windows,RE1/RE1-OB/adservice_disk/1/data.csv,573786,sha256 calculado,d9b742f8d4fd89d6e4618e0ad8908a6bc4cd8d938bceba73bbcd8ec374459f17,2026-09-23T19:30:01+00:00
12,RCAEval recursive service-fault CSV windows,RE1/RE1-OB/adservice_disk/2/data.csv,575971,sha256 calculado,be813f93ada2ce674242a6c8fa9580d586f485fc004585c1804db3a856122331,2026-09-23T19:30:01+00:00
13,RCAEval recursive service-fault CSV windows,RE1/RE1-OB/adservice_disk/3/data.csv,576290,sha256 calculado,3438c85d48d32e55cf31a6ea47fae7cf53af74b3bb7e3d9639118bc625c39c4d,2026-09-23T19:30:01+00:00
14,RCAEval recursive service-fault CSV windows,RE1/RE1-OB/adservice_disk/4/data.csv,574555,sha256 calculado,8f3f1448c2f34f7fca41bcc2d6e5915e970ff1bf7916c47eb8b99c3ab544ed7d,2026-09-23T19:30:01+00:00
15,RCAEval recursive service-fault CSV windows,RE1/RE1-OB/adservice_disk/5/data.csv,574617,sha256 calculado,4490870d2e040f3bbb674f9a7b69e96c8cdd9efad9c8210b6bfe81fbd80b01ac,2026-09-23T19:30:01+00:00
16,RCAEval recursive service-fault CSV windows,RE1/RE1-OB/adservice_loss/1/data.csv,560156,sha256 calculado,33bde48bc79079effbf0e64866849ed40e1cfa256694a092335436870b3b8a4e,2026-09-23T19:30:01+00:00
17,RCAEval recursive service-fault CSV windows,RE1/RE1-OB/adservice_loss/2/data.csv,561764,sha256 calculado,9e3b69af80979d2b6915f32489539bef73d8d2753d4a0805902d9cf54dc46c91,2026-09-23T19:30:01+00:00
18,RCAEval recursive service-fault CSV windows,RE1/RE1-OB/adservice_loss/3/data.csv,559222,sha256 calculado,4dae842bb6c8763d7c5ad3ccd3aadad680a17ad1b1172944c984c15174b69409,2026-09-23T19:30:01+00:00
19,RCAEval recursive service-fault CSV windows,RE1/RE1-OB/adservice_loss/4/data.csv,557961,sha256 calculado,2d64c52a4714aa940bbd8edf46c4df0a21cf460ff02e14979c4742f368646b49,2026-09-23T19:30:01+00:00
20,RCAEval recursive service-fault CSV windows,RE1/RE1-OB/adservice_loss/5/data.csv,560091,sha256 calculado,06d587dcb6f830a5d2b999d4f5a5d0930c8f9d9c0dd1070351c6e101fd42ee2e,2026-09-23T19:30:01+00:00
21,RCAEval recursive service-fault CSV windows,RE1/RE1-OB/adservice_mem/1/data.csv,2659193,sha256 calculado,88ab90db9c7b5166d07920024681b26c31e76e6595ad2c2a764d75f3e23c5c4b,2026-09-23T19:30:01+00:00
22,RCAEval recursive service-fault CSV windows,RE1/RE1-OB/adservice_mem/2/data.csv,2642088,sha256 calculado,51b815a3879ac993678fd773905fd661569c8f48688f747d6a26ca8d46d36628,2026-09-23T19:30:01+00:00
23,RCAEval recursive service-fault CSV windows,RE1/RE1-OB/adservice_mem/3/data.csv,2644968,sha256 calculado,0147670f22de36a5792584bddbcede545b99b0363e814325c637e3d4f061bb28,2026-09-23T19:30:01+00:00
24,RCAEval recursive service-fault CSV windows,RE1/RE1-OB/adservice_mem/4/data.csv,2644785,sha256 calculado,1c77b3435c5000fff5112739634df4b033d12c5ad5cb8c16b75eaa1c97cac21b,2026-09-23T19:30:01+00:00
25,RCAEval recursive service-fault CSV windows,RE1/RE1-OB/adservice_mem/5/data.csv,2645643,sha256 calculado,e638a48bfd6fbcf4ba9d53ee7697f82c0f67fcbda002dd1d8f9b08ff2fd52d52,2026-09-23T19:30:01+00:00
26,RCAEval recursive service-fault CSV windows,RE1/RE1-OB/cartservice_cpu/1/data.csv,2645583,sha256 calculado,b2e396b8e100534f9b7aaa2ad4f67596b33e205938e14a3d9d38529118f89475,2026-09-23T19:30:01+00:00
27,RCAEval recursive service-fault CSV windows,RE1/RE1-OB/cartservice_cpu/2/data.csv,2645402,sha256 calculado,f84a91f584aade6775d01f45507ef3745e0d832efd1362b55f6907f4ddb23bcf,2026-09-23T19:30:01+00:00
28,RCAEval recursive service-fault CSV windows,RE1/RE1-OB/cartservice_cpu/3/data.csv,2645915,sha256 calculado,bd17c0f115473b93b66add96f0c9d6b922cba18daf34352502af653c46b803b8,2026-09-23T19:30:01+00:00
29,RCAEval recursive service-fault CSV windows,RE1/RE1-OB/cartservice_cpu/4/data.csv,2643592,sha256 calculado,bfbf0f971bd2bca1afe43a0076be013ddc7d1cf3672d79dba9a617aa2154c5a9,2026-09-23T19:30:01+00:00
30,RCAEval recursive service-fault CSV windows,RE1/RE1-OB/cartservice_cpu/5/data.csv,2648268,sha256 calculado,b5eb93aa654e4c3d050c0472ce3201f68c2378aa8087b828ec9438a5786d8cf3,2026-09-23T19:30:01+00:00
31,RCAEval recursive service-fault CSV windows,RE1/RE1-OB/cartservice_delay/1/data.csv,576064,sha256 calculado,ba24fe943b05348bcb0fe82fb6c9f332d3ab1572294f55accab4af3405437a4a,2026-09-23T19:30:01+00:00
32,RCAEval recursive service-fault CSV windows,RE1/RE1-OB/cartservice_delay/2/data.csv,574514,sha256 calculado,1a341abc9bf9c29f00a7a27a7d9a3e29e50cab0583ca1dc98da09ff07b2b4d53,2026-09-23T19:30:01+00:00
33,RCAEval recursive service-fault CSV windows,RE1/RE1-OB/cartservice_delay/3/data.csv,574243,sha256 calculado,62c3a2ccf1edc3d5d7ed8b27d82e9218be5b5b6a421ff03b0ef826c382fa3d52,2026-09-23T19:30:01+00:00
34,RCAEval recursive service-fault CSV windows,RE1/RE1-OB/cartservice_delay/4/data.csv,575270,sha256 calculado,1aa6d7d058de200c3346eb2b3339cfdd2fd86619e070a3d127b35e0f1c32382f,2026-09-23T19:30:02+00:00
35,RCAEval recursive service-fault CSV windows,RE1/RE1-OB/cartservice_delay/5/data.csv,576592,sha256 calculado,488c163608b17727672818c1d2b17c8ef83246776575a97bbefb038806d68e69,2026-09-23T19:30:02+00:00
36,RCAEval recursive service-fault CSV windows,RE1/RE1-OB/cartservice_disk/1/data.csv,572774,sha256 calculado,4b709d499b263e0588b44bd0b9189771a8fabc28431afd201588b1e2c43de63b,2026-09-23T19:30:02+00:00
37,RCAEval recursive service-fault CSV windows,RE1/RE1-OB/cartservice_disk/2/data.csv,576593,sha256 calculado,04431477f10fe157e781015164b8caa1e7b51184c54f27ec52fcb74ef251e7a5,2026-09-23T19:30:02+00:00
38,RCAEval recursive service-fault CSV windows,RE1/RE1-OB/cartservice_disk/3/data.csv,580731,sha256 calculado,25a39aa53e8006d8d4ffa5f88af2526c65ed9cfbf133497f634bc4c7b64ea7de,2026-09-23T19:30:02+00:00
39,RCAEval recursive service-fault CSV windows,RE1/RE1-OB/cartservice_disk/4/data.csv,573315,sha256 calculado,4dde9046faa0171712bb4363fd134993ed67d64349f53749bdd9cd9a17e20f4e,2026-09-23T19:30:02+00:00
40,RCAEval recursive service-fault CSV windows,RE1/RE1-OB/cartservice_disk/5/data.csv,581049,sha256 calculado,88e3bc9bfaffcbffd07cf835fb506c6b10bce0a9a67d71fdd6c769460c816f5d,2026-09-23T19:30:02+00:00
41,RCAEval recursive service-fault CSV windows,RE1/RE1-OB/cartservice_loss/1/data.csv,576057,sha256 calculado,d3c8a8e2692af5e45be1bfa322740caecd9ed9cc08cc0629abccd76ae73464aa,2026-09-23T19:30:02+00:00
42,RCAEval recursive service-fault CSV windows,RE1/RE1-OB/cartservice_loss/2/data.csv,548408,sha256 calculado,f78c4ef85572308fa2ee92e02736c5bcd37e960e84f8363b3fadffc8628e7f9d,2026-09-23T19:30:02+00:00
43,RCAEval recursive service-fault CSV windows,RE1/RE1-OB/cartservice_loss/3/data.csv,548558,sha256 calculado,ec2f3fafa9941d418fe18d679ee09408293b77d5f453c4d100b6829d788f1dcf,2026-09-23T19:30:02+00:00
44,RCAEval recursive service-fault CSV windows,RE1/RE1-OB/cartservice_loss/4/data.csv,551345,sha256 calculado,9e071012d3630e91a73202b19e609342bd8186e37383c65b460976713dd2f685,2026-09-23T19:30:02+00:00
45,RCAEval recursive service-fault CSV windows,RE1/RE1-OB/cartservice_loss/5/data.csv,549004,sha256 calculado,71c71eb3531d060951f828d128e21992693e0f0ddc9df35da65ffe08a1bdbb75,2026-09-23T19:30:02+00:00
46,RCAEval recursive service-fault CSV windows,RE1/RE1-OB/cartservice_mem/1/data.csv,2657342,sha256 calculado,de4eda2c6cc21444cd820c6a08c159a435a5183c05c4cac1bed168875f40afc5,2026-09-23T19:30:02+00:00
47,RCAEval recursive service-fault CSV windows,RE1/RE1-OB/cartservice_mem/2/data.csv,2655396,sha256 calculado,876f28ecdacb6c97abb6a51d06f8339fe7d326a06c1424f92a478dfb1e2ba4b0,2026-09-23T19:30:02+00:00
48,RCAEval recursive service-fault CSV windows,RE1/RE1-OB/cartservice_mem/3/data.csv,2649565,sha256 calculado,d6b239770f4653c72266c2527dbf55d129f1d2c5af697b67911582c3152caea8,2026-09-23T19:30:02+00:00
49,RCAEval recursive service-fault CSV windows,RE1/RE1-OB/cartservice_mem/4/data.csv,2648584,sha256 calculado,2e97e58631d87bfc032ac2aa6d6e017a800e42c298f325fa154c1541c8b46814,2026-09-23T19:30:02+00:00
50,RCAEval recursive service-fault CSV windows,RE1/RE1-OB/cartservice_mem/5/data.csv,2653941,sha256 calculado,7040fe4ced8933a963449ec9cc5fb6cf46dddd13af4d080354e1971e579fc76a,2026-09-23T19:30:02+00:00
51,RCAEval recursive service-fault CSV windows,RE1/RE1-OB/checkoutservice_cpu/1/data.csv,2650842,sha256 calculado,baa42073185c464d9e7d2d979de4af9c8ded8a85078cb21f22cd8a86d4551699,2026-09-23T19:30:02+00:00
52,RCAEval recursive service-fault CSV windows,RE1/RE1-OB/checkoutservice_cpu/2/data.csv,2697081,sha256 calculado,a793bcb9ca9fef6e8ada13392311e46310fc1b59e652f68fbb37c849c62f29d4,2026-09-23T19:30:02+00:00
53,RCAEval recursive service-fault CSV windows,RE1/RE1-OB/checkoutservice_cpu/3/data.csv,2650480,sha256 calculado,32207dce1c526ad2565016bc6559fd59f7dd4baedcccfb04f951947fe82f19ac,2026-09-23T19:30:02+00:00
54,RCAEval recursive service-fault CSV windows,RE1/RE1-OB/checkoutservice_cpu/4/data.csv,1696260,sha256 calculado,3047c41dbb35e0882621b4370225cbbd57d24e534a93ddc406bcb5202032f25a,2026-09-23T19:30:02+00:00
55,RCAEval recursive service-fault CSV windows,RE1/RE1-OB/checkoutservice_cpu/5/data.csv,2685281,sha256 calculado,1c8908745868a806d180786330bcc88a63f0d3a8eb9f70b190ac28d60dad582b,2026-09-23T19:30:02+00:00
56,RCAEval recursive service-fault CSV windows,RE1/RE1-OB/checkoutservice_delay/1/data.csv,574038,sha256 calculado,733a6540474d0ac55a61edb261f1e539b945e061946626ed79b19d493793f0bb,2026-09-23T19:30:02+00:00
57,RCAEval recursive service-fault CSV windows,RE1/RE1-OB/checkoutservice_delay/2/data.csv,574872,sha256 calculado,08a430fa1588730d98dec71e23c67d5d9fa7286d65ae3c90de8236c2a2f11ed6,2026-09-23T19:30:02+00:00
58,RCAEval recursive service-fault CSV windows,RE1/RE1-OB/checkoutservice_delay/3/data.csv,575139,sha256 calculado,0658f0307d6527a97561b6a4a99c5f883aefdc7c638bad83f9cc72a624df1307,2026-09-23T19:30:02+00:00
59,RCAEval recursive service-fault CSV windows,RE1/RE1-OB/checkoutservice_delay/4/data.csv,575388,sha256 calculado,6ab3bd40c9544e3d8c6aaf430fdab7900870dae196ac4da89940c0a7964bc958,2026-09-23T19:30:02+00:00
60,RCAEval recursive service-fault CSV windows,RE1/RE1-OB/checkoutservice_delay/5/data.csv,576644,sha256 calculado,7e52a8e5650b1b60e5eafec2a6946cb463e75a968cd58a16dfdc729948d3f7df,2026-09-23T19:30:02+00:00
61,RCAEval recursive service-fault CSV windows,RE1/RE1-OB/checkoutservice_disk/1/data.csv,573877,sha256 calculado,072e646eae5fbc53d68072a60e54fcf5d879665cc17ba74f0b37f21d080eaf6d,2026-09-23T19:30:03+00:00
62,RCAEval recursive service-fault CSV windows,RE1/RE1-OB/checkoutservice_disk/2/data.csv,577684,sha256 calculado,372656f4ea38118dddb10d9d3909db9e8fd99b5d1eaf007d7655abe9d7782397,2026-09-23T19:30:03+00:00
63,RCAEval recursive service-fault CSV windows,RE1/RE1-OB/checkoutservice_disk/3/data.csv,577432,sha256 calculado,1f5a9eead1c9b6738f65f919c64dca1fffb80df208214f372a19f90e4fc7bf10,2026-09-23T19:30:03+00:00
64,RCAEval recursive service-fault CSV windows,RE1/RE1-OB/checkoutservice_disk/4/data.csv,575299,sha256 calculado,fb2da0f3699b4ff2c8ab74eb5ee2e9e0cb2e0e7d654ee2003131eb76280fb14f,2026-09-23T19:30:03+00:00
65,RCAEval recursive service-fault CSV windows,RE1/RE1-OB/checkoutservice_disk/5/data.csv,578459,sha256 calculado,3a4ff5f87a19a8f0da02bed7f0fbe16e4aba26eba1cd08dff1f8e64d833f0195,2026-09-23T19:30:03+00:00
66,RCAEval recursive service-fault CSV windows,RE1/RE1-OB/checkoutservice_loss/1/data.csv,560617,sha256 calculado,b4b8ad43fb409756ab9cfd144017009da04ff8154e14bd93c71ea44107027165,2026-09-23T19:30:03+00:00
67,RCAEval recursive service-fault CSV windows,RE1/RE1-OB/checkoutservice_loss/2/data.csv,560480,sha256 calculado,0392b5be29f82d795c4728609041b94d404fb0a22d83edbb72567cbd3f2e908c,2026-09-23T19:30:03+00:00
68,RCAEval recursive service-fault CSV windows,RE1/RE1-OB/checkoutservice_loss/3/data.csv,560522,sha256 calculado,3478fac8c504a516e90ed4aedc7270852c6afa37a5da035bf6e6b0991680f009,2026-09-23T19:30:03+00:00
69,RCAEval recursive service-fault CSV windows,RE1/RE1-OB/checkoutservice_loss/4/data.csv,560261,sha256 calculado,556e3e4bda90b70c80f618ab9d76a0d467a4fbadac430612e5071f792aecf3ca,2026-09-23T19:30:03+00:00
70,RCAEval recursive service-fault CSV windows,RE1/RE1-OB/checkoutservice_loss/5/data.csv,561458,sha256 calculado,35b100bb9913d79f8901c1999414fb6230750394ee362adb5772075eb0a2878a,2026-09-23T19:30:03+00:00
71,RCAEval recursive service-fault CSV windows,RE1/RE1-OB/checkoutservice_mem/1/data.csv,2656160,sha256 calculado,e6260e718fbd0393fec3182dbcdafac10125b4d919062c54b837990773ad203d,2026-09-23T19:30:03+00:00
72,RCAEval recursive service-fault CSV windows,RE1/RE1-OB/checkoutservice_mem/2/data.csv,2660909,sha256 calculado,c86dbf8e72e24ead36cd52aea84eb308ddaba6bc6e596eb2f8c465e4e6da137b,2026-09-23T19:30:03+00:00
73,RCAEval recursive service-fault CSV windows,RE1/RE1-OB/checkoutservice_mem/3/data.csv,2717881,sha256 calculado,eacf85c85d890a991974acf7267dbc82cf013cec958df544bcef9858a42813bb,2026-09-23T19:30:03+00:00
74,RCAEval recursive service-fault CSV windows,RE1/RE1-OB/checkoutservice_mem/4/data.csv,2715808,sha256 calculado,0e90d9dfc3f9f5eafbce408d3e0815f1ac6948f01d101948485edadac87c102f,2026-09-23T19:30:03+00:00
75,RCAEval recursive service-fault CSV windows,RE1/RE1-OB/checkoutservice_mem/5/data.csv,2675647,sha256 calculado,0856e689e6d355071b2b2bd4d33da0dc5188997fff3eb6a65e73b8eecfb91c6c,2026-09-23T19:30:03+00:00
76,RCAEval recursive service-fault CSV windows,RE1/RE1-OB/currencyservice_cpu/1/data.csv,2681276,sha256 calculado,edc33671e7286e5cbad4bb99d9179a76abe4c4098d1d4b97663dbe5251c6bc57,2026-09-23T19:30:03+00:00
77,RCAEval recursive service-fault CSV windows,RE1/RE1-OB/currencyservice_cpu/2/data.csv,2707942,sha256 calculado,3642e64168b89cc2acfecc51e9a454c585c663a316517925ed666fe080a12db5,2026-09-23T19:30:03+00:00
78,RCAEval recursive service-fault CSV windows,RE1/RE1-OB/currencyservice_cpu/3/data.csv,2655003,sha256 calculado,281cc54ad4665a80da77fbd3e70df30cf74a69bec7e020003ee9fa01afb992e6,2026-09-23T19:30:03+00:00
79,RCAEval recursive service-fault CSV windows,RE1/RE1-OB/currencyservice_cpu/4/data.csv,2684821,sha256 calculado,7e8ca457a205fffb67bcd6de20247ca2b7552b772c98e2144f3c7dd43f4b7ce5,2026-09-23T19:30:03+00:00
80,RCAEval recursive service-fault CSV windows,RE1/RE1-OB/currencyservice_cpu/5/data.csv,2677023,sha256 calculado,7fd5d4c1f81d708b8205bd55eefe786f2a4735c939a236d665ceab3f090a1dae,2026-09-23T19:30:03+00:00
81,RCAEval recursive service-fault CSV windows,RE1/RE1-OB/currencyservice_delay/1/data.csv,564856,sha256 calculado,2e6be99e3c21d8943e1ab7656433016d0fe7e915f26d3d14e036ad8ebd8876c6,2026-09-23T19:30:03+00:00
82,RCAEval recursive service-fault CSV windows,RE1/RE1-OB/currencyservice_delay/2/data.csv,567462,sha256 calculado,6356ce8c86c74e8b2c4065a86a1a4e6c01373da15df3bc3641d72d209e46580f,2026-09-23T19:30:03+00:00
83,RCAEval recursive service-fault CSV windows,RE1/RE1-OB/currencyservice_delay/3/data.csv,575533,sha256 calculado,e976e16135ac486029f68906a7d20c047321c0866efb08c72d90ec3b28d301f7,2026-09-23T19:30:03+00:00
84,RCAEval recursive service-fault CSV windows,RE1/RE1-OB/currencyservice_delay/4/data.csv,575803,sha256 calculado,22558d8d2c03a202d734b8ee620468ff9764c1b2c06af66b9651990b6fc086fc,2026-09-23T19:30:03+00:00
85,RCAEval recursive service-fault CSV windows,RE1/RE1-OB/currencyservice_delay/5/data.csv,566839,sha256 calculado,49a1824988af1dd3a9c14aceaade4ae0fe67aef19ea6ec6b465260a6701c6573,2026-09-23T19:30:03+00:00
86,RCAEval recursive service-fault CSV windows,RE1/RE1-OB/currencyservice_disk/1/data.csv,572958,sha256 calculado,5bef83789d50b31760330f8b6e311e96925e5afbdca370b1b0b5956511557b95,2026-09-23T19:30:03+00:00
87,RCAEval recursive service-fault CSV windows,RE1/RE1-OB/currencyservice_disk/2/data.csv,577873,sha256 calculado,354c37d7d918035a6969fd9587606494037558e2517dfe8091d1e044bed2dfab,2026-09-23T19:30:03+00:00
88,RCAEval recursive service-fault CSV windows,RE1/RE1-OB/currencyservice_disk/3/data.csv,576250,sha256 calculado,d69d18ee15628d67d8cd5a89609fe8a18cff9cc8a9308884de62a41808f16d89,2026-09-23T19:30:03+00:00
89,RCAEval recursive service-fault CSV windows,RE1/RE1-OB/currencyservice_disk/4/data.csv,572205,sha256 calculado,490ca118c3b9dff3a0ff2c679a07f6b1a1e2eac4499b5f9448d9067613d110ce,2026-09-23T19:30:03+00:00
90,RCAEval recursive service-fault CSV windows,RE1/RE1-OB/currencyservice_disk/5/data.csv,571124,sha256 calculado,e05ea6f968bdeec651cc2e03de1687a90d59d49d28c36c049b5e83055b2b307e,2026-09-23T19:30:04+00:00
91,RCAEval recursive service-fault CSV windows,RE1/RE1-OB/currencyservice_loss/1/data.csv,577212,sha256 calculado,0f0696adf49e74c659a40f957a2907d3dc5802e2b3109d8a8ced4acb73ce9a50,2026-09-23T19:30:04+00:00
92,RCAEval recursive service-fault CSV windows,RE1/RE1-OB/currencyservice_loss/2/data.csv,570113,sha256 calculado,d39ffeda888fc54236e6ff88a912015544b75b9755841e5297ccab1bfa17f67f,2026-09-23T19:30:04+00:00
93,RCAEval recursive service-fault CSV windows,RE1/RE1-OB/currencyservice_loss/3/data.csv,570387,sha256 calculado,88384e98b7c77d4bea628fa1e830b80f2dd74a05599aacf494782db012144954,2026-09-23T19:30:04+00:00
94,RCAEval recursive service-fault CSV windows,RE1/RE1-OB/currencyservice_loss/4/data.csv,569932,sha256 calculado,373327c2fbb95651c443f28f9d433a9867c66d1c48d46c83db11c6a1fad8b5a2,2026-09-23T19:30:04+00:00
95,RCAEval recursive service-fault CSV windows,RE1/RE1-OB/currencyservice_loss/5/data.csv,570040,sha256 calculado,e9c158b2dc9175419c9d69330e11a99dc36d4eee26f6d9b0f7627f10f6c318e7,2026-09-23T19:30:04+00:00
96,RCAEval recursive service-fault CSV windows,RE1/RE1-OB/currencyservice_mem/1/data.csv,2704309,sha256 calculado,8c73f8261a5a271a8b5fe9a7c7aae0e45cca9650ed76131e9d98fb43ac729400,2026-09-23T19:30:04+00:00
97,RCAEval recursive service-fault CSV windows,RE1/RE1-OB/currencyservice_mem/2/data.csv,2693837,sha256 calculado,2fab13602ffd5c75ab417c2da91b1642af40a1d496ecf3ed027c16c64b8b9b0a,2026-09-23T19:30:04+00:00
98,RCAEval recursive service-fault CSV windows,RE1/RE1-OB/currencyservice_mem/3/data.csv,2704425,sha256 calculado,0e395ed0bd9a5cb64b24066937253ef4cee07482079b2f1fcf7efbaf6ca03ee9,2026-09-23T19:30:04+00:00
99,RCAEval recursive service-fault CSV windows,RE1/RE1-OB/currencyservice_mem/4/data.csv,2669539,sha256 calculado,5aa7af1460934e9061bf14cb6b6e30850b9408d8dd705b261867401a507e3a44,2026-09-23T19:30:04+00:00
100,RCAEval recursive service-fault CSV windows,RE1/RE1-OB/currencyservice_mem/5/data.csv,2669312,sha256 calculado,d6b874b3ada092e69a4b4f89381d54bed3c459c7147d809d96a87a843c0abebb,2026-09-23T19:30:04+00:00
101,RCAEval recursive service-fault CSV windows,RE1/RE1-OB/productcatalogservice_cpu/1/data.csv,2677757,sha256 calculado,0ec89eb2d7f66459e3dd1d41d1a810905ca2da12b51641ae09e0685597cceae6,2026-09-23T19:30:04+00:00
102,RCAEval recursive service-fault CSV windows,RE1/RE1-OB/productcatalogservice_cpu/2/data.csv,2681640,sha256 calculado,83b8cf61cc0061cd9fadbde47e330c3cdd3fc5ed938e5201d533f529b879eb03,2026-09-23T19:30:04+00:00
103,RCAEval recursive service-fault CSV windows,RE1/RE1-OB/productcatalogservice_cpu/3/data.csv,2461763,sha256 calculado,a789527874f5bbb7254d307e2ac22df5894dce8277b4bb37e35e3725708f0e04,2026-09-23T19:30:04+00:00
104,RCAEval recursive service-fault CSV windows,RE1/RE1-OB/productcatalogservice_cpu/4/data.csv,2666667,sha256 calculado,5591e54a4288716d46c983b20bbda8357ed2b834a5b60adf496618554b5ec582,2026-09-23T19:30:04+00:00
105,RCAEval recursive service-fault CSV windows,RE1/RE1-OB/productcatalogservice_cpu/5/data.csv,2658032,sha256 calculado,0bf22668fcd55f1f9856887a6d8ae1666bc4cd080fe09b95de6ba61ae7451ce3,2026-09-23T19:30:04+00:00
106,RCAEval recursive service-fault CSV windows,RE1/RE1-OB/productcatalogservice_delay/1/data.csv,568268,sha256 calculado,a774197d7f8cefc2a2c7a055a647a3cf5635def928c51f112ac0570e763f3556,2026-09-23T19:30:04+00:00
107,RCAEval recursive service-fault CSV windows,RE1/RE1-OB/productcatalogservice_delay/2/data.csv,566645,sha256 calculado,f7a72b885604ef19349a81aa1e2249d19e1a1bc539856f180436f754b85c6629,2026-09-23T19:30:04+00:00
108,RCAEval recursive service-fault CSV windows,RE1/RE1-OB/productcatalogservice_delay/3/data.csv,566318,sha256 calculado,52dd82cf30f9e0d8553e0fc78c00195e76ce16d957298df3b85b664399cdcf3f,2026-09-23T19:30:04+00:00
109,RCAEval recursive service-fault CSV windows,RE1/RE1-OB/productcatalogservice_delay/4/data.csv,561361,sha256 calculado,ff0ad569a2b2f8b79f5166a11a305c28bda87cf22c28696ab5b8fec91f0b21c0,2026-09-23T19:30:04+00:00
110,RCAEval recursive service-fault CSV windows,RE1/RE1-OB/productcatalogservice_delay/5/data.csv,565510,sha256 calculado,da3859965e7db9e5da496a0d3e9aae408a85e7833c3943242b16dfbd32be05ae,2026-09-23T19:30:04+00:00
111,RCAEval recursive service-fault CSV windows,RE1/RE1-OB/productcatalogservice_disk/1/data.csv,573740,sha256 calculado,80add2cae35a7a9f5f431fc3da85a48c752a54be2dcb0bc805c00ccaa2315519,2026-09-23T19:30:04+00:00
112,RCAEval recursive service-fault CSV windows,RE1/RE1-OB/productcatalogservice_disk/2/data.csv,574540,sha256 calculado,8fc7088fd1aa9a3ac456b695743cd52734c1447d768432c4e79bf0dc246c08d3,2026-09-23T19:30:04+00:00
113,RCAEval recursive service-fault CSV windows,RE1/RE1-OB/productcatalogservice_disk/3/data.csv,571444,sha256 calculado,1fff50a2b5ba270e6ea2f3c2d4e139e8c76ec9913fc5cfd5a8b72cef2c52fb6e,2026-09-23T19:30:04+00:00
114,RCAEval recursive service-fault CSV windows,RE1/RE1-OB/productcatalogservice_disk/4/data.csv,574942,sha256 calculado,769c3c05e2e6017a54d18d49f7bca725ce3f8f3fa6a04257c747c11d8be7b823,2026-09-23T19:30:04+00:00
115,RCAEval recursive service-fault CSV windows,RE1/RE1-OB/productcatalogservice_disk/5/data.csv,574900,sha256 calculado,90c4742952cce5e390ce6bad3b8b0477662180e706df1b27360674c82c28bf5e,2026-09-23T19:30:04+00:00
116,RCAEval recursive service-fault CSV windows,RE1/RE1-OB/productcatalogservice_loss/1/data.csv,579706,sha256 calculado,a0543bf962020e9e3acda5b726f06681fdedf2b9baa1b8d6e40680ff4a6102ec,2026-09-23T19:30:04+00:00
117,RCAEval recursive service-fault CSV windows,RE1/RE1-OB/productcatalogservice_loss/2/data.csv,581280,sha256 calculado,c559a37cac9c941f2d3aa445ee53350826a1b46403c3f14d700e4d3e804b5ec1,2026-09-23T19:30:04+00:00
118,RCAEval recursive service-fault CSV windows,RE1/RE1-OB/productcatalogservice_loss/3/data.csv,579824,sha256 calculado,32011295979a3a9d6a0c201c0fb0a49e3775236da61506abca5ef2f3e51a83c9,2026-09-23T19:30:04+00:00
119,RCAEval recursive service-fault CSV windows,RE1/RE1-OB/productcatalogservice_loss/4/data.csv,580329,sha256 calculado,549582989f1f663d259d34b536de5a44d611477a43db72fd71ab2a1a04d0de25,2026-09-23T19:30:04+00:00
120,RCAEval recursive service-fault CSV windows,RE1/RE1-OB/productcatalogservice_loss/5/data.csv,580162,sha256 calculado,2511b738db7d3cd7c5d5faa9e7afc635ceb4c3e5968ce104b794b1a9954224e6,2026-09-23T19:30:05+00:00
121,RCAEval recursive service-fault CSV windows,RE1/RE1-OB/productcatalogservice_mem/1/data.csv,2674275,sha256 calculado,2a70573b6eae8bc43183b3e3d58cb36a34b25a791796430d60293e6b3bb9b37e,2026-09-23T19:30:05+00:00
122,RCAEval recursive service-fault CSV windows,RE1/RE1-OB/productcatalogservice_mem/2/data.csv,2699479,sha256 calculado,8a502b8b87ba7a444e963c496606eb2ba7e39773a5227cc5de376ae565c1eec9,2026-09-23T19:30:05+00:00
123,RCAEval recursive service-fault CSV windows,RE1/RE1-OB/productcatalogservice_mem/3/data.csv,2681723,sha256 calculado,fffb2d1c28cf134b9a847c4544cf89b0aec70406ed661f56c28a06b55f21b32a,2026-09-23T19:30:05+00:00
124,RCAEval recursive service-fault CSV windows,RE1/RE1-OB/productcatalogservice_mem/4/data.csv,2678516,sha256 calculado,727838c8d3cbc62ee7ff787760702dad798bab035e76d0e5a28304203c1b11f4,2026-09-23T19:30:05+00:00
125,RCAEval recursive service-fault CSV windows,RE1/RE1-OB/productcatalogservice_mem/5/data.csv,2669631,sha256 calculado,4e160d188bd752847f74d48b445ec3d57e3da15b8307d85894bcdffa5b731a14,2026-09-23T19:30:05+00:00
126,RCAEval recursive service-fault CSV windows,RE1/RE1-SS/carts_cpu/1/data.csv,3538735,sha256 calculado,d0cbbff15dfe13dbd7ee59d8845ba7b7e85df42b06175a5999ceaf7370b6426c,2026-09-23T19:30:05+00:00
127,RCAEval recursive service-fault CSV windows,RE1/RE1-SS/carts_cpu/1/simple_data.csv,565224,sha256 calculado,37ad2f7b603e131815175b2cfde06f0c5c7fb18ada463d9c3e7f853a49cc1e18,2026-09-23T19:30:05+00:00
128,RCAEval recursive service-fault CSV windows,RE1/RE1-SS/carts_cpu/2/data.csv,3523844,sha256 calculado,2ac4515625b64192ba3ecd9ebb2234d51895ffce2fbdc2302e30ed91377b8897,2026-09-23T19:30:05+00:00
129,RCAEval recursive service-fault CSV windows,RE1/RE1-SS/carts_cpu/2/simple_data.csv,562855,sha256 calculado,9e74c7db959dca8bf953f86f38cef508761da6cf4404f504df4c4a43e4caa408,2026-09-23T19:30:05+00:00
130,RCAEval recursive service-fault CSV windows,RE1/RE1-SS/carts_cpu/3/data.csv,3523312,sha256 calculado,c9a2d4c8542cdcae44803f913229c9e616894cf7ed949967a5cc0ee7322dcd77,2026-09-23T19:30:05+00:00
131,RCAEval recursive service-fault CSV windows,RE1/RE1-SS/carts_cpu/3/simple_data.csv,571987,sha256 calculado,455e8bf4ddff586b4718a3cfd61773adfeb9b86919ca055e99d5ee00f4287653,2026-09-23T19:30:05+00:00
132,RCAEval recursive service-fault CSV windows,RE1/RE1-SS/carts_cpu/4/data.csv,3525430,sha256 calculado,654bbc8dda542b0f4986b7da9a02f49b46e28f985dc3d5d71af7fdf799fdc7d5,2026-09-23T19:30:05+00:00
133,RCAEval recursive service-fault CSV windows,RE1/RE1-SS/carts_cpu/4/simple_data.csv,558098,sha256 calculado,93cfdc7bc34f3fb6ab74a401692dbc307dfb623a686a1467e4e8690292d6b601,2026-09-23T19:30:05+00:00
134,RCAEval recursive service-fault CSV windows,RE1/RE1-SS/carts_cpu/5/data.csv,3540494,sha256 calculado,6edc451b13291b732727a1e60afc26034bee23696427bce494691616db173bbf,2026-09-23T19:30:05+00:00
135,RCAEval recursive service-fault CSV windows,RE1/RE1-SS/carts_cpu/5/simple_data.csv,571376,sha256 calculado,f60352e16d70c3907e707039c434d80385a83feb1119120f1b65ac2568574235,2026-09-23T19:30:05+00:00
136,RCAEval recursive service-fault CSV windows,RE1/RE1-SS/carts_delay/1/data.csv,3556647,sha256 calculado,916c7dd0d14de8370f8ed5f93016cd2d2f860eaadbdaa85b536a5aed47ee6e85,2026-09-23T19:30:05+00:00
137,RCAEval recursive service-fault CSV windows,RE1/RE1-SS/carts_delay/1/simple_data.csv,576635,sha256 calculado,9d0dd07c386e156c6bcb9cd1488fb3e678b1e0768246e489babf53e78cc8a383,2026-09-23T19:30:05+00:00
138,RCAEval recursive service-fault CSV windows,RE1/RE1-SS/carts_delay/2/data.csv,3550784,sha256 calculado,b659ed75ad73e9f3d63224ac77cd9afc9a5a6a5bab994d391d5b6407cc1a4858,2026-09-23T19:30:05+00:00
139,RCAEval recursive service-fault CSV windows,RE1/RE1-SS/carts_delay/2/simple_data.csv,566974,sha256 calculado,eebcb61922dac005ae6a364a71be01a8d72d3bd80793871b69b55b388152227e,2026-09-23T19:30:05+00:00
140,RCAEval recursive service-fault CSV windows,RE1/RE1-SS/carts_delay/3/data.csv,3547786,sha256 calculado,7fbffd8d54cbf8a9cb1df62d0dcaa2bd72c438fe354df44a3dcebc61e1920c37,2026-09-23T19:30:05+00:00
141,RCAEval recursive service-fault CSV windows,RE1/RE1-SS/carts_delay/3/simple_data.csv,566761,sha256 calculado,1669b936bd143337726272bc5894b90448cf59407346531467a49e6ffc5e008a,2026-09-23T19:30:05+00:00
142,RCAEval recursive service-fault CSV windows,RE1/RE1-SS/carts_delay/4/data.csv,3504019,sha256 calculado,d02231e8888580211889d8a49cee0a3ff37ac8143f80eca75ff79546b9e7c6aa,2026-09-23T19:30:05+00:00
143,RCAEval recursive service-fault CSV windows,RE1/RE1-SS/carts_delay/4/simple_data.csv,548622,sha256 calculado,5d7915bf147482797e34a57d8f32b1c306e9abd045877d9fcb7ffbbf13330613,2026-09-23T19:30:05+00:00
144,RCAEval recursive service-fault CSV windows,RE1/RE1-SS/carts_delay/5/data.csv,3539962,sha256 calculado,b612629c6b5130a2778af38ab3a49b63e7dcdace465a8273dfcc6a9de833128c,2026-09-23T19:30:05+00:00
145,RCAEval recursive service-fault CSV windows,RE1/RE1-SS/carts_delay/5/simple_data.csv,567534,sha256 calculado,ebeac0b582a3e8262ae92602d9b3c7e01251da26c66aba3b05b0c7dce7b6c58f,2026-09-23T19:30:05+00:00
146,RCAEval recursive service-fault CSV windows,RE1/RE1-SS/carts_disk/1/data.csv,3383247,sha256 calculado,46b55bdcb3ce606888e7db5536bf4d7770a8bc5484a1eee62bac2b63b807291f,2026-09-23T19:30:05+00:00
147,RCAEval recursive service-fault CSV windows,RE1/RE1-SS/carts_disk/1/simple_data.csv,561862,sha256 calculado,8798c3838a24af6ee8d5b8ccddaa6a69b9bd3025750cf01b5d69b874768bf460,2026-09-23T19:30:05+00:00
148,RCAEval recursive service-fault CSV windows,RE1/RE1-SS/carts_disk/2/data.csv,3371266,sha256 calculado,a1575ab2adce0053a6ad1cdf26c0e8f808113d7022f04e1ac7630cd50d55879d,2026-09-23T19:30:05+00:00
149,RCAEval recursive service-fault CSV windows,RE1/RE1-SS/carts_disk/2/simple_data.csv,561356,sha256 calculado,812e5162cbad2dbe85c38ff7e2362791fc9f14befa93344e9c01a498b0c247a5,2026-09-23T19:30:05+00:00
150,RCAEval recursive service-fault CSV windows,RE1/RE1-SS/carts_disk/3/data.csv,3374591,sha256 calculado,b9591dde350898824580b5d169a1a0a546665de3fe16a392aced157fda3ae21b,2026-09-23T19:30:05+00:00
151,RCAEval recursive service-fault CSV windows,RE1/RE1-SS/carts_disk/3/simple_data.csv,553564,sha256 calculado,99dff2bb8a4272cbbd3f2ab775c8f1811690170996b4eab0fc76752c815f0ea0,2026-09-23T19:30:05+00:00
152,RCAEval recursive service-fault CSV windows,RE1/RE1-SS/carts_disk/4/data.csv,3370807,sha256 calculado,c15e87bbd56be21d2e20da3672b641e941b0cbc52bcf0f59fbefef763409cc2e,2026-09-23T19:30:05+00:00
153,RCAEval recursive service-fault CSV windows,RE1/RE1-SS/carts_disk/4/simple_data.csv,561375,sha256 calculado,a88d970e84f625719e2ebc9ee597f24ede33f50cb94cc04c20bcd161d5a1af1c,2026-09-23T19:30:05+00:00
154,RCAEval recursive service-fault CSV windows,RE1/RE1-SS/carts_disk/5/data.csv,3389324,sha256 calculado,cb60528d08528456775dcab26bcfc25768b1ab1a8bb8ccab31c6521ed84c69c2,2026-09-23T19:30:05+00:00
155,RCAEval recursive service-fault CSV windows,RE1/RE1-SS/carts_disk/5/simple_data.csv,562870,sha256 calculado,f4b53f562be5bdd79761e0bd43c8bf6347f12d7ef2c86f365205aa4de2392ff1,2026-09-23T19:30:05+00:00
156,RCAEval recursive service-fault CSV windows,RE1/RE1-SS/carts_loss/1/data.csv,3559504,sha256 calculado,df72e8d862faff4b82381959aebd03c03f3737dc6849b78c3513011c1b7af458,2026-09-23T19:30:06+00:00
157,RCAEval recursive service-fault CSV windows,RE1/RE1-SS/carts_loss/1/simple_data.csv,578889,sha256 calculado,d5b1a6f38ce869ef7104979e63fb9976aba66c1123a994daeb52235036a11a81,2026-09-23T19:30:06+00:00
158,RCAEval recursive service-fault CSV windows,RE1/RE1-SS/carts_loss/2/data.csv,3531682,sha256 calculado,2998c0f50cd95e938dc8ac5d1f651899c0a244a9e48f1c82ffe12a6c1da29877,2026-09-23T19:30:06+00:00
159,RCAEval recursive service-fault CSV windows,RE1/RE1-SS/carts_loss/2/simple_data.csv,561892,sha256 calculado,77f9ee8dbe9931285e167f8becfb45400fd2834b65b10b69e6b16b12c3a4662e,2026-09-23T19:30:06+00:00
160,RCAEval recursive service-fault CSV windows,RE1/RE1-SS/carts_loss/3/data.csv,3554157,sha256 calculado,fd5e2a2b9ea1fdb6fe929439778ba7819d02eb92f0296ff2bc29d1dcda2e2ce3,2026-09-23T19:30:06+00:00
161,RCAEval recursive service-fault CSV windows,RE1/RE1-SS/carts_loss/3/simple_data.csv,572197,sha256 calculado,ea6aaa9cb2a2b65123422051c6e5234d78ad344faa9be2fe227f82e508eb121b,2026-09-23T19:30:06+00:00
162,RCAEval recursive service-fault CSV windows,RE1/RE1-SS/carts_loss/4/data.csv,3513255,sha256 calculado,b5e5cab19275c1fae91310b2f834c522a69027dce88c1e76c557ad3dabb120a2,2026-09-23T19:30:06+00:00
163,RCAEval recursive service-fault CSV windows,RE1/RE1-SS/carts_loss/4/simple_data.csv,562473,sha256 calculado,17ed4a926349cd4a954d16e2c3c42b9fe40b175a2d4ec6ee95e224978f4900a8,2026-09-23T19:30:06+00:00
164,RCAEval recursive service-fault CSV windows,RE1/RE1-SS/carts_loss/5/data.csv,3523880,sha256 calculado,9c62de2c3416817253660bad291f4c81b78b7e0a38cf8bbce76d1da58c9471df,2026-09-23T19:30:06+00:00
165,RCAEval recursive service-fault CSV windows,RE1/RE1-SS/carts_loss/5/simple_data.csv,566033,sha256 calculado,9dafea656f46b8bf90494fb308c8d281bb12a35e006fb330a3f60f4d612925fc,2026-09-23T19:30:06+00:00
166,RCAEval recursive service-fault CSV windows,RE1/RE1-SS/carts_mem/1/data.csv,3540569,sha256 calculado,8fcbb83fb01f2a48c058830aaf29b6d323c727784a0333b829397365c09ea657,2026-09-23T19:30:06+00:00
167,RCAEval recursive service-fault CSV windows,RE1/RE1-SS/carts_mem/1/simple_data.csv,564111,sha256 calculado,df325171f74e8c8502ccedced38521f99a47cc8698ee3adb27a98f376ed635f0,2026-09-23T19:30:06+00:00
168,RCAEval recursive service-fault CSV windows,RE1/RE1-SS/carts_mem/2/data.csv,3529435,sha256 calculado,bb4e7b76ef1a17223603dd9fa4071dca2839459755688d23ce1c49397fac5ea2,2026-09-23T19:30:06+00:00
169,RCAEval recursive service-fault CSV windows,RE1/RE1-SS/carts_mem/2/simple_data.csv,559903,sha256 calculado,43e3e54cf032b47ede8c885df2db6f3c0c8b21a259d94b8a7591ffcf55bf911e,2026-09-23T19:30:06+00:00
170,RCAEval recursive service-fault CSV windows,RE1/RE1-SS/carts_mem/3/data.csv,3520513,sha256 calculado,f065b64e6337c237c7e8d52f39b7d3dbd4f6e1a370ee78dbbc8b6ff198c98465,2026-09-23T19:30:06+00:00
171,RCAEval recursive service-fault CSV windows,RE1/RE1-SS/carts_mem/3/simple_data.csv,563438,sha256 calculado,c54b966688287025329a428cb16acd0d9c7bff532d2c4f17eae575375f7f0e98,2026-09-23T19:30:06+00:00
172,RCAEval recursive service-fault CSV windows,RE1/RE1-SS/carts_mem/4/data.csv,3546238,sha256 calculado,7359aa8cb3332b85889b6d0e3e88b4bb6ad7ef78fc4dd33f8b673d36ee711d55,2026-09-23T19:30:06+00:00
173,RCAEval recursive service-fault CSV windows,RE1/RE1-SS/carts_mem/4/simple_data.csv,569103,sha256 calculado,4d81acea302bcbb9d8349cb2807307c73131c6ae2ccadcd14ac68cc96d083f3a,2026-09-23T19:30:06+00:00
174,RCAEval recursive service-fault CSV windows,RE1/RE1-SS/carts_mem/5/data.csv,3536199,sha256 calculado,ab933cef7880d40e262727d0e8df8a3762d34213cf295c47821c6944435d8b0e,2026-09-23T19:30:06+00:00
175,RCAEval recursive service-fault CSV windows,RE1/RE1-SS/carts_mem/5/simple_data.csv,566827,sha256 calculado,ceb15c90c7890ee94344f804eb2b0031cfa0f0c02e4af17947ad9ff22654db15,2026-09-23T19:30:06+00:00
176,RCAEval recursive service-fault CSV windows,RE1/RE1-SS/catalogue_cpu/1/data.csv,3546726,sha256 calculado,885ccb09a4e3d57031c5caa179bfff4963350cdb26b40644694687b382f46484,2026-09-23T19:30:06+00:00
177,RCAEval recursive service-fault CSV windows,RE1/RE1-SS/catalogue_cpu/1/simple_data.csv,566742,sha256 calculado,dcac91a9a003ea8dcae70df1860e2176d1e7119435f24b96750e742edc9db4b5,2026-09-23T19:30:06+00:00
178,RCAEval recursive service-fault CSV windows,RE1/RE1-SS/catalogue_cpu/2/data.csv,3515048,sha256 calculado,6ea961171fdb0a238459cde790f30c79a1be0229e326863ccc2904e2c32ead1e,2026-09-23T19:30:06+00:00
179,RCAEval recursive service-fault CSV windows,RE1/RE1-SS/catalogue_cpu/2/simple_data.csv,558380,sha256 calculado,dbb617f890e7efb783563b06da4329fd44af0fc30021c91f7719931c5afb28d0,2026-09-23T19:30:06+00:00
180,RCAEval recursive service-fault CSV windows,RE1/RE1-SS/catalogue_cpu/3/data.csv,3524237,sha256 calculado,5a7a64b40ead6c46ff549d1bff6c49d5e99ef0595ff984eb0f7004015576b7df,2026-09-23T19:30:06+00:00
181,RCAEval recursive service-fault CSV windows,RE1/RE1-SS/catalogue_cpu/3/simple_data.csv,564299,sha256 calculado,d1c13503e0e4b55f424e9aff282661b827400e55e0e1f60a6d4d04a76928bcae,2026-09-23T19:30:06+00:00
182,RCAEval recursive service-fault CSV windows,RE1/RE1-SS/catalogue_cpu/4/data.csv,3522322,sha256 calculado,bce169db23cb116f1d1553ff6f39ca76e25faebd9c015dabc15267efc1d4f89a,2026-09-23T19:30:06+00:00
183,RCAEval recursive service-fault CSV windows,RE1/RE1-SS/catalogue_cpu/4/simple_data.csv,558258,sha256 calculado,f849de55c1b730ae1ffa15a34fd46ec176cbaf2fcb25cada9373ed9be99d52f7,2026-09-23T19:30:06+00:00
184,RCAEval recursive service-fault CSV windows,RE1/RE1-SS/catalogue_cpu/5/data.csv,3541754,sha256 calculado,915d2706d409e9a6fedc3ca30202121310b815004d998221c37043e386dacdee,2026-09-23T19:30:06+00:00
185,RCAEval recursive service-fault CSV windows,RE1/RE1-SS/catalogue_cpu/5/simple_data.csv,571236,sha256 calculado,c7fb1441cce05c351f5927665f61885f4f4a71ee3c792ca538c597284a088170,2026-09-23T19:30:06+00:00
186,RCAEval recursive service-fault CSV windows,RE1/RE1-SS/catalogue_delay/1/data.csv,3528998,sha256 calculado,2adc9fc1e66725d02b94fad4ad73c48efe47fa1e84de67149e03f52049fce521,2026-09-23T19:30:06+00:00
187,RCAEval recursive service-fault CSV windows,RE1/RE1-SS/catalogue_delay/1/simple_data.csv,559255,sha256 calculado,c6d57ef6499fb2b0a165bf23fbdd3cc41d7f0fa06d22e9e4005d229af074d937,2026-09-23T19:30:06+00:00
188,RCAEval recursive service-fault CSV windows,RE1/RE1-SS/catalogue_delay/2/data.csv,3538442,sha256 calculado,c6ecefe5cd9d27c9a5a0bef60a80558f89372868a740ca0fc6a1645f50f365f2,2026-09-23T19:30:06+00:00
189,RCAEval recursive service-fault CSV windows,RE1/RE1-SS/catalogue_delay/2/simple_data.csv,571093,sha256 calculado,73d9ba923e44e2e7ef74effc6225649add3163604d346b4aef5d4a5cb8cf96ef,2026-09-23T19:30:06+00:00
190,RCAEval recursive service-fault CSV windows,RE1/RE1-SS/catalogue_delay/3/data.csv,3546162,sha256 calculado,5a5db85c95fa65815056083d76f8d9c5ffc88239d001afdfdcc152c01f71cdb4,2026-09-23T19:30:07+00:00
191,RCAEval recursive service-fault CSV windows,RE1/RE1-SS/catalogue_delay/3/simple_data.csv,567791,sha256 calculado,22e8944acc5ede706aec869aecd635c1a0e7c20e87eeedb597085c674757893b,2026-09-23T19:30:07+00:00
192,RCAEval recursive service-fault CSV windows,RE1/RE1-SS/catalogue_delay/4/data.csv,3551493,sha256 calculado,2b706f1696042de486bb81c0c08e7c0d5633290c186615cc349362299172a007,2026-09-23T19:30:07+00:00
193,RCAEval recursive service-fault CSV windows,RE1/RE1-SS/catalogue_delay/4/simple_data.csv,571714,sha256 calculado,3b8a564d77dd3e1e1d4b2e860de3c88249a9859864603981da79598a07197782,2026-09-23T19:30:07+00:00
194,RCAEval recursive service-fault CSV windows,RE1/RE1-SS/catalogue_delay/5/data.csv,3536747,sha256 calculado,31d9387c08bf159ab789aac758c14ffa3af2c69dd74803e31fc6d41b9ad0e6d8,2026-09-23T19:30:07+00:00
195,RCAEval recursive service-fault CSV windows,RE1/RE1-SS/catalogue_delay/5/simple_data.csv,560884,sha256 calculado,0c1a1768b5111cb9374ec090471aed777a63c4d2e620b7d03d6df238f6bd5dea,2026-09-23T19:30:07+00:00
196,RCAEval recursive service-fault CSV windows,RE1/RE1-SS/catalogue_disk/1/data.csv,3380206,sha256 calculado,4b20d3ce7a18609bfd614b2c93048f341a22573ae7fb61afeeea286e4b9ede3c,2026-09-23T19:30:07+00:00
197,RCAEval recursive service-fault CSV windows,RE1/RE1-SS/catalogue_disk/1/simple_data.csv,560491,sha256 calculado,3b832dcc7dda776850c40ca3172717d714e37ee571c9c703fdbd66ef17847482,2026-09-23T19:30:07+00:00
198,RCAEval recursive service-fault CSV windows,RE1/RE1-SS/catalogue_disk/2/data.csv,3385868,sha256 calculado,4ef44d837a8ca70e0b899e6e439162f69dd2a97f6e497a445fd2513a0bf5e15f,2026-09-23T19:30:07+00:00
199,RCAEval recursive service-fault CSV windows,RE1/RE1-SS/catalogue_disk/2/simple_data.csv,569126,sha256 calculado,4b3b932fa150399d1724ee75bc24c0921eccdae6b82ab2d0043d7bb8572a67a2,2026-09-23T19:30:07+00:00
200,RCAEval recursive service-fault CSV windows,RE1/RE1-SS/catalogue_disk/3/data.csv,3135743,sha256 calculado,336e09d7060553136ff2301bd8c022b6d7308bf2dd883a70cd0f131a4f36ebc5,2026-09-23T19:30:07+00:00
201,RCAEval recursive service-fault CSV windows,RE1/RE1-SS/catalogue_disk/3/simple_data.csv,521458,sha256 calculado,39dcd1eceb5e917707accbbcd97a545e58c850061f65f616686f225960bd0375,2026-09-23T19:30:07+00:00
202,RCAEval recursive service-fault CSV windows,RE1/RE1-SS/catalogue_disk/4/data.csv,3118508,sha256 calculado,3c85fce9d8cf2676255e94ef22f29778157f92a6a14cb4fe4c9dfd724c57d2d4,2026-09-23T19:30:07+00:00
203,RCAEval recursive service-fault CSV windows,RE1/RE1-SS/catalogue_disk/4/simple_data.csv,570446,sha256 calculado,2791b25a746c445d50697c9657bea0339a25a37ce40d482a5541f67dd90e6001,2026-09-23T19:30:07+00:00
204,RCAEval recursive service-fault CSV windows,RE1/RE1-SS/catalogue_disk/5/data.csv,3394021,sha256 calculado,2a8dbdb5319cd96b07f525efd1135beaf1778c6895620bd80c2a01f12c81e07a,2026-09-23T19:30:07+00:00
205,RCAEval recursive service-fault CSV windows,RE1/RE1-SS/catalogue_disk/5/simple_data.csv,566002,sha256 calculado,16f9a3f2a5c1ddba48d803491d88e760ac83ec7ac596ba46df1fd335580e32fb,2026-09-23T19:30:07+00:00
206,RCAEval recursive service-fault CSV windows,RE1/RE1-SS/catalogue_loss/1/data.csv,3546912,sha256 calculado,baa3c08fc67d45627b7bec5b85b2f3b577833469bfcbf77427c0ff5795dc0f37,2026-09-23T19:30:07+00:00
207,RCAEval recursive service-fault CSV windows,RE1/RE1-SS/catalogue_loss/1/simple_data.csv,572849,sha256 calculado,891fa3f72accc1b45532036027ed34e7c0fc32c5f53dffbaf877620eced15265,2026-09-23T19:30:07+00:00
208,RCAEval recursive service-fault CSV windows,RE1/RE1-SS/catalogue_loss/2/data.csv,3534835,sha256 calculado,fcb8056c182d3944433a58ffed75eaaa470d2de3b7c8154f17a63846aea689cc,2026-09-23T19:30:07+00:00
209,RCAEval recursive service-fault CSV windows,RE1/RE1-SS/catalogue_loss/2/simple_data.csv,566105,sha256 calculado,85ac8bf23f06907716527fd5e48bc89a27ff6d595d9426c7d8c691b60dded236,2026-09-23T19:30:07+00:00
210,RCAEval recursive service-fault CSV windows,RE1/RE1-SS/catalogue_loss/3/data.csv,3527857,sha256 calculado,8719e213de2ca49be22d587abb9c3e9a2d5687dc7ad49b98218264262f17fb16,2026-09-23T19:30:07+00:00
211,RCAEval recursive service-fault CSV windows,RE1/RE1-SS/catalogue_loss/3/simple_data.csv,569659,sha256 calculado,337e223708dca15ae9ab2bb12413428f4b37b679906a63a5486a7f01f705dc06,2026-09-23T19:30:07+00:00
212,RCAEval recursive service-fault CSV windows,RE1/RE1-SS/catalogue_loss/4/data.csv,3533274,sha256 calculado,fab33628907f6a92e4d86a2f25184bd98ad99961844759d8bbc3c7e3bf1bbf19,2026-09-23T19:30:07+00:00
213,RCAEval recursive service-fault CSV windows,RE1/RE1-SS/catalogue_loss/4/simple_data.csv,563199,sha256 calculado,8e910a35227c4809dd8607a1ec2064d2ae5e94335444f3015a915eb8037c3d64,2026-09-23T19:30:07+00:00
214,RCAEval recursive service-fault CSV windows,RE1/RE1-SS/catalogue_loss/5/data.csv,3532098,sha256 calculado,1de0d9513d07819d6589d950ac05f94e88e148786aead68c4d800737298a3663,2026-09-23T19:30:07+00:00
215,RCAEval recursive service-fault CSV windows,RE1/RE1-SS/catalogue_loss/5/simple_data.csv,571646,sha256 calculado,3f938acd639510d00ff5d3bcd7cfeed91c271008ca9b92550998dd340acfaeee,2026-09-23T19:30:07+00:00
216,RCAEval recursive service-fault CSV windows,RE1/RE1-SS/catalogue_mem/1/data.csv,3530216,sha256 calculado,4d5847cf5631832ba435874411f27b029c40652bd91993497ec3a832236c1acd,2026-09-23T19:30:07+00:00
217,RCAEval recursive service-fault CSV windows,RE1/RE1-SS/catalogue_mem/1/simple_data.csv,561895,sha256 calculado,4c79b4058a183568afad61b4b3f5348d0e8a92a68419eba806d885c73671416c,2026-09-23T19:30:07+00:00
218,RCAEval recursive service-fault CSV windows,RE1/RE1-SS/catalogue_mem/2/data.csv,3535805,sha256 calculado,661e59003d52b727a0c7c3fb586b3744a7c81fcb7fe1224efeacc8dcf95070db,2026-09-23T19:30:07+00:00
219,RCAEval recursive service-fault CSV windows,RE1/RE1-SS/catalogue_mem/2/simple_data.csv,564302,sha256 calculado,8d25cce0505981bf7014cd9663e0b5cb432ee61359604a9c6d816e67ce8b8dc4,2026-09-23T19:30:08+00:00
220,RCAEval recursive service-fault CSV windows,RE1/RE1-SS/catalogue_mem/3/data.csv,3554896,sha256 calculado,24adca148215845d8a15a8c478147e616a9cb470f8eabb3153ce888a2cacea91,2026-09-23T19:30:08+00:00
221,RCAEval recursive service-fault CSV windows,RE1/RE1-SS/catalogue_mem/3/simple_data.csv,572861,sha256 calculado,6c66a350ef2467b8e1b1e1c4fd7b9f8c64fa11adab05641118445f3eb000ab72,2026-09-23T19:30:08+00:00
222,RCAEval recursive service-fault CSV windows,RE1/RE1-SS/catalogue_mem/4/data.csv,3518150,sha256 calculado,fdf5ea686a2cbefa652d4b275b578e00f4878132109635508cf23d6dbdeb7654,2026-09-23T19:30:08+00:00
223,RCAEval recursive service-fault CSV windows,RE1/RE1-SS/catalogue_mem/4/simple_data.csv,555912,sha256 calculado,d4cd93dd9538bfb50f8b4777c8f215007dcbb8fa126a92e136419f983ef19f52,2026-09-23T19:30:08+00:00
224,RCAEval recursive service-fault CSV windows,RE1/RE1-SS/catalogue_mem/5/data.csv,3548600,sha256 calculado,19ddd1fbb15f92a1341a42d728caf9338a7bbef4079a4ae8ad61db7de855d1ab,2026-09-23T19:30:08+00:00
225,RCAEval recursive service-fault CSV windows,RE1/RE1-SS/catalogue_mem/5/simple_data.csv,572659,sha256 calculado,27b3c9920ab6fd6ce47a333a681f71dcb7c2b2e95e443ddfd1a8e0b7a6028c24,2026-09-23T19:30:08+00:00
226,RCAEval recursive service-fault CSV windows,RE1/RE1-SS/orders_cpu/1/data.csv,3539298,sha256 calculado,7b4af408ae6ef82bed477aa1eda57f0eb3a11486f240d27f4e71f2918f513ca5,2026-09-23T19:30:08+00:00
227,RCAEval recursive service-fault CSV windows,RE1/RE1-SS/orders_cpu/1/simple_data.csv,568774,sha256 calculado,4a0ab924935a1df11ddfed6b12d4033666b64d3054d0c949c53f34b76c5e33bd,2026-09-23T19:30:08+00:00
228,RCAEval recursive service-fault CSV windows,RE1/RE1-SS/orders_cpu/2/data.csv,3539029,sha256 calculado,267e14e7c1188161a8c7738c5cb3647ad181f2428b2250cd5f0c12f106fcce4a,2026-09-23T19:30:08+00:00
229,RCAEval recursive service-fault CSV windows,RE1/RE1-SS/orders_cpu/2/simple_data.csv,564442,sha256 calculado,883d067a79137e7e1bc9b904202bc58df60255fc697bd750969175232116cd73,2026-09-23T19:30:08+00:00
230,RCAEval recursive service-fault CSV windows,RE1/RE1-SS/orders_cpu/3/data.csv,3548349,sha256 calculado,635d19f56d4c9092ce774a0220f68c6c2fabd1c936acd9f67a4bfa65df96edd4,2026-09-23T19:30:08+00:00
231,RCAEval recursive service-fault CSV windows,RE1/RE1-SS/orders_cpu/3/simple_data.csv,571472,sha256 calculado,ccb7b9c71743034c40f081502d38ff46a3aba0748dc43b054bb6f626256a5047,2026-09-23T19:30:08+00:00
232,RCAEval recursive service-fault CSV windows,RE1/RE1-SS/orders_cpu/4/data.csv,3529035,sha256 calculado,37e482efb550517166cf83d745cf8ddb5cf943f43912411df9002e16328c5a52,2026-09-23T19:30:08+00:00
233,RCAEval recursive service-fault CSV windows,RE1/RE1-SS/orders_cpu/4/simple_data.csv,563115,sha256 calculado,7a32dd0cc160743e8f918970f6607624b6042e5df7ec9a299dd1ed3dbde2304d,2026-09-23T19:30:08+00:00
234,RCAEval recursive service-fault CSV windows,RE1/RE1-SS/orders_cpu/5/data.csv,3551799,sha256 calculado,5c87594af2d54986aca5c7a4ed90401f7707302731815822c890bbe7adac3ecd,2026-09-23T19:30:08+00:00
235,RCAEval recursive service-fault CSV windows,RE1/RE1-SS/orders_cpu/5/simple_data.csv,576044,sha256 calculado,651e95fc63dbed554ddb85aed6f9381c11f20eee6a8b571b9c3e8aa4054ac572,2026-09-23T19:30:08+00:00
236,RCAEval recursive service-fault CSV windows,RE1/RE1-SS/orders_delay/1/data.csv,3503831,sha256 calculado,41f307f41665a2caf4693b57e909f7795f8a34c282e9358065c72e056aac352c,2026-09-23T19:30:08+00:00
237,RCAEval recursive service-fault CSV windows,RE1/RE1-SS/orders_delay/1/simple_data.csv,563696,sha256 calculado,042e95291c031d35449be150978adcb898ae563222a70366cd34f96763847118,2026-09-23T19:30:08+00:00
238,RCAEval recursive service-fault CSV windows,RE1/RE1-SS/orders_delay/2/data.csv,3483176,sha256 calculado,e2db28b7ab221e5efe9c6d3bfe0534f956fe77b6810f2d94aa1a941877d5b50b,2026-09-23T19:30:08+00:00
239,RCAEval recursive service-fault CSV windows,RE1/RE1-SS/orders_delay/2/simple_data.csv,546270,sha256 calculado,cf51e83ce089d38d6e8f829b72d98a8b15a8d0163186c8ae036bcb890db6d0ad,2026-09-23T19:30:08+00:00
240,RCAEval recursive service-fault CSV windows,RE1/RE1-SS/orders_delay/3/data.csv,3508075,sha256 calculado,7156f16c6f7c9d9869cff28a88da8296996a46d511880a66619369c80687cc5a,2026-09-23T19:30:08+00:00
241,RCAEval recursive service-fault CSV windows,RE1/RE1-SS/orders_delay/3/simple_data.csv,564793,sha256 calculado,6d5e6e4c0bcf6fe3207fb2b7bd79fa7724a07e4e40d6b3db5379d56fa40a86d1,2026-09-23T19:30:08+00:00
242,RCAEval recursive service-fault CSV windows,RE1/RE1-SS/orders_delay/4/data.csv,3496176,sha256 calculado,e2f22fa5e7cd2110cfd95c29d422b3bc2c27bcdd1ffd20b8bb40d734ea6cf495,2026-09-23T19:30:08+00:00
243,RCAEval recursive service-fault CSV windows,RE1/RE1-SS/orders_delay/4/simple_data.csv,547766,sha256 calculado,c073f6baf7333d733a67c0244f6425cad09c31f6126503eebdb55372e57906a9,2026-09-23T19:30:08+00:00
244,RCAEval recursive service-fault CSV windows,RE1/RE1-SS/orders_delay/5/data.csv,3509827,sha256 calculado,ece505dac757631b099184dadac169da46dccc426645308047134c747992e817,2026-09-23T19:30:08+00:00
245,RCAEval recursive service-fault CSV windows,RE1/RE1-SS/orders_delay/5/simple_data.csv,567757,sha256 calculado,e4508902ff6cd2f92bb4171adf8ecffe05f6d02b051fd5ceeced362d8e487a30,2026-09-23T19:30:08+00:00
246,RCAEval recursive service-fault CSV windows,RE1/RE1-SS/orders_disk/1/data.csv,3386408,sha256 calculado,a1feaefed33aee5f7135a4cc93124e0a8dae4d706b83d7fa0a23e1b45ca43b7c,2026-09-23T19:30:08+00:00
247,RCAEval recursive service-fault CSV windows,RE1/RE1-SS/orders_disk/1/simple_data.csv,565318,sha256 calculado,f9f64321fa770e97842ac6806e8e958f6b757e38ed6c2dff33f896293cea0008,2026-09-23T19:30:08+00:00
248,RCAEval recursive service-fault CSV windows,RE1/RE1-SS/orders_disk/2/data.csv,3398715,sha256 calculado,f827d78a95747d5a43e475896cf629cb6f008d9ab22ab81c0e201a6b3027a713,2026-09-23T19:30:09+00:00
249,RCAEval recursive service-fault CSV windows,RE1/RE1-SS/orders_disk/2/simple_data.csv,559249,sha256 calculado,7a21dafe663aff4d44e723ad8c10e63341d57ce7b97e764e979a02ec69e6426e,2026-09-23T19:30:09+00:00
250,RCAEval recursive service-fault CSV windows,RE1/RE1-SS/orders_disk/3/data.csv,3389295,sha256 calculado,06a981bef7a35ed46807f484614cda1571451b20b3d4bc8552cc8efe871a5bc7,2026-09-23T19:30:09+00:00
251,RCAEval recursive service-fault CSV windows,RE1/RE1-SS/orders_disk/3/simple_data.csv,563827,sha256 calculado,c8b09c8bf147ff1c2c5d37fabbae7a4945004e6d8f91e891b4cbc174b2ac9ef0,2026-09-23T19:30:09+00:00
252,RCAEval recursive service-fault CSV windows,RE1/RE1-SS/orders_disk/4/data.csv,3397178,sha256 calculado,8936ada4254c40810f705bd101165c27936b7bba30da5d9ba0854244d7e476a3,2026-09-23T19:30:09+00:00
253,RCAEval recursive service-fault CSV windows,RE1/RE1-SS/orders_disk/4/simple_data.csv,566787,sha256 calculado,0739ea4c2e58fbf5bdf0ff6ebe76c7c44d232cf8290e5962dbee9afb16b5f729,2026-09-23T19:30:09+00:00
254,RCAEval recursive service-fault CSV windows,RE1/RE1-SS/orders_disk/5/data.csv,3384324,sha256 calculado,e4058f496ca58e3befc8ed66a575561b7377ce1712a25287d6826ba976a93198,2026-09-23T19:30:09+00:00
255,RCAEval recursive service-fault CSV windows,RE1/RE1-SS/orders_disk/5/simple_data.csv,561572,sha256 calculado,78b7e728075d78ce4daab620d4f30d59c8568235d51638ddf13c26026f513b8e,2026-09-23T19:30:09+00:00
256,RCAEval recursive service-fault CSV windows,RE1/RE1-SS/orders_loss/1/data.csv,3556445,sha256 calculado,4a4ebdb324c4121dfd523f2d564658ee20fb43456d6e18d7a1997684e6f08785,2026-09-23T19:30:09+00:00
257,RCAEval recursive service-fault CSV windows,RE1/RE1-SS/orders_loss/1/simple_data.csv,578671,sha256 calculado,c0436fee86fdc086744f0b32564d91226d54beca202cab21fef69dd589ce82f5,2026-09-23T19:30:09+00:00
258,RCAEval recursive service-fault CSV windows,RE1/RE1-SS/orders_loss/2/data.csv,3539593,sha256 calculado,281c1a9183df38bf22b9f3cca3897e046c928bf8a4162edb48ecbf5d1b230c22,2026-09-23T19:30:09+00:00
259,RCAEval recursive service-fault CSV windows,RE1/RE1-SS/orders_loss/2/simple_data.csv,581935,sha256 calculado,ca36663394e21cdb9be12cc781506f6b903e6ccd55053445e2dd39a5e4fea334,2026-09-23T19:30:09+00:00
260,RCAEval recursive service-fault CSV windows,RE1/RE1-SS/orders_loss/3/data.csv,3559834,sha256 calculado,3f8f0e46983db3ed5a6cf83525ff024fba5ed6d9c5c2bdb24571533ff3582377,2026-09-23T19:30:09+00:00
261,RCAEval recursive service-fault CSV windows,RE1/RE1-SS/orders_loss/3/simple_data.csv,568740,sha256 calculado,c7fbd505a107af445b413e22bdd2f03617d0515c1d7bf6cabbfdfca39bad4fbd,2026-09-23T19:30:09+00:00
262,RCAEval recursive service-fault CSV windows,RE1/RE1-SS/orders_loss/4/data.csv,3520841,sha256 calculado,532d0eccc81958d6221c3b9745345e17e582cab0715a5173a5ce95666a4741eb,2026-09-23T19:30:09+00:00
263,RCAEval recursive service-fault CSV windows,RE1/RE1-SS/orders_loss/4/simple_data.csv,570330,sha256 calculado,be6ab951ec2e8369ef441fd3c32fd6fdea2a05b548270b1039cc53e13e27e4ca,2026-09-23T19:30:09+00:00
264,RCAEval recursive service-fault CSV windows,RE1/RE1-SS/orders_loss/5/data.csv,3530303,sha256 calculado,8a86f7f798016ad23fb74892470d903f5d8dc684aa0d8962c7e6fa07bbae8102,2026-09-23T19:30:09+00:00
265,RCAEval recursive service-fault CSV windows,RE1/RE1-SS/orders_loss/5/simple_data.csv,580664,sha256 calculado,2a8d7f72639f256fff84661ffb332ab42906fefee5f3d86f002c7a8f3b0d1718,2026-09-23T19:30:09+00:00
266,RCAEval recursive service-fault CSV windows,RE1/RE1-SS/orders_mem/1/data.csv,3532362,sha256 calculado,49478de55408905517e20ed58c62ba8ba92ef5994b81d2450405ba5641051a85,2026-09-23T19:30:09+00:00
267,RCAEval recursive service-fault CSV windows,RE1/RE1-SS/orders_mem/1/simple_data.csv,566156,sha256 calculado,13448b83c958897d24aa2c0f8d2cb5debd4c762698ecb61f26c727c4c6a14973,2026-09-23T19:30:09+00:00
268,RCAEval recursive service-fault CSV windows,RE1/RE1-SS/orders_mem/2/data.csv,3539846,sha256 calculado,b4058ba44b1077bbf205d05ba3f3d0abb6ff9f03d67394769e1f6f2522bee230,2026-09-23T19:30:09+00:00
269,RCAEval recursive service-fault CSV windows,RE1/RE1-SS/orders_mem/2/simple_data.csv,563845,sha256 calculado,96602be0d60d20fa2038a2c8992249f5710fbf5e725ed9e65b8f256a0bb57491,2026-09-23T19:30:09+00:00
270,RCAEval recursive service-fault CSV windows,RE1/RE1-SS/orders_mem/3/data.csv,3544039,sha256 calculado,baab391c63d31387773f0381182bd2106c2d50933cfeea2595a22082fd02941e,2026-09-23T19:30:09+00:00
271,RCAEval recursive service-fault CSV windows,RE1/RE1-SS/orders_mem/3/simple_data.csv,569236,sha256 calculado,66fddfda143d7085838c73020f7bcd8c005d99df353b9d687bab0f2232721215,2026-09-23T19:30:09+00:00
272,RCAEval recursive service-fault CSV windows,RE1/RE1-SS/orders_mem/4/data.csv,3533626,sha256 calculado,842c037e69089b2d48fd40a61862deeae020303f1c5be434c960079f1fd8d490,2026-09-23T19:30:09+00:00
273,RCAEval recursive service-fault CSV windows,RE1/RE1-SS/orders_mem/4/simple_data.csv,564292,sha256 calculado,d7ef7edbb128ba116a8d824d6090dd262a98cb37278c0eab80c5dbea997f1717,2026-09-23T19:30:09+00:00
274,RCAEval recursive service-fault CSV windows,RE1/RE1-SS/orders_mem/5/data.csv,3522153,sha256 calculado,0db62212ca9dc6df1a032e5567f7566cd98744cb1f99c1ef48fbeae3e995d1ad,2026-09-23T19:30:09+00:00
275,RCAEval recursive service-fault CSV windows,RE1/RE1-SS/orders_mem/5/simple_data.csv,558805,sha256 calculado,fdd73dd22f4913dc74e62294ad64541432cd1dfcf141359d70e26c60c93f1113,2026-09-23T19:30:09+00:00
276,RCAEval recursive service-fault CSV windows,RE1/RE1-SS/payment_cpu/1/data.csv,3541576,sha256 calculado,7f37499983ad468b2ae25716d461f18d465b045a1b518d2d5d3752d76631f69e,2026-09-23T19:30:09+00:00
277,RCAEval recursive service-fault CSV windows,RE1/RE1-SS/payment_cpu/1/simple_data.csv,562861,sha256 calculado,8ffa423298b0f2f1d49d521c6aea9cb29b2b703d6344601ecc29836dae68fbdd,2026-09-23T19:30:09+00:00
278,RCAEval recursive service-fault CSV windows,RE1/RE1-SS/payment_cpu/2/data.csv,3504856,sha256 calculado,73d507811e12e5ddff7f009ef217c5e1bd4ff553323dc86c8e3e3f8b0a2b483f,2026-09-23T19:30:09+00:00
279,RCAEval recursive service-fault CSV windows,RE1/RE1-SS/payment_cpu/2/simple_data.csv,555279,sha256 calculado,f8972b629e3809e1bf1e12241e0c9b41fe0e3528e5962282ef923fcacec54af2,2026-09-23T19:30:10+00:00
280,RCAEval recursive service-fault CSV windows,RE1/RE1-SS/payment_cpu/3/data.csv,3532384,sha256 calculado,6791721b82d2619e696e754ac97a5a7a2a5ad54758d80ba78f77f85fd19fdfc6,2026-09-23T19:30:10+00:00
281,RCAEval recursive service-fault CSV windows,RE1/RE1-SS/payment_cpu/3/simple_data.csv,572096,sha256 calculado,100725c0c45900d807a93cccb9ca21f8d7b4f614dce9f4ec02d2efc16bf63617,2026-09-23T19:30:10+00:00
282,RCAEval recursive service-fault CSV windows,RE1/RE1-SS/payment_cpu/4/data.csv,3521471,sha256 calculado,10c33c4b8bb05daa81e344ede37a3eeb90a075279f4b74bf7b71545072a36f6a,2026-09-23T19:30:10+00:00
283,RCAEval recursive service-fault CSV windows,RE1/RE1-SS/payment_cpu/4/simple_data.csv,556626,sha256 calculado,bb3c745683718e75707df43c7c0c1b3353a6c2e572296bf0adca8384e26736e4,2026-09-23T19:30:10+00:00
284,RCAEval recursive service-fault CSV windows,RE1/RE1-SS/payment_cpu/5/data.csv,3540416,sha256 calculado,52bd0bf1596e960dd44761cdbe5e58e0ca9a2465974bfa1cb13320f955dfab60,2026-09-23T19:30:10+00:00
285,RCAEval recursive service-fault CSV windows,RE1/RE1-SS/payment_cpu/5/simple_data.csv,570821,sha256 calculado,584106ab2201a9479058039f49657d18bde736f2c7ab63c936be41b5c251f640,2026-09-23T19:30:10+00:00
286,RCAEval recursive service-fault CSV windows,RE1/RE1-SS/payment_delay/1/data.csv,3514723,sha256 calculado,b404387498f2ca29dffa6010fd2bc2319049ce56d8f1dc33f829ca99ecfd4b63,2026-09-23T19:30:10+00:00
287,RCAEval recursive service-fault CSV windows,RE1/RE1-SS/payment_delay/1/simple_data.csv,556776,sha256 calculado,7c782769665fd54e02c9681d98413c9831b96284b09f024c795019a0a51059d1,2026-09-23T19:30:10+00:00
288,RCAEval recursive service-fault CSV windows,RE1/RE1-SS/payment_delay/2/data.csv,3513347,sha256 calculado,c582632241ce9679dfcc98ebdd467a97c6d94fd2c2c0b3e777665a08a88edf0b,2026-09-23T19:30:10+00:00
289,RCAEval recursive service-fault CSV windows,RE1/RE1-SS/payment_delay/2/simple_data.csv,551823,sha256 calculado,2cf5bf2f2e465e4b7ee4e5002da868c8451e05d5e2553b191b66b48fff7e4fda,2026-09-23T19:30:10+00:00
290,RCAEval recursive service-fault CSV windows,RE1/RE1-SS/payment_delay/3/data.csv,3525255,sha256 calculado,5d6eb74d42b4eb76b0a5af061ebcf31eb08db82ab288ff83e5e0f18553b93503,2026-09-23T19:30:10+00:00
291,RCAEval recursive service-fault CSV windows,RE1/RE1-SS/payment_delay/3/simple_data.csv,571481,sha256 calculado,c1f7bf2b20fe59a16c81abd16330817242a6940418287cd012aa413954bfac28,2026-09-23T19:30:10+00:00
292,RCAEval recursive service-fault CSV windows,RE1/RE1-SS/payment_delay/4/data.csv,3520566,sha256 calculado,b84a2836a8b7b0eb08e78ec3b978c6a063a196d8b90f6deb6bbc08c953577532,2026-09-23T19:30:10+00:00
293,RCAEval recursive service-fault CSV windows,RE1/RE1-SS/payment_delay/4/simple_data.csv,558722,sha256 calculado,448e7e3f71ff8469bc3edcc9e87beedeab4b4d2e909e7f931a017fd23c197eba,2026-09-23T19:30:10+00:00
294,RCAEval recursive service-fault CSV windows,RE1/RE1-SS/payment_delay/5/data.csv,3530533,sha256 calculado,38671825a2ea409f93fb4ae0d1ff5fcf73eccf131a4daba4f346791f28ec51e3,2026-09-23T19:30:10+00:00
295,RCAEval recursive service-fault CSV windows,RE1/RE1-SS/payment_delay/5/simple_data.csv,570308,sha256 calculado,8d6b7f60595f1926bfae8f7adfeb3faa50384640834a2c7e20707d36c0df4933,2026-09-23T19:30:10+00:00
296,RCAEval recursive service-fault CSV windows,RE1/RE1-SS/payment_disk/1/data.csv,3381815,sha256 calculado,cb6925ded6357a8a17eaed0dee176c0c502f88f4b2653893e64e119b8081a02a,2026-09-23T19:30:10+00:00
297,RCAEval recursive service-fault CSV windows,RE1/RE1-SS/payment_disk/1/simple_data.csv,562466,sha256 calculado,c94ff54513e6906bfff42f35e204b52479959d8f12798efef45a1ef0b66dfb66,2026-09-23T19:30:10+00:00
298,RCAEval recursive service-fault CSV windows,RE1/RE1-SS/payment_disk/2/data.csv,3390255,sha256 calculado,4d8582d94460b68b9378c4202b76d77ccbef59361aeeb36d5439c6390c8e99a6,2026-09-23T19:30:10+00:00
299,RCAEval recursive service-fault CSV windows,RE1/RE1-SS/payment_disk/2/simple_data.csv,561787,sha256 calculado,8f6c2da52ecaabf69b425f6f4141a1cdf20cb9b6eb65c461674c5b55d3858c77,2026-09-23T19:30:10+00:00
300,RCAEval recursive service-fault CSV windows,RE1/RE1-SS/payment_disk/3/data.csv,3342611,sha256 calculado,e7e71bc61f7d54f179508984f30222b20460643db0e5fcbfc1d0157c2b6177eb,2026-09-23T19:30:10+00:00
301,RCAEval recursive service-fault CSV windows,RE1/RE1-SS/payment_disk/3/simple_data.csv,560404,sha256 calculado,3db8f147991606fdaaef90ddc45c904d00477681cd0d2237a84becce713870b4,2026-09-23T19:30:10+00:00
302,RCAEval recursive service-fault CSV windows,RE1/RE1-SS/payment_disk/4/data.csv,3382531,sha256 calculado,34ca5f04970ebcb76f949c509b8188042e841555b32edbe01b9ee2015a2f5bfc,2026-09-23T19:30:10+00:00
303,RCAEval recursive service-fault CSV windows,RE1/RE1-SS/payment_disk/4/simple_data.csv,557803,sha256 calculado,7a050b2aae0b7cc2efaa3ac92651f64974c4a5ba70db8d11a5d9987b23d7e55f,2026-09-23T19:30:10+00:00
304,RCAEval recursive service-fault CSV windows,RE1/RE1-SS/payment_disk/5/data.csv,3396960,sha256 calculado,0b5354f4ce846a57ee5515f45fc9fb26fc1e709a11d859af43b368b7976f91aa,2026-09-23T19:30:10+00:00
305,RCAEval recursive service-fault CSV windows,RE1/RE1-SS/payment_disk/5/simple_data.csv,562258,sha256 calculado,80f358ae53f0a36e514a00763ceefe6889ea168cc29d524e17f4e29efb531404,2026-09-23T19:30:10+00:00
306,RCAEval recursive service-fault CSV windows,RE1/RE1-SS/payment_loss/1/data.csv,3533764,sha256 calculado,1cd40bfa346577a2872f8ca23929fdfa53b7301c8cf524b3b50927a3900e9694,2026-09-23T19:30:10+00:00
307,RCAEval recursive service-fault CSV windows,RE1/RE1-SS/payment_loss/1/simple_data.csv,576214,sha256 calculado,d3e65098369dd3d61dc62c0636323fab3c6c8c431b4fb221e0cc5c6ec436efcc,2026-09-23T19:30:10+00:00
308,RCAEval recursive service-fault CSV windows,RE1/RE1-SS/payment_loss/2/data.csv,3547461,sha256 calculado,d89c68239753cb53464a271f789ed4340d441861ddbc3f77657f8b982e8d14e0,2026-09-23T19:30:10+00:00
309,RCAEval recursive service-fault CSV windows,RE1/RE1-SS/payment_loss/2/simple_data.csv,576865,sha256 calculado,bb5d8a0a9bc350b00915ff4ea36d735d18083447b2451860939330c83ccbacd3,2026-09-23T19:30:10+00:00
310,RCAEval recursive service-fault CSV windows,RE1/RE1-SS/payment_loss/3/data.csv,3507632,sha256 calculado,0678e875e07ad3ef4d5a41803ed251a86736d6aaa54f5931941871731f26c3ab,2026-09-23T19:30:11+00:00
311,RCAEval recursive service-fault CSV windows,RE1/RE1-SS/payment_loss/3/simple_data.csv,559646,sha256 calculado,2c8f2c8ddb7a67e3b80dfabe10a035721f218afe999bbbd18ae0487abd38da62,2026-09-23T19:30:11+00:00
312,RCAEval recursive service-fault CSV windows,RE1/RE1-SS/payment_loss/4/data.csv,3551369,sha256 calculado,264c19c47b96a05ee4d33fd74b473987df9e3f68a9b0a5b934a331e2401555ba,2026-09-23T19:30:11+00:00
313,RCAEval recursive service-fault CSV windows,RE1/RE1-SS/payment_loss/4/simple_data.csv,577944,sha256 calculado,fb869e65e6a845d6912f82df3c5fc5ff1fdf8f5529e87683c894bdff49d0f9d9,2026-09-23T19:30:11+00:00
314,RCAEval recursive service-fault CSV windows,RE1/RE1-SS/payment_loss/5/data.csv,3539568,sha256 calculado,f1b308bc7d4ded9ac4041fff975d14a3f421de827228edd6e1ed0b36aa27a725,2026-09-23T19:30:11+00:00
315,RCAEval recursive service-fault CSV windows,RE1/RE1-SS/payment_loss/5/simple_data.csv,574463,sha256 calculado,4e9c797e3fbbca316697e03259bd86a3cc7b65916a8d7153d4e32c2d6626907f,2026-09-23T19:30:11+00:00
316,RCAEval recursive service-fault CSV windows,RE1/RE1-SS/payment_mem/1/data.csv,3567000,sha256 calculado,44e3d6ad0f7f047d2ead5647f003bfeb7c5b13655f43889d8b8df0bd9a9a292d,2026-09-23T19:30:11+00:00
317,RCAEval recursive service-fault CSV windows,RE1/RE1-SS/payment_mem/1/simple_data.csv,572566,sha256 calculado,2dd9bd1c270319c6fb4785a20077446083f0d7f9762ac528955d7cbcf7c4e4c4,2026-09-23T19:30:11+00:00
318,RCAEval recursive service-fault CSV windows,RE1/RE1-SS/payment_mem/2/data.csv,3521091,sha256 calculado,852ffd4fc75c7a9aa05ad0264a69897e624d0d3987afdbf8b9b7719aae694d22,2026-09-23T19:30:11+00:00
319,RCAEval recursive service-fault CSV windows,RE1/RE1-SS/payment_mem/2/simple_data.csv,552923,sha256 calculado,e39361c8d2dd13c818cd70af7b40e995a723e415c3273b06d506f1601e9a6457,2026-09-23T19:30:11+00:00
320,RCAEval recursive service-fault CSV windows,RE1/RE1-SS/payment_mem/3/data.csv,3544701,sha256 calculado,13638b00ef148cda17cc36962c8c44a69c582a89db52967f05b4a654e394da09,2026-09-23T19:30:11+00:00
321,RCAEval recursive service-fault CSV windows,RE1/RE1-SS/payment_mem/3/simple_data.csv,569816,sha256 calculado,ab65e27c60edbbfff890607842ca4757e181404b37daf6e64571241b99ffaf5f,2026-09-23T19:30:11+00:00
322,RCAEval recursive service-fault CSV windows,RE1/RE1-SS/payment_mem/4/data.csv,3540858,sha256 calculado,155e36bb84b42aa271c37811892bd832a6a03a05e17709972247aab0d153139f,2026-09-23T19:30:11+00:00
323,RCAEval recursive service-fault CSV windows,RE1/RE1-SS/payment_mem/4/simple_data.csv,560078,sha256 calculado,8c07c3f454f079363d9f7889149ccfc237738facb898ce5f8bee8c15eba313b6,2026-09-23T19:30:11+00:00
324,RCAEval recursive service-fault CSV windows,RE1/RE1-SS/payment_mem/5/data.csv,3547205,sha256 calculado,505f7c85426be09d73832e55111e2d4391c909c2d2b36a46d8af914ede8f8d81,2026-09-23T19:30:11+00:00
325,RCAEval recursive service-fault CSV windows,RE1/RE1-SS/payment_mem/5/simple_data.csv,568670,sha256 calculado,89c7839939405a6d6106456313e11fbeed2ae12e3f5a6c3f3958cabf0ae57c75,2026-09-23T19:30:11+00:00
326,RCAEval recursive service-fault CSV windows,RE1/RE1-SS/user_cpu/1/data.csv,3532162,sha256 calculado,d615f28e9c174b477984ddfdd0148403e26b5ce841bd1a6b335ba55080861ee9,2026-09-23T19:30:11+00:00
327,RCAEval recursive service-fault CSV windows,RE1/RE1-SS/user_cpu/1/simple_data.csv,560719,sha256 calculado,4d7127d23833684774af637df9663b09712fe18a2be55a4638e5eb5bd88caa95,2026-09-23T19:30:11+00:00
328,RCAEval recursive service-fault CSV windows,RE1/RE1-SS/user_cpu/2/data.csv,3528797,sha256 calculado,f9758b07bf45b2ad8184c93fc7316765ac6d55dc2c30c7c06aea7077dd82732f,2026-09-23T19:30:11+00:00
329,RCAEval recursive service-fault CSV windows,RE1/RE1-SS/user_cpu/2/simple_data.csv,565404,sha256 calculado,2bed6ae2a053effeb2b2abbc020fce627907866f567f44d3917d2001e6e25a05,2026-09-23T19:30:11+00:00
330,RCAEval recursive service-fault CSV windows,RE1/RE1-SS/user_cpu/3/data.csv,3535284,sha256 calculado,0520a36f0bc71ea8db78b482e4b6afe824c4559bab959662bf9f3d903122884c,2026-09-23T19:30:11+00:00
331,RCAEval recursive service-fault CSV windows,RE1/RE1-SS/user_cpu/3/simple_data.csv,575878,sha256 calculado,0b0503211e3032426c8cd6e4264075f3f521a99903ea04b0d78325814155c0f3,2026-09-23T19:30:11+00:00
332,RCAEval recursive service-fault CSV windows,RE1/RE1-SS/user_cpu/4/data.csv,3548887,sha256 calculado,23dea2295cf5f31aaf7bbcb1df89f620fb2982dec500095e3344342ce0cd7691,2026-09-23T19:30:11+00:00
333,RCAEval recursive service-fault CSV windows,RE1/RE1-SS/user_cpu/4/simple_data.csv,573425,sha256 calculado,28be0ee1dd091bb3d02e742e965533b1e0673facdfc153d2bb8f2ecaee04f9b6,2026-09-23T19:30:11+00:00
334,RCAEval recursive service-fault CSV windows,RE1/RE1-SS/user_cpu/5/data.csv,3518987,sha256 calculado,d87bb0b455096db91680bf9c5350f80bf1f11cec689697394ba0de8e3bda0a59,2026-09-23T19:30:11+00:00
335,RCAEval recursive service-fault CSV windows,RE1/RE1-SS/user_cpu/5/simple_data.csv,558565,sha256 calculado,f6a294ba5911819991b8dc95d7ab71d8477cbb1452c1045aedc1bfdd9fbd7f4f,2026-09-23T19:30:11+00:00
336,RCAEval recursive service-fault CSV windows,RE1/RE1-SS/user_delay/1/data.csv,3547497,sha256 calculado,7e5642abf8fa36540e3c11e6c789fcfd0351c867b5dd0c4eca3dcfb1c4dc8915,2026-09-23T19:30:11+00:00
337,RCAEval recursive service-fault CSV windows,RE1/RE1-SS/user_delay/1/simple_data.csv,572912,sha256 calculado,b3985b7d2614643804f233369242295e9dcdcd0dde36d8ebf2ebe359c29b2233,2026-09-23T19:30:11+00:00
338,RCAEval recursive service-fault CSV windows,RE1/RE1-SS/user_delay/2/data.csv,3522264,sha256 calculado,7128a4360669ec61c5ff46bc3060593ee171929713dc3a413ca82404d6818768,2026-09-23T19:30:11+00:00
339,RCAEval recursive service-fault CSV windows,RE1/RE1-SS/user_delay/2/simple_data.csv,556143,sha256 calculado,e3567e8d1e2b4ab9fb88d7effa5e44b2939016cfeca534cd2ba0abe69bca6675,2026-09-23T19:30:11+00:00
340,RCAEval recursive service-fault CSV windows,RE1/RE1-SS/user_delay/3/data.csv,3533861,sha256 calculado,4d4d0b46ce3edf896d24456d0888ff170e6c1db801fd7ecc2fb214e5bb1fa6ce,2026-09-23T19:30:11+00:00
341,RCAEval recursive service-fault CSV windows,RE1/RE1-SS/user_delay/3/simple_data.csv,567840,sha256 calculado,e44e84bb08312f12c9eaddb073a38da94ccd80abcbea71e25531162644fe3bb0,2026-09-23T19:30:11+00:00
342,RCAEval recursive service-fault CSV windows,RE1/RE1-SS/user_delay/4/data.csv,3514244,sha256 calculado,87f0e993c2a4ab71d8907128aa9135d8001157a432e799c64f3bd00e8411994f,2026-09-23T19:30:11+00:00
343,RCAEval recursive service-fault CSV windows,RE1/RE1-SS/user_delay/4/simple_data.csv,560889,sha256 calculado,5601471adb9c2313bfe065daf203133b15d5369c887c2ff6418f727b44ca5788,2026-09-23T19:30:11+00:00
344,RCAEval recursive service-fault CSV windows,RE1/RE1-SS/user_delay/5/data.csv,3538581,sha256 calculado,a9743b36b975bb75d4dc16e234b4f405abb3394a0ce43bdb422c9c2d7a04c7c3,2026-09-23T19:30:11+00:00
345,RCAEval recursive service-fault CSV windows,RE1/RE1-SS/user_delay/5/simple_data.csv,571141,sha256 calculado,d0b2bd9ff072d734ac554be81d9b50c1fdc7ef12e7e6826201ff0114cc4032eb,2026-09-23T19:30:11+00:00
346,RCAEval recursive service-fault CSV windows,RE1/RE1-SS/user_disk/1/data.csv,3396866,sha256 calculado,6d1731f69119bb1596f1c82023c369d88cf2fd4d2714ab138d5ee87cee6368a2,2026-09-23T19:30:12+00:00
347,RCAEval recursive service-fault CSV windows,RE1/RE1-SS/user_disk/1/simple_data.csv,562552,sha256 calculado,676a6b3c47715ec7e8ef1f7e2141d3d2ec5b521f128c0fd8b7203b887b637786,2026-09-23T19:30:12+00:00
348,RCAEval recursive service-fault CSV windows,RE1/RE1-SS/user_disk/2/data.csv,3402925,sha256 calculado,c68ec3c80e860da6f6401e42a9ae2fdca455998a6e065b2d84c6c43729af35b1,2026-09-23T19:30:12+00:00
349,RCAEval recursive service-fault CSV windows,RE1/RE1-SS/user_disk/2/simple_data.csv,564054,sha256 calculado,764eb84a96b9e95be58f27dbf7eb0e00e9ff965f56be2af372d27d0808acf59d,2026-09-23T19:30:12+00:00
350,RCAEval recursive service-fault CSV windows,RE1/RE1-SS/user_disk/3/data.csv,3403385,sha256 calculado,a1d3cb13b169822613159b19310dceb3b512a6d514b06786d8378f9c9f0a106d,2026-09-23T19:30:12+00:00
351,RCAEval recursive service-fault CSV windows,RE1/RE1-SS/user_disk/3/simple_data.csv,558672,sha256 calculado,d9743b0934910e51dec473d08ba8e7a084bca58086399e7341a108fa66703e93,2026-09-23T19:30:12+00:00
352,RCAEval recursive service-fault CSV windows,RE1/RE1-SS/user_disk/4/data.csv,3401620,sha256 calculado,a49eaf1a816e4cb173211d1ea96d28a05df1afaa9f9114a7ac378cc63ca314b8,2026-09-23T19:30:12+00:00
353,RCAEval recursive service-fault CSV windows,RE1/RE1-SS/user_disk/4/simple_data.csv,559808,sha256 calculado,23609f6735a1e3b5df4ac348163335f8eb82ff96e780267b95c6bbce6e6c9771,2026-09-23T19:30:12+00:00
354,RCAEval recursive service-fault CSV windows,RE1/RE1-SS/user_disk/5/data.csv,3411593,sha256 calculado,02da7e3e3b473ba5a688dd9e88afc107840f80ecd7708a58bdf579b7d0d9cfd2,2026-09-23T19:30:12+00:00
355,RCAEval recursive service-fault CSV windows,RE1/RE1-SS/user_disk/5/simple_data.csv,566954,sha256 calculado,2890319e1ea5a72f38cf601ce9b53714b9f014458e9da51d3e16d67ed809ba22,2026-09-23T19:30:12+00:00
356,RCAEval recursive service-fault CSV windows,RE1/RE1-SS/user_loss/1/data.csv,3540900,sha256 calculado,3a82ffa9f3d1843e6600cade8a6b1077743e5d786a5067cfd689eddceff1c824,2026-09-23T19:30:12+00:00
357,RCAEval recursive service-fault CSV windows,RE1/RE1-SS/user_loss/1/simple_data.csv,579452,sha256 calculado,28d17197494ee951affe664bdd4dc1135d709c30ba79bd3e1995d8cb0573c504,2026-09-23T19:30:12+00:00
358,RCAEval recursive service-fault CSV windows,RE1/RE1-SS/user_loss/2/data.csv,3508079,sha256 calculado,90fd9dbd0b46c49dccfa37b381423abc4319aded1c699f80a69d313c0aacf71f,2026-09-23T19:30:12+00:00
359,RCAEval recursive service-fault CSV windows,RE1/RE1-SS/user_loss/2/simple_data.csv,559638,sha256 calculado,2d2ac31fea3dd4eaa8d998cbef3c37524ee83574f2df9bb6d72120e293837d41,2026-09-23T19:30:12+00:00
360,RCAEval recursive service-fault CSV windows,RE1/RE1-SS/user_loss/3/data.csv,3537960,sha256 calculado,39518181df3f4626eb97fe18bfc0699863b3dfe5d9702136b705beeb5bf3dc27,2026-09-23T19:30:12+00:00
361,RCAEval recursive service-fault CSV windows,RE1/RE1-SS/user_loss/3/simple_data.csv,571826,sha256 calculado,380991e0464a1d9d5bd6d34ac86ca3c5a9ecb673b5fed45c0c0fb738c99ace51,2026-09-23T19:30:12+00:00
362,RCAEval recursive service-fault CSV windows,RE1/RE1-SS/user_loss/4/data.csv,3537218,sha256 calculado,40564f44e68a05bb6b63ee3e423e7a7395b4a097d95f87a9bf87e317a5b18745,2026-09-23T19:30:12+00:00
363,RCAEval recursive service-fault CSV windows,RE1/RE1-SS/user_loss/4/simple_data.csv,567519,sha256 calculado,bc658395c04f6ab4eaef0c34ff585aeea7321e41fa714bc6e7f737b8dad0a42f,2026-09-23T19:30:12+00:00
364,RCAEval recursive service-fault CSV windows,RE1/RE1-SS/user_loss/5/data.csv,3537666,sha256 calculado,47eaa2ff0c9fb3dbeb0f73729506c10516a97e48af603c2c9fe9f40604df0f78,2026-09-23T19:30:12+00:00
365,RCAEval recursive service-fault CSV windows,RE1/RE1-SS/user_loss/5/simple_data.csv,579407,sha256 calculado,f8a944b1539afd461e8bb8a055d9e290d618e119bae42e861a4c1a1af117c5f9,2026-09-23T19:30:12+00:00
366,RCAEval recursive service-fault CSV windows,RE1/RE1-SS/user_mem/1/data.csv,3131041,sha256 calculado,49e3cab76ea8b873a3d5b90f748c6432ff8aa8c2dd35b262b071fd4e495644be,2026-09-23T19:30:12+00:00
367,RCAEval recursive service-fault CSV windows,RE1/RE1-SS/user_mem/1/simple_data.csv,494337,sha256 calculado,e90170b7ac0fce0c769973d18440caaa18a3074bffd3c6c9cf0d9bf1e0391536,2026-09-23T19:30:12+00:00
368,RCAEval recursive service-fault CSV windows,RE1/RE1-SS/user_mem/2/data.csv,3539288,sha256 calculado,c939b739c105d3bb11a91c9fa9f7df313cbe058fdbf8425a9bdc126c732d40a5,2026-09-23T19:30:12+00:00
369,RCAEval recursive service-fault CSV windows,RE1/RE1-SS/user_mem/2/simple_data.csv,570879,sha256 calculado,e57ff1b93bb78ecd7720bb9aedf1e2378557c81581ccd87ba1d581754b2b50ff,2026-09-23T19:30:12+00:00
370,RCAEval recursive service-fault CSV windows,RE1/RE1-SS/user_mem/3/data.csv,3575085,sha256 calculado,1073996acaba4604818d148963198b0646d5ea22fa9570d644ca1f782cba6682,2026-09-23T19:30:12+00:00
371,RCAEval recursive service-fault CSV windows,RE1/RE1-SS/user_mem/3/simple_data.csv,563874,sha256 calculado,fbdeb4af70a0beb3aa1841ba287e7e12ea70526506b86afe67b6298a12dece5e,2026-09-23T19:30:12+00:00
372,RCAEval recursive service-fault CSV windows,RE1/RE1-SS/user_mem/4/data.csv,3549508,sha256 calculado,c165ea5b7d273b264dd12307b0ebdf4ade60f2a5650dde16041f19b84fbc5ad2,2026-09-23T19:30:12+00:00
373,RCAEval recursive service-fault CSV windows,RE1/RE1-SS/user_mem/4/simple_data.csv,564924,sha256 calculado,c9bd80a0dab81f7e74007079b8f31eebeae92e145730f9b1ec17506909b6de2d,2026-09-23T19:30:12+00:00
374,RCAEval recursive service-fault CSV windows,RE1/RE1-SS/user_mem/5/data.csv,3492862,sha256 calculado,4f429b105e1fe7c3081d56066cc3486fdf09756148c82802374459dde6e7a734,2026-09-23T19:30:12+00:00
375,RCAEval recursive service-fault CSV windows,RE1/RE1-SS/user_mem/5/simple_data.csv,566421,sha256 calculado,8d754d1f0b08c2bdf97fe3adceb6f6c39cf3e4c4b48f0491722d6b366b0f5352,2026-09-23T19:30:12+00:00
376,RCAEval recursive service-fault CSV windows,RE1/RE1-TT/ts-auth-service_cpu/1/data.csv,12776238,sha256 calculado,834d7d63a7ad63f64811989bd842ebb3068a45781e5ad8021d3c7d8a1d9402f6,2026-09-23T19:30:12+00:00
377,RCAEval recursive service-fault CSV windows,RE1/RE1-TT/ts-auth-service_cpu/1/simple_data.csv,2820197,sha256 calculado,96839f56954461ac05cb85bbe6ef5f127eff8e0c1e6d99e7f7a13a3267c77576,2026-09-23T19:30:12+00:00
378,RCAEval recursive service-fault CSV windows,RE1/RE1-TT/ts-auth-service_cpu/2/data.csv,12975490,sha256 calculado,a2e8f147beee62bda0878934be3ab31a5a6adbcc9e9e393192506b9f5ddb3fe2,2026-09-23T19:30:12+00:00
379,RCAEval recursive service-fault CSV windows,RE1/RE1-TT/ts-auth-service_cpu/2/simple_data.csv,2891154,sha256 calculado,17c0b564614d8d7cbb9277a075f9bfd0f1b29aa5235855ad0a9b32ec76809650,2026-09-23T19:30:13+00:00
380,RCAEval recursive service-fault CSV windows,RE1/RE1-TT/ts-auth-service_cpu/3/data.csv,12635434,sha256 calculado,df3824a27e160e42085f520c5191826da02b2602d97700401a04ff509110cfef,2026-09-23T19:30:13+00:00
381,RCAEval recursive service-fault CSV windows,RE1/RE1-TT/ts-auth-service_cpu/3/simple_data.csv,2797189,sha256 calculado,e8761ef4b0b9cc052356a0289b2cde6ef339045c13083e743bc2d3d1b44c88d4,2026-09-23T19:30:13+00:00
382,RCAEval recursive service-fault CSV windows,RE1/RE1-TT/ts-auth-service_cpu/4/data.csv,11885037,sha256 calculado,e9f71629a643678a2a453cf0fd9f440bd911c73f3a1ebc5276d6ffcfa51d15cf,2026-09-23T19:30:13+00:00
383,RCAEval recursive service-fault CSV windows,RE1/RE1-TT/ts-auth-service_cpu/4/simple_data.csv,2630468,sha256 calculado,c7ecad6d97991094f77c2017a307f1864cad2b4dace9f6fcd248af10459ed850,2026-09-23T19:30:13+00:00
384,RCAEval recursive service-fault CSV windows,RE1/RE1-TT/ts-auth-service_cpu/5/data.csv,11868135,sha256 calculado,4b652961bad0590216a5292df3bb14a8cfa689f4238036a7786e11501f0848db,2026-09-23T19:30:13+00:00
385,RCAEval recursive service-fault CSV windows,RE1/RE1-TT/ts-auth-service_cpu/5/simple_data.csv,2624090,sha256 calculado,4ea3d644d2fd9e97d2b1193fddf684b8b5b9b57f3a3e7c851a9c87dd1f099b0c,2026-09-23T19:30:13+00:00
386,RCAEval recursive service-fault CSV windows,RE1/RE1-TT/ts-auth-service_delay/1/data.csv,12798571,sha256 calculado,899881e4c724cbf91a03899ce90cd90f5c57c5c0b8a92fdacb611a972c6b9c00,2026-09-23T19:30:13+00:00
387,RCAEval recursive service-fault CSV windows,RE1/RE1-TT/ts-auth-service_delay/1/simple_data.csv,2830409,sha256 calculado,18888583949b4dcff0356a2a553c3660301e6806c44b5630f2c46483614665a4,2026-09-23T19:30:13+00:00
388,RCAEval recursive service-fault CSV windows,RE1/RE1-TT/ts-auth-service_delay/2/data.csv,12670438,sha256 calculado,1046a5db486d9a988692759d34ce5ff83e2e8b3cf09bd3060e75f3f83fea5189,2026-09-23T19:30:13+00:00
389,RCAEval recursive service-fault CSV windows,RE1/RE1-TT/ts-auth-service_delay/2/simple_data.csv,2794696,sha256 calculado,16405b2e6589f93759f21080e659de140f0254d29be75e13e6743490346f7e0c,2026-09-23T19:30:13+00:00
390,RCAEval recursive service-fault CSV windows,RE1/RE1-TT/ts-auth-service_delay/3/data.csv,12589889,sha256 calculado,557b1881b1d3e77bc5414382f9f75584c73ea2c77416e24549b232fc6da7d434,2026-09-23T19:30:13+00:00
391,RCAEval recursive service-fault CSV windows,RE1/RE1-TT/ts-auth-service_delay/3/simple_data.csv,2802008,sha256 calculado,a97d1d7bd4cdda17b5e47066dbad444a62a1483e68306dde1ef0c9407946a5e2,2026-09-23T19:30:13+00:00
392,RCAEval recursive service-fault CSV windows,RE1/RE1-TT/ts-auth-service_delay/4/data.csv,11894689,sha256 calculado,7c775f63a4f1bd700a8c9ac9085be7a82e87cd297a0d6022d296884e68169055,2026-09-23T19:30:13+00:00
393,RCAEval recursive service-fault CSV windows,RE1/RE1-TT/ts-auth-service_delay/4/simple_data.csv,2638376,sha256 calculado,6f87afcb4dde764b471e5c98ff00253ac4ada20b57b851690e11cce69e978b3c,2026-09-23T19:30:13+00:00
394,RCAEval recursive service-fault CSV windows,RE1/RE1-TT/ts-auth-service_delay/5/data.csv,11871547,sha256 calculado,9f6b3bfd4858b094a7ae4a633206bbdb515a99c423e73aebe0831d61e65f09d2,2026-09-23T19:30:13+00:00
395,RCAEval recursive service-fault CSV windows,RE1/RE1-TT/ts-auth-service_delay/5/simple_data.csv,2640572,sha256 calculado,04f50035bd5644659014fb887aab3812f35f49fb806f650608dd10dfac112351,2026-09-23T19:30:13+00:00
396,RCAEval recursive service-fault CSV windows,RE1/RE1-TT/ts-auth-service_disk/1/data.csv,12890637,sha256 calculado,3b0653ddc1bdb8d954adacffcadb49a7816ff130be7a281752c5c4ca1d88861a,2026-09-23T19:30:14+00:00
397,RCAEval recursive service-fault CSV windows,RE1/RE1-TT/ts-auth-service_disk/1/simple_data.csv,2196768,sha256 calculado,29d54e7363a80bbc0da008355500d8eed597a0ec4b67824f0c1732afd8dc4345,2026-09-23T19:30:14+00:00
398,RCAEval recursive service-fault CSV windows,RE1/RE1-TT/ts-auth-service_disk/2/data.csv,12984781,sha256 calculado,5707916c087a302b6f20f15265ecd47453afc2f72fc9ec073eb8a48d3e46121d,2026-09-23T19:30:14+00:00
399,RCAEval recursive service-fault CSV windows,RE1/RE1-TT/ts-auth-service_disk/2/simple_data.csv,2217358,sha256 calculado,57352f2230d2c698673229aecc59e4b7da3ec429336f8bf8fc856064c4307880,2026-09-23T19:30:14+00:00
400,RCAEval recursive service-fault CSV windows,RE1/RE1-TT/ts-auth-service_disk/3/data.csv,12972490,sha256 calculado,f7d738c089220266fb1476d985508b3fda8ffdf000c8bfc399bdbf2e8423b91f,2026-09-23T19:30:14+00:00
401,RCAEval recursive service-fault CSV windows,RE1/RE1-TT/ts-auth-service_disk/3/simple_data.csv,2218777,sha256 calculado,2a48fb17fc58a80ac34e5842a5fa15ffb9793192123002823e59583de88b31f2,2026-09-23T19:30:14+00:00
402,RCAEval recursive service-fault CSV windows,RE1/RE1-TT/ts-auth-service_disk/4/data.csv,13054231,sha256 calculado,31dac97147172cbb8e33bbf7414f87023cdf6a5d6cf2c86007ee575d768116af,2026-09-23T19:30:14+00:00
403,RCAEval recursive service-fault CSV windows,RE1/RE1-TT/ts-auth-service_disk/4/simple_data.csv,2229735,sha256 calculado,3bf67529d4f35bd8b6c272dc2e58458dd55b9691e62a588dfc7019d4ec4d51ea,2026-09-23T19:30:14+00:00
404,RCAEval recursive service-fault CSV windows,RE1/RE1-TT/ts-auth-service_disk/5/data.csv,12853257,sha256 calculado,bc21642a5fea6c9f49ad1abfbb83668564e24fee294d31a355081fb2910608a1,2026-09-23T19:30:14+00:00
405,RCAEval recursive service-fault CSV windows,RE1/RE1-TT/ts-auth-service_disk/5/simple_data.csv,2194960,sha256 calculado,d8d659192c70a6603035c30a8832fdc26ca5f4f89c55b4c0a603b705c22f0437,2026-09-23T19:30:14+00:00
406,RCAEval recursive service-fault CSV windows,RE1/RE1-TT/ts-auth-service_loss/1/data.csv,12768144,sha256 calculado,0b5c2c9e87813fc543c40a709c8053e46d3cb894351f0e5ee9400b609eab1957,2026-09-23T19:30:14+00:00
407,RCAEval recursive service-fault CSV windows,RE1/RE1-TT/ts-auth-service_loss/1/simple_data.csv,2846591,sha256 calculado,f9ad0f75a658ce69b02026c80199c88bd18681ca9d90731655044bc215f2332d,2026-09-23T19:30:14+00:00
408,RCAEval recursive service-fault CSV windows,RE1/RE1-TT/ts-auth-service_loss/2/data.csv,12710275,sha256 calculado,71f933d1a3049b5516856cd067c8c3b91b096b6727bbf0bdde823987e594184a,2026-09-23T19:30:14+00:00
409,RCAEval recursive service-fault CSV windows,RE1/RE1-TT/ts-auth-service_loss/2/simple_data.csv,2809264,sha256 calculado,57e657784adf4eb6e802927557df475059d4ee1c146c326c9ee15dfb01507fb3,2026-09-23T19:30:14+00:00
410,RCAEval recursive service-fault CSV windows,RE1/RE1-TT/ts-auth-service_loss/3/data.csv,12634538,sha256 calculado,a15503486ab02d65d228d990c881043a66adf57501a2e99958694f42e0f4a232,2026-09-23T19:30:14+00:00
411,RCAEval recursive service-fault CSV windows,RE1/RE1-TT/ts-auth-service_loss/3/simple_data.csv,2790442,sha256 calculado,ccd3219889151c0048654cc5a324526253ee2d5f9e231ea6b64425133c4b2f59,2026-09-23T19:30:14+00:00
412,RCAEval recursive service-fault CSV windows,RE1/RE1-TT/ts-auth-service_loss/4/data.csv,12073409,sha256 calculado,bddbc4ca374b688d916ed9622fcf9f7167e5939a0266cbe9abeb37c8f1e13260,2026-09-23T19:30:15+00:00
413,RCAEval recursive service-fault CSV windows,RE1/RE1-TT/ts-auth-service_loss/4/simple_data.csv,2648449,sha256 calculado,9491aa5576528b3e314773cd24ad96ef88384f21cd9dd17bb0980f4ef372962b,2026-09-23T19:30:15+00:00
414,RCAEval recursive service-fault CSV windows,RE1/RE1-TT/ts-auth-service_loss/5/data.csv,12008022,sha256 calculado,a4debef2af4aa0b250531475b7f93fc0b3cd4baba0c0523c867a41704e722de6,2026-09-23T19:30:15+00:00
415,RCAEval recursive service-fault CSV windows,RE1/RE1-TT/ts-auth-service_loss/5/simple_data.csv,2642517,sha256 calculado,d70191cfa4a0b7bc32eda93ad528978483345a7580b14713172f9f23c2a8d8aa,2026-09-23T19:30:15+00:00
416,RCAEval recursive service-fault CSV windows,RE1/RE1-TT/ts-auth-service_mem/1/data.csv,12756884,sha256 calculado,833b3159bc1cb09ad8d44e6861e7e0f6b2325412e06cbfc40d8605450cbc157b,2026-09-23T19:30:15+00:00
417,RCAEval recursive service-fault CSV windows,RE1/RE1-TT/ts-auth-service_mem/1/simple_data.csv,2824909,sha256 calculado,51179d5e72966ff4319cc0dd66c9acd8772398376ddc2e2cff8727092f303bcd,2026-09-23T19:30:15+00:00
418,RCAEval recursive service-fault CSV windows,RE1/RE1-TT/ts-auth-service_mem/2/data.csv,11992588,sha256 calculado,f89c53c2548c9e94cacb0f911060dcd7ac3fac20dd3fc85f0ad93f88f8fa6c8f,2026-09-23T19:30:15+00:00
419,RCAEval recursive service-fault CSV windows,RE1/RE1-TT/ts-auth-service_mem/2/simple_data.csv,2626987,sha256 calculado,5a36dd5b46025b6f7099fde2c237f57b13416e5f5b9648ca7985b830152c0fbd,2026-09-23T19:30:15+00:00
420,RCAEval recursive service-fault CSV windows,RE1/RE1-TT/ts-auth-service_mem/3/data.csv,12609267,sha256 calculado,2071f803a34b42c3b68be6db87cf9f96036632120cc1df7374f62695dcec0c2a,2026-09-23T19:30:15+00:00
421,RCAEval recursive service-fault CSV windows,RE1/RE1-TT/ts-auth-service_mem/3/simple_data.csv,2808508,sha256 calculado,044b42408fcbbff711a402b3765a4901fed1f05cf9bd159f2d9ac7139d0f2bac,2026-09-23T19:30:15+00:00
422,RCAEval recursive service-fault CSV windows,RE1/RE1-TT/ts-auth-service_mem/4/data.csv,12083436,sha256 calculado,6099c9b7c9e5c9c6a198f046090c76d23f4df88c3e3ee86453b64bfd06a8df26,2026-09-23T19:30:15+00:00
423,RCAEval recursive service-fault CSV windows,RE1/RE1-TT/ts-auth-service_mem/4/simple_data.csv,2649534,sha256 calculado,75c39f2a1624b0dcc5ba21652426ddfeb1ddb7b38fe5d5a9e9e70e5e25008f2b,2026-09-23T19:30:15+00:00
424,RCAEval recursive service-fault CSV windows,RE1/RE1-TT/ts-auth-service_mem/5/data.csv,11975042,sha256 calculado,31b4b0d5e09654246bb120d06616306cd64d9113cd0c3545f1b6eedd13ba14c3,2026-09-23T19:30:15+00:00
425,RCAEval recursive service-fault CSV windows,RE1/RE1-TT/ts-auth-service_mem/5/simple_data.csv,2627919,sha256 calculado,6168073b22c37ba8d5406c85d11947f8e2b57ca101bd281bd7d706657d716899,2026-09-23T19:30:15+00:00
426,RCAEval recursive service-fault CSV windows,RE1/RE1-TT/ts-order-service_cpu/1/data.csv,12913414,sha256 calculado,9df6416285a61bb3ba97818a4f0d69e8dc3100a4eef0a2ddedc5e42030870472,2026-09-23T19:30:15+00:00
427,RCAEval recursive service-fault CSV windows,RE1/RE1-TT/ts-order-service_cpu/1/simple_data.csv,2863005,sha256 calculado,86b827cf30d7e263f45e5fc4b1f8c00ef528c6eb8ab6610e79387136da31efce,2026-09-23T19:30:15+00:00
428,RCAEval recursive service-fault CSV windows,RE1/RE1-TT/ts-order-service_cpu/2/data.csv,12546424,sha256 calculado,5195f2ace0a3f220ad27f9faf93ec71bc720f21d13db8f9019240f289d95b98e,2026-09-23T19:30:16+00:00
429,RCAEval recursive service-fault CSV windows,RE1/RE1-TT/ts-order-service_cpu/2/simple_data.csv,2757170,sha256 calculado,e5cf507b04adee8f998c0d58dce796e3504799048a8d57446149b6f5ec66b80a,2026-09-23T19:30:16+00:00
430,RCAEval recursive service-fault CSV windows,RE1/RE1-TT/ts-order-service_cpu/3/data.csv,11938919,sha256 calculado,1dcebbcc250e074ec4a9014f537607a5756fd7a14cfbffab5ee4756a8fd9591b,2026-09-23T19:30:16+00:00
431,RCAEval recursive service-fault CSV windows,RE1/RE1-TT/ts-order-service_cpu/3/simple_data.csv,2631853,sha256 calculado,7e4702edaffabc58a37d4f6f050f7169bde550bba7b180c5f850853b3531ed7b,2026-09-23T19:30:16+00:00
432,RCAEval recursive service-fault CSV windows,RE1/RE1-TT/ts-order-service_cpu/4/data.csv,11984885,sha256 calculado,107ca417c1ac0aa0d13340b5c64eb333114cb0ceb16a005cac14bb104c089bee,2026-09-23T19:30:16+00:00
433,RCAEval recursive service-fault CSV windows,RE1/RE1-TT/ts-order-service_cpu/4/simple_data.csv,2637222,sha256 calculado,a2e67dd8551cec69ecc9734624ab5c4d88a7eadf0787f10d9c6e28c26eace469,2026-09-23T19:30:16+00:00
434,RCAEval recursive service-fault CSV windows,RE1/RE1-TT/ts-order-service_cpu/5/data.csv,11981937,sha256 calculado,35ae7dd802663bc87253cb09cd720276d4fb16a2e7db8369c75dc696add2b044,2026-09-23T19:30:16+00:00
435,RCAEval recursive service-fault CSV windows,RE1/RE1-TT/ts-order-service_cpu/5/simple_data.csv,2647349,sha256 calculado,212af725404e603379377145476a745e6a7176b1027e7df642a787f0d7f348a9,2026-09-23T19:30:16+00:00
436,RCAEval recursive service-fault CSV windows,RE1/RE1-TT/ts-order-service_delay/1/data.csv,12859683,sha256 calculado,5fdc056ffd3497524cbf6fa7bcba69dc94c9efd32400e6cf7e6c47fa2913b4ea,2026-09-23T19:30:16+00:00
437,RCAEval recursive service-fault CSV windows,RE1/RE1-TT/ts-order-service_delay/1/simple_data.csv,2855500,sha256 calculado,05c0277dc1fc28d48d44f2a353b4d71b6c526d1cb5ef7529351a4ff746987352,2026-09-23T19:30:16+00:00
438,RCAEval recursive service-fault CSV windows,RE1/RE1-TT/ts-order-service_delay/2/data.csv,12562025,sha256 calculado,f5e5a65a4ca06081c27afc98332e240cfe46ba032dba162965f17bdf538074b9,2026-09-23T19:30:16+00:00
439,RCAEval recursive service-fault CSV windows,RE1/RE1-TT/ts-order-service_delay/2/simple_data.csv,2778992,sha256 calculado,5a952cfc0d95c8dfd2f2afb8514c260e50333bcb5d451bbc44ccfc97a2c60729,2026-09-23T19:30:16+00:00
440,RCAEval recursive service-fault CSV windows,RE1/RE1-TT/ts-order-service_delay/3/data.csv,11951713,sha256 calculado,45a44686406eb28c085a8ca50e220ae2a24b9521aa78c4c91d0720cee604df5f,2026-09-23T19:30:16+00:00
441,RCAEval recursive service-fault CSV windows,RE1/RE1-TT/ts-order-service_delay/3/simple_data.csv,2652003,sha256 calculado,8a24362a2e5cb66001f97dc3263320f6a26d4b581aa35872a97e849dbf9ace2d,2026-09-23T19:30:16+00:00
442,RCAEval recursive service-fault CSV windows,RE1/RE1-TT/ts-order-service_delay/4/data.csv,11965421,sha256 calculado,0bc1a26729062569ee0e5cc6fa62294b1f1e7d5e77dd052b96c5dd195832890f,2026-09-23T19:30:16+00:00
443,RCAEval recursive service-fault CSV windows,RE1/RE1-TT/ts-order-service_delay/4/simple_data.csv,2641237,sha256 calculado,4d237344bf1d71769a6038662733937b6d7bc7e4e92aea4602d0e865a2342a2b,2026-09-23T19:30:16+00:00
444,RCAEval recursive service-fault CSV windows,RE1/RE1-TT/ts-order-service_delay/5/data.csv,11938727,sha256 calculado,f5b699705bd16cfef610a63a33a5a9af2a9e7634d6c5d8ca2e664e1b4d81704e,2026-09-23T19:30:16+00:00
445,RCAEval recursive service-fault CSV windows,RE1/RE1-TT/ts-order-service_delay/5/simple_data.csv,2640147,sha256 calculado,1e8e8f1e7992172b77039c86c7c3a77188fb4531977644485d8a21125a7f3fa6,2026-09-23T19:30:17+00:00
446,RCAEval recursive service-fault CSV windows,RE1/RE1-TT/ts-order-service_disk/1/data.csv,13051749,sha256 calculado,a81a943e62d1f5db3893bb4de8d575186b9e6f5227ee8518bd22c814608d5ea3,2026-09-23T19:30:17+00:00
447,RCAEval recursive service-fault CSV windows,RE1/RE1-TT/ts-order-service_disk/1/simple_data.csv,2226913,sha256 calculado,49c564c7117f43306609e7bb336844a0d95742c2518b99109c6ce33e6825ac23,2026-09-23T19:30:17+00:00
448,RCAEval recursive service-fault CSV windows,RE1/RE1-TT/ts-order-service_disk/2/data.csv,12911020,sha256 calculado,b4e0c21cab2b6d2cb2bc88cba69efefafcc9f25c514ea8d7aa8e0d2903563371,2026-09-23T19:30:17+00:00
449,RCAEval recursive service-fault CSV windows,RE1/RE1-TT/ts-order-service_disk/2/simple_data.csv,2217808,sha256 calculado,2e4bcc1fc2547fc1ccd4bcad3ee84ffc420fe47791ba3b6bf24870cb5780beb1,2026-09-23T19:30:17+00:00
450,RCAEval recursive service-fault CSV windows,RE1/RE1-TT/ts-order-service_disk/3/data.csv,13047544,sha256 calculado,5e9eee451a087e07b4972e95586d1aad5480f3e7fa1ba07f60a7c9b4295b27e6,2026-09-23T19:30:17+00:00
451,RCAEval recursive service-fault CSV windows,RE1/RE1-TT/ts-order-service_disk/3/simple_data.csv,2235887,sha256 calculado,f8633ddf06eeaf95baded84f14be89b657fbc7a4eaacf45ce20051dbfa6bd76b,2026-09-23T19:30:17+00:00
452,RCAEval recursive service-fault CSV windows,RE1/RE1-TT/ts-order-service_disk/4/data.csv,12915015,sha256 calculado,a148fe9deda66569d996a371c8b607ab3a972c6b722d1050743b75109dd0914a,2026-09-23T19:30:17+00:00
453,RCAEval recursive service-fault CSV windows,RE1/RE1-TT/ts-order-service_disk/4/simple_data.csv,2207744,sha256 calculado,35b034c07614a86e297c90ec3e98f6fe728d7b3dadc6f8a6ba19ad300aa8152c,2026-09-23T19:30:17+00:00
454,RCAEval recursive service-fault CSV windows,RE1/RE1-TT/ts-order-service_disk/5/data.csv,13066160,sha256 calculado,20a30c1edaaaba3ff06883680cff81aaaf83901b3710e3ed6ebbf10f307aa4fa,2026-09-23T19:30:17+00:00
455,RCAEval recursive service-fault CSV windows,RE1/RE1-TT/ts-order-service_disk/5/simple_data.csv,2240392,sha256 calculado,7a9d29346e5a8ce9b3d2bf9881fc680102016c91145b93f1719c499d3fdb3312,2026-09-23T19:30:17+00:00
456,RCAEval recursive service-fault CSV windows,RE1/RE1-TT/ts-order-service_loss/1/data.csv,12833329,sha256 calculado,dbcd6bec2639b2076c4e7843488ae9b2df3cb69a7e0beeab27b0694277ee44a6,2026-09-23T19:30:17+00:00
457,RCAEval recursive service-fault CSV windows,RE1/RE1-TT/ts-order-service_loss/1/simple_data.csv,2876861,sha256 calculado,5a1059822615ae60c6f9104a15b072f1cef8907fd00a2c87a85e99022be40e98,2026-09-23T19:30:17+00:00
458,RCAEval recursive service-fault CSV windows,RE1/RE1-TT/ts-order-service_loss/2/data.csv,12684971,sha256 calculado,7d5e77516385112247218ef34c2144e08329e87fc3857eab70d44cc221624c3c,2026-09-23T19:30:17+00:00
459,RCAEval recursive service-fault CSV windows,RE1/RE1-TT/ts-order-service_loss/2/simple_data.csv,2814900,sha256 calculado,a64a4fb02c9e5c5cb2328fb9227757a56c32482fc033fc4ae7ff4569fbb73d5d,2026-09-23T19:30:17+00:00
460,RCAEval recursive service-fault CSV windows,RE1/RE1-TT/ts-order-service_loss/3/data.csv,11961804,sha256 calculado,662467ee3e4e72ff33182eb29fb274c9912761b96afdf65cf68ee4d04ad39952,2026-09-23T19:30:17+00:00
461,RCAEval recursive service-fault CSV windows,RE1/RE1-TT/ts-order-service_loss/3/simple_data.csv,2634632,sha256 calculado,d9b18eb1bc147ce456458d835496e9a1cbdac7c3f0ec2ae4e0ba0e08f1b83904,2026-09-23T19:30:17+00:00
462,RCAEval recursive service-fault CSV windows,RE1/RE1-TT/ts-order-service_loss/4/data.csv,12051953,sha256 calculado,8ca7ba5c34e8b2a120bad8ce66f2e409d2dd2bb513610d893292fe23b974eb41,2026-09-23T19:30:17+00:00
463,RCAEval recursive service-fault CSV windows,RE1/RE1-TT/ts-order-service_loss/4/simple_data.csv,2656698,sha256 calculado,f12fcd225ad0c6a5362e77db26b27660d975a767ba4b64bc3124fe90d195fa9e,2026-09-23T19:30:17+00:00
464,RCAEval recursive service-fault CSV windows,RE1/RE1-TT/ts-order-service_loss/5/data.csv,11984371,sha256 calculado,bf96befdc35e190f38a67be4055951e39b00a84fe8f4ef4a643994b5ca10db3e,2026-09-23T19:30:17+00:00
465,RCAEval recursive service-fault CSV windows,RE1/RE1-TT/ts-order-service_loss/5/simple_data.csv,2638606,sha256 calculado,9ea4567a3747455ec48b79d5179e5494888f995cb6e488997160d91aa227c315,2026-09-23T19:30:17+00:00
466,RCAEval recursive service-fault CSV windows,RE1/RE1-TT/ts-order-service_mem/1/data.csv,12005119,sha256 calculado,8d8acc299a1a9cf2a5a78bab27fdf4f2d15f79a0a6771149df4f7b0474b4a8c5,2026-09-23T19:30:17+00:00
467,RCAEval recursive service-fault CSV windows,RE1/RE1-TT/ts-order-service_mem/1/simple_data.csv,2624725,sha256 calculado,cb0696bcc33ecf643ec1c8a2f550efd78c734cc80e887624f67f6e1938dbeaae,2026-09-23T19:30:17+00:00
468,RCAEval recursive service-fault CSV windows,RE1/RE1-TT/ts-order-service_mem/2/data.csv,12004537,sha256 calculado,f2ccdd3809f79294e9381d63715820595bce9429a5a358e879588a1335b474cf,2026-09-23T19:30:17+00:00
469,RCAEval recursive service-fault CSV windows,RE1/RE1-TT/ts-order-service_mem/2/simple_data.csv,2627175,sha256 calculado,427922fa951a14bc2bae16adea8adf0d051b2d929b523f0f7f09419626f2d251,2026-09-23T19:30:17+00:00
470,RCAEval recursive service-fault CSV windows,RE1/RE1-TT/ts-order-service_mem/3/data.csv,11221892,sha256 calculado,a2bc65d7eb43fe71bf71d99da21e00805871aa7170aa6d5270744d2f3820170b,2026-09-23T19:30:18+00:00
471,RCAEval recursive service-fault CSV windows,RE1/RE1-TT/ts-order-service_mem/3/simple_data.csv,2424936,sha256 calculado,bc3c6ee48fbe4362eb2a759616f3fdaa9e48f03d8c239581d5039e6228ba6a45,2026-09-23T19:30:18+00:00
472,RCAEval recursive service-fault CSV windows,RE1/RE1-TT/ts-order-service_mem/4/data.csv,11965249,sha256 calculado,76d9a275e3126370ad125290a3bc39605718c3c8342581bf1b7973190292226e,2026-09-23T19:30:18+00:00
473,RCAEval recursive service-fault CSV windows,RE1/RE1-TT/ts-order-service_mem/4/simple_data.csv,2618095,sha256 calculado,091332fc11c2568759046594098a373e928176fb1430505fe23604f93d4b6367,2026-09-23T19:30:18+00:00
474,RCAEval recursive service-fault CSV windows,RE1/RE1-TT/ts-order-service_mem/5/data.csv,12007872,sha256 calculado,99b989b176aaff8f400c95618038235b0428bcc5e59f9f65b781cd81b4d0f8a9,2026-09-23T19:30:18+00:00
475,RCAEval recursive service-fault CSV windows,RE1/RE1-TT/ts-order-service_mem/5/simple_data.csv,2630292,sha256 calculado,5d2acd91018361db838d1a9b710347ef64a2c04ea370d86fc3fcf8205f6cd02f,2026-09-23T19:30:18+00:00
476,RCAEval recursive service-fault CSV windows,RE1/RE1-TT/ts-route-service_cpu/1/data.csv,12905389,sha256 calculado,acc5aba5e990faf7e2eade5a93c7e7c0b5fe61d861ec34d410567b15f9eb9899,2026-09-23T19:30:18+00:00
477,RCAEval recursive service-fault CSV windows,RE1/RE1-TT/ts-route-service_cpu/1/simple_data.csv,2866115,sha256 calculado,5a25ffcd11ccfbeebd48f05e195bb1d6855e56e2fc2a37f53d2889d046552fb9,2026-09-23T19:30:18+00:00
478,RCAEval recursive service-fault CSV windows,RE1/RE1-TT/ts-route-service_cpu/2/data.csv,12718091,sha256 calculado,10bbbafdf769a2aaa25d6ba88db8af4f3162e8d0506cff889e4d97f889d433f6,2026-09-23T19:30:18+00:00
479,RCAEval recursive service-fault CSV windows,RE1/RE1-TT/ts-route-service_cpu/2/simple_data.csv,2808042,sha256 calculado,8907081c1c31591a4ca1ee0fe39478528d3e9ddd88cc964f7f00d2dbac8d6db0,2026-09-23T19:30:18+00:00
480,RCAEval recursive service-fault CSV windows,RE1/RE1-TT/ts-route-service_cpu/3/data.csv,12712937,sha256 calculado,dd24b797cdb12334c45c2ce3808648506d1b5ac5ade5816bde98aa809e5a050e,2026-09-23T19:30:18+00:00
481,RCAEval recursive service-fault CSV windows,RE1/RE1-TT/ts-route-service_cpu/3/simple_data.csv,2801830,sha256 calculado,5f12430e6013a0ae8520992bc339fb20d5ea4ebc0c84e2e18da2979a8be8c353,2026-09-23T19:30:18+00:00
482,RCAEval recursive service-fault CSV windows,RE1/RE1-TT/ts-route-service_cpu/4/data.csv,12043267,sha256 calculado,36c0e1f99dcf064cd884d33416ebbcf594b55c3576f0c4b4782fd943ddc10a57,2026-09-23T19:30:18+00:00
483,RCAEval recursive service-fault CSV windows,RE1/RE1-TT/ts-route-service_cpu/4/simple_data.csv,2657330,sha256 calculado,ed8ea43402028f589138171b1d7fc1259e6cbf59d252e02489c61d158becc66e,2026-09-23T19:30:18+00:00
484,RCAEval recursive service-fault CSV windows,RE1/RE1-TT/ts-route-service_cpu/5/data.csv,11933846,sha256 calculado,77c0a9181e2bbfaccd8c01201d9bab1e4c2bd76abbf948c914e0eed472d62ab3,2026-09-23T19:30:18+00:00
485,RCAEval recursive service-fault CSV windows,RE1/RE1-TT/ts-route-service_cpu/5/simple_data.csv,2629892,sha256 calculado,0a5bd6759aab905ec18224765b9840ab9b0645d6b3a508c7f3f60a534b5c97d6,2026-09-23T19:30:18+00:00
486,RCAEval recursive service-fault CSV windows,RE1/RE1-TT/ts-route-service_delay/1/data.csv,12825892,sha256 calculado,5d34387f29f47af82cc187b9133092e9cdfe97019d899409f8566075df98dc0c,2026-09-23T19:30:18+00:00
487,RCAEval recursive service-fault CSV windows,RE1/RE1-TT/ts-route-service_delay/1/simple_data.csv,2825120,sha256 calculado,c51f9c890e8ee7240df708d7d0adde7819f66f72fbadc80e5995e9bb51432270,2026-09-23T19:30:18+00:00
488,RCAEval recursive service-fault CSV windows,RE1/RE1-TT/ts-route-service_delay/2/data.csv,12683033,sha256 calculado,c8145b8ad3e537325df3fad24cc5d5b4f79762aede124e6f317499e0851765ce,2026-09-23T19:30:18+00:00
489,RCAEval recursive service-fault CSV windows,RE1/RE1-TT/ts-route-service_delay/2/simple_data.csv,2810031,sha256 calculado,4e0aada380be0c5e1edfdbd598d6c84315b231800e514d107ebef7b440d7d8fe,2026-09-23T19:30:19+00:00
490,RCAEval recursive service-fault CSV windows,RE1/RE1-TT/ts-route-service_delay/3/data.csv,12678367,sha256 calculado,1c5de1b6ca03509fe5813828eac5539d2b4692b18f8382c0c5d0558957d3a9ce,2026-09-23T19:30:19+00:00
491,RCAEval recursive service-fault CSV windows,RE1/RE1-TT/ts-route-service_delay/3/simple_data.csv,2812819,sha256 calculado,0522836dfd9a1419dd97ba6570fc1571723d787ad0eef8fbca743821b1da8844,2026-09-23T19:30:19+00:00
492,RCAEval recursive service-fault CSV windows,RE1/RE1-TT/ts-route-service_delay/4/data.csv,11940386,sha256 calculado,1cd3219916a7bc45135968fd8fe1829e7aebc71f3c856cffe58f521ec7e000f0,2026-09-23T19:30:19+00:00
493,RCAEval recursive service-fault CSV windows,RE1/RE1-TT/ts-route-service_delay/4/simple_data.csv,2628682,sha256 calculado,c5118d1eba0fccab0d471a7bca79b2543abad3e256457ece34a0ad93b2432701,2026-09-23T19:30:19+00:00
494,RCAEval recursive service-fault CSV windows,RE1/RE1-TT/ts-route-service_delay/5/data.csv,11884396,sha256 calculado,9eec7acfb05e7294d97723d4af1c90ba16a89ba7eaeec18d7aa4a8dd4ad69af6,2026-09-23T19:30:19+00:00
495,RCAEval recursive service-fault CSV windows,RE1/RE1-TT/ts-route-service_delay/5/simple_data.csv,2634633,sha256 calculado,7779c95d627cae8dc3d931a498182912bd7d234459ab71bad53edff5cff922a4,2026-09-23T19:30:19+00:00
496,RCAEval recursive service-fault CSV windows,RE1/RE1-TT/ts-route-service_disk/1/data.csv,12958155,sha256 calculado,3945e9bb8116a879b2eb98e53ea04401b18c519ec910157aac4e289af1676b22,2026-09-23T19:30:19+00:00
497,RCAEval recursive service-fault CSV windows,RE1/RE1-TT/ts-route-service_disk/1/simple_data.csv,2193171,sha256 calculado,f8b42a65d0db234fe9ab6dfef8cf13e85ce8ffe0faf34f0f4da1fe5f3f77265d,2026-09-23T19:30:19+00:00
498,RCAEval recursive service-fault CSV windows,RE1/RE1-TT/ts-route-service_disk/2/data.csv,12981689,sha256 calculado,cbbec084bd0c7a5896f7e1754864ae1fcf78f71236a7e6438abb6202ef37f1f8,2026-09-23T19:30:19+00:00
499,RCAEval recursive service-fault CSV windows,RE1/RE1-TT/ts-route-service_disk/2/simple_data.csv,2224926,sha256 calculado,e3ea5e6691d633600ff2145fde9b0e992fb0431503c95b9fef2f43a7dad95291,2026-09-23T19:30:19+00:00
500,RCAEval recursive service-fault CSV windows,RE1/RE1-TT/ts-route-service_disk/3/data.csv,13039512,sha256 calculado,750b712af81be15708dc51c9b284ef8e2ec6213935244b382431241adedc231c,2026-09-23T19:30:19+00:00
501,RCAEval recursive service-fault CSV windows,RE1/RE1-TT/ts-route-service_disk/3/simple_data.csv,2235417,sha256 calculado,d23f82853bc5c36940cc7f67b8b828710e32787e8c1d13ab304b2dffe73432dd,2026-09-23T19:30:19+00:00
502,RCAEval recursive service-fault CSV windows,RE1/RE1-TT/ts-route-service_disk/4/data.csv,12806155,sha256 calculado,9d2ceefdd339f4327639287ad8623e2dc84e1b191665f458b06304b86f9f3b53,2026-09-23T19:30:19+00:00
503,RCAEval recursive service-fault CSV windows,RE1/RE1-TT/ts-route-service_disk/4/simple_data.csv,2202406,sha256 calculado,5a23a4daa77d08547e23e14c6d8314af4baa56d63080cdd6d5e38899cffc30c0,2026-09-23T19:30:19+00:00
504,RCAEval recursive service-fault CSV windows,RE1/RE1-TT/ts-route-service_disk/5/data.csv,13018425,sha256 calculado,330a333c8b060d997f61692e4e5ca637d8942342cda568dd6b46760bd7f3c45a,2026-09-23T19:30:19+00:00
505,RCAEval recursive service-fault CSV windows,RE1/RE1-TT/ts-route-service_disk/5/simple_data.csv,2223777,sha256 calculado,81017e78f54578d4d07dbd1ee221e95fceb8959f010c0271e67a44375d7306a3,2026-09-23T19:30:19+00:00
506,RCAEval recursive service-fault CSV windows,RE1/RE1-TT/ts-route-service_loss/1/data.csv,11982900,sha256 calculado,aee963e4dd734a3b5446b88bf09ec50d3c6040f4652ff00d326f6fc9d1e4540f,2026-09-23T19:30:20+00:00
507,RCAEval recursive service-fault CSV windows,RE1/RE1-TT/ts-route-service_loss/1/simple_data.csv,2626586,sha256 calculado,5dfd0f9635e501bc0e204bb302c3483168a1c9e0c37d7db1dfd156e68294b659,2026-09-23T19:30:20+00:00
508,RCAEval recursive service-fault CSV windows,RE1/RE1-TT/ts-route-service_loss/2/data.csv,12805454,sha256 calculado,c628fd6d2d1086ab1b7525a0f80801c63481650b470f9c00e904dda95f0c23e1,2026-09-23T19:30:20+00:00
509,RCAEval recursive service-fault CSV windows,RE1/RE1-TT/ts-route-service_loss/2/simple_data.csv,2833960,sha256 calculado,be968d973992dbd4e328e8be782477823a2eb7dd69851dc420e8781213416c65,2026-09-23T19:30:20+00:00
510,RCAEval recursive service-fault CSV windows,RE1/RE1-TT/ts-route-service_loss/3/data.csv,12774304,sha256 calculado,4c6a43de922c486511ef0e8b42007e29580cc27b74c30d866a9a0adb9bd2c1ff,2026-09-23T19:30:20+00:00
511,RCAEval recursive service-fault CSV windows,RE1/RE1-TT/ts-route-service_loss/3/simple_data.csv,2834163,sha256 calculado,f1db7527278eefa06243c747b2ff0349257d1fffd975815560398a59effe0ce2,2026-09-23T19:30:20+00:00
512,RCAEval recursive service-fault CSV windows,RE1/RE1-TT/ts-route-service_loss/4/data.csv,12060724,sha256 calculado,3c2cd691183b6d06a28ffaba4ffde9931de00681663f1ff06382318098d599a6,2026-09-23T19:30:20+00:00
513,RCAEval recursive service-fault CSV windows,RE1/RE1-TT/ts-route-service_loss/4/simple_data.csv,2649219,sha256 calculado,2d1120af7731b3f3ce2c6640830fcb19552ed89dc7235959575e71e8be4dbe96,2026-09-23T19:30:20+00:00
514,RCAEval recursive service-fault CSV windows,RE1/RE1-TT/ts-route-service_loss/5/data.csv,11944220,sha256 calculado,f18beb7338c7a173a8eba73ad4ef6c47fd3b7c1c17b3dc1d91e6c60a49570610,2026-09-23T19:30:20+00:00
515,RCAEval recursive service-fault CSV windows,RE1/RE1-TT/ts-route-service_loss/5/simple_data.csv,2627404,sha256 calculado,3da34a326c8146593f4d4cf5f1771fea1a325fa1748aa2122a3fe6cfa9894970,2026-09-23T19:30:20+00:00
516,RCAEval recursive service-fault CSV windows,RE1/RE1-TT/ts-route-service_mem/1/data.csv,11999371,sha256 calculado,956c00f11cbfb56fb5c3057e3ff8a4ab2687c0ba8718f695c291ce82fbfe1931,2026-09-23T19:30:20+00:00
517,RCAEval recursive service-fault CSV windows,RE1/RE1-TT/ts-route-service_mem/1/simple_data.csv,2627686,sha256 calculado,8e0cfb16bbacf04efbc7f74a03becc6849d35e223b93a12c30d6d19aec0251f0,2026-09-23T19:30:20+00:00
518,RCAEval recursive service-fault CSV windows,RE1/RE1-TT/ts-route-service_mem/2/data.csv,12104585,sha256 calculado,18f9828b5780b65ce0826f82b2174edd00b919ece39665050a9d2e618ddedcbb,2026-09-23T19:30:21+00:00
519,RCAEval recursive service-fault CSV windows,RE1/RE1-TT/ts-route-service_mem/2/simple_data.csv,2644953,sha256 calculado,c16ff3c765021bf6207945e6dbb57bf0d91378979bf72fdfdb2752828cae9545,2026-09-23T19:30:21+00:00
520,RCAEval recursive service-fault CSV windows,RE1/RE1-TT/ts-route-service_mem/3/data.csv,12014263,sha256 calculado,a6fcb44adb279343bd06c0ecee356bd34e59a08de48992cf8a633e6ad3118685,2026-09-23T19:30:21+00:00
521,RCAEval recursive service-fault CSV windows,RE1/RE1-TT/ts-route-service_mem/3/simple_data.csv,2627087,sha256 calculado,1f8f146015c105037141d1ee3c2ab31004aaa26196ba6dac585f7ae2f8a99101,2026-09-23T19:30:21+00:00
522,RCAEval recursive service-fault CSV windows,RE1/RE1-TT/ts-route-service_mem/4/data.csv,12019425,sha256 calculado,f89ea0740ae7af1866a921d1e3c688efa142925561884ebe0ab0f8d793d1727f,2026-09-23T19:30:21+00:00
523,RCAEval recursive service-fault CSV windows,RE1/RE1-TT/ts-route-service_mem/4/simple_data.csv,2620390,sha256 calculado,025ec04a50118c94efab5ebca4654b9542ac150046053f47cd4b1a54e6360508,2026-09-23T19:30:21+00:00
524,RCAEval recursive service-fault CSV windows,RE1/RE1-TT/ts-route-service_mem/5/data.csv,11947827,sha256 calculado,1c549840d8542e0d8662c11b2da84df58e6894cae7323493497e14e4549c43ac,2026-09-23T19:30:21+00:00
525,RCAEval recursive service-fault CSV windows,RE1/RE1-TT/ts-route-service_mem/5/simple_data.csv,2621377,sha256 calculado,387687dd79c7eab6ceec24e7142e030880d3dfda24010a5fd87ad9429701b752,2026-09-23T19:30:21+00:00
526,RCAEval recursive service-fault CSV windows,RE1/RE1-TT/ts-train-service_cpu/1/data.csv,12901723,sha256 calculado,65daa160f1c7c6a1a91d89157c2c0e301e1e7e4a995069d619a5b6b1b8dc8167,2026-09-23T19:30:21+00:00
527,RCAEval recursive service-fault CSV windows,RE1/RE1-TT/ts-train-service_cpu/1/simple_data.csv,2872668,sha256 calculado,15d3ed66be8aaeb55ceac1e22d3c6802f27a7bb09078c1e872ed1faf6dc4d5b5,2026-09-23T19:30:21+00:00
528,RCAEval recursive service-fault CSV windows,RE1/RE1-TT/ts-train-service_cpu/2/data.csv,12873265,sha256 calculado,e5e7c9c1a11a236119319ea3ee9336cc35a20c2d2c40d2f208bf6a3474ad8b11,2026-09-23T19:30:21+00:00
529,RCAEval recursive service-fault CSV windows,RE1/RE1-TT/ts-train-service_cpu/2/simple_data.csv,2863073,sha256 calculado,1fcf4c41b5e0d0a7b0fc2ad936d12695c0b5f65b0fb7b9976823ccad1a399284,2026-09-23T19:30:21+00:00
530,RCAEval recursive service-fault CSV windows,RE1/RE1-TT/ts-train-service_cpu/3/data.csv,12679022,sha256 calculado,ede62b5a71a8878ffaa83b7ca74d8567a6efc2f02b07e0b966a58731a2c208c4,2026-09-23T19:30:21+00:00
531,RCAEval recursive service-fault CSV windows,RE1/RE1-TT/ts-train-service_cpu/3/simple_data.csv,2814573,sha256 calculado,f0411462d2f328ef400e66ab9efef86f8eac6e6e784868348aa95c22537c6bf7,2026-09-23T19:30:21+00:00
532,RCAEval recursive service-fault CSV windows,RE1/RE1-TT/ts-train-service_cpu/4/data.csv,11982586,sha256 calculado,20bf459b821752f3c7a1549fd533bd52ecfa4c0d4b383ebfdc7d86bfdc0e8e91,2026-09-23T19:30:21+00:00
533,RCAEval recursive service-fault CSV windows,RE1/RE1-TT/ts-train-service_cpu/4/simple_data.csv,2640837,sha256 calculado,30c6bced3efe83ad31e1d9f2dd0b99c3971878b8b7818d53644e3454ab63a713,2026-09-23T19:30:22+00:00
534,RCAEval recursive service-fault CSV windows,RE1/RE1-TT/ts-train-service_cpu/5/data.csv,12098729,sha256 calculado,b29140a5e73997efe470e43df8dfff66ee4eca6094ad501911938ec9d499e925,2026-09-23T19:30:22+00:00
535,RCAEval recursive service-fault CSV windows,RE1/RE1-TT/ts-train-service_cpu/5/simple_data.csv,2680744,sha256 calculado,34da952f66caf79cb91231b3cb5436a43c72c6637788c9e0f7fd7359f401910c,2026-09-23T19:30:22+00:00
536,RCAEval recursive service-fault CSV windows,RE1/RE1-TT/ts-train-service_delay/1/data.csv,12811683,sha256 calculado,d5fef188519714719a3eadda5cd117b7eebc3b74a5b289c250b3eead9a0110d4,2026-09-23T19:30:22+00:00
537,RCAEval recursive service-fault CSV windows,RE1/RE1-TT/ts-train-service_delay/1/simple_data.csv,2853294,sha256 calculado,fe576ec18e3fc0219f78406aa561372797b8dab0089cbaacca776f612a74d6aa,2026-09-23T19:30:22+00:00
538,RCAEval recursive service-fault CSV windows,RE1/RE1-TT/ts-train-service_delay/2/data.csv,12623200,sha256 calculado,552eda1ccc863e7be113aea2c2a9f5b641d31ce813787f48fa0c4bb574f26ddd,2026-09-23T19:30:22+00:00
539,RCAEval recursive service-fault CSV windows,RE1/RE1-TT/ts-train-service_delay/2/simple_data.csv,2789828,sha256 calculado,b7477c00e05f4ac0a996b710d05b5dcaf0f3e47f91a214251ce7bb5bab1ea6f2,2026-09-23T19:30:22+00:00
540,RCAEval recursive service-fault CSV windows,RE1/RE1-TT/ts-train-service_delay/3/data.csv,12605955,sha256 calculado,ec3954681c29a9f35462ea2c1d66cef57b888220450be5027ac87820d2db5553,2026-09-23T19:30:22+00:00
541,RCAEval recursive service-fault CSV windows,RE1/RE1-TT/ts-train-service_delay/3/simple_data.csv,2809304,sha256 calculado,f0ac0be42b137d85bf00bebd9af4c19a90e3e402ea0a7df01ba489521fa4d214,2026-09-23T19:30:22+00:00
542,RCAEval recursive service-fault CSV windows,RE1/RE1-TT/ts-train-service_delay/4/data.csv,11872055,sha256 calculado,7ba68e9739c30c820812144d4983bc8f5e6facc7c7c7d75083edeaf89c36e57e,2026-09-23T19:30:22+00:00
543,RCAEval recursive service-fault CSV windows,RE1/RE1-TT/ts-train-service_delay/4/simple_data.csv,2620238,sha256 calculado,316449b77f21891e78da834ad6cf370bc80f55e69e4acff0003e53555344339c,2026-09-23T19:30:22+00:00
544,RCAEval recursive service-fault CSV windows,RE1/RE1-TT/ts-train-service_delay/5/data.csv,11820266,sha256 calculado,e345431437b0517d6f230032d5009512af8d424aa4e7e68645104055d7bf88fe,2026-09-23T19:30:22+00:00
545,RCAEval recursive service-fault CSV windows,RE1/RE1-TT/ts-train-service_delay/5/simple_data.csv,2613598,sha256 calculado,f5ba4448ea2c90e81e5b5fa0458d4261d4e3b76e88e20df1d2444a573388d87a,2026-09-23T19:30:22+00:00
546,RCAEval recursive service-fault CSV windows,RE1/RE1-TT/ts-train-service_disk/1/data.csv,12918761,sha256 calculado,b509a4951312f05bf9d18d1e3e1eef9ff1be715a8670a042130472f819eeedc6,2026-09-23T19:30:22+00:00
547,RCAEval recursive service-fault CSV windows,RE1/RE1-TT/ts-train-service_disk/1/simple_data.csv,2197252,sha256 calculado,3b2138fe7e2b0f41b0daba409aee96e237aa3e5405f5f878fd55528c25ba20f6,2026-09-23T19:30:22+00:00
548,RCAEval recursive service-fault CSV windows,RE1/RE1-TT/ts-train-service_disk/2/data.csv,12834076,sha256 calculado,77d25a4cf07390737b66b84d2bdacea08f68d69abf84d51cc4f13fd880dde88b,2026-09-23T19:30:22+00:00
549,RCAEval recursive service-fault CSV windows,RE1/RE1-TT/ts-train-service_disk/2/simple_data.csv,2192306,sha256 calculado,3afe789b7f4e953346495acbdf2389b4b7f1ae367767be2cf222e25bd26e895b,2026-09-23T19:30:23+00:00
550,RCAEval recursive service-fault CSV windows,RE1/RE1-TT/ts-train-service_disk/3/data.csv,12927490,sha256 calculado,48112d04e34b4b31d21c83428bad77efaeeee7f6eff7f195c52fe5eb61f31830,2026-09-23T19:30:23+00:00
551,RCAEval recursive service-fault CSV windows,RE1/RE1-TT/ts-train-service_disk/3/simple_data.csv,2209351,sha256 calculado,0057689894503a4c2fe60f7dc67254e561494df259e7d0d24ab595633fb64f05,2026-09-23T19:30:23+00:00
552,RCAEval recursive service-fault CSV windows,RE1/RE1-TT/ts-train-service_disk/4/data.csv,12750594,sha256 calculado,98994bb0fc45484350ce19bc9ac69066d981ec938c9dc5f5317655acd394cd27,2026-09-23T19:30:23+00:00
553,RCAEval recursive service-fault CSV windows,RE1/RE1-TT/ts-train-service_disk/4/simple_data.csv,2182297,sha256 calculado,ed1daa97a22f39f8b3786d2811d34aaad52f548067a210019da1b0d5cc5d356e,2026-09-23T19:30:23+00:00
554,RCAEval recursive service-fault CSV windows,RE1/RE1-TT/ts-train-service_disk/5/data.csv,12833269,sha256 calculado,635ecd435f3c3d6cd5c9f782e81236166a2d3f94f2c3f68ee724da44940848a6,2026-09-23T19:30:23+00:00
555,RCAEval recursive service-fault CSV windows,RE1/RE1-TT/ts-train-service_disk/5/simple_data.csv,2193564,sha256 calculado,266cfabb3b771eaa1928439a814b28115dc954339bfc242b2905a569382d4715,2026-09-23T19:30:23+00:00
556,RCAEval recursive service-fault CSV windows,RE1/RE1-TT/ts-train-service_loss/1/data.csv,11913142,sha256 calculado,46a4c63147c702f524adaa09ce3cd36b4b06894c55adde6aa1595df6872231c5,2026-09-23T19:30:23+00:00
557,RCAEval recursive service-fault CSV windows,RE1/RE1-TT/ts-train-service_loss/1/simple_data.csv,2625700,sha256 calculado,0bb85993e618435397232018d02fa16b7de6a6a2fef6942ba9494e84649afe1f,2026-09-23T19:30:23+00:00
558,RCAEval recursive service-fault CSV windows,RE1/RE1-TT/ts-train-service_loss/2/data.csv,12659468,sha256 calculado,e587cf8dbd2ca7871dfe277e100b40b3a6c018b3850a5487c191716a78b93737,2026-09-23T19:30:23+00:00
559,RCAEval recursive service-fault CSV windows,RE1/RE1-TT/ts-train-service_loss/2/simple_data.csv,2791287,sha256 calculado,1cb93cc436a6c5899dfb65779a9b1e1f094e9d999174213c76287669e89604a8,2026-09-23T19:30:23+00:00
560,RCAEval recursive service-fault CSV windows,RE1/RE1-TT/ts-train-service_loss/3/data.csv,12741557,sha256 calculado,d9ea71be95fc2b435f0e71c58b35d864779fa7454c58c6a72aba3d4a4ad74873,2026-09-23T19:30:23+00:00
561,RCAEval recursive service-fault CSV windows,RE1/RE1-TT/ts-train-service_loss/3/simple_data.csv,2821521,sha256 calculado,75a44c591481a85c2f66e11d0edda12f1f540e96550f8f98bcbcc2a5d27cf2b9,2026-09-23T19:30:23+00:00
562,RCAEval recursive service-fault CSV windows,RE1/RE1-TT/ts-train-service_loss/4/data.csv,11965365,sha256 calculado,3f4e329b2eb767c3533bb47e05ad7134f8e34b16678b8ef8c74ac1c9b2439a62,2026-09-23T19:30:23+00:00
563,RCAEval recursive service-fault CSV windows,RE1/RE1-TT/ts-train-service_loss/4/simple_data.csv,2632009,sha256 calculado,e0a6ef39c97e268e2ce68b81cf43e8c872680f442fd70e569197bcc89d3881cb,2026-09-23T19:30:23+00:00
564,RCAEval recursive service-fault CSV windows,RE1/RE1-TT/ts-train-service_loss/5/data.csv,11917102,sha256 calculado,a6ee4f3dcef64e8544479a75aa247edb6a4dfadf35053e89be0833ce6fd019d6,2026-09-23T19:30:24+00:00
565,RCAEval recursive service-fault CSV windows,RE1/RE1-TT/ts-train-service_loss/5/simple_data.csv,2617505,sha256 calculado,538b6884e42991bc7d9a110647bf9f37d98e632f485b8183b1b4332bb3966037,2026-09-23T19:30:24+00:00
566,RCAEval recursive service-fault CSV windows,RE1/RE1-TT/ts-train-service_mem/1/data.csv,12963938,sha256 calculado,9504bceaeae6f451fb4fc8c57f7ef0e1c3ee713ad3b4656c9528e9f678fac2c2,2026-09-23T19:30:24+00:00
567,RCAEval recursive service-fault CSV windows,RE1/RE1-TT/ts-train-service_mem/1/simple_data.csv,2879099,sha256 calculado,bd19f22a36e3a3d1473ec33ea232f023a07ff2470256f27d1fc902c08e02733c,2026-09-23T19:30:24+00:00
568,RCAEval recursive service-fault CSV windows,RE1/RE1-TT/ts-train-service_mem/2/data.csv,12841127,sha256 calculado,6e2fdf16349b0cafccb48e57ee1c12858130c7ac2f5e7f6310b31c93464fd775,2026-09-23T19:30:24+00:00
569,RCAEval recursive service-fault CSV windows,RE1/RE1-TT/ts-train-service_mem/2/simple_data.csv,2845074,sha256 calculado,c77b8acd3df5abcf284d52957a54ce58ce5f094d78ffb8a7034139c3c658b507,2026-09-23T19:30:24+00:00
570,RCAEval recursive service-fault CSV windows,RE1/RE1-TT/ts-train-service_mem/3/data.csv,12853349,sha256 calculado,2b9c6da596dcd4d3f6ac7e635da8edf433734f48a8250c11187cd6bf64232d6a,2026-09-23T19:30:24+00:00
571,RCAEval recursive service-fault CSV windows,RE1/RE1-TT/ts-train-service_mem/3/simple_data.csv,2828793,sha256 calculado,b76ae59e5f3c72c36590075e764e226c7266c93b1644c3b810e296acc277f11c,2026-09-23T19:30:24+00:00
572,RCAEval recursive service-fault CSV windows,RE1/RE1-TT/ts-train-service_mem/4/data.csv,12080583,sha256 calculado,9b1d4fd6bc2a168760e1de9fd7c42821b9165e5b94764310a9d77c0a03966845,2026-09-23T19:30:24+00:00
573,RCAEval recursive service-fault CSV windows,RE1/RE1-TT/ts-train-service_mem/4/simple_data.csv,2638977,sha256 calculado,609a1792b196030a3b81bc78ebb33570dcb4533e5b36013e5687891722e6948c,2026-09-23T19:30:24+00:00
574,RCAEval recursive service-fault CSV windows,RE1/RE1-TT/ts-train-service_mem/5/data.csv,12026458,sha256 calculado,0388cc08cb79fca427c61436b16fe687b61dbf19616e1358d17c35ee8d34d9fa,2026-09-23T19:30:24+00:00
575,RCAEval recursive service-fault CSV windows,RE1/RE1-TT/ts-train-service_mem/5/simple_data.csv,2621172,sha256 calculado,1ab4b553dfe7111d1e487dc613b6bf4e1666aaf7b7dca3ee0898036c1b5ac9a5,2026-09-23T19:30:24+00:00
576,RCAEval recursive service-fault CSV windows,RE1/RE1-TT/ts-travel-service_cpu/1/data.csv,12924162,sha256 calculado,88e33f327ed258d6cb28fa257575000ef5c76e315387304a00bb62c1294e912c,2026-09-23T19:30:24+00:00
577,RCAEval recursive service-fault CSV windows,RE1/RE1-TT/ts-travel-service_cpu/1/simple_data.csv,2899255,sha256 calculado,4524fa48ed123f480da8b260f641483ffe3811b4edd460f6afeef5c1dc2de498,2026-09-23T19:30:24+00:00
578,RCAEval recursive service-fault CSV windows,RE1/RE1-TT/ts-travel-service_cpu/2/data.csv,12685793,sha256 calculado,caedfc448c91fb34e982deae0da55d0314c056bed09f5d9d4ff108548c591866,2026-09-23T19:30:24+00:00
579,RCAEval recursive service-fault CSV windows,RE1/RE1-TT/ts-travel-service_cpu/2/simple_data.csv,2799960,sha256 calculado,3707fe1d10098b12edf7d16cf175e11e00a22e748fdb6fc5cddfa4287dcee114,2026-09-23T19:30:24+00:00
580,RCAEval recursive service-fault CSV windows,RE1/RE1-TT/ts-travel-service_cpu/3/data.csv,12702583,sha256 calculado,8f8a8fdf8394229e15148d27406993eee85ae82ec78ecea6d72d468be6185d98,2026-09-23T19:30:24+00:00
581,RCAEval recursive service-fault CSV windows,RE1/RE1-TT/ts-travel-service_cpu/3/simple_data.csv,2827722,sha256 calculado,1578e4b07267d4c3932a6053de1c9b649c12d44c9b72cf70d21947f408e196d1,2026-09-23T19:30:25+00:00
582,RCAEval recursive service-fault CSV windows,RE1/RE1-TT/ts-travel-service_cpu/4/data.csv,11967120,sha256 calculado,52dc164696e2d2058bffaedcb1e0c462d2ef67a1ca503427b5acbe5c49ab4e8e,2026-09-23T19:30:25+00:00
583,RCAEval recursive service-fault CSV windows,RE1/RE1-TT/ts-travel-service_cpu/4/simple_data.csv,2641542,sha256 calculado,a101880c2682141ddab2d7903d5690818a249a1e27d9bc345ea1ef945d52646e,2026-09-23T19:30:25+00:00
584,RCAEval recursive service-fault CSV windows,RE1/RE1-TT/ts-travel-service_cpu/5/data.csv,11897185,sha256 calculado,bd5f8e9c8e3a21488c1369f210df81be457729582b1979f953026307afff58ad,2026-09-23T19:30:25+00:00
585,RCAEval recursive service-fault CSV windows,RE1/RE1-TT/ts-travel-service_cpu/5/simple_data.csv,2628986,sha256 calculado,15010480d03a79a110b5648b65814a4f4962643019480de6206224d51cd1417d,2026-09-23T19:30:25+00:00
586,RCAEval recursive service-fault CSV windows,RE1/RE1-TT/ts-travel-service_delay/1/data.csv,12756788,sha256 calculado,b21209163abbcd190525522aa8d1a8801eb78b065f2fe8c25e81109686daeeef,2026-09-23T19:30:25+00:00
587,RCAEval recursive service-fault CSV windows,RE1/RE1-TT/ts-travel-service_delay/1/simple_data.csv,2814945,sha256 calculado,110fa95cad8b724906d6335064c00e7cd3457025b9387198c4b066d1b26bfb6f,2026-09-23T19:30:25+00:00
588,RCAEval recursive service-fault CSV windows,RE1/RE1-TT/ts-travel-service_delay/2/data.csv,11919282,sha256 calculado,04f057c1e346223baba6b7ceedf12dd120595aaa00b7a3492af8911234120aca,2026-09-23T19:30:25+00:00
589,RCAEval recursive service-fault CSV windows,RE1/RE1-TT/ts-travel-service_delay/2/simple_data.csv,2617901,sha256 calculado,76adb5fb42e7d6d296afa5666c6abca7b08c39b912c1c1d9f859391a80e2c416,2026-09-23T19:30:25+00:00
590,RCAEval recursive service-fault CSV windows,RE1/RE1-TT/ts-travel-service_delay/3/data.csv,12230025,sha256 calculado,1d4687c66b854d9ce188ab501c8f8a596eadece2318df6e6d6c620f3d231b6bf,2026-09-23T19:30:25+00:00
591,RCAEval recursive service-fault CSV windows,RE1/RE1-TT/ts-travel-service_delay/3/simple_data.csv,2699307,sha256 calculado,41d8780b20081c23ad8f830f8b975b8f4261edf31915a2971501cde50275d424,2026-09-23T19:30:25+00:00
592,RCAEval recursive service-fault CSV windows,RE1/RE1-TT/ts-travel-service_delay/4/data.csv,11953742,sha256 calculado,b0add13f448216b46da4fe0aaf847b8fe31892be2009c78180318747be759b6b,2026-09-23T19:30:25+00:00
593,RCAEval recursive service-fault CSV windows,RE1/RE1-TT/ts-travel-service_delay/4/simple_data.csv,2636819,sha256 calculado,390fc3007ceb27ef3274fdd26594825423ca772456d085ab96223df8ee1399dd,2026-09-23T19:30:25+00:00
594,RCAEval recursive service-fault CSV windows,RE1/RE1-TT/ts-travel-service_delay/5/data.csv,11803961,sha256 calculado,ec3403dfc3a1efff42a8606cf0fb03432d014844efed7e7e98daca82d8b60902,2026-09-23T19:30:25+00:00
595,RCAEval recursive service-fault CSV windows,RE1/RE1-TT/ts-travel-service_delay/5/simple_data.csv,2605036,sha256 calculado,7657922d8c1d6d5841531fa3503714dbb850e573ea15bdd39413229e41585259,2026-09-23T19:30:25+00:00
596,RCAEval recursive service-fault CSV windows,RE1/RE1-TT/ts-travel-service_disk/1/data.csv,12948269,sha256 calculado,3b57ff62df57ff69d8fe5c26ac65f42769159a4c3f768d190a59ae9e1d947052,2026-09-23T19:30:25+00:00
597,RCAEval recursive service-fault CSV windows,RE1/RE1-TT/ts-travel-service_disk/1/simple_data.csv,2208575,sha256 calculado,c0ca0371b4a21ccb8f42f69e44f417f6ac0da3af99b49f1b62ebf1e54fc3f214,2026-09-23T19:30:25+00:00
598,RCAEval recursive service-fault CSV windows,RE1/RE1-TT/ts-travel-service_disk/2/data.csv,12944251,sha256 calculado,8eca551b602d520b1b4b9a775aadb6ec3888d2161c990b1543df0e9acf76033d,2026-09-23T19:30:25+00:00
599,RCAEval recursive service-fault CSV windows,RE1/RE1-TT/ts-travel-service_disk/2/simple_data.csv,2213332,sha256 calculado,8febd692c0ff58ab199de1b73fd79f29e144e9128590f95ca9ffa7dbffc8519f,2026-09-23T19:30:25+00:00
600,RCAEval recursive service-fault CSV windows,RE1/RE1-TT/ts-travel-service_disk/3/data.csv,12866839,sha256 calculado,9a4382056651af53e54d43b75817ce61915725444d8adc777e359d5e9008d81f,2026-09-23T19:30:26+00:00
601,RCAEval recursive service-fault CSV windows,RE1/RE1-TT/ts-travel-service_disk/3/simple_data.csv,2195194,sha256 calculado,b33e3521527086262d526a6feec4459ab7ec81cb98dc2497d60216277ab8c7a1,2026-09-23T19:30:26+00:00
602,RCAEval recursive service-fault CSV windows,RE1/RE1-TT/ts-travel-service_disk/4/data.csv,12868142,sha256 calculado,496c98dce91b8aea8ff330f9ef0b393cda0aa462c71b62aebc429e0c8630ce6a,2026-09-23T19:30:26+00:00
603,RCAEval recursive service-fault CSV windows,RE1/RE1-TT/ts-travel-service_disk/4/simple_data.csv,2192002,sha256 calculado,4975d28936ff13982d8eb960b279dcd2a4d18148bfb71d62e7338af6dfa4ae2f,2026-09-23T19:30:26+00:00
604,RCAEval recursive service-fault CSV windows,RE1/RE1-TT/ts-travel-service_disk/5/data.csv,12919085,sha256 calculado,d77726db0aeedd6d7607b8c12074b3ddcc6f7c0140e014e1d1c96da867a8f44d,2026-09-23T19:30:26+00:00
605,RCAEval recursive service-fault CSV windows,RE1/RE1-TT/ts-travel-service_disk/5/simple_data.csv,2193057,sha256 calculado,e0fc8f4fc627ffe23de7349583fe372019a1b8ea0deb0f3d9d55976ce4a27368,2026-09-23T19:30:26+00:00
606,RCAEval recursive service-fault CSV windows,RE1/RE1-TT/ts-travel-service_loss/1/data.csv,12818513,sha256 calculado,7978e352e09eced26e6868d8024a535ce5d59c91b9a342f0b8204aefcec9ad91,2026-09-23T19:30:26+00:00
607,RCAEval recursive service-fault CSV windows,RE1/RE1-TT/ts-travel-service_loss/1/simple_data.csv,2853471,sha256 calculado,1b89b2a30abf800187175564b83bc60d66289fea594e137ba4207856341fe8f8,2026-09-23T19:30:26+00:00
608,RCAEval recursive service-fault CSV windows,RE1/RE1-TT/ts-travel-service_loss/2/data.csv,11874580,sha256 calculado,0f27627243b5a1e2db28377a7d658a2d71d5526549c232b81816ec5069433cbf,2026-09-23T19:30:26+00:00
609,RCAEval recursive service-fault CSV windows,RE1/RE1-TT/ts-travel-service_loss/2/simple_data.csv,2628171,sha256 calculado,0c2d695f71ab077884e6e488887a2679cd10c5df77e6b0cffa03c146ef27393f,2026-09-23T19:30:26+00:00
610,RCAEval recursive service-fault CSV windows,RE1/RE1-TT/ts-travel-service_loss/3/data.csv,12070004,sha256 calculado,e3653e2291f04fff54d58295abd0a1c6210275ccc6945e2377cc9c7ab3f4200c,2026-09-23T19:30:26+00:00
611,RCAEval recursive service-fault CSV windows,RE1/RE1-TT/ts-travel-service_loss/3/simple_data.csv,2655603,sha256 calculado,f2389a9322586f2688cce443602a4a51e0ffcf86e98bd919afd28ebce2b4d57a,2026-09-23T19:30:26+00:00
612,RCAEval recursive service-fault CSV windows,RE1/RE1-TT/ts-travel-service_loss/4/data.csv,12074103,sha256 calculado,5c0570db033b9593941a200f0dfbbc1c70203d03b72f83aa710d67141328dc7d,2026-09-23T19:30:26+00:00
613,RCAEval recursive service-fault CSV windows,RE1/RE1-TT/ts-travel-service_loss/4/simple_data.csv,2658263,sha256 calculado,12e9285e59c91cd50bc4422a9755490fea00ff097c00d06e6099e5fe290ff21e,2026-09-23T19:30:26+00:00
614,RCAEval recursive service-fault CSV windows,RE1/RE1-TT/ts-travel-service_loss/5/data.csv,12003541,sha256 calculado,78c075f2f86ad3add616277d4f053c3f3df984b836d2a12dff39f86124442c81,2026-09-23T19:30:27+00:00
615,RCAEval recursive service-fault CSV windows,RE1/RE1-TT/ts-travel-service_loss/5/simple_data.csv,2637402,sha256 calculado,b04a9c741de5564fb7a6020eee7cd7303b0e0258281640d722b2600de324317a,2026-09-23T19:30:27+00:00
616,RCAEval recursive service-fault CSV windows,RE1/RE1-TT/ts-travel-service_mem/1/data.csv,13066256,sha256 calculado,dc5b6146e6b2dda3af12afa03fded870b388f8d80b07831ff0b9e988e4ee6064,2026-09-23T19:30:27+00:00
617,RCAEval recursive service-fault CSV windows,RE1/RE1-TT/ts-travel-service_mem/1/simple_data.csv,2887040,sha256 calculado,4df0de01bd54597f0e70f7d25943824555b604ed4f1ab1d7c089c70465578833,2026-09-23T19:30:27+00:00
618,RCAEval recursive service-fault CSV windows,RE1/RE1-TT/ts-travel-service_mem/2/data.csv,11882791,sha256 calculado,fd9cc7f95582ad763baea5a9e984f4f0d1ddb73f5a13d1f99fb2aca6934045c6,2026-09-23T19:30:27+00:00
619,RCAEval recursive service-fault CSV windows,RE1/RE1-TT/ts-travel-service_mem/2/simple_data.csv,2618065,sha256 calculado,46b6121c2d28d6eb65dfc47cf527eac9f96dfd16df00e090f605de75eb2baaae,2026-09-23T19:30:27+00:00
620,RCAEval recursive service-fault CSV windows,RE1/RE1-TT/ts-travel-service_mem/3/data.csv,11952379,sha256 calculado,1433d2b27898d4f663028041317f9cda660fa39b3adb4724d9497b729705738c,2026-09-23T19:30:27+00:00
621,RCAEval recursive service-fault CSV windows,RE1/RE1-TT/ts-travel-service_mem/3/simple_data.csv,2631651,sha256 calculado,ef0f85dba0ac795012b5584208024aa90352c66e54f4c0abb2ddabda1845ea55,2026-09-23T19:30:27+00:00
622,RCAEval recursive service-fault CSV windows,RE1/RE1-TT/ts-travel-service_mem/4/data.csv,12027676,sha256 calculado,a6c2ea75d51a4e0aa7325181f8ee8d10cb770dd5b33ef913604ed46769bcf9f0,2026-09-23T19:30:27+00:00
623,RCAEval recursive service-fault CSV windows,RE1/RE1-TT/ts-travel-service_mem/4/simple_data.csv,2621832,sha256 calculado,0e1929835fe14336cec0e789eb4c72068e11bd3039a51b8ba43f69ac2b9ad64b,2026-09-23T19:30:27+00:00
624,RCAEval recursive service-fault CSV windows,RE1/RE1-TT/ts-travel-service_mem/5/data.csv,12985880,sha256 calculado,8d2ab9bc834d0a38de544037c675ca068f3be61a6740cf78341d8cb47fb94f51,2026-09-23T19:30:27+00:00
625,RCAEval recursive service-fault CSV windows,RE1/RE1-TT/ts-travel-service_mem/5/simple_data.csv,2870269,sha256 calculado,0155b3ff43af8b7d54f84bb64e33646104b076a739e669399bc7f596b4d083fd,2026-09-23T19:30:27+00:00
626,RCAEval recursive service-fault CSV windows,RE2/RE2-OB/checkoutservice_cpu/1/logs.csv,23515107,sha256 calculado,223f8c3c8c0cd3de7e80b339b717810e6dc2b0727d89335cc3e39df6f0e5b03c,2026-09-23T19:30:27+00:00
627,RCAEval recursive service-fault CSV windows,RE2/RE2-OB/checkoutservice_cpu/1/logts.csv,9951,sha256 calculado,155f3d3e3431b5e26f69ea2d62110857dc815776a77c805dd0c315d412c9bf26,2026-09-23T19:30:27+00:00
628,RCAEval recursive service-fault CSV windows,RE2/RE2-OB/checkoutservice_cpu/1/metrics.csv,6782127,sha256 calculado,ca4be761207241c8c8d2111ebec6bab6cb5af45a71af4fbe8fa59af00aa84619,2026-09-23T19:30:28+00:00
629,RCAEval recursive service-fault CSV windows,RE2/RE2-OB/checkoutservice_cpu/1/simple_metrics.csv,1188347,sha256 calculado,2a100258eebe6e6a3905774b0893ffaa65bcdcb88021199c7cbc26391c530478,2026-09-23T19:30:28+00:00
630,RCAEval recursive service-fault CSV windows,RE2/RE2-OB/checkoutservice_cpu/1/traces.csv,71632229,sha256 calculado,ccc0c67829d37ccf82e2e1fc9ca4c658144b6418da48dd1dd17315903a896d52,2026-09-23T19:30:28+00:00
631,RCAEval recursive service-fault CSV windows,RE2/RE2-OB/checkoutservice_cpu/1/tracets_err.csv,8113,sha256 calculado,82a4b3a6bfb66e232a2597c1bd3c44ff719b10346ad1b3a1e6460f8c7f9a9bc0,2026-09-23T19:30:28+00:00
632,RCAEval recursive service-fault CSV windows,RE2/RE2-OB/checkoutservice_cpu/1/tracets_lat.csv,4876,sha256 calculado,4b7fb25d8dc8f753c2924089442d0704c1a29e853f3fed63eb6fa9b5bfbe370b,2026-09-23T19:30:28+00:00
633,RCAEval recursive service-fault CSV windows,RE2/RE2-OB/checkoutservice_cpu/2/logs.csv,9923146,sha256 calculado,ad145789c46b22ef004673ca6315a65631f183ad9d2760090393c676ff0d6921,2026-09-23T19:30:28+00:00
634,RCAEval recursive service-fault CSV windows,RE2/RE2-OB/checkoutservice_cpu/2/logts.csv,7290,sha256 calculado,97ac78b07693ad3cfebe43a020162297f8351c036545b77a49562ac4650696b3,2026-09-23T19:30:28+00:00
635,RCAEval recursive service-fault CSV windows,RE2/RE2-OB/checkoutservice_cpu/2/metrics.csv,4515490,sha256 calculado,62a2bef404ef798b27b0ee8b88c0a83a60bdeb6bf3422a121c034d4c31f6862b,2026-09-23T19:30:28+00:00
636,RCAEval recursive service-fault CSV windows,RE2/RE2-OB/checkoutservice_cpu/2/simple_metrics.csv,814487,sha256 calculado,9e33f6bddfa5c1956cbb8723aed96297d7417e1421280801775d8dd8f052463d,2026-09-23T19:30:28+00:00
637,RCAEval recursive service-fault CSV windows,RE2/RE2-OB/checkoutservice_cpu/2/traces.csv,36547839,sha256 calculado,f9500387b6ff0a11018633d521b448ebcf7c68ca632660bbfebb78bdcec18b42,2026-09-23T19:30:28+00:00
638,RCAEval recursive service-fault CSV windows,RE2/RE2-OB/checkoutservice_cpu/2/tracets_err.csv,4479,sha256 calculado,add81281591fc43f345d4ce862700bd8c08e71abb3606f643d2ea71f70ac5a72,2026-09-23T19:30:28+00:00
639,RCAEval recursive service-fault CSV windows,RE2/RE2-OB/checkoutservice_cpu/2/tracets_lat.csv,2839,sha256 calculado,28e73e370b510fc3150a90e645ae1b60a39cd1f34b2e09cac7d5ae63039012bd,2026-09-23T19:30:28+00:00
640,RCAEval recursive service-fault CSV windows,RE2/RE2-OB/checkoutservice_cpu/3/logs.csv,15985009,sha256 calculado,022a3f530d376c351161286c8070805c4a9d844f1d60c74b7093fd551da5cb91,2026-09-23T19:30:28+00:00
641,RCAEval recursive service-fault CSV windows,RE2/RE2-OB/checkoutservice_cpu/3/logts.csv,9842,sha256 calculado,24dca33817768462edbfee1d5e8b12126ddd297ec9510fd508af4aaa570a145e,2026-09-23T19:30:28+00:00
642,RCAEval recursive service-fault CSV windows,RE2/RE2-OB/checkoutservice_cpu/3/metrics.csv,6855921,sha256 calculado,8dfdbda3ba7a477abb13dba9e288e7be4998de3227027e70e3e3253c86672b8d,2026-09-23T19:30:28+00:00
643,RCAEval recursive service-fault CSV windows,RE2/RE2-OB/checkoutservice_cpu/3/simple_metrics.csv,1196602,sha256 calculado,d7abd77fa047d963f43a0176920773e64628700786868b68610532b33ce3d8d9,2026-09-23T19:30:28+00:00
644,RCAEval recursive service-fault CSV windows,RE2/RE2-OB/checkoutservice_cpu/3/traces.csv,74594729,sha256 calculado,c4d247ea263969e68f4ac5184ddb53c62302c01b14c829584764d6d53eeff3dc,2026-09-23T19:30:28+00:00
645,RCAEval recursive service-fault CSV windows,RE2/RE2-OB/checkoutservice_cpu/3/tracets_err.csv,8098,sha256 calculado,9a1ac641e696aef30d8b3b2092b5b03573de2d8e84172983ab49369a0f2393ec,2026-09-23T19:30:28+00:00
646,RCAEval recursive service-fault CSV windows,RE2/RE2-OB/checkoutservice_cpu/3/tracets_lat.csv,5964,sha256 calculado,6307498536ab4288882ce17f71435c706048ff73bb7e5378b70468b50cb66f79,2026-09-23T19:30:28+00:00
647,RCAEval recursive service-fault CSV windows,RE2/RE2-OB/checkoutservice_delay/1/logs.csv,15964589,sha256 calculado,a013f8e0735f01066c6ebc94397dcd3c54dd9c069e230bc5593833e7141e217e,2026-09-23T19:30:28+00:00
648,RCAEval recursive service-fault CSV windows,RE2/RE2-OB/checkoutservice_delay/1/logts.csv,9956,sha256 calculado,c9e15de276c6305369656f6df010f12baf89449a2937307fddb739058b5fa171,2026-09-23T19:30:28+00:00
649,RCAEval recursive service-fault CSV windows,RE2/RE2-OB/checkoutservice_delay/1/metrics.csv,6841347,sha256 calculado,62b77d02cc75d6fae967d357d09009b5a1fb203e2b5321dfed3335eef34caf63,2026-09-23T19:30:29+00:00
650,RCAEval recursive service-fault CSV windows,RE2/RE2-OB/checkoutservice_delay/1/simple_metrics.csv,1192999,sha256 calculado,6ecdaf93a82f804fe497e7adb0509128ae1625a993d99adae62f52461226a012,2026-09-23T19:30:29+00:00
651,RCAEval recursive service-fault CSV windows,RE2/RE2-OB/checkoutservice_delay/1/traces.csv,74050509,sha256 calculado,cac52d8cad94b1bcdce9517935e5507f2cb88af61faee5c13ed7ef202bc37b14,2026-09-23T19:30:29+00:00
652,RCAEval recursive service-fault CSV windows,RE2/RE2-OB/checkoutservice_delay/1/tracets_err.csv,8113,sha256 calculado,b83f828b699af6cc68b4c8fd6ece0cd4beaa78efd9d3bb039886aef1aea0674b,2026-09-23T19:30:29+00:00
653,RCAEval recursive service-fault CSV windows,RE2/RE2-OB/checkoutservice_delay/1/tracets_lat.csv,4982,sha256 calculado,5697af5a7b665901a44cba06548cc76e089102abc5220272a87ff9943a3be99f,2026-09-23T19:30:29+00:00
654,RCAEval recursive service-fault CSV windows,RE2/RE2-OB/checkoutservice_delay/2/logs.csv,15713333,sha256 calculado,66b8f5e7bf31e764f7037c27556af98637e5d9a0853f723d95a50948e5beaf08,2026-09-23T19:30:29+00:00
655,RCAEval recursive service-fault CSV windows,RE2/RE2-OB/checkoutservice_delay/2/logts.csv,9865,sha256 calculado,94fb49718aa0c3bc847e0cf866f1403a7990a2ffbb0b5d7c7dd029df809cc5b2,2026-09-23T19:30:29+00:00
656,RCAEval recursive service-fault CSV windows,RE2/RE2-OB/checkoutservice_delay/2/metrics.csv,6819562,sha256 calculado,d6d0ce18dfc4bdd2a772fe864d25a5b62343ede4d94adec9b5f5228994d71cac,2026-09-23T19:30:29+00:00
657,RCAEval recursive service-fault CSV windows,RE2/RE2-OB/checkoutservice_delay/2/simple_metrics.csv,1186203,sha256 calculado,2fc5d75767a03fe58bb718e70feb3585104dcc4399a65e770da6ee2c20caaa37,2026-09-23T19:30:29+00:00
658,RCAEval recursive service-fault CSV windows,RE2/RE2-OB/checkoutservice_delay/2/traces.csv,73535767,sha256 calculado,1febfbed805f34bcbb537398e2e2e9c39ed2b86789136313c71d424d489c8aa1,2026-09-23T19:30:29+00:00
659,RCAEval recursive service-fault CSV windows,RE2/RE2-OB/checkoutservice_delay/2/tracets_err.csv,8113,sha256 calculado,9a33f90a5e613d8d70d5aa18e3d66bed06f0d689e153118958026d6b51f348f2,2026-09-23T19:30:29+00:00
660,RCAEval recursive service-fault CSV windows,RE2/RE2-OB/checkoutservice_delay/2/tracets_lat.csv,4981,sha256 calculado,241cc99cfc740d5262656bf70cb876fe19bba1783ff8163de0468589d20d0015,2026-09-23T19:30:29+00:00
661,RCAEval recursive service-fault CSV windows,RE2/RE2-OB/checkoutservice_delay/3/logs.csv,15881155,sha256 calculado,acca1944b2b0012464f8b44e185e65cf6215a6f6a1e8dd9ed4e44ce077befa44,2026-09-23T19:30:29+00:00
662,RCAEval recursive service-fault CSV windows,RE2/RE2-OB/checkoutservice_delay/3/logts.csv,9930,sha256 calculado,01bab795f8c333390b007a9f46569bae5c2a59c043562280f0e1a9d3d65959b2,2026-09-23T19:30:29+00:00
663,RCAEval recursive service-fault CSV windows,RE2/RE2-OB/checkoutservice_delay/3/metrics.csv,6800496,sha256 calculado,3c59669df78b0fadb0592b4f514ef60f93a056d2df5c72fcdba025ba6be3d37f,2026-09-23T19:30:29+00:00
664,RCAEval recursive service-fault CSV windows,RE2/RE2-OB/checkoutservice_delay/3/simple_metrics.csv,1176790,sha256 calculado,f2c3a761355521918a1fd65db31ca9c96023aed91824d119f3c8bdb9fe963d9c,2026-09-23T19:30:29+00:00
665,RCAEval recursive service-fault CSV windows,RE2/RE2-OB/checkoutservice_delay/3/traces.csv,73979768,sha256 calculado,733a10e8ce94e1d140f306cde2b48f73b4d305c8e58f9126a6ac7b0ec84b5aa9,2026-09-23T19:30:29+00:00
666,RCAEval recursive service-fault CSV windows,RE2/RE2-OB/checkoutservice_delay/3/tracets_err.csv,8098,sha256 calculado,cb870b2c5b8e2ad62ad85d11dd06a83bb932a7a3ddd080dc0407f15127808057,2026-09-23T19:30:29+00:00
667,RCAEval recursive service-fault CSV windows,RE2/RE2-OB/checkoutservice_delay/3/tracets_lat.csv,5952,sha256 calculado,0815045a77d9823425b3c18cf591611d3520abf73bee5f2577c081185f96b328,2026-09-23T19:30:29+00:00
668,RCAEval recursive service-fault CSV windows,RE2/RE2-OB/checkoutservice_disk/1/logs.csv,23483015,sha256 calculado,acace8ca6cf14dd5d754793310308e6e8f3e615c590ac6d55913e2e3a33011b9,2026-09-23T19:30:29+00:00
669,RCAEval recursive service-fault CSV windows,RE2/RE2-OB/checkoutservice_disk/1/logts.csv,9844,sha256 calculado,aa9810258c899012a7c19f9fdbe5890a68b6a02679867655f5d470f3aa53fbe1,2026-09-23T19:30:30+00:00
670,RCAEval recursive service-fault CSV windows,RE2/RE2-OB/checkoutservice_disk/1/metrics.csv,6890673,sha256 calculado,af67b282f7f3cf87a80a8235692122e42cd0f00a83fbe91d1161481fac1f926e,2026-09-23T19:30:30+00:00
671,RCAEval recursive service-fault CSV windows,RE2/RE2-OB/checkoutservice_disk/1/simple_metrics.csv,1206969,sha256 calculado,c5f916116eecb60dcce5ab369a61dc7b4701418ae51e03966929f9f776c7e7d1,2026-09-23T19:30:30+00:00
672,RCAEval recursive service-fault CSV windows,RE2/RE2-OB/checkoutservice_disk/1/traces.csv,71462981,sha256 calculado,17fd758120a31094f548f277ac20699c2951bbbe343c57cad8b92fd236ac7ce1,2026-09-23T19:30:30+00:00
673,RCAEval recursive service-fault CSV windows,RE2/RE2-OB/checkoutservice_disk/1/tracets_err.csv,8034,sha256 calculado,dc18ace85685356cc2e1b00acff23aea34d2b216c135edb082f2276a0a6fbd29,2026-09-23T19:30:30+00:00
674,RCAEval recursive service-fault CSV windows,RE2/RE2-OB/checkoutservice_disk/1/tracets_lat.csv,4835,sha256 calculado,145350839e5409e28ad53057407597230cb08d8d2eb60ac8a1cf4a61079c4227,2026-09-23T19:30:30+00:00
675,RCAEval recursive service-fault CSV windows,RE2/RE2-OB/checkoutservice_disk/2/logs.csv,16103057,sha256 calculado,913b55f48be7ab64ca48349dc07aa78c27194a238b35fe7995bab8700b1703d0,2026-09-23T19:30:30+00:00
676,RCAEval recursive service-fault CSV windows,RE2/RE2-OB/checkoutservice_disk/2/logts.csv,10000,sha256 calculado,d929a5b7629a54c158a2c34c3371b402b6570e2d083c8fa1387ed6efedd66017,2026-09-23T19:30:30+00:00
677,RCAEval recursive service-fault CSV windows,RE2/RE2-OB/checkoutservice_disk/2/metrics.csv,6745956,sha256 calculado,a8e52c495a7afdc48a2365c6fa3338f266d0607cc562b46307fc86d41f51c68a,2026-09-23T19:30:30+00:00
678,RCAEval recursive service-fault CSV windows,RE2/RE2-OB/checkoutservice_disk/2/simple_metrics.csv,1191044,sha256 calculado,ff9bbb8e045da2b558547f4b01de0c44377356fac876700d577351a3e75b1821,2026-09-23T19:30:30+00:00
679,RCAEval recursive service-fault CSV windows,RE2/RE2-OB/checkoutservice_disk/2/traces.csv,74451729,sha256 calculado,7ad100967c0967951d0094afb7181ac280ebd120c40f7a49065a26e907375c2e,2026-09-23T19:30:30+00:00
680,RCAEval recursive service-fault CSV windows,RE2/RE2-OB/checkoutservice_disk/2/tracets_err.csv,8113,sha256 calculado,90bdaf068716c4a036a3d5f4f59be91b43a498083ec8682f5091567a04e8cfa2,2026-09-23T19:30:30+00:00
681,RCAEval recursive service-fault CSV windows,RE2/RE2-OB/checkoutservice_disk/2/tracets_lat.csv,4984,sha256 calculado,6bd62ce9199f07b2cd3e3e753c8b7f15d3585bb0951c1c1f5383260e594d4050,2026-09-23T19:30:30+00:00
682,RCAEval recursive service-fault CSV windows,RE2/RE2-OB/checkoutservice_disk/3/logs.csv,16077847,sha256 calculado,228a939fa1d851701368feff9fcedecca555f3997a4daf3969ccfcca29823549,2026-09-23T19:30:30+00:00
683,RCAEval recursive service-fault CSV windows,RE2/RE2-OB/checkoutservice_disk/3/logts.csv,9824,sha256 calculado,53fec7f7f0932ded4474e7cb57d335cc74c5e246035e43849f8a0881eb86c698,2026-09-23T19:30:30+00:00
684,RCAEval recursive service-fault CSV windows,RE2/RE2-OB/checkoutservice_disk/3/metrics.csv,6717135,sha256 calculado,8549c09e12b3f22d1cd754ca34d9dbffaedbd9af85f700c22851cf2988490fae,2026-09-23T19:30:30+00:00
685,RCAEval recursive service-fault CSV windows,RE2/RE2-OB/checkoutservice_disk/3/simple_metrics.csv,1194915,sha256 calculado,fc094f37445d2d07be5a9c1430823062df18d60f92d002d3277e028824540d25,2026-09-23T19:30:30+00:00
686,RCAEval recursive service-fault CSV windows,RE2/RE2-OB/checkoutservice_disk/3/traces.csv,74962770,sha256 calculado,7a299f2243b58aed21d726e0600f15c904885bd90cd2a740168cf6a28097a10d,2026-09-23T19:30:31+00:00
687,RCAEval recursive service-fault CSV windows,RE2/RE2-OB/checkoutservice_disk/3/tracets_err.csv,8065,sha256 calculado,927a0534d096b5073652e1474c2a1e838f8c098098b0acca0f9baca23e170028,2026-09-23T19:30:31+00:00
688,RCAEval recursive service-fault CSV windows,RE2/RE2-OB/checkoutservice_disk/3/tracets_lat.csv,8052,sha256 calculado,d315da1b8c56be2ba9e1b0fcc48e1fdbda56676e7f178d3a56c7d5ec80be673f,2026-09-23T19:30:31+00:00
689,RCAEval recursive service-fault CSV windows,RE2/RE2-OB/checkoutservice_loss/1/logs.csv,23114730,sha256 calculado,141b612e31cebbff5fb2119ea5381f158db59eff9207b27c7367ec94e9a361ef,2026-09-23T19:30:31+00:00
690,RCAEval recursive service-fault CSV windows,RE2/RE2-OB/checkoutservice_loss/1/logts.csv,11839,sha256 calculado,9cf69faa01159ae926975fb73b33ba4226e344fa9e55e5850e9d5c4a25ac042f,2026-09-23T19:30:31+00:00
691,RCAEval recursive service-fault CSV windows,RE2/RE2-OB/checkoutservice_loss/1/metrics.csv,6775872,sha256 calculado,88aa1af932f4060388b4e981ae2e07986bb3ddd3cbcb5e0974fe064a19475c4b,2026-09-23T19:30:31+00:00
692,RCAEval recursive service-fault CSV windows,RE2/RE2-OB/checkoutservice_loss/1/simple_metrics.csv,1186082,sha256 calculado,fc9b256447795845389923f9ed02fd426290201d014342739d8c65edcbc78576,2026-09-23T19:30:31+00:00
693,RCAEval recursive service-fault CSV windows,RE2/RE2-OB/checkoutservice_loss/1/traces.csv,70507878,sha256 calculado,f20af717db61bd0e53208993805e3dd893759d15d459ac241a6fa2bd7486ec54,2026-09-23T19:30:31+00:00
694,RCAEval recursive service-fault CSV windows,RE2/RE2-OB/checkoutservice_loss/1/tracets_err.csv,8111,sha256 calculado,daeba59bc2fca5b9f7fd8b38a311b7dcd4e1463df6a1a367e93a4743711dc13d,2026-09-23T19:30:31+00:00
695,RCAEval recursive service-fault CSV windows,RE2/RE2-OB/checkoutservice_loss/1/tracets_lat.csv,5788,sha256 calculado,a6de6e8d88653c80151f58822522805ca022505e204dcd7c13c2ba5ec1b8c9cf,2026-09-23T19:30:31+00:00
696,RCAEval recursive service-fault CSV windows,RE2/RE2-OB/checkoutservice_loss/2/logs.csv,15877888,sha256 calculado,55db9ca0c6ff1feb9f517cfa059bbadc95a3efcdbdf010950b8589cbc362a28e,2026-09-23T19:30:31+00:00
697,RCAEval recursive service-fault CSV windows,RE2/RE2-OB/checkoutservice_loss/2/logts.csv,9854,sha256 calculado,1742dc862ca1486e13ba6bb507a4d5e5cf6480fc23bf78d7f85767554dd34084,2026-09-23T19:30:31+00:00
698,RCAEval recursive service-fault CSV windows,RE2/RE2-OB/checkoutservice_loss/2/metrics.csv,6814208,sha256 calculado,a8d3c0ea36fdd15b3b73424e815612135c2a9a5c98d98b4a880176487864e257,2026-09-23T19:30:31+00:00
699,RCAEval recursive service-fault CSV windows,RE2/RE2-OB/checkoutservice_loss/2/simple_metrics.csv,1192186,sha256 calculado,2fef12b78a19201c4cb4c462f4cb2b5e810a05e865b7e31932d0d01ed2b430b5,2026-09-23T19:30:31+00:00
700,RCAEval recursive service-fault CSV windows,RE2/RE2-OB/checkoutservice_loss/2/traces.csv,74202523,sha256 calculado,56f101440c0e932c4af2d5e803bbf16f8fa18ddf11dd474a30d7a5f17ae90261,2026-09-23T19:30:31+00:00
701,RCAEval recursive service-fault CSV windows,RE2/RE2-OB/checkoutservice_loss/2/tracets_err.csv,8098,sha256 calculado,de54cc4b031053d29eee598cfe617787ccf804bed50b05f60f760b4cb8a534da,2026-09-23T19:30:31+00:00
702,RCAEval recursive service-fault CSV windows,RE2/RE2-OB/checkoutservice_loss/2/tracets_lat.csv,5848,sha256 calculado,ab54f3ee05ba0e527cc7c13ea2fdbe43821ccc43e5ec16b90320465edfad1aa4,2026-09-23T19:30:31+00:00
703,RCAEval recursive service-fault CSV windows,RE2/RE2-OB/checkoutservice_loss/3/logs.csv,15866241,sha256 calculado,1e7d5c9b7cdeed8c0827d7069e451b6781213bcd1b32e90db7faca55dca3f9d5,2026-09-23T19:30:31+00:00
704,RCAEval recursive service-fault CSV windows,RE2/RE2-OB/checkoutservice_loss/3/logts.csv,10977,sha256 calculado,0206778225a35332e397a7fb7ad2b74b664e612e673d8f7d1206252374d88117,2026-09-23T19:30:31+00:00
705,RCAEval recursive service-fault CSV windows,RE2/RE2-OB/checkoutservice_loss/3/metrics.csv,6635146,sha256 calculado,4a71cd98726baaf57801aedd97888862711fd513836e889fa387a9d05c0e4ffa,2026-09-23T19:30:32+00:00
706,RCAEval recursive service-fault CSV windows,RE2/RE2-OB/checkoutservice_loss/3/simple_metrics.csv,1187327,sha256 calculado,7061684cbff459226fd71c9f34c758e63770b0f4845fb0aabe033bda1a40acef,2026-09-23T19:30:32+00:00
707,RCAEval recursive service-fault CSV windows,RE2/RE2-OB/checkoutservice_loss/3/traces.csv,73551307,sha256 calculado,710571bd17adb65803eec04f86b729d7e6e2fa181fbda37603508fc9da96dd77,2026-09-23T19:30:32+00:00
708,RCAEval recursive service-fault CSV windows,RE2/RE2-OB/checkoutservice_loss/3/tracets_err.csv,8098,sha256 calculado,248895be9f0b6a8718571fd16f572bc9889e2ea9aef17812601919760e1df2de,2026-09-23T19:30:32+00:00
709,RCAEval recursive service-fault CSV windows,RE2/RE2-OB/checkoutservice_loss/3/tracets_lat.csv,6038,sha256 calculado,c50c8d9ee5f1e01362997c467b69b5b7b12f7eae11e0fbd0ff589db0bc9ba0da,2026-09-23T19:30:32+00:00
710,RCAEval recursive service-fault CSV windows,RE2/RE2-OB/checkoutservice_mem/1/logs.csv,24494482,sha256 calculado,6b7172169391119e0e142b393b5149f09e83bacff467338879ab859f754ea812,2026-09-23T19:30:32+00:00
711,RCAEval recursive service-fault CSV windows,RE2/RE2-OB/checkoutservice_mem/1/logts.csv,9965,sha256 calculado,7f5fb0aff9b1b9db821af385e705a79aa24eb913a045b2cd7e0a680de166f43c,2026-09-23T19:30:32+00:00
712,RCAEval recursive service-fault CSV windows,RE2/RE2-OB/checkoutservice_mem/1/metrics.csv,6797485,sha256 calculado,54cacbab8632785cc880372cbd8b7791e4aeae74ef6ccb993b1b35fe4de6eba9,2026-09-23T19:30:32+00:00
713,RCAEval recursive service-fault CSV windows,RE2/RE2-OB/checkoutservice_mem/1/simple_metrics.csv,1186175,sha256 calculado,bd5e5ed33a01e64bccf69ad66d116b61e8e271752cdbeccd0a9bba965f969d7d,2026-09-23T19:30:32+00:00
714,RCAEval recursive service-fault CSV windows,RE2/RE2-OB/checkoutservice_mem/1/traces.csv,74180251,sha256 calculado,fc9bfa4f554b9a1c96cac0dc820037c003dc1bd98fa7428a17202652dd60760b,2026-09-23T19:30:32+00:00
715,RCAEval recursive service-fault CSV windows,RE2/RE2-OB/checkoutservice_mem/1/tracets_err.csv,8113,sha256 calculado,69de3a1696d689bf1d15f15ecc205cee6fc2d9b534068307aa7bfdf2a64bc709,2026-09-23T19:30:32+00:00
716,RCAEval recursive service-fault CSV windows,RE2/RE2-OB/checkoutservice_mem/1/tracets_lat.csv,4868,sha256 calculado,5d9281ac3202bd8d8765da0d1a3ab1f730053be6db837e4e1bb8739bbee3c4a6,2026-09-23T19:30:32+00:00
717,RCAEval recursive service-fault CSV windows,RE2/RE2-OB/checkoutservice_mem/2/logs.csv,11022943,sha256 calculado,6ee1bd39d2a9f29726021f067e64845f9b87f9f68115c09e87d0c80c55f370bf,2026-09-23T19:30:32+00:00
718,RCAEval recursive service-fault CSV windows,RE2/RE2-OB/checkoutservice_mem/2/logts.csv,7715,sha256 calculado,d52ba901a14e0056d0b80bcf46e20721bd327ca6914fe792c96b3e847fdb4dc8,2026-09-23T19:30:32+00:00
719,RCAEval recursive service-fault CSV windows,RE2/RE2-OB/checkoutservice_mem/2/metrics.csv,5048726,sha256 calculado,754b83b34eef738190aa50f90f236177cbcd7dda38b879b3dde842c4c0c6d6a3,2026-09-23T19:30:32+00:00
720,RCAEval recursive service-fault CSV windows,RE2/RE2-OB/checkoutservice_mem/2/simple_metrics.csv,886053,sha256 calculado,59a58b633e2661ec580ce26ac24087a7eb664afa51ada6311b0d618952f06478,2026-09-23T19:30:32+00:00
721,RCAEval recursive service-fault CSV windows,RE2/RE2-OB/checkoutservice_mem/2/traces.csv,59766022,sha256 calculado,402876267d270441a69bad164105bcac57f19c11435906004fd19c0b5544578d,2026-09-23T19:30:32+00:00
722,RCAEval recursive service-fault CSV windows,RE2/RE2-OB/checkoutservice_mem/2/tracets_err.csv,6534,sha256 calculado,2f5b9ba66f987658755007347bcc93647a3f1a6df98818cb5a27afe77cdf2367,2026-09-23T19:30:32+00:00
723,RCAEval recursive service-fault CSV windows,RE2/RE2-OB/checkoutservice_mem/2/tracets_lat.csv,4061,sha256 calculado,6119ea01ff9f4c79a2e5c2aa2ba27441d688cc2f0ad276e952229c4603d48441,2026-09-23T19:30:32+00:00
724,RCAEval recursive service-fault CSV windows,RE2/RE2-OB/checkoutservice_mem/3/logs.csv,16019940,sha256 calculado,bbad4c9c2f1f3e9133d8596353799d3ab4d63b8f8bf65a37d1367da6add4967f,2026-09-23T19:30:33+00:00
725,RCAEval recursive service-fault CSV windows,RE2/RE2-OB/checkoutservice_mem/3/logts.csv,9875,sha256 calculado,9fac92fb0b25efe968c6684609ba06306642d1bcfd2226c117639ef91afff50f,2026-09-23T19:30:33+00:00
726,RCAEval recursive service-fault CSV windows,RE2/RE2-OB/checkoutservice_mem/3/metrics.csv,6893110,sha256 calculado,ec9b66bb1d3402bbf196fa8aaf527b16a4ed10a33f9b1c9507c5f2db2a50679d,2026-09-23T19:30:33+00:00
727,RCAEval recursive service-fault CSV windows,RE2/RE2-OB/checkoutservice_mem/3/simple_metrics.csv,1210102,sha256 calculado,edc75fec68b3bb33fbfbd5af31b0c1b17652fc5d6f478cd0de3a2f7a42b2417d,2026-09-23T19:30:33+00:00
728,RCAEval recursive service-fault CSV windows,RE2/RE2-OB/checkoutservice_mem/3/traces.csv,74582606,sha256 calculado,9f272b495f8bf155822457f009e94bd6073fa2cab4f293c17f61c93c5e29d28a,2026-09-23T19:30:33+00:00
729,RCAEval recursive service-fault CSV windows,RE2/RE2-OB/checkoutservice_mem/3/tracets_err.csv,8098,sha256 calculado,8bd0f3bc419d5c010f988dbd331d76a7a5b8af6cb6139b4cd62e7e2158621d2f,2026-09-23T19:30:33+00:00
730,RCAEval recursive service-fault CSV windows,RE2/RE2-OB/checkoutservice_mem/3/tracets_lat.csv,5931,sha256 calculado,98e79724b1b94b424750dfbbc96dffdc9d60b06d8923f6c430f5d149e8411c6e,2026-09-23T19:30:33+00:00
731,RCAEval recursive service-fault CSV windows,RE2/RE2-OB/checkoutservice_socket/1/logs.csv,15878281,sha256 calculado,30e12fd8b0c4d7d88e09c0414ebfc7db2b51f84dbb7e08bf67072a7dfdba1350,2026-09-23T19:30:33+00:00
732,RCAEval recursive service-fault CSV windows,RE2/RE2-OB/checkoutservice_socket/1/logts.csv,9925,sha256 calculado,8fddf6de5835fe1dab37ad19d8601fa85050ddf4ab607cf43263422887fb1519,2026-09-23T19:30:33+00:00
733,RCAEval recursive service-fault CSV windows,RE2/RE2-OB/checkoutservice_socket/1/metrics.csv,6875263,sha256 calculado,dd827a35073e45bd4cae28debdc73334b8fbc500d8ed77e2aa2a53092abd8579,2026-09-23T19:30:33+00:00
734,RCAEval recursive service-fault CSV windows,RE2/RE2-OB/checkoutservice_socket/1/simple_metrics.csv,1191574,sha256 calculado,b55ebae478ba114814190cc357a4023fe29d00c7b500f8aba5dfc17acab02b78,2026-09-23T19:30:33+00:00
735,RCAEval recursive service-fault CSV windows,RE2/RE2-OB/checkoutservice_socket/1/traces.csv,73855091,sha256 calculado,b68a298bea4853d5ce9e067874fc843701338cb3c7eb7b9ab5756cfefe8d2771,2026-09-23T19:30:33+00:00
736,RCAEval recursive service-fault CSV windows,RE2/RE2-OB/checkoutservice_socket/1/tracets_err.csv,8095,sha256 calculado,a822138a4d7ea5b286befa2aa9208d0245591d2d1376adbcf9ecd8df8ddbf5ee,2026-09-23T19:30:33+00:00
737,RCAEval recursive service-fault CSV windows,RE2/RE2-OB/checkoutservice_socket/1/tracets_lat.csv,6132,sha256 calculado,4c32f91f338c6870c670bcf422d023fe98e0dec2f85aa6f6f01e193fd9352f81,2026-09-23T19:30:33+00:00
738,RCAEval recursive service-fault CSV windows,RE2/RE2-OB/checkoutservice_socket/2/logs.csv,15888474,sha256 calculado,eb0b6c1d2c610b1317045c3904b1ec7e4f4664c7e44c597ecff1ffa2dd405fa6,2026-09-23T19:30:33+00:00
739,RCAEval recursive service-fault CSV windows,RE2/RE2-OB/checkoutservice_socket/2/logts.csv,9985,sha256 calculado,c684dab35a98011a1481db7fff077b35eb5717fce4cd86622cf89c4fa725e021,2026-09-23T19:30:33+00:00
740,RCAEval recursive service-fault CSV windows,RE2/RE2-OB/checkoutservice_socket/2/metrics.csv,6867658,sha256 calculado,769ece700b369f248b307999523203a323b3bc749a3cb1559f2d65e79b235d5d,2026-09-23T19:30:33+00:00
741,RCAEval recursive service-fault CSV windows,RE2/RE2-OB/checkoutservice_socket/2/simple_metrics.csv,1191262,sha256 calculado,3b39b96430a79d14da2d858c52cccb94497130bd9fe6cd1a1cfa52d00e00338d,2026-09-23T19:30:33+00:00
742,RCAEval recursive service-fault CSV windows,RE2/RE2-OB/checkoutservice_socket/2/traces.csv,73946903,sha256 calculado,fcdad661bd776e83b787dd0a2042c009a9d18d1892f78dc58dc183b2ceb273af,2026-09-23T19:30:34+00:00
743,RCAEval recursive service-fault CSV windows,RE2/RE2-OB/checkoutservice_socket/2/tracets_err.csv,8113,sha256 calculado,a400089726e90e2a2f40755e9dfb38656509efef87d77631d082a81fe95956bd,2026-09-23T19:30:34+00:00
744,RCAEval recursive service-fault CSV windows,RE2/RE2-OB/checkoutservice_socket/2/tracets_lat.csv,4993,sha256 calculado,e74ae9406895b61744fe77dcc16b79efedf6642f47aa43fe9a186524f57e9d6a,2026-09-23T19:30:34+00:00
745,RCAEval recursive service-fault CSV windows,RE2/RE2-OB/checkoutservice_socket/3/logs.csv,16047245,sha256 calculado,000f7f1fb19e1b0620416e36e4ef640ef49ddd99e6eaf3e455aa7b7761095725,2026-09-23T19:30:34+00:00
746,RCAEval recursive service-fault CSV windows,RE2/RE2-OB/checkoutservice_socket/3/logts.csv,9910,sha256 calculado,b6a551e9500bd90fd45898eb5012185f3310a36cc7223aa186f69b6b4212a9a9,2026-09-23T19:30:34+00:00
747,RCAEval recursive service-fault CSV windows,RE2/RE2-OB/checkoutservice_socket/3/metrics.csv,6864671,sha256 calculado,ccd6b9fcf6112c266b287db5b631e65164d747d86fc97531c02e3dcbdeff33ae,2026-09-23T19:30:34+00:00
748,RCAEval recursive service-fault CSV windows,RE2/RE2-OB/checkoutservice_socket/3/simple_metrics.csv,1195100,sha256 calculado,cd3d1b5ecc83d7875b71c631448628be24f04796abb82269c2609e205291f7fa,2026-09-23T19:30:34+00:00
749,RCAEval recursive service-fault CSV windows,RE2/RE2-OB/checkoutservice_socket/3/traces.csv,74608170,sha256 calculado,4cf7b8a7b04834ea1b6e49b2606363615564be2a007681382931cc0bc831a9e8,2026-09-23T19:30:34+00:00
750,RCAEval recursive service-fault CSV windows,RE2/RE2-OB/checkoutservice_socket/3/tracets_err.csv,8113,sha256 calculado,c81422538aef7579327173d3597004aff399e2653c1e545cfd9f8db50b154aa3,2026-09-23T19:30:34+00:00
751,RCAEval recursive service-fault CSV windows,RE2/RE2-OB/checkoutservice_socket/3/tracets_lat.csv,5002,sha256 calculado,9db4a5151f4a5fdd0106e135cfa6fcc6767eb3013c32a19676dcbd70133c8bfa,2026-09-23T19:30:34+00:00
752,RCAEval recursive service-fault CSV windows,RE2/RE2-OB/currencyservice_cpu/1/logs.csv,15763352,sha256 calculado,ce7a5aa084e272a86af1c0a363ccc6c79db16b8fe9bbf8a57687d5cd4d623858,2026-09-23T19:30:34+00:00
753,RCAEval recursive service-fault CSV windows,RE2/RE2-OB/currencyservice_cpu/1/logts.csv,9928,sha256 calculado,949d8ca8a9faa55177c78f38b0ddcff2d4128b2189af0f499521c580360fc04f,2026-09-23T19:30:34+00:00
754,RCAEval recursive service-fault CSV windows,RE2/RE2-OB/currencyservice_cpu/1/metrics.csv,6862362,sha256 calculado,fa91d94002e4ddea68e5b038d32fc23895e7c766778bcb8680f23026da56e8ef,2026-09-23T19:30:34+00:00
755,RCAEval recursive service-fault CSV windows,RE2/RE2-OB/currencyservice_cpu/1/simple_metrics.csv,1193340,sha256 calculado,5ff8afff319b0b01336342e16e60f640187053b30263b56bd37069ce6b75e19d,2026-09-23T19:30:34+00:00
756,RCAEval recursive service-fault CSV windows,RE2/RE2-OB/currencyservice_cpu/1/traces.csv,73388958,sha256 calculado,063d186e012b24c79e83e3a319a31477856093d06a9bcffe8cadc7a285487df8,2026-09-23T19:30:34+00:00
757,RCAEval recursive service-fault CSV windows,RE2/RE2-OB/currencyservice_cpu/1/tracets_err.csv,8113,sha256 calculado,9967cbcd9dbf4e3026e1a695116cb31e584855d91189e9c51eb4a39ca41096ae,2026-09-23T19:30:34+00:00
758,RCAEval recursive service-fault CSV windows,RE2/RE2-OB/currencyservice_cpu/1/tracets_lat.csv,4871,sha256 calculado,8d3d97cbc56e444c42022ab957bed4ec7da5b2d26a13ef479f39e99c631a321a,2026-09-23T19:30:34+00:00
759,RCAEval recursive service-fault CSV windows,RE2/RE2-OB/currencyservice_cpu/2/logs.csv,15707051,sha256 calculado,22866faffb69d6a899844e66c42fb0370c03fbf8bffd4cf636196916a2dcafd9,2026-09-23T19:30:34+00:00
760,RCAEval recursive service-fault CSV windows,RE2/RE2-OB/currencyservice_cpu/2/logts.csv,9901,sha256 calculado,6393e991e595e3fb37decf30479c4aabe2522d19f27025e470e816d75549b94d,2026-09-23T19:30:34+00:00
761,RCAEval recursive service-fault CSV windows,RE2/RE2-OB/currencyservice_cpu/2/metrics.csv,6832794,sha256 calculado,79aa296812f66dc29aa7ba407f626c1cd10c9213b454859138cde5c60c1dcb1b,2026-09-23T19:30:34+00:00
762,RCAEval recursive service-fault CSV windows,RE2/RE2-OB/currencyservice_cpu/2/simple_metrics.csv,1181432,sha256 calculado,33794125bf0fcbafa81797f241a915733c0e3bf819394d6704c23657964ee7a8,2026-09-23T19:30:34+00:00
763,RCAEval recursive service-fault CSV windows,RE2/RE2-OB/currencyservice_cpu/2/traces.csv,73264458,sha256 calculado,949837153351d794be14f99ee1e73891451235c352930a75540241e8f6b72999,2026-09-23T19:30:35+00:00
764,RCAEval recursive service-fault CSV windows,RE2/RE2-OB/currencyservice_cpu/2/tracets_err.csv,8113,sha256 calculado,aadfdf97a76f2de3ea74178279a52c4ad0ef30cd72ed7cac9eeab702afddd915,2026-09-23T19:30:35+00:00
765,RCAEval recursive service-fault CSV windows,RE2/RE2-OB/currencyservice_cpu/2/tracets_lat.csv,4865,sha256 calculado,1b1df648716cd9ca011795b02efe5aa705e3f2374d50294eb81cb908ead9fc4c,2026-09-23T19:30:35+00:00
766,RCAEval recursive service-fault CSV windows,RE2/RE2-OB/currencyservice_cpu/3/logs.csv,15832352,sha256 calculado,8de6494eadf7188541b2a56d13572a3433848dd1448418ab5fad329e905d2ee0,2026-09-23T19:30:35+00:00
767,RCAEval recursive service-fault CSV windows,RE2/RE2-OB/currencyservice_cpu/3/logts.csv,9886,sha256 calculado,d1c6e58e0cdb0319dc759375bef51e890b77b80243954d7a6bee5f1df1ef0225,2026-09-23T19:30:35+00:00
768,RCAEval recursive service-fault CSV windows,RE2/RE2-OB/currencyservice_cpu/3/metrics.csv,6845346,sha256 calculado,555672ee8d8c760438a119d3950d238e0b550d82afd0349896d87abf948ef252,2026-09-23T19:30:35+00:00
769,RCAEval recursive service-fault CSV windows,RE2/RE2-OB/currencyservice_cpu/3/simple_metrics.csv,1192228,sha256 calculado,3785693e3fc29ff05a7a09a375ea8a1ee9be5fa1bfa0a3916a06887fe065eadd,2026-09-23T19:30:35+00:00
770,RCAEval recursive service-fault CSV windows,RE2/RE2-OB/currencyservice_cpu/3/traces.csv,73799339,sha256 calculado,6e8ecb8eead562b0e62b2eb9eb1082e3326cbf8648e23b75932d0f5c8c19ed01,2026-09-23T19:30:35+00:00
771,RCAEval recursive service-fault CSV windows,RE2/RE2-OB/currencyservice_cpu/3/tracets_err.csv,8095,sha256 calculado,2d4419bb5f5e3a5c2cdd1ec4bcbda3f53cb8865bbeade17c8e1c3fb19ba576ce,2026-09-23T19:30:35+00:00
772,RCAEval recursive service-fault CSV windows,RE2/RE2-OB/currencyservice_cpu/3/tracets_lat.csv,6008,sha256 calculado,c82954656bd19c1ca10ed1e8249060f45c15cb4dd8bde113a26295f522d28577,2026-09-23T19:30:35+00:00
773,RCAEval recursive service-fault CSV windows,RE2/RE2-OB/currencyservice_delay/1/logs.csv,14553345,sha256 calculado,8b341f1ccc859f9eb399bc2e4ba0645ead564f65ad95f3281cb3a55a468e3007,2026-09-23T19:30:35+00:00
774,RCAEval recursive service-fault CSV windows,RE2/RE2-OB/currencyservice_delay/1/logts.csv,9845,sha256 calculado,8c60e4a69bc587fe858c7131e046916f54c01f7b6995f0bea92f4866e37ea73b,2026-09-23T19:30:35+00:00
775,RCAEval recursive service-fault CSV windows,RE2/RE2-OB/currencyservice_delay/1/metrics.csv,6837311,sha256 calculado,31e8662f01866d8392e99d568cf4c27ebfd4cf895b1236aa3e5b24b9a040c58f,2026-09-23T19:30:35+00:00
776,RCAEval recursive service-fault CSV windows,RE2/RE2-OB/currencyservice_delay/1/simple_metrics.csv,1190133,sha256 calculado,be8a7432293dec2a289f769c34742bc295be481bc59d555c9dff23d5974c6ad6,2026-09-23T19:30:35+00:00
777,RCAEval recursive service-fault CSV windows,RE2/RE2-OB/currencyservice_delay/1/traces.csv,70123628,sha256 calculado,a54500d025c8c32674faae5cf3fe40822aa9e3e470ff6b1a570a25fc0eb0e140,2026-09-23T19:30:35+00:00
778,RCAEval recursive service-fault CSV windows,RE2/RE2-OB/currencyservice_delay/1/tracets_err.csv,8113,sha256 calculado,967bd716329d5159846d1a42fef6aab5e00eb0e2b36f365e81bb9ccd58bb2848,2026-09-23T19:30:35+00:00
779,RCAEval recursive service-fault CSV windows,RE2/RE2-OB/currencyservice_delay/1/tracets_lat.csv,4885,sha256 calculado,3aae68347e5db3bd9da40947e92f85b5c689448ba483fe5b3a96358d5e15da77,2026-09-23T19:30:35+00:00
780,RCAEval recursive service-fault CSV windows,RE2/RE2-OB/currencyservice_delay/2/logs.csv,10842741,sha256 calculado,f4b04a43e63b35b722c9e2fdf1c60058ba50be5c66878c9c47a4fc7649f7eb7f,2026-09-23T19:30:35+00:00
781,RCAEval recursive service-fault CSV windows,RE2/RE2-OB/currencyservice_delay/2/logts.csv,9100,sha256 calculado,9889ebe98b80a137143b0f77a143983a852cdd74a8d4140dc5454cd39e67b9b3,2026-09-23T19:30:35+00:00
782,RCAEval recursive service-fault CSV windows,RE2/RE2-OB/currencyservice_delay/2/metrics.csv,6830998,sha256 calculado,69fc26d7ac53f9efa42fc7836b531ce4893e77c757ecf1672d6480ab70f3b3f2,2026-09-23T19:30:35+00:00
783,RCAEval recursive service-fault CSV windows,RE2/RE2-OB/currencyservice_delay/2/simple_metrics.csv,1186247,sha256 calculado,d127ab4c779dfc06ff7a172ac07460a28f377545d49b589b7cddf5d69507390c,2026-09-23T19:30:35+00:00
784,RCAEval recursive service-fault CSV windows,RE2/RE2-OB/currencyservice_delay/2/traces.csv,70520200,sha256 calculado,810a99b9cfbc3002f06c18de2ed1f09c163ae0a25df742adad26e06b455a0467,2026-09-23T19:30:36+00:00
785,RCAEval recursive service-fault CSV windows,RE2/RE2-OB/currencyservice_delay/2/tracets_err.csv,8113,sha256 calculado,4d18a99e82bcd0960cf4f98d6e2191cea9c61db92ef78218ab80e6a4567a0b5c,2026-09-23T19:30:36+00:00
786,RCAEval recursive service-fault CSV windows,RE2/RE2-OB/currencyservice_delay/2/tracets_lat.csv,4893,sha256 calculado,a035fbd9e3c09fbbe8e53801db84c3192ac7b6c75c053ea77a01492a04e33627,2026-09-23T19:30:36+00:00
787,RCAEval recursive service-fault CSV windows,RE2/RE2-OB/currencyservice_delay/3/logs.csv,10717405,sha256 calculado,16f54ee0a7cc89c38ad795db0dde4c0c50e877b15a18f857b695891913076182,2026-09-23T19:30:36+00:00
788,RCAEval recursive service-fault CSV windows,RE2/RE2-OB/currencyservice_delay/3/logts.csv,9045,sha256 calculado,18e9216f39ad8aa1db18d3837c9b8ca44b7d3a1d64789a65f8f8e842127af70c,2026-09-23T19:30:36+00:00
789,RCAEval recursive service-fault CSV windows,RE2/RE2-OB/currencyservice_delay/3/metrics.csv,6848546,sha256 calculado,c2e27f961a845b73f95b15b8a359e9a17e656d8f21b563f1ca100701189f5324,2026-09-23T19:30:36+00:00
790,RCAEval recursive service-fault CSV windows,RE2/RE2-OB/currencyservice_delay/3/simple_metrics.csv,1196330,sha256 calculado,310d0237568a517d36bf10130d339d05dc9d932b1a39528245c83240c56017fa,2026-09-23T19:30:36+00:00
791,RCAEval recursive service-fault CSV windows,RE2/RE2-OB/currencyservice_delay/3/traces.csv,69288233,sha256 calculado,ac498638ac96bbe5a0f27bda22460036dfa98346201fdf2fe0a211607f81236f,2026-09-23T19:30:36+00:00
792,RCAEval recursive service-fault CSV windows,RE2/RE2-OB/currencyservice_delay/3/tracets_err.csv,8113,sha256 calculado,c16549688719749a31c36eb634e3950117b7cba90faf61a9b884606d2df31ff1,2026-09-23T19:30:36+00:00
793,RCAEval recursive service-fault CSV windows,RE2/RE2-OB/currencyservice_delay/3/tracets_lat.csv,4897,sha256 calculado,0e78a550ab4fbd96cb056ed496757a78f217644e1161adf6e35e19fb4c45840e,2026-09-23T19:30:36+00:00
794,RCAEval recursive service-fault CSV windows,RE2/RE2-OB/currencyservice_disk/1/logs.csv,21629878,sha256 calculado,25d73b433462edcc22deb77895e0accf28cd470d1fd49180181cc59265094b6d,2026-09-23T19:30:36+00:00
795,RCAEval recursive service-fault CSV windows,RE2/RE2-OB/currencyservice_disk/1/logts.csv,9788,sha256 calculado,970452fca869255d85b79fbe87205e752b677727dc86e9de22b08888648f7a80,2026-09-23T19:30:36+00:00
796,RCAEval recursive service-fault CSV windows,RE2/RE2-OB/currencyservice_disk/1/metrics.csv,6861684,sha256 calculado,7be406f3e9815e70191b6e8b925dc89ccf072f9bd4374a9df62f545af51f23aa,2026-09-23T19:30:36+00:00
797,RCAEval recursive service-fault CSV windows,RE2/RE2-OB/currencyservice_disk/1/simple_metrics.csv,1196943,sha256 calculado,3ccce977d5cae34da91bf9cc679e4eee979d3d330faf6d62c313479cc9f7b455,2026-09-23T19:30:36+00:00
798,RCAEval recursive service-fault CSV windows,RE2/RE2-OB/currencyservice_disk/1/traces.csv,66046489,sha256 calculado,dc098c518db7fe1152c5b914f66ae3a34df0772624447d8b692066fca7a4ecf4,2026-09-23T19:30:36+00:00
799,RCAEval recursive service-fault CSV windows,RE2/RE2-OB/currencyservice_disk/1/tracets_err.csv,8113,sha256 calculado,2dbba9464a93eac790c80c1beb4354364019fe3a589f9b30e3119c420da5bf46,2026-09-23T19:30:36+00:00
800,RCAEval recursive service-fault CSV windows,RE2/RE2-OB/currencyservice_disk/1/tracets_lat.csv,4957,sha256 calculado,319fc3466edff7bf59c073f0e78f042d61b0c067e5f8fc36fd67b61c51f9572a,2026-09-23T19:30:36+00:00
801,RCAEval recursive service-fault CSV windows,RE2/RE2-OB/currencyservice_disk/2/logs.csv,15544167,sha256 calculado,b90d2ccac12f6433074752a0c2d0c6f3ba24d9253880bed00089231a118a4b15,2026-09-23T19:30:36+00:00
802,RCAEval recursive service-fault CSV windows,RE2/RE2-OB/currencyservice_disk/2/logts.csv,9909,sha256 calculado,017aa30e64bc591dafaae5bc82b55c5430b9cbcdfee0570ac159583abafaefae,2026-09-23T19:30:36+00:00
803,RCAEval recursive service-fault CSV windows,RE2/RE2-OB/currencyservice_disk/2/metrics.csv,6947350,sha256 calculado,ea57e0c1204245a90a83821a420559fad17d28d1e3aebeecdd2daf626a626dec,2026-09-23T19:30:36+00:00
804,RCAEval recursive service-fault CSV windows,RE2/RE2-OB/currencyservice_disk/2/simple_metrics.csv,1211609,sha256 calculado,11e6234e33d3b56331eadb640cfb55bc19d73b2f1522a10af203797cc4330c8a,2026-09-23T19:30:36+00:00
805,RCAEval recursive service-fault CSV windows,RE2/RE2-OB/currencyservice_disk/2/traces.csv,72400661,sha256 calculado,5de5e501ae1b0eddf5d8f815168a26e74a1b68f78aa6156fa32e30499afd30b5,2026-09-23T19:30:36+00:00
806,RCAEval recursive service-fault CSV windows,RE2/RE2-OB/currencyservice_disk/2/tracets_err.csv,8110,sha256 calculado,d954a068ce9f00931e657f8881220e5b322f4384489b5583e6364ec0657f9776,2026-09-23T19:30:37+00:00
807,RCAEval recursive service-fault CSV windows,RE2/RE2-OB/currencyservice_disk/2/tracets_lat.csv,5131,sha256 calculado,dd3771679cef82d0776425f03f57d2a057261c4cf2327ce66d379f41b0025382,2026-09-23T19:30:37+00:00
808,RCAEval recursive service-fault CSV windows,RE2/RE2-OB/currencyservice_disk/3/logs.csv,15780107,sha256 calculado,d03f181ccbc6ce27fbc4e6f844bc01a0510a5aff525212956610c0d64c513c66,2026-09-23T19:30:37+00:00
809,RCAEval recursive service-fault CSV windows,RE2/RE2-OB/currencyservice_disk/3/logts.csv,9921,sha256 calculado,eaae4f7589adb41857a9fe3f98c65be692b778c6d8541bb1787f2098b270e6ce,2026-09-23T19:30:37+00:00
810,RCAEval recursive service-fault CSV windows,RE2/RE2-OB/currencyservice_disk/3/metrics.csv,6937045,sha256 calculado,e8d7296ff1c16c7513f0c2ebdc8a89fa27de9952922cfcb3804d5d4bf3f82a33,2026-09-23T19:30:37+00:00
811,RCAEval recursive service-fault CSV windows,RE2/RE2-OB/currencyservice_disk/3/simple_metrics.csv,1206385,sha256 calculado,02e9a0b8fb996048dffba124786ac60598ffd64be0d6c1e732916ecfe3b8fa8b,2026-09-23T19:30:37+00:00
812,RCAEval recursive service-fault CSV windows,RE2/RE2-OB/currencyservice_disk/3/traces.csv,73718434,sha256 calculado,a848b286a1da89aea1a8e866e4e9b54d5b25ad5752803fd52366c67a13e8a8ec,2026-09-23T19:30:37+00:00
813,RCAEval recursive service-fault CSV windows,RE2/RE2-OB/currencyservice_disk/3/tracets_err.csv,8113,sha256 calculado,2c82e3405deca502e39518424bd2e9511a9ef9bf1ce1ed2e1ab97ec1072b9295,2026-09-23T19:30:37+00:00
814,RCAEval recursive service-fault CSV windows,RE2/RE2-OB/currencyservice_disk/3/tracets_lat.csv,4940,sha256 calculado,4c5cc14591496d131950f4001ba8c54097a6efd3266287c5a177759487300eaa,2026-09-23T19:30:37+00:00
815,RCAEval recursive service-fault CSV windows,RE2/RE2-OB/currencyservice_loss/1/logs.csv,18152000,sha256 calculado,816201d1193515dd5c8b6716af1adb058914504dfa744257b302c33d0972755f,2026-09-23T19:30:37+00:00
816,RCAEval recursive service-fault CSV windows,RE2/RE2-OB/currencyservice_loss/1/logts.csv,12978,sha256 calculado,199015dc401d3b4d5692105a7dcfeeee16a695d428846796376a5f284783148d,2026-09-23T19:30:37+00:00
817,RCAEval recursive service-fault CSV windows,RE2/RE2-OB/currencyservice_loss/1/metrics.csv,6689440,sha256 calculado,333626d5e7b3eafbfa4360f182afd1be0ef04fa425f09eff156b86c5bb10fc69,2026-09-23T19:30:37+00:00
818,RCAEval recursive service-fault CSV windows,RE2/RE2-OB/currencyservice_loss/1/simple_metrics.csv,1157622,sha256 calculado,531dc73332d5999aef9f4347093f0ba4271ebde689f81802d396c8eb6cf923b0,2026-09-23T19:30:37+00:00
819,RCAEval recursive service-fault CSV windows,RE2/RE2-OB/currencyservice_loss/1/traces.csv,52172256,sha256 calculado,ce4c36ece2559c36799401cc8a4cade54080f82545459a70531ee4062740993b,2026-09-23T19:30:37+00:00
820,RCAEval recursive service-fault CSV windows,RE2/RE2-OB/currencyservice_loss/1/tracets_err.csv,8011,sha256 calculado,04c995ee7e2538e72791d5910f9cf6b64058d8180c207ca91f5bb824357ed490,2026-09-23T19:30:37+00:00
821,RCAEval recursive service-fault CSV windows,RE2/RE2-OB/currencyservice_loss/1/tracets_lat.csv,6231,sha256 calculado,d8f23bdd4570be08e8ecea5fa87ce4a7cb9cc1ac77d7ecc564731a74816fd628,2026-09-23T19:30:37+00:00
822,RCAEval recursive service-fault CSV windows,RE2/RE2-OB/currencyservice_loss/2/logs.csv,11516793,sha256 calculado,a3583a78cdfaa6311877a9a71957eda2632d333e53bec84e3ea1c0a18706a190,2026-09-23T19:30:37+00:00
823,RCAEval recursive service-fault CSV windows,RE2/RE2-OB/currencyservice_loss/2/logts.csv,10615,sha256 calculado,46fb552fda9451073b55dbd58b933cf097af194d9383658473bbbd8a9986e2c4,2026-09-23T19:30:37+00:00
824,RCAEval recursive service-fault CSV windows,RE2/RE2-OB/currencyservice_loss/2/metrics.csv,6884296,sha256 calculado,91da57c6f0ef8b3a2468a4600f33c28036a1bd48b5b2acee949d97f252d7b353,2026-09-23T19:30:37+00:00
825,RCAEval recursive service-fault CSV windows,RE2/RE2-OB/currencyservice_loss/2/simple_metrics.csv,1204924,sha256 calculado,9be5445b05a29a2c83e118f98506ed23dca493f238d2b5b4a38aec5f069e4278,2026-09-23T19:30:37+00:00
826,RCAEval recursive service-fault CSV windows,RE2/RE2-OB/currencyservice_loss/2/traces.csv,66728349,sha256 calculado,15a33ccbdeca96e14f408df8c34f679eee329d15703461d15ef3f7cdbd34e2a8,2026-09-23T19:30:38+00:00
827,RCAEval recursive service-fault CSV windows,RE2/RE2-OB/currencyservice_loss/2/tracets_err.csv,8116,sha256 calculado,507da51b4fa05031bc28f7876f40a97863ad0f61f9f610daddbcc87d567f154a,2026-09-23T19:30:38+00:00
828,RCAEval recursive service-fault CSV windows,RE2/RE2-OB/currencyservice_loss/2/tracets_lat.csv,4943,sha256 calculado,f95cb2092d3ef642d43aa29d8c4a8d75b8ca8af145a865d0414c7d3a3c35e7b1,2026-09-23T19:30:38+00:00
829,RCAEval recursive service-fault CSV windows,RE2/RE2-OB/currencyservice_loss/3/logs.csv,13862620,sha256 calculado,55057d389108d9041925d6fae33eb0a0e08790faa63778428102105f66ecdeb1,2026-09-23T19:30:38+00:00
830,RCAEval recursive service-fault CSV windows,RE2/RE2-OB/currencyservice_loss/3/logts.csv,10515,sha256 calculado,556972d460a745e835505f9ec70c5b35642a5a5f751c57afb9bb61b1880cf8f4,2026-09-23T19:30:38+00:00
831,RCAEval recursive service-fault CSV windows,RE2/RE2-OB/currencyservice_loss/3/metrics.csv,6827209,sha256 calculado,46a4f25a4bbc46756ff95dd54d0bd241ca00c7e7d564aa99b012637f94483d8a,2026-09-23T19:30:38+00:00
832,RCAEval recursive service-fault CSV windows,RE2/RE2-OB/currencyservice_loss/3/simple_metrics.csv,1190266,sha256 calculado,ca0d08907437e7853181ea0b097bde994161fc0a498bf9f723a14cee5901bd15,2026-09-23T19:30:38+00:00
833,RCAEval recursive service-fault CSV windows,RE2/RE2-OB/currencyservice_loss/3/traces.csv,64755796,sha256 calculado,cf76401aac4bbe742da32024f23ef5e7f0b3de616e133b8234f1d39c2de97bb5,2026-09-23T19:30:38+00:00
834,RCAEval recursive service-fault CSV windows,RE2/RE2-OB/currencyservice_loss/3/tracets_err.csv,8099,sha256 calculado,69c333e5d7a9ca1aa7ec5509433576a9ed26d3af91ef51b41c0d8fedb876d4a1,2026-09-23T19:30:38+00:00
835,RCAEval recursive service-fault CSV windows,RE2/RE2-OB/currencyservice_loss/3/tracets_lat.csv,6067,sha256 calculado,3d0f555bb08fe8ad7a3236d2d8c9ae1bcb233a01f6ca35f1de0c279560eaee9d,2026-09-23T19:30:38+00:00
836,RCAEval recursive service-fault CSV windows,RE2/RE2-OB/currencyservice_mem/1/logs.csv,22720244,sha256 calculado,936c1ac90cbe66aa8b5a0da10e2e9278c2a83cc9d6a665d7be33ff352156f7d5,2026-09-23T19:30:38+00:00
837,RCAEval recursive service-fault CSV windows,RE2/RE2-OB/currencyservice_mem/1/logts.csv,9871,sha256 calculado,21b97950c8de19b5b7ef1f6728dd63e0eddbc4d64b3ffcf5eefa61b926e51fb6,2026-09-23T19:30:38+00:00
838,RCAEval recursive service-fault CSV windows,RE2/RE2-OB/currencyservice_mem/1/metrics.csv,6733833,sha256 calculado,d61b1f0fffcafbacbbbec161a383d53a408ec48e39975045c7e03a223d229a8d,2026-09-23T19:30:38+00:00
839,RCAEval recursive service-fault CSV windows,RE2/RE2-OB/currencyservice_mem/1/simple_metrics.csv,1174390,sha256 calculado,8719e040a072015a8ec3fc947704a6f6374d82474407d6112b8db4f5ae8e55e9,2026-09-23T19:30:38+00:00
840,RCAEval recursive service-fault CSV windows,RE2/RE2-OB/currencyservice_mem/1/traces.csv,69289671,sha256 calculado,5308c3f838097335de1156fa1d07e8d21b2c41d1f5fd20a34c3cc26b4ff3aa6d,2026-09-23T19:30:38+00:00
841,RCAEval recursive service-fault CSV windows,RE2/RE2-OB/currencyservice_mem/1/tracets_err.csv,8098,sha256 calculado,64b2100e1b2901a6e80a9c1977cd6081169278dd852cadb2a575dd64f412b7e9,2026-09-23T19:30:39+00:00
842,RCAEval recursive service-fault CSV windows,RE2/RE2-OB/currencyservice_mem/1/tracets_lat.csv,5949,sha256 calculado,aac7aafb2ac6e39b24af96a69fec6402a1fde70bbbcb2e36ef9a3d95d397f3bb,2026-09-23T19:30:39+00:00
843,RCAEval recursive service-fault CSV windows,RE2/RE2-OB/currencyservice_mem/2/logs.csv,15175391,sha256 calculado,dadbb3f3fa96cc33c46dfc56f2f48de21bc58f5eefdb2267d2f4218999e7d9ca,2026-09-23T19:30:39+00:00
844,RCAEval recursive service-fault CSV windows,RE2/RE2-OB/currencyservice_mem/2/logts.csv,10265,sha256 calculado,87f33f223b03624a6892d8cef488ee8ffd6195f16f1e596957f63228b1a81f02,2026-09-23T19:30:39+00:00
845,RCAEval recursive service-fault CSV windows,RE2/RE2-OB/currencyservice_mem/2/metrics.csv,6672810,sha256 calculado,7ef5ee9a4f23aa1354b04899ddf02309bf85a54d2a7ba4c64e0094b83c4b358e,2026-09-23T19:30:39+00:00
846,RCAEval recursive service-fault CSV windows,RE2/RE2-OB/currencyservice_mem/2/simple_metrics.csv,1201335,sha256 calculado,616eee2b2d672b019ff612ca87497bc1c8283728069337a64f8d2b8e55535fd1,2026-09-23T19:30:39+00:00
847,RCAEval recursive service-fault CSV windows,RE2/RE2-OB/currencyservice_mem/2/traces.csv,70752566,sha256 calculado,594b0e1fe01e2bdfd893f1a96c9cedc44820b017f67d53c0c735253183f9cb97,2026-09-23T19:30:39+00:00
848,RCAEval recursive service-fault CSV windows,RE2/RE2-OB/currencyservice_mem/2/tracets_err.csv,8119,sha256 calculado,348114314a0b8553be537fad46570dbd215febd38496df69054e07ca651b40c9,2026-09-23T19:30:39+00:00
849,RCAEval recursive service-fault CSV windows,RE2/RE2-OB/currencyservice_mem/2/tracets_lat.csv,4976,sha256 calculado,0fa8ace569c036001335aa56a32f4c62e59fb2a216a729717ff16921c703bf9c,2026-09-23T19:30:39+00:00
850,RCAEval recursive service-fault CSV windows,RE2/RE2-OB/currencyservice_mem/3/logs.csv,15142840,sha256 calculado,ee8874dd92546b1cafce56dee894668f1cc7a8c78df5aaa1ae4ae6201949a9f3,2026-09-23T19:30:39+00:00
851,RCAEval recursive service-fault CSV windows,RE2/RE2-OB/currencyservice_mem/3/logts.csv,10319,sha256 calculado,00d82a3bf03988a2e983c7c26dcfc27d6aab3a1ccd3bef7c7c824096bc992b28,2026-09-23T19:30:39+00:00
852,RCAEval recursive service-fault CSV windows,RE2/RE2-OB/currencyservice_mem/3/metrics.csv,6851496,sha256 calculado,5e52362a89bf9e4e17b81487d7b0135f375ce065f96890c0ad9bf107599387ef,2026-09-23T19:30:39+00:00
853,RCAEval recursive service-fault CSV windows,RE2/RE2-OB/currencyservice_mem/3/simple_metrics.csv,1195621,sha256 calculado,b2981dbf1227af8f2301cf96ddada2ad81d901db765bfdea6b0093384c952647,2026-09-23T19:30:39+00:00
854,RCAEval recursive service-fault CSV windows,RE2/RE2-OB/currencyservice_mem/3/traces.csv,70370974,sha256 calculado,957d18ff0c968fdfb7ee4f4ebdaf52bc1ff57b7348507d28a235ea9c450ed2d0,2026-09-23T19:30:39+00:00
855,RCAEval recursive service-fault CSV windows,RE2/RE2-OB/currencyservice_mem/3/tracets_err.csv,8124,sha256 calculado,d6d7aaf4878f9eb4c5d5853bad44ab4ad5d17754159f7a62529d42323640803d,2026-09-23T19:30:39+00:00
856,RCAEval recursive service-fault CSV windows,RE2/RE2-OB/currencyservice_mem/3/tracets_lat.csv,4985,sha256 calculado,c4ea53dcc20266e5ddc6b685583a9e510bd6dccc6f76adf46836dbbe5c12d135,2026-09-23T19:30:39+00:00
857,RCAEval recursive service-fault CSV windows,RE2/RE2-OB/currencyservice_socket/1/logs.csv,24433159,sha256 calculado,62ac286849890072c70a3a7d438e96e6d5dea62683ef8bcb63ea799e32ba146c,2026-09-23T19:30:39+00:00
858,RCAEval recursive service-fault CSV windows,RE2/RE2-OB/currencyservice_socket/1/logts.csv,9958,sha256 calculado,30814ecf5fbab9510743f4611cd95550581486909e6a2172e1aadda87cb4c5c5,2026-09-23T19:30:39+00:00
859,RCAEval recursive service-fault CSV windows,RE2/RE2-OB/currencyservice_socket/1/metrics.csv,6764424,sha256 calculado,0be16ada1de1b9383e35c85f1140275166745b3cf1ba7a63cf844c18cc68f160,2026-09-23T19:30:40+00:00
860,RCAEval recursive service-fault CSV windows,RE2/RE2-OB/currencyservice_socket/1/simple_metrics.csv,1182545,sha256 calculado,09f74623726f0538cf23e15b95d790404e271124c162afb800ace93236ab2cbb,2026-09-23T19:30:40+00:00
861,RCAEval recursive service-fault CSV windows,RE2/RE2-OB/currencyservice_socket/1/traces.csv,74266150,sha256 calculado,6b0208c93571f004eb0f8ea87bd840fbfa9681b8c3454656a59752d6a5b08f5d,2026-09-23T19:30:40+00:00
862,RCAEval recursive service-fault CSV windows,RE2/RE2-OB/currencyservice_socket/1/tracets_err.csv,8092,sha256 calculado,448c866070e825967693f6e6f575022a29dd3d0ddd5d522753b5c398d82e9377,2026-09-23T19:30:40+00:00
863,RCAEval recursive service-fault CSV windows,RE2/RE2-OB/currencyservice_socket/1/tracets_lat.csv,6314,sha256 calculado,2333a566b2ec041df6cf1fd1d9b685b50343ceea9fdc0692d145ad1c2a794b1e,2026-09-23T19:30:40+00:00
864,RCAEval recursive service-fault CSV windows,RE2/RE2-OB/currencyservice_socket/2/logs.csv,15640016,sha256 calculado,54debf0be43674acf34680d5f4d966918bc568666b1466df76e04356049099cd,2026-09-23T19:30:40+00:00
865,RCAEval recursive service-fault CSV windows,RE2/RE2-OB/currencyservice_socket/2/logts.csv,9860,sha256 calculado,153ff73dc04b9b15bc5c6d68084b22561d5fd15ab41b3371dab05f2b02632e58,2026-09-23T19:30:40+00:00
866,RCAEval recursive service-fault CSV windows,RE2/RE2-OB/currencyservice_socket/2/metrics.csv,6862767,sha256 calculado,84cfb59bb267019d52756dd0024154e3626cdfb038096046ef1976c22b766f38,2026-09-23T19:30:40+00:00
867,RCAEval recursive service-fault CSV windows,RE2/RE2-OB/currencyservice_socket/2/simple_metrics.csv,1197046,sha256 calculado,99143a0b1c4dd5fc422227894219c45194dafe7e03dd1944218bf2fb5b181a23,2026-09-23T19:30:40+00:00
868,RCAEval recursive service-fault CSV windows,RE2/RE2-OB/currencyservice_socket/2/traces.csv,73087672,sha256 calculado,cf51518279468f4f9a99152c3e344f659907e5296d876a91d77a1f2588b34304,2026-09-23T19:30:40+00:00
869,RCAEval recursive service-fault CSV windows,RE2/RE2-OB/currencyservice_socket/2/tracets_err.csv,8113,sha256 calculado,7c2b584076d60d5c82b4a9e8ea9b47df86cd7372e00367e104d8f88875c8919b,2026-09-23T19:30:40+00:00
870,RCAEval recursive service-fault CSV windows,RE2/RE2-OB/currencyservice_socket/2/tracets_lat.csv,4908,sha256 calculado,7574af2b6e5e4d1be21df3d799119574f39528bf78a054cfe9a95d240d2660f7,2026-09-23T19:30:40+00:00
871,RCAEval recursive service-fault CSV windows,RE2/RE2-OB/currencyservice_socket/3/logs.csv,15662682,sha256 calculado,e7d843cb6473820dede7eb2d4177b7c85d47c8d7b9db2e0826f35a20bd0dac23,2026-09-23T19:30:40+00:00
872,RCAEval recursive service-fault CSV windows,RE2/RE2-OB/currencyservice_socket/3/logts.csv,9923,sha256 calculado,300ca3d269af5067dbaf8bf1c79cff20b0ff27512e5a288ebb27ebfed523a6ac,2026-09-23T19:30:40+00:00
873,RCAEval recursive service-fault CSV windows,RE2/RE2-OB/currencyservice_socket/3/metrics.csv,6863879,sha256 calculado,becc49ce382762890257dd7227f6c222e67d36418c84206e4ea34ef8325ede67,2026-09-23T19:30:40+00:00
874,RCAEval recursive service-fault CSV windows,RE2/RE2-OB/currencyservice_socket/3/simple_metrics.csv,1198404,sha256 calculado,9e3bc2e7aa3cd523872d32ab5b621bcadc7bd58f40ab2ff726160ae189c6ca97,2026-09-23T19:30:40+00:00
875,RCAEval recursive service-fault CSV windows,RE2/RE2-OB/currencyservice_socket/3/traces.csv,72796826,sha256 calculado,9ba01aa98d8278e43982b642423293074ae7e8827bf67f03d854df97e380faf2,2026-09-23T19:30:41+00:00
876,RCAEval recursive service-fault CSV windows,RE2/RE2-OB/currencyservice_socket/3/tracets_err.csv,8113,sha256 calculado,977c57cff96a44eac63e795cd418432101ec51395793d56b3af864da9738ce45,2026-09-23T19:30:41+00:00
877,RCAEval recursive service-fault CSV windows,RE2/RE2-OB/currencyservice_socket/3/tracets_lat.csv,4953,sha256 calculado,272e72a0f60fdc0f49d144753123b4cbe901772b5f1f3332d1a13db6370aaf57,2026-09-23T19:30:41+00:00
878,RCAEval recursive service-fault CSV windows,RE2/RE2-OB/emailservice_cpu/1/logs.csv,23450993,sha256 calculado,8f0f7525e821704f44a1a0be647062afaafe4be6efaaa6e365674c23f4fd226e,2026-09-23T19:30:41+00:00
879,RCAEval recursive service-fault CSV windows,RE2/RE2-OB/emailservice_cpu/1/logts.csv,9842,sha256 calculado,0999bee0fd4be89a97e078d721a88881c9754072e95c9875bc31100be44d4366,2026-09-23T19:30:41+00:00
880,RCAEval recursive service-fault CSV windows,RE2/RE2-OB/emailservice_cpu/1/metrics.csv,6805056,sha256 calculado,e7d84aa95e3e5fc9ed2eb9142d58f21f18ae499d8650ecce412f62c523b568bd,2026-09-23T19:30:41+00:00
881,RCAEval recursive service-fault CSV windows,RE2/RE2-OB/emailservice_cpu/1/simple_metrics.csv,1190756,sha256 calculado,d6f8c7ce91e8e1fe68f29c46537f9d683a86055849e7da5af7c59d7ae33fb6cd,2026-09-23T19:30:41+00:00
882,RCAEval recursive service-fault CSV windows,RE2/RE2-OB/emailservice_cpu/1/traces.csv,71713904,sha256 calculado,b93d2a9bdb46870b09fd67f60603d9888c55d7362864fc1b6a2a7af216515502,2026-09-23T19:30:41+00:00
883,RCAEval recursive service-fault CSV windows,RE2/RE2-OB/emailservice_cpu/1/tracets_err.csv,8034,sha256 calculado,0b0170908f14e6006e891e4b5620ee04cb2b8a7bc8a7c5cff621d1da797d878d,2026-09-23T19:30:41+00:00
884,RCAEval recursive service-fault CSV windows,RE2/RE2-OB/emailservice_cpu/1/tracets_lat.csv,4837,sha256 calculado,eaec7652c6362a27a4dad9c3a38d7e8b516016dea5f92f81f45a0655d29ccd1a,2026-09-23T19:30:41+00:00
885,RCAEval recursive service-fault CSV windows,RE2/RE2-OB/emailservice_cpu/2/logs.csv,16132746,sha256 calculado,26bddb0acc2387080ad7a5fda2b5d300aa8a22695b5d8fa131b1c9cf1a1e2bd9,2026-09-23T19:30:41+00:00
886,RCAEval recursive service-fault CSV windows,RE2/RE2-OB/emailservice_cpu/2/logts.csv,9950,sha256 calculado,7a66633dcaa5d03efc981d5866d805389d6cf3ac5e6cf69e54fb951e66cea26f,2026-09-23T19:30:41+00:00
887,RCAEval recursive service-fault CSV windows,RE2/RE2-OB/emailservice_cpu/2/metrics.csv,6865812,sha256 calculado,052a203e4c84e22df98982837c2dc6f69c2c5e31b7325fa3cf5941d061468cba,2026-09-23T19:30:41+00:00
888,RCAEval recursive service-fault CSV windows,RE2/RE2-OB/emailservice_cpu/2/simple_metrics.csv,1200685,sha256 calculado,055136cbaf3ad6ff945aa596d139ad705e745c39c9f3fbdd874663a04da9da3f,2026-09-23T19:30:41+00:00
889,RCAEval recursive service-fault CSV windows,RE2/RE2-OB/emailservice_cpu/2/traces.csv,74931944,sha256 calculado,41cdd0960e92b8b0797810d9b98919ab17aa266c7c95079e806f9c4fcf268614,2026-09-23T19:30:41+00:00
890,RCAEval recursive service-fault CSV windows,RE2/RE2-OB/emailservice_cpu/2/tracets_err.csv,8095,sha256 calculado,5c5851a68cc0bacc199147247956fc8c005b54f955faa04ad3f8e224f22a663f,2026-09-23T19:30:41+00:00
891,RCAEval recursive service-fault CSV windows,RE2/RE2-OB/emailservice_cpu/2/tracets_lat.csv,6158,sha256 calculado,483aedeccb01051466c87f65461f521185a39cd33bc36d7f57c093ac1227fc38,2026-09-23T19:30:41+00:00
892,RCAEval recursive service-fault CSV windows,RE2/RE2-OB/emailservice_cpu/3/logs.csv,16207736,sha256 calculado,a4d814a67b49893e56b64a41b80c4e4d1c0bf989625c97ae346103edb4db3bff,2026-09-23T19:30:41+00:00
893,RCAEval recursive service-fault CSV windows,RE2/RE2-OB/emailservice_cpu/3/logts.csv,9875,sha256 calculado,fe771321568aa911c74c0708b9d4f48fee767c3d4cdcb251d13ed09f99536d3d,2026-09-23T19:30:41+00:00
894,RCAEval recursive service-fault CSV windows,RE2/RE2-OB/emailservice_cpu/3/metrics.csv,6881479,sha256 calculado,df190536cad375a305535ab9e9b618b60312d8e23fa50d4242c5a14f0fb77993,2026-09-23T19:30:41+00:00
895,RCAEval recursive service-fault CSV windows,RE2/RE2-OB/emailservice_cpu/3/simple_metrics.csv,1199994,sha256 calculado,716db914712eb21a76fa2577926cff8a66c360673cbecfb95f4a08c13dac2050,2026-09-23T19:30:41+00:00
896,RCAEval recursive service-fault CSV windows,RE2/RE2-OB/emailservice_cpu/3/traces.csv,75404122,sha256 calculado,6d8902c341b7898777f9835f15ef39ceb56a510e47759798bd37ae49643f3194,2026-09-23T19:30:42+00:00
897,RCAEval recursive service-fault CSV windows,RE2/RE2-OB/emailservice_cpu/3/tracets_err.csv,8113,sha256 calculado,ec8b1b7c02429bb79162e9703558c2de909ff80c5a47362ec8be198670093700,2026-09-23T19:30:42+00:00
898,RCAEval recursive service-fault CSV windows,RE2/RE2-OB/emailservice_cpu/3/tracets_lat.csv,5000,sha256 calculado,7a1a113fa1cb3a3a2dfc46c721956e5bcaa89ce834336def3763214468d9db4e,2026-09-23T19:30:42+00:00
899,RCAEval recursive service-fault CSV windows,RE2/RE2-OB/emailservice_delay/1/logs.csv,15964154,sha256 calculado,0ef738bca3596379f568be1b361f0f9c2a379ed5f74e3e6896edb5b661a185d3,2026-09-23T19:30:42+00:00
900,RCAEval recursive service-fault CSV windows,RE2/RE2-OB/emailservice_delay/1/logts.csv,9899,sha256 calculado,09b228dac88a3c6afb0832d56f3f4211d82544274e4b880c0a84e9791fccecbe,2026-09-23T19:30:42+00:00
901,RCAEval recursive service-fault CSV windows,RE2/RE2-OB/emailservice_delay/1/metrics.csv,6672693,sha256 calculado,9c4e43956f578a0da87f03e4c9c3aaade977cda9e6d8bd0d0fcd2a76a3033bdc,2026-09-23T19:30:42+00:00
902,RCAEval recursive service-fault CSV windows,RE2/RE2-OB/emailservice_delay/1/simple_metrics.csv,1197117,sha256 calculado,a36de92ae5cc60e098e52276c22566d2c4f61ec0debb92e327ad023d562faf74,2026-09-23T19:30:42+00:00
903,RCAEval recursive service-fault CSV windows,RE2/RE2-OB/emailservice_delay/1/traces.csv,74202625,sha256 calculado,d3c0f0af8f778c913bd4210cec6d9042f7842770fc4bf26e92544f59403a67fb,2026-09-23T19:30:42+00:00
904,RCAEval recursive service-fault CSV windows,RE2/RE2-OB/emailservice_delay/1/tracets_err.csv,8113,sha256 calculado,1bd75dce3ef52315967d4023d0b0dca5dc255443ba386bee251df3631f302f2e,2026-09-23T19:30:42+00:00
905,RCAEval recursive service-fault CSV windows,RE2/RE2-OB/emailservice_delay/1/tracets_lat.csv,5006,sha256 calculado,acca1ca8caaea2fe41ea395c1c8c7f59b1e307d38d1ec83eb3c36479786e4b5b,2026-09-23T19:30:42+00:00
906,RCAEval recursive service-fault CSV windows,RE2/RE2-OB/emailservice_delay/2/logs.csv,16004463,sha256 calculado,c8832055dac1a80d39ed0855020a631bf4fa4505bf1b660f715c79557f79d872,2026-09-23T19:30:42+00:00
907,RCAEval recursive service-fault CSV windows,RE2/RE2-OB/emailservice_delay/2/logts.csv,9928,sha256 calculado,d7c5cf52ef7e9f16160ba473ea5c098e7abb3f0b8e514c80a007af3a8212b871,2026-09-23T19:30:42+00:00
908,RCAEval recursive service-fault CSV windows,RE2/RE2-OB/emailservice_delay/2/metrics.csv,6677814,sha256 calculado,115830dfcab0555bc8e04b54659dece1996e7502857bffcb3f7e819dab61ec24,2026-09-23T19:30:42+00:00
909,RCAEval recursive service-fault CSV windows,RE2/RE2-OB/emailservice_delay/2/simple_metrics.csv,1200056,sha256 calculado,2e8dfe9d427d1331cecf63f1a94884fb38b01aa943e928274cd3ec0b137fb10f,2026-09-23T19:30:42+00:00
910,RCAEval recursive service-fault CSV windows,RE2/RE2-OB/emailservice_delay/2/traces.csv,74175433,sha256 calculado,ce44531f004c1293f380f7ebeb96037fc3f947b325f25e03a06d27d86b866694,2026-09-23T19:30:42+00:00
911,RCAEval recursive service-fault CSV windows,RE2/RE2-OB/emailservice_delay/2/tracets_err.csv,8113,sha256 calculado,5e015ee3cf6bb65f2a7fba52b07498bfc48302b4cd3ac25ef057fe0833050ab6,2026-09-23T19:30:42+00:00
912,RCAEval recursive service-fault CSV windows,RE2/RE2-OB/emailservice_delay/2/tracets_lat.csv,5007,sha256 calculado,bd33367db8db9b201bf4ebbc67fe202e24bea981b118b777493034b50f69cdff,2026-09-23T19:30:42+00:00
913,RCAEval recursive service-fault CSV windows,RE2/RE2-OB/emailservice_delay/3/logs.csv,16032575,sha256 calculado,9c5e06dee39c17f56c906d78ef73f0023fdc81438eeb8f5c0a5b320df9a79f04,2026-09-23T19:30:42+00:00
914,RCAEval recursive service-fault CSV windows,RE2/RE2-OB/emailservice_delay/3/logts.csv,9922,sha256 calculado,f5a9ff8fa9507a4f343a45a93a1a3b34f746b179a8de48e739fb91eadb5b0cf1,2026-09-23T19:30:42+00:00
915,RCAEval recursive service-fault CSV windows,RE2/RE2-OB/emailservice_delay/3/metrics.csv,6684494,sha256 calculado,7eefc53dab73d6f4f96a4ec1adaa2846927ab1fa9ddcc3df95d5bfd9f70e1082,2026-09-23T19:30:42+00:00
916,RCAEval recursive service-fault CSV windows,RE2/RE2-OB/emailservice_delay/3/simple_metrics.csv,1206319,sha256 calculado,3a790a0984e2c07d9bf6e2f414aa6141b27428a9273f941933208dfd80c639e7,2026-09-23T19:30:42+00:00
917,RCAEval recursive service-fault CSV windows,RE2/RE2-OB/emailservice_delay/3/traces.csv,74424979,sha256 calculado,918506b05fb0df06fb88cee140dc30c1a2530b789027d272d159d1b94274b60e,2026-09-23T19:30:43+00:00
918,RCAEval recursive service-fault CSV windows,RE2/RE2-OB/emailservice_delay/3/tracets_err.csv,8113,sha256 calculado,731fad3ae981e039df05ce2ddde4e333d19c18b3f35f79a4bbe6c33caddabfd8,2026-09-23T19:30:43+00:00
919,RCAEval recursive service-fault CSV windows,RE2/RE2-OB/emailservice_delay/3/tracets_lat.csv,5004,sha256 calculado,ca087c4630efb6f016da1cf72614613a855cb06ff339edef51f8669cac16fd2a,2026-09-23T19:30:43+00:00
920,RCAEval recursive service-fault CSV windows,RE2/RE2-OB/emailservice_disk/1/logs.csv,23126827,sha256 calculado,9cd6460fe91263ba49bd566b32036d77258d9e583e6aeb257a642be0086a8664,2026-09-23T19:30:43+00:00
921,RCAEval recursive service-fault CSV windows,RE2/RE2-OB/emailservice_disk/1/logts.csv,9853,sha256 calculado,68b3d539473577a7f5c04c18ca3f106b6a6e688e3e92ed321255c7a6408ddc32,2026-09-23T19:30:43+00:00
922,RCAEval recursive service-fault CSV windows,RE2/RE2-OB/emailservice_disk/1/metrics.csv,6895187,sha256 calculado,273fad475dbc60f9302dbbab128814ffa0e6c0a2112915468e36874e8ec50e9f,2026-09-23T19:30:43+00:00
923,RCAEval recursive service-fault CSV windows,RE2/RE2-OB/emailservice_disk/1/simple_metrics.csv,1204531,sha256 calculado,a72d853a9313c45d07ee2b435ef62c385d7adec5413612f1bdb003786ead9f5a,2026-09-23T19:30:43+00:00
924,RCAEval recursive service-fault CSV windows,RE2/RE2-OB/emailservice_disk/1/traces.csv,70719745,sha256 calculado,162f4ba255b3584a7e463d0d9f66701764c2679828f66a3c1137113ffdeebad0,2026-09-23T19:30:43+00:00
925,RCAEval recursive service-fault CSV windows,RE2/RE2-OB/emailservice_disk/1/tracets_err.csv,8113,sha256 calculado,907103883bcf468ca4b738d2d5faab47f7fa3411997691c88f99191354014d82,2026-09-23T19:30:43+00:00
926,RCAEval recursive service-fault CSV windows,RE2/RE2-OB/emailservice_disk/1/tracets_lat.csv,4885,sha256 calculado,be6e9c6d6fc23be8321d1b4d7177ea9a713d06d8d512a21fad2a28c0438ea94d,2026-09-23T19:30:43+00:00
927,RCAEval recursive service-fault CSV windows,RE2/RE2-OB/emailservice_disk/2/logs.csv,16124336,sha256 calculado,cfe4afa14a7e3efeecd535c0282f4d2c0c25a15d5158132947d7d4400050a33e,2026-09-23T19:30:43+00:00
928,RCAEval recursive service-fault CSV windows,RE2/RE2-OB/emailservice_disk/2/logts.csv,9904,sha256 calculado,72c5889f27ec65bcde28a95eb755d59dc1c88199e5289b3579f61f916a3124dd,2026-09-23T19:30:43+00:00
929,RCAEval recursive service-fault CSV windows,RE2/RE2-OB/emailservice_disk/2/metrics.csv,7015502,sha256 calculado,3d70ee33c7c2cb095ee71f702f998c694901e44bf57db00e9b5e55fd3270c6cc,2026-09-23T19:30:43+00:00
930,RCAEval recursive service-fault CSV windows,RE2/RE2-OB/emailservice_disk/2/simple_metrics.csv,1213638,sha256 calculado,815686591a72ded57eaceceae426ff05167b9d63f0300d9fe91041aa3713e3e7,2026-09-23T19:30:43+00:00
931,RCAEval recursive service-fault CSV windows,RE2/RE2-OB/emailservice_disk/2/traces.csv,74813646,sha256 calculado,a0dbecd9a5315238e75f1b0804b5741bd0de9df997edf57dcd5e387d8544b4b9,2026-09-23T19:30:43+00:00
932,RCAEval recursive service-fault CSV windows,RE2/RE2-OB/emailservice_disk/2/tracets_err.csv,8110,sha256 calculado,f48eeb3515a785aa23a794729a37bf664a3c5ca823a705066674f6afdccc6177,2026-09-23T19:30:43+00:00
933,RCAEval recursive service-fault CSV windows,RE2/RE2-OB/emailservice_disk/2/tracets_lat.csv,5198,sha256 calculado,433513ef7c51912e0d11a69dffb4356dd8570a4fcb250b6a6df65b01b3e1ed93,2026-09-23T19:30:43+00:00
934,RCAEval recursive service-fault CSV windows,RE2/RE2-OB/emailservice_disk/3/logs.csv,14567483,sha256 calculado,fc2685b55d3c0812bb7cbf5bfbddfe03cc0cec19575b7a2645f48ceb95006c83,2026-09-23T19:30:43+00:00
935,RCAEval recursive service-fault CSV windows,RE2/RE2-OB/emailservice_disk/3/logts.csv,9094,sha256 calculado,8ea0a045991ed61dad371e43b2bf4057183ccb968899b42c15500b5f86562ae8,2026-09-23T19:30:43+00:00
936,RCAEval recursive service-fault CSV windows,RE2/RE2-OB/emailservice_disk/3/metrics.csv,6784738,sha256 calculado,f4f83366d28efcbcad58de9a8ce68ce1354632b37d1ea4f8072b5712935b6bdd,2026-09-23T19:30:43+00:00
937,RCAEval recursive service-fault CSV windows,RE2/RE2-OB/emailservice_disk/3/simple_metrics.csv,1224807,sha256 calculado,fd4db00d0b9a8ce5e5a967a5c73a20fc3897cfcadaf8fe495b099ff230b0c547,2026-09-23T19:30:43+00:00
938,RCAEval recursive service-fault CSV windows,RE2/RE2-OB/emailservice_disk/3/traces.csv,67547937,sha256 calculado,fb29620cad4056d185c89cdfab691bca75c1f8583af1809b8b978289a864d0b8,2026-09-23T19:30:44+00:00
939,RCAEval recursive service-fault CSV windows,RE2/RE2-OB/emailservice_disk/3/tracets_err.csv,7402,sha256 calculado,d1a82a8a1bb6f0868c05a6f5fa89320fff94b990a92d7617ab6c84ec9632f8c0,2026-09-23T19:30:44+00:00
940,RCAEval recursive service-fault CSV windows,RE2/RE2-OB/emailservice_disk/3/tracets_lat.csv,4566,sha256 calculado,883d842f5a5ea482b99989dadd45de69a93e9b241ee3e0e4d18a7e83609c6e5d,2026-09-23T19:30:44+00:00
941,RCAEval recursive service-fault CSV windows,RE2/RE2-OB/emailservice_loss/1/logs.csv,23254297,sha256 calculado,b0066e92c87c20955f2412937f393a97b41c2b73131fd4ddad9604f6d6a69913,2026-09-23T19:30:44+00:00
942,RCAEval recursive service-fault CSV windows,RE2/RE2-OB/emailservice_loss/1/logts.csv,10939,sha256 calculado,429231d1253e89a1a1c0664bb5a1c49e4a278f48b8a7c00fb3aedad206d376aa,2026-09-23T19:30:44+00:00
943,RCAEval recursive service-fault CSV windows,RE2/RE2-OB/emailservice_loss/1/metrics.csv,6777308,sha256 calculado,fdf0b880a4168df2867ddf3d4558c39f25472673dd4c833780fc5ec425cf57e7,2026-09-23T19:30:44+00:00
944,RCAEval recursive service-fault CSV windows,RE2/RE2-OB/emailservice_loss/1/simple_metrics.csv,1189907,sha256 calculado,5d763108928c7ebd5cfc705b5a6f5d15f1d335a00132bafbc8f204380e84105e,2026-09-23T19:30:44+00:00
945,RCAEval recursive service-fault CSV windows,RE2/RE2-OB/emailservice_loss/1/traces.csv,70611006,sha256 calculado,4c60f4d2dddfdbb4e582c663ddd5a8df49c56a2a97526ddde64b9deb5ceee8ab,2026-09-23T19:30:44+00:00
946,RCAEval recursive service-fault CSV windows,RE2/RE2-OB/emailservice_loss/1/tracets_err.csv,8123,sha256 calculado,838cdb677c4cd1967aa574dd825ce1bf073ef6b1481b2e35a9e607576479f342,2026-09-23T19:30:44+00:00
947,RCAEval recursive service-fault CSV windows,RE2/RE2-OB/emailservice_loss/1/tracets_lat.csv,4878,sha256 calculado,e64941834af464ee949d1bedfc26d00da2114ab565ab8b5e85b1f2ff72632c5b,2026-09-23T19:30:44+00:00
948,RCAEval recursive service-fault CSV windows,RE2/RE2-OB/emailservice_loss/2/logs.csv,16054244,sha256 calculado,abe5fbfd0a3304c47b5ac2b8cad1936756af71494f136995f39a11ac6dd2a3fc,2026-09-23T19:30:44+00:00
949,RCAEval recursive service-fault CSV windows,RE2/RE2-OB/emailservice_loss/2/logts.csv,10962,sha256 calculado,4d77267066af612c1275e0afb19aa22f292c6cd9aad307f22cd40632d4d671a5,2026-09-23T19:30:44+00:00
950,RCAEval recursive service-fault CSV windows,RE2/RE2-OB/emailservice_loss/2/metrics.csv,6693749,sha256 calculado,8e7c1da6b06f2a3d24b017057ef4c3dafcffa3cd3c070c1a5d02114791d5c19b,2026-09-23T19:30:44+00:00
951,RCAEval recursive service-fault CSV windows,RE2/RE2-OB/emailservice_loss/2/simple_metrics.csv,1207105,sha256 calculado,6915d714789783c070e208b9bbef6613cc33f78fc8b158e25104f6f552e3ba0e,2026-09-23T19:30:44+00:00
952,RCAEval recursive service-fault CSV windows,RE2/RE2-OB/emailservice_loss/2/traces.csv,74940766,sha256 calculado,6819b0c8a3bf4fd0a99c7a95d4dc47dba67d20a2553ac23722efbc623dace39c,2026-09-23T19:30:44+00:00
953,RCAEval recursive service-fault CSV windows,RE2/RE2-OB/emailservice_loss/2/tracets_err.csv,8122,sha256 calculado,908b6c5aa22be07ac7a51b418cf7a036be5302daabb2ede3377250796f655578,2026-09-23T19:30:44+00:00
954,RCAEval recursive service-fault CSV windows,RE2/RE2-OB/emailservice_loss/2/tracets_lat.csv,5007,sha256 calculado,c772d8613b48d8f182e3e88230c4beacdd4d8a505d5eca8618836903a007c51c,2026-09-23T19:30:44+00:00
955,RCAEval recursive service-fault CSV windows,RE2/RE2-OB/emailservice_loss/3/logs.csv,15897882,sha256 calculado,091e4f6cb2f87757c334046a79eaa03fcc0406182e56366ad081710dfc47c004,2026-09-23T19:30:44+00:00
956,RCAEval recursive service-fault CSV windows,RE2/RE2-OB/emailservice_loss/3/logts.csv,11010,sha256 calculado,73db38cb5a7049dc8ced236c18209d6b3f744c563c1231dddaf24222ab9e69cd,2026-09-23T19:30:44+00:00
957,RCAEval recursive service-fault CSV windows,RE2/RE2-OB/emailservice_loss/3/metrics.csv,6681017,sha256 calculado,3793aee2764bcabbd603b91e32253a1385b7b1a81bd5191c616106fec1959f5f,2026-09-23T19:30:44+00:00
958,RCAEval recursive service-fault CSV windows,RE2/RE2-OB/emailservice_loss/3/simple_metrics.csv,1204222,sha256 calculado,f7dadcc3860b50a3e8b37b0d2c554937b7e35760d9152d59809e77b2773d35ed,2026-09-23T19:30:44+00:00
959,RCAEval recursive service-fault CSV windows,RE2/RE2-OB/emailservice_loss/3/traces.csv,73632866,sha256 calculado,eb3c2721acaf6494bd71ea60c6e6625693e0fb5f7b46a9a8a098196897093d59,2026-09-23T19:30:45+00:00
960,RCAEval recursive service-fault CSV windows,RE2/RE2-OB/emailservice_loss/3/tracets_err.csv,8117,sha256 calculado,f852e3481e047a9842113efe5c2cb190156ac9c8f0644eaa55826007e7553102,2026-09-23T19:30:45+00:00
961,RCAEval recursive service-fault CSV windows,RE2/RE2-OB/emailservice_loss/3/tracets_lat.csv,5001,sha256 calculado,7e9d67d1338106606a7d18c03de6d2da43266cfab8765bce0b9527f84fb3a1ec,2026-09-23T19:30:45+00:00
962,RCAEval recursive service-fault CSV windows,RE2/RE2-OB/emailservice_mem/1/logs.csv,24317664,sha256 calculado,bca29e694afef33e2ddf0beb60b2d34f1b400bf3bbfe2905182ac33d4d7eb849,2026-09-23T19:30:45+00:00
963,RCAEval recursive service-fault CSV windows,RE2/RE2-OB/emailservice_mem/1/logts.csv,9793,sha256 calculado,db6c998f6d3dd1fa3913831b9c4cff67c14287e96198ed3956032a84f477fd77,2026-09-23T19:30:45+00:00
964,RCAEval recursive service-fault CSV windows,RE2/RE2-OB/emailservice_mem/1/metrics.csv,6775175,sha256 calculado,57732336ced7d7b0f71c43926e24c11daf084e81828e03a9d2efd61cce5d5c7a,2026-09-23T19:30:45+00:00
965,RCAEval recursive service-fault CSV windows,RE2/RE2-OB/emailservice_mem/1/simple_metrics.csv,1183805,sha256 calculado,ee8a2875ae08dc48717a83de64750b23b9671114fc5d98187e1698f2207075a6,2026-09-23T19:30:45+00:00
966,RCAEval recursive service-fault CSV windows,RE2/RE2-OB/emailservice_mem/1/traces.csv,73947368,sha256 calculado,f794867e48fd9998d964652d1272f3c6b681fb4d9466d9283cfea540edf8e907,2026-09-23T19:30:45+00:00
967,RCAEval recursive service-fault CSV windows,RE2/RE2-OB/emailservice_mem/1/tracets_err.csv,8034,sha256 calculado,3a2ec48530dcaa5f169a4771e77e21d2f3a6ae7be37cf6e0c58bab1bccaea04d,2026-09-23T19:30:45+00:00
968,RCAEval recursive service-fault CSV windows,RE2/RE2-OB/emailservice_mem/1/tracets_lat.csv,4929,sha256 calculado,dbccdfd37ab76f3b6668e722fa462ef7520c38baf162d2d9d67f69a868469774,2026-09-23T19:30:45+00:00
969,RCAEval recursive service-fault CSV windows,RE2/RE2-OB/emailservice_mem/2/logs.csv,15976065,sha256 calculado,c9addb73599cc12770af64fc90e3c8227509dfaf65b24a1a1abf97ccc0a52a55,2026-09-23T19:30:45+00:00
970,RCAEval recursive service-fault CSV windows,RE2/RE2-OB/emailservice_mem/2/logts.csv,9921,sha256 calculado,14dd0a018c23091cf3ccef58bb892a7f0973ae1ba6e2d8630ce72f7965a976e1,2026-09-23T19:30:45+00:00
971,RCAEval recursive service-fault CSV windows,RE2/RE2-OB/emailservice_mem/2/metrics.csv,6884382,sha256 calculado,daa609da39117f4b88cde17a8fc156afd9bf157e685fe5b20d7d42086b9fb84c,2026-09-23T19:30:45+00:00
972,RCAEval recursive service-fault CSV windows,RE2/RE2-OB/emailservice_mem/2/simple_metrics.csv,1198133,sha256 calculado,9ef6176a7b7cf45aaedd29a617580bc5c0f5f96e0541e58c1016b588538d9997,2026-09-23T19:30:45+00:00
973,RCAEval recursive service-fault CSV windows,RE2/RE2-OB/emailservice_mem/2/traces.csv,74178959,sha256 calculado,a397455350e058e7ef2d033566530b4bc55f4494c22a55e3b3ab00191d13ee4f,2026-09-23T19:30:45+00:00
974,RCAEval recursive service-fault CSV windows,RE2/RE2-OB/emailservice_mem/2/tracets_err.csv,8113,sha256 calculado,0aad8ecbf695166f0102057b9ee47155bd0ff5745c40424145165bd3cd6167d5,2026-09-23T19:30:45+00:00
975,RCAEval recursive service-fault CSV windows,RE2/RE2-OB/emailservice_mem/2/tracets_lat.csv,5026,sha256 calculado,fc6ba729966fd84cd80188b1009c506edeff65dbefa819e8cd68ef2ca918e45a,2026-09-23T19:30:45+00:00
976,RCAEval recursive service-fault CSV windows,RE2/RE2-OB/emailservice_mem/3/logs.csv,15892222,sha256 calculado,037a7b16c685c1d9f680533dcc2c368b801e4a575a4ede0fa404badfba464869,2026-09-23T19:30:45+00:00
977,RCAEval recursive service-fault CSV windows,RE2/RE2-OB/emailservice_mem/3/logts.csv,9908,sha256 calculado,1602034545936b24ba26b25abf9135c75929418289bf8719e6cf20b575c06ac1,2026-09-23T19:30:45+00:00
978,RCAEval recursive service-fault CSV windows,RE2/RE2-OB/emailservice_mem/3/metrics.csv,6929079,sha256 calculado,e641a8e834a0adb7b540d8f30bcc7dd7412ed5a5dcf15d3bc256b342eb23eaa2,2026-09-23T19:30:45+00:00
979,RCAEval recursive service-fault CSV windows,RE2/RE2-OB/emailservice_mem/3/simple_metrics.csv,1204291,sha256 calculado,c0cf4146003f3ce294f01dc7a892fc031f3384b9f973bbc17ddeeb4b5f885278,2026-09-23T19:30:45+00:00
980,RCAEval recursive service-fault CSV windows,RE2/RE2-OB/emailservice_mem/3/traces.csv,72289943,sha256 calculado,b8d86eee141d9597f5945327d258e47aca67892d1f717250fd6b515a174af176,2026-09-23T19:30:45+00:00
981,RCAEval recursive service-fault CSV windows,RE2/RE2-OB/emailservice_mem/3/tracets_err.csv,8110,sha256 calculado,a831732af4b217a3584303df01e653f5ec898d9e9697b7eefbbbd6c5193b7243,2026-09-23T19:30:45+00:00
982,RCAEval recursive service-fault CSV windows,RE2/RE2-OB/emailservice_mem/3/tracets_lat.csv,5220,sha256 calculado,866221130550c96f956ea6953e8dd95ffb3b205f3130894eeeee4dad1d1c71a9,2026-09-23T19:30:46+00:00
983,RCAEval recursive service-fault CSV windows,RE2/RE2-OB/emailservice_socket/1/logs.csv,16067292,sha256 calculado,3d348c10109f828d693934e06f3e3de1171430b26557be155b8f9dacb49ef535,2026-09-23T19:30:46+00:00
984,RCAEval recursive service-fault CSV windows,RE2/RE2-OB/emailservice_socket/1/logts.csv,9810,sha256 calculado,124c97726605293c2b6563b53b4e08f4686a70b644d397a50c8a5a06b7f541a7,2026-09-23T19:30:46+00:00
985,RCAEval recursive service-fault CSV windows,RE2/RE2-OB/emailservice_socket/1/metrics.csv,6692091,sha256 calculado,53150bdf26500acc8ab4a82028cfa8a2e1a334cf99cb104a4a0da8a8ffa61289,2026-09-23T19:30:46+00:00
986,RCAEval recursive service-fault CSV windows,RE2/RE2-OB/emailservice_socket/1/simple_metrics.csv,1202324,sha256 calculado,84a329fb5b689f3a15d13b8ffeeee853c51da57b43ad17ae360f25b1a6949c10,2026-09-23T19:30:46+00:00
987,RCAEval recursive service-fault CSV windows,RE2/RE2-OB/emailservice_socket/1/traces.csv,74667322,sha256 calculado,24b70fd280ef3e90baf0a5e7e9e49c9c27bbd7e214ebc1557f06dd008de868ce,2026-09-23T19:30:46+00:00
988,RCAEval recursive service-fault CSV windows,RE2/RE2-OB/emailservice_socket/1/tracets_err.csv,8034,sha256 calculado,77bc389aa12a45b80d5d450b34f4e49b2c69b627887dcbe21adc6985e0557f62,2026-09-23T19:30:46+00:00
989,RCAEval recursive service-fault CSV windows,RE2/RE2-OB/emailservice_socket/1/tracets_lat.csv,4960,sha256 calculado,55400b2b3f302d20794d32ebc5c98fb04b73a4dcae869447e20ed9d16e632849,2026-09-23T19:30:46+00:00
990,RCAEval recursive service-fault CSV windows,RE2/RE2-OB/emailservice_socket/2/logs.csv,16177718,sha256 calculado,c3c242e9b8eb1e4ee42ede27fb4b575195da8761849005dc4aec326a27bfea83,2026-09-23T19:30:46+00:00
991,RCAEval recursive service-fault CSV windows,RE2/RE2-OB/emailservice_socket/2/logts.csv,9955,sha256 calculado,0b8f45a320326a695e53855e64cac44b814b00c61b899a6647548551be0daf4d,2026-09-23T19:30:46+00:00
992,RCAEval recursive service-fault CSV windows,RE2/RE2-OB/emailservice_socket/2/metrics.csv,6691275,sha256 calculado,d7c07aa6899d8b07441bcd365dd41761ebf36a6a521a830175d3a366f7ff6e55,2026-09-23T19:30:46+00:00
993,RCAEval recursive service-fault CSV windows,RE2/RE2-OB/emailservice_socket/2/simple_metrics.csv,1201473,sha256 calculado,446988683205c36d594397f1686e9b447edfb469e387c1dd337ce885850558e1,2026-09-23T19:30:46+00:00
994,RCAEval recursive service-fault CSV windows,RE2/RE2-OB/emailservice_socket/2/traces.csv,75032955,sha256 calculado,89070667a1cbfbcbb02d27b095c2815559dcea41811e094cff17bfdaf903de78,2026-09-23T19:30:46+00:00
995,RCAEval recursive service-fault CSV windows,RE2/RE2-OB/emailservice_socket/2/tracets_err.csv,8113,sha256 calculado,9dc18f6c8e4ec4e06a172168a9c18440103c0a9e600aaeb75df0988afd108a59,2026-09-23T19:30:46+00:00
996,RCAEval recursive service-fault CSV windows,RE2/RE2-OB/emailservice_socket/2/tracets_lat.csv,5001,sha256 calculado,7c24410131c6fa1beb2f3d879a8749077b0f4526cdd7a90debe28aca799d5739,2026-09-23T19:30:46+00:00
997,RCAEval recursive service-fault CSV windows,RE2/RE2-OB/emailservice_socket/3/logs.csv,15955716,sha256 calculado,1cba5f138fa9c7c37b8c87d425c2b90c5f0b1079d24b398dec2f3dbefdd10356,2026-09-23T19:30:46+00:00
998,RCAEval recursive service-fault CSV windows,RE2/RE2-OB/emailservice_socket/3/logts.csv,9961,sha256 calculado,14d9aa0a44543afeabe578ee93172154b0b2d0bee17c6f5ab24bf3e8c26753d0,2026-09-23T19:30:46+00:00
999,RCAEval recursive service-fault CSV windows,RE2/RE2-OB/emailservice_socket/3/metrics.csv,6673271,sha256 calculado,8803ff5f8cccfa2d9fd0b9a574927f00a11cc8c181231a20d6fd67737af39e40,2026-09-23T19:30:46+00:00
1000,RCAEval recursive service-fault CSV windows,RE2/RE2-OB/emailservice_socket/3/simple_metrics.csv,1193313,sha256 calculado,256db660748b43aa8b6fed5974d418d9f1d77189e532a9ec0d57f26980505ad2,2026-09-23T19:30:46+00:00
1001,RCAEval recursive service-fault CSV windows,RE2/RE2-OB/emailservice_socket/3/traces.csv,74311795,sha256 calculado,177e9de62f64e88787d01264365f826c1f7bc919edac95a69fb0aae60d92f79e,2026-09-23T19:30:47+00:00
1002,RCAEval recursive service-fault CSV windows,RE2/RE2-OB/emailservice_socket/3/tracets_err.csv,8113,sha256 calculado,b0ba00435a53dbf779f35953ce6e3ff15cc1628f5af613516a8b095f223e598f,2026-09-23T19:30:47+00:00
1003,RCAEval recursive service-fault CSV windows,RE2/RE2-OB/emailservice_socket/3/tracets_lat.csv,5020,sha256 calculado,9ea030e3b11b1f11ea3c4b6a9084116682132c1359d9c7a195e831685d79f474,2026-09-23T19:30:47+00:00
1004,RCAEval recursive service-fault CSV windows,RE2/RE2-OB/productcatalogservice_cpu/1/logs.csv,23559067,sha256 calculado,f8a1480c2d7fe173e81e187dbc973b40570ad167ae4cf04ff1624aad4c9fb09c,2026-09-23T19:30:47+00:00
1005,RCAEval recursive service-fault CSV windows,RE2/RE2-OB/productcatalogservice_cpu/1/logts.csv,9889,sha256 calculado,2746d82e624d75ea8e0088196818bf0f6b030cede89bed8027cf18bc7b9c890e,2026-09-23T19:30:47+00:00
1006,RCAEval recursive service-fault CSV windows,RE2/RE2-OB/productcatalogservice_cpu/1/metrics.csv,6755553,sha256 calculado,4eae6781eae7a8080b49bc6f0c5adee7fe29c2bd668e71244ce8ac14459d7de6,2026-09-23T19:30:47+00:00
1007,RCAEval recursive service-fault CSV windows,RE2/RE2-OB/productcatalogservice_cpu/1/simple_metrics.csv,1172614,sha256 calculado,21feba721063253da567aac56a3c1792d83f7881d4e89ca196456620ebe2ed19,2026-09-23T19:30:47+00:00
1008,RCAEval recursive service-fault CSV windows,RE2/RE2-OB/productcatalogservice_cpu/1/traces.csv,71844304,sha256 calculado,fd171e7ea502182c52eda05ac1e722be9ccb887beadd2b59d85e726fb880293e,2026-09-23T19:30:47+00:00
1009,RCAEval recursive service-fault CSV windows,RE2/RE2-OB/productcatalogservice_cpu/1/tracets_err.csv,8113,sha256 calculado,b3bfaf043aca6c14cc464941e41b89af991fd90526438b460710b6ee4aec1479,2026-09-23T19:30:47+00:00
1010,RCAEval recursive service-fault CSV windows,RE2/RE2-OB/productcatalogservice_cpu/1/tracets_lat.csv,4991,sha256 calculado,210acd60a907881998e19d3a9654022c5bc2eda323626883ed281332afe34678,2026-09-23T19:30:47+00:00
1011,RCAEval recursive service-fault CSV windows,RE2/RE2-OB/productcatalogservice_cpu/2/logs.csv,15678366,sha256 calculado,54b8254692885aea3f7918cc56d0ed954c12855c1c22d12d25d0a3605a6bc772,2026-09-23T19:30:47+00:00
1012,RCAEval recursive service-fault CSV windows,RE2/RE2-OB/productcatalogservice_cpu/2/logts.csv,9854,sha256 calculado,9361c74c785bb85903cee3b4348f7bad6aed007f9c0b8a8005a6308a064badfc,2026-09-23T19:30:47+00:00
1013,RCAEval recursive service-fault CSV windows,RE2/RE2-OB/productcatalogservice_cpu/2/metrics.csv,6789988,sha256 calculado,34e9df2d03b34909fb38debcc80dff6f56685b5115da6475e9b8f593993b30e8,2026-09-23T19:30:47+00:00
1014,RCAEval recursive service-fault CSV windows,RE2/RE2-OB/productcatalogservice_cpu/2/simple_metrics.csv,1180172,sha256 calculado,4caa3d23f8190aa3b6102f71e46c5909385f694ec1c7f0a372ab8f9918531a08,2026-09-23T19:30:47+00:00
1015,RCAEval recursive service-fault CSV windows,RE2/RE2-OB/productcatalogservice_cpu/2/traces.csv,73149430,sha256 calculado,67ad89e3892c36972c49c1344165a52995fbb935147757feadb8ad427f5250cc,2026-09-23T19:30:47+00:00
1016,RCAEval recursive service-fault CSV windows,RE2/RE2-OB/productcatalogservice_cpu/2/tracets_err.csv,8113,sha256 calculado,2e8a06465045bce1f57b281e17d4f53eea22ebc8006e22b2061d69a0ead29ec3,2026-09-23T19:30:47+00:00
1017,RCAEval recursive service-fault CSV windows,RE2/RE2-OB/productcatalogservice_cpu/2/tracets_lat.csv,5058,sha256 calculado,f0ec990059ed11bf0cb404e534ee70b4f4704ee2c9d3ad76ebe764db5daf3616,2026-09-23T19:30:47+00:00
1018,RCAEval recursive service-fault CSV windows,RE2/RE2-OB/productcatalogservice_cpu/3/logs.csv,15895064,sha256 calculado,bb91fbb0eb034bacdf0ec750fe1db4f5617215840247064b085c835008bc1669,2026-09-23T19:30:47+00:00
1019,RCAEval recursive service-fault CSV windows,RE2/RE2-OB/productcatalogservice_cpu/3/logts.csv,9916,sha256 calculado,da0ee09c37dee99143b13385ffe6a57bde472c26837d64c8f3d384da8b18e80d,2026-09-23T19:30:47+00:00
1020,RCAEval recursive service-fault CSV windows,RE2/RE2-OB/productcatalogservice_cpu/3/metrics.csv,6789902,sha256 calculado,8ec200d3bddc583b226d711949176e5a417aa35a1f2759f0d173f3761aac62f6,2026-09-23T19:30:48+00:00
1021,RCAEval recursive service-fault CSV windows,RE2/RE2-OB/productcatalogservice_cpu/3/simple_metrics.csv,1179749,sha256 calculado,05cd4b320f74636484a323f5a39e962fa053416ed474e1ccf5f7f6ed54adff1d,2026-09-23T19:30:48+00:00
1022,RCAEval recursive service-fault CSV windows,RE2/RE2-OB/productcatalogservice_cpu/3/traces.csv,74016432,sha256 calculado,0c8d509fd6dbe8320ae223ef25589a0a6c8d5264b8892ad34f1c4d0a6f699fbf,2026-09-23T19:30:48+00:00
1023,RCAEval recursive service-fault CSV windows,RE2/RE2-OB/productcatalogservice_cpu/3/tracets_err.csv,8113,sha256 calculado,12f99786a9f48f889dc4708f59422fda8b15eacb833e81b5a8e2249e8e485f71,2026-09-23T19:30:48+00:00
1024,RCAEval recursive service-fault CSV windows,RE2/RE2-OB/productcatalogservice_cpu/3/tracets_lat.csv,5072,sha256 calculado,712fe160c524e31c036baee43341d0782756771453d35e95ae33d02d253386e1,2026-09-23T19:30:48+00:00
1025,RCAEval recursive service-fault CSV windows,RE2/RE2-OB/productcatalogservice_delay/1/logs.csv,21931253,sha256 calculado,6fb3b1a86f69bcb0663c8b5a3529253ae88bfde0da32978678d2e5789a501cf2,2026-09-23T19:30:48+00:00
1026,RCAEval recursive service-fault CSV windows,RE2/RE2-OB/productcatalogservice_delay/1/logts.csv,9821,sha256 calculado,2b9cd97d23ecdd8b0adfa9d7ec82b04474f076f6a638f3be10395341186f8c65,2026-09-23T19:30:48+00:00
1027,RCAEval recursive service-fault CSV windows,RE2/RE2-OB/productcatalogservice_delay/1/metrics.csv,6753317,sha256 calculado,89457fba55d2be90af266332da352dbdd3d7da5bc706d608382266f71f11b9b9,2026-09-23T19:30:48+00:00
1028,RCAEval recursive service-fault CSV windows,RE2/RE2-OB/productcatalogservice_delay/1/simple_metrics.csv,1151563,sha256 calculado,965af24e76b006286c5a0db975dcf0ad5a6766858e2771420291269c8bfb7052,2026-09-23T19:30:48+00:00
1029,RCAEval recursive service-fault CSV windows,RE2/RE2-OB/productcatalogservice_delay/1/traces.csv,66783420,sha256 calculado,524cd280cf479c8ac7f9be04bbd95f6bba162a651dd6378f8293ad69a32b600f,2026-09-23T19:30:48+00:00
1030,RCAEval recursive service-fault CSV windows,RE2/RE2-OB/productcatalogservice_delay/1/tracets_err.csv,8113,sha256 calculado,12dcd960981a470d6aa88b15edee997a7ddb83fce95f5f56a54893d5f9ac5f58,2026-09-23T19:30:48+00:00
1031,RCAEval recursive service-fault CSV windows,RE2/RE2-OB/productcatalogservice_delay/1/tracets_lat.csv,4954,sha256 calculado,73152ecc2a1aedc3262e35a530828cc7d95f67ee5938dbc10cbe691932da46c2,2026-09-23T19:30:48+00:00
1032,RCAEval recursive service-fault CSV windows,RE2/RE2-OB/productcatalogservice_delay/2/logs.csv,14267452,sha256 calculado,f91316b34cce77110f5f6ca11aa747b9315e2a52543b38c3606d32e9ee100d99,2026-09-23T19:30:48+00:00
1033,RCAEval recursive service-fault CSV windows,RE2/RE2-OB/productcatalogservice_delay/2/logts.csv,9833,sha256 calculado,3760776f0199cfecf6c37388c3396806c013ff6b874fddadccae74ff9c092550,2026-09-23T19:30:48+00:00
1034,RCAEval recursive service-fault CSV windows,RE2/RE2-OB/productcatalogservice_delay/2/metrics.csv,6799139,sha256 calculado,8d4c4282d1102d466b3eead4d19fb9d945ccd5171cd9a34eb7acaee97a6fdad7,2026-09-23T19:30:48+00:00
1035,RCAEval recursive service-fault CSV windows,RE2/RE2-OB/productcatalogservice_delay/2/simple_metrics.csv,1170313,sha256 calculado,cf4f518d88cbc4232c2299ddbce4e93b7f01fe6bf112cbcef579a3c01be54e63,2026-09-23T19:30:48+00:00
1036,RCAEval recursive service-fault CSV windows,RE2/RE2-OB/productcatalogservice_delay/2/traces.csv,66668551,sha256 calculado,b126b114fb120df7e0c46ee879076d952a7d2f2ec938f61d8f15fe9c530c67e1,2026-09-23T19:30:48+00:00
1037,RCAEval recursive service-fault CSV windows,RE2/RE2-OB/productcatalogservice_delay/2/tracets_err.csv,8113,sha256 calculado,178728b4ebd096e18de8b29f3071ad2b0c1682b35f956b2998a564bb67ad74e9,2026-09-23T19:30:48+00:00
1038,RCAEval recursive service-fault CSV windows,RE2/RE2-OB/productcatalogservice_delay/2/tracets_lat.csv,4939,sha256 calculado,688a39573fc5e82bc6d89deb861d3129a2fff2423a2861d3430e98fe5715cb9d,2026-09-23T19:30:48+00:00
1039,RCAEval recursive service-fault CSV windows,RE2/RE2-OB/productcatalogservice_delay/3/logs.csv,14313673,sha256 calculado,7347543c95b1f8ba7699a6584d066b840ac5a61a5099a412a58744833bd0d9a2,2026-09-23T19:30:49+00:00
1040,RCAEval recursive service-fault CSV windows,RE2/RE2-OB/productcatalogservice_delay/3/logts.csv,9800,sha256 calculado,049ab51025ccb1155b0e47848db37e55d6364a8ef90280a6c09444580a0dbff8,2026-09-23T19:30:49+00:00
1041,RCAEval recursive service-fault CSV windows,RE2/RE2-OB/productcatalogservice_delay/3/metrics.csv,6774604,sha256 calculado,735d94a9a66374e135a8ebe428738c0e4d8b317763902f7cfc5049698eab637c,2026-09-23T19:30:49+00:00
1042,RCAEval recursive service-fault CSV windows,RE2/RE2-OB/productcatalogservice_delay/3/simple_metrics.csv,1167251,sha256 calculado,5d1c77420320569e29c6023434b852023f951faa43b92aa5ad12060a947b1c3b,2026-09-23T19:30:49+00:00
1043,RCAEval recursive service-fault CSV windows,RE2/RE2-OB/productcatalogservice_delay/3/traces.csv,66881504,sha256 calculado,e72c2d355c56734a53179a48ccd7bd8fe0c1176017fc9e709f4e576adc254399,2026-09-23T19:30:49+00:00
1044,RCAEval recursive service-fault CSV windows,RE2/RE2-OB/productcatalogservice_delay/3/tracets_err.csv,8107,sha256 calculado,74142f5d2906eed38587fa079ae559c0c28487547a5018cf375b5afb46ec3f02,2026-09-23T19:30:49+00:00
1045,RCAEval recursive service-fault CSV windows,RE2/RE2-OB/productcatalogservice_delay/3/tracets_lat.csv,5324,sha256 calculado,191698134f563189521dbfd65343fd0e58e1cdbe6cc201053baaf26faed6986c,2026-09-23T19:30:49+00:00
1046,RCAEval recursive service-fault CSV windows,RE2/RE2-OB/productcatalogservice_disk/1/logs.csv,22998711,sha256 calculado,c15197f3677933e16ea8ed61b407a373042d74981990af01052f065d57edc401,2026-09-23T19:30:49+00:00
1047,RCAEval recursive service-fault CSV windows,RE2/RE2-OB/productcatalogservice_disk/1/logts.csv,9845,sha256 calculado,c8d15a801e0cda4a08028b54f58fe8ac7d960a563eb3c9778637cf8296a89b0c,2026-09-23T19:30:49+00:00
1048,RCAEval recursive service-fault CSV windows,RE2/RE2-OB/productcatalogservice_disk/1/metrics.csv,6881570,sha256 calculado,385846f7351a2b26a1ba686fac1ca21fdeeaa96f0301290869a5326080996ecc,2026-09-23T19:30:49+00:00
1049,RCAEval recursive service-fault CSV windows,RE2/RE2-OB/productcatalogservice_disk/1/simple_metrics.csv,1195576,sha256 calculado,452231a11660a4f7b0d5bce6f5d2cc2037269b2c7e8990193c0abec22b843a19,2026-09-23T19:30:49+00:00
1050,RCAEval recursive service-fault CSV windows,RE2/RE2-OB/productcatalogservice_disk/1/traces.csv,70101148,sha256 calculado,0e7512759e15f5cce8e264a88ff0b4a984d47b424d83088623d063208fb8f56c,2026-09-23T19:30:49+00:00
1051,RCAEval recursive service-fault CSV windows,RE2/RE2-OB/productcatalogservice_disk/1/tracets_err.csv,8113,sha256 calculado,eb6c3dc1313b0d43f834ebf7686eb7d5ae7a882c5c680ef0f62431dbfcac8047,2026-09-23T19:30:49+00:00
1052,RCAEval recursive service-fault CSV windows,RE2/RE2-OB/productcatalogservice_disk/1/tracets_lat.csv,5054,sha256 calculado,1aaedaf105b05be201a9af0d64fef5c3d378394d2982e77be6415a281f62a97e,2026-09-23T19:30:49+00:00
1053,RCAEval recursive service-fault CSV windows,RE2/RE2-OB/productcatalogservice_disk/2/logs.csv,15792501,sha256 calculado,0905ae8444fe56b5d26ac680619d08cd9c21f9352e2b7ad8f39b6ef9944dc45f,2026-09-23T19:30:49+00:00
1054,RCAEval recursive service-fault CSV windows,RE2/RE2-OB/productcatalogservice_disk/2/logts.csv,9899,sha256 calculado,6aca77e76b66374fa0b50234d3d00c1386bee990fb03b79dd83e79ce0cddfd47,2026-09-23T19:30:49+00:00
1055,RCAEval recursive service-fault CSV windows,RE2/RE2-OB/productcatalogservice_disk/2/metrics.csv,6901688,sha256 calculado,cf82320779b73de5660d27ab09943db23e07ca2827b8e9d82c8a37fdb9c4862a,2026-09-23T19:30:49+00:00
1056,RCAEval recursive service-fault CSV windows,RE2/RE2-OB/productcatalogservice_disk/2/simple_metrics.csv,1199836,sha256 calculado,8c4d8b50677d5a8503a505df1a476d742da6823682e8c81c39dd122f4e761fa3,2026-09-23T19:30:49+00:00
1057,RCAEval recursive service-fault CSV windows,RE2/RE2-OB/productcatalogservice_disk/2/traces.csv,73595661,sha256 calculado,f10174705c36926539113a879403e7bc2150fecddd9a2c1db6434d3cb53b0bbc,2026-09-23T19:30:49+00:00
1058,RCAEval recursive service-fault CSV windows,RE2/RE2-OB/productcatalogservice_disk/2/tracets_err.csv,8098,sha256 calculado,d32db6db5329b0575bf8ceab079996d5ea3670ba322170dea2231f029b008f7f,2026-09-23T19:30:49+00:00
1059,RCAEval recursive service-fault CSV windows,RE2/RE2-OB/productcatalogservice_disk/2/tracets_lat.csv,6026,sha256 calculado,2c194f8d6fe1e75f60d3cb8bf53555caeb4ea178a2d1c43ebcd7e45a755a642a,2026-09-23T19:30:49+00:00
1060,RCAEval recursive service-fault CSV windows,RE2/RE2-OB/productcatalogservice_disk/3/logs.csv,15735606,sha256 calculado,473d156eecf1a14a90ec594642ac8d8e1ead024d719dae40ffdcd397e8a39faf,2026-09-23T19:30:50+00:00
1061,RCAEval recursive service-fault CSV windows,RE2/RE2-OB/productcatalogservice_disk/3/logts.csv,9965,sha256 calculado,3d6c2ba4d7cf6e163d72bd41e803b6c176e7bf5bd20b129d80ffca739bbb8b76,2026-09-23T19:30:50+00:00
1062,RCAEval recursive service-fault CSV windows,RE2/RE2-OB/productcatalogservice_disk/3/metrics.csv,6722221,sha256 calculado,5999d7c4ceaf0d65e334cd2cc1b5968e9e4eacf88ad900a666cc22d527fc7d96,2026-09-23T19:30:50+00:00
1063,RCAEval recursive service-fault CSV windows,RE2/RE2-OB/productcatalogservice_disk/3/simple_metrics.csv,1195912,sha256 calculado,2fc82af7605072466d65bfdea4011431ab7793aa11c6169789f7917720ea3f42,2026-09-23T19:30:50+00:00
1064,RCAEval recursive service-fault CSV windows,RE2/RE2-OB/productcatalogservice_disk/3/traces.csv,73121908,sha256 calculado,4932abef7f6138098de77866855d66de9d5f143bb453aa14c847e58448f2b4ec,2026-09-23T19:30:50+00:00
1065,RCAEval recursive service-fault CSV windows,RE2/RE2-OB/productcatalogservice_disk/3/tracets_err.csv,8095,sha256 calculado,0905096f6c7c6040d23a9f7c9d740f39114a9af847bbd469e0a2bb783302dd30,2026-09-23T19:30:50+00:00
1066,RCAEval recursive service-fault CSV windows,RE2/RE2-OB/productcatalogservice_disk/3/tracets_lat.csv,6209,sha256 calculado,125e5f14effdcb363a27d0cf6a2068a9e4bc83a06b37b05f035f58afcdc82cff,2026-09-23T19:30:50+00:00
1067,RCAEval recursive service-fault CSV windows,RE2/RE2-OB/productcatalogservice_loss/1/logs.csv,16101311,sha256 calculado,6b73915a1313def9637602e1a65a1e305c7b563996df10080a3fd948c025430e,2026-09-23T19:30:50+00:00
1068,RCAEval recursive service-fault CSV windows,RE2/RE2-OB/productcatalogservice_loss/1/logts.csv,18380,sha256 calculado,6d97bfbf83fc2632ceb3fbd5041c5c59008fb11ce8172681b44f10f799010f32,2026-09-23T19:30:50+00:00
1069,RCAEval recursive service-fault CSV windows,RE2/RE2-OB/productcatalogservice_loss/1/metrics.csv,6715677,sha256 calculado,1f695d3c7472ee168d85758f9f1b55e0780c931ebf51bbf3744fbb2cea8395d4,2026-09-23T19:30:50+00:00
1070,RCAEval recursive service-fault CSV windows,RE2/RE2-OB/productcatalogservice_loss/1/simple_metrics.csv,1152729,sha256 calculado,dd580cc3af30e8579d6610901393a92cb1fd87753e0292a18e9de1cde998b375,2026-09-23T19:30:50+00:00
1071,RCAEval recursive service-fault CSV windows,RE2/RE2-OB/productcatalogservice_loss/1/traces.csv,46491167,sha256 calculado,001a4ea39cf7baac780ab79e41fcbcff3904ca1531e9cffd59cd7154e17bf064,2026-09-23T19:30:50+00:00
1072,RCAEval recursive service-fault CSV windows,RE2/RE2-OB/productcatalogservice_loss/1/tracets_err.csv,7876,sha256 calculado,29db460978e7297213f4f2c3819360b756d21ff9e5d61cd1682d93c85359c2c0,2026-09-23T19:30:50+00:00
1073,RCAEval recursive service-fault CSV windows,RE2/RE2-OB/productcatalogservice_loss/1/tracets_lat.csv,6076,sha256 calculado,96b19bb2a02711753c753819bebf28ca4cb3022aa87e10e15bd47ec5f3d7db30,2026-09-23T19:30:50+00:00
1074,RCAEval recursive service-fault CSV windows,RE2/RE2-OB/productcatalogservice_loss/2/logs.csv,10859725,sha256 calculado,d9a2e82fdb8a75489747a6d325979a5ff4a69aa0a5eaac92d930dc89e3715cfa,2026-09-23T19:30:50+00:00
1075,RCAEval recursive service-fault CSV windows,RE2/RE2-OB/productcatalogservice_loss/2/logts.csv,18584,sha256 calculado,d45aaf26279e4364072d5f66e516372a10b310046ccb122ebd17e45a952262dc,2026-09-23T19:30:50+00:00
1076,RCAEval recursive service-fault CSV windows,RE2/RE2-OB/productcatalogservice_loss/2/metrics.csv,6704757,sha256 calculado,89e00fc6168e47bfeda1cadef9ff02482433ad46102a885b17150acdb9f7108d,2026-09-23T19:30:50+00:00
1077,RCAEval recursive service-fault CSV windows,RE2/RE2-OB/productcatalogservice_loss/2/simple_metrics.csv,1149954,sha256 calculado,19cb9abb5943c01c847c4cb2239fa15a670593a1ad02aba6199f444f47cca8c0,2026-09-23T19:30:50+00:00
1078,RCAEval recursive service-fault CSV windows,RE2/RE2-OB/productcatalogservice_loss/2/traces.csv,47490813,sha256 calculado,1930ff038f9383d5cff65ea6fb8d63222713db77871307f31a5e20d95b9c6a20,2026-09-23T19:30:50+00:00
1079,RCAEval recursive service-fault CSV windows,RE2/RE2-OB/productcatalogservice_loss/2/tracets_err.csv,8026,sha256 calculado,e9a85ffcf4c7c428ae3e000767a4ddfde453877a0bfbc3a00ce94a446a6c16ab,2026-09-23T19:30:50+00:00
1080,RCAEval recursive service-fault CSV windows,RE2/RE2-OB/productcatalogservice_loss/2/tracets_lat.csv,6561,sha256 calculado,ccdccc0fce449a89946298d82dd817f3a8f9ca08ba88f7ae0b0931e9beab5d16,2026-09-23T19:30:50+00:00
1081,RCAEval recursive service-fault CSV windows,RE2/RE2-OB/productcatalogservice_loss/3/logs.csv,13247331,sha256 calculado,d6af6c936cc17f40b27491c01b1c43fd3f95f78ac8f830de849f37fb2c93091b,2026-09-23T19:30:50+00:00
1082,RCAEval recursive service-fault CSV windows,RE2/RE2-OB/productcatalogservice_loss/3/logts.csv,18682,sha256 calculado,ca4a3b90ce8601641514b0d0bb41f17c24cd42848664974c6fc8f0598426cbdc,2026-09-23T19:30:50+00:00
1083,RCAEval recursive service-fault CSV windows,RE2/RE2-OB/productcatalogservice_loss/3/metrics.csv,6759570,sha256 calculado,8bb42f3c167c9c023a897e3e5ceb9bce2e47597c286267372645326454ad747a,2026-09-23T19:30:51+00:00
1084,RCAEval recursive service-fault CSV windows,RE2/RE2-OB/productcatalogservice_loss/3/simple_metrics.csv,1188736,sha256 calculado,b2799cfc69a30b47e4ed30ba8926b1bcf88724fd23f45aa61f5668788a8fd204,2026-09-23T19:30:51+00:00
1085,RCAEval recursive service-fault CSV windows,RE2/RE2-OB/productcatalogservice_loss/3/traces.csv,60989802,sha256 calculado,792a833e733776cb4709d0106cfec6e9f8b768a9ad682a215016b146c9b828be,2026-09-23T19:30:51+00:00
1086,RCAEval recursive service-fault CSV windows,RE2/RE2-OB/productcatalogservice_loss/3/tracets_err.csv,8110,sha256 calculado,6fdd2cc23f9cb40d13f8d5256db6ce25c630fad6bd94b1be19421b3da2830f14,2026-09-23T19:30:51+00:00
1087,RCAEval recursive service-fault CSV windows,RE2/RE2-OB/productcatalogservice_loss/3/tracets_lat.csv,6071,sha256 calculado,10b7135afa014a17ca113ae9fbdf306497eec60a94942770e147ee23c42b96d2,2026-09-23T19:30:51+00:00
1088,RCAEval recursive service-fault CSV windows,RE2/RE2-OB/productcatalogservice_mem/1/logs.csv,19052585,sha256 calculado,f53411dedbe38caed5515d7a5cc7e554046b85daf2bf603590fa72f2f4fff519,2026-09-23T19:30:51+00:00
1089,RCAEval recursive service-fault CSV windows,RE2/RE2-OB/productcatalogservice_mem/1/logts.csv,10830,sha256 calculado,ca35e79ac17d16c79ffba6a332b25b64c7a51e41af4677519663d5ef7a0c222f,2026-09-23T19:30:51+00:00
1090,RCAEval recursive service-fault CSV windows,RE2/RE2-OB/productcatalogservice_mem/1/metrics.csv,6810764,sha256 calculado,fa28c8f7cc58281ca1261173e91ef342f0b8631ef3d2e183ee5004bfc480ba54,2026-09-23T19:30:51+00:00
1091,RCAEval recursive service-fault CSV windows,RE2/RE2-OB/productcatalogservice_mem/1/simple_metrics.csv,1181179,sha256 calculado,957eb1d287b1ce62b350cde0cfde3f6ad8a1559e66210809227349bcdc71fe38,2026-09-23T19:30:51+00:00
1092,RCAEval recursive service-fault CSV windows,RE2/RE2-OB/productcatalogservice_mem/1/traces.csv,57984329,sha256 calculado,6494f64916c047ac38ed582047574646bdc489100874a7eb8aa6f7af205e0907,2026-09-23T19:30:51+00:00
1093,RCAEval recursive service-fault CSV windows,RE2/RE2-OB/productcatalogservice_mem/1/tracets_err.csv,8117,sha256 calculado,726f479a3cc28c838df53f034d3286e6547aea6e6e0cb07cf80b67502b24a097,2026-09-23T19:30:51+00:00
1094,RCAEval recursive service-fault CSV windows,RE2/RE2-OB/productcatalogservice_mem/1/tracets_lat.csv,4994,sha256 calculado,dbff4dcfee30aab8d145b4798e0832beaa1f7684ec1e5323f44c0b24c29a27dc,2026-09-23T19:30:51+00:00
1095,RCAEval recursive service-fault CSV windows,RE2/RE2-OB/productcatalogservice_mem/2/logs.csv,14480339,sha256 calculado,acae56200747d2743ebf7934fe268260864d6c77abcf816f91e9034149b55098,2026-09-23T19:30:51+00:00
1096,RCAEval recursive service-fault CSV windows,RE2/RE2-OB/productcatalogservice_mem/2/logts.csv,10239,sha256 calculado,597b7bf208d27479dc965f3c4db39ff2031a40d3176f9e36d8f488e2c13ce646,2026-09-23T19:30:51+00:00
1097,RCAEval recursive service-fault CSV windows,RE2/RE2-OB/productcatalogservice_mem/2/metrics.csv,6822445,sha256 calculado,443a087cd394c5e1cabaec53765a79a51aaa2e58b184949c34fb2812fe90fdd5,2026-09-23T19:30:51+00:00
1098,RCAEval recursive service-fault CSV windows,RE2/RE2-OB/productcatalogservice_mem/2/simple_metrics.csv,1184578,sha256 calculado,af05eeb573e3339650a4e14918ebdbf2ec68d07724f74d369e4af25a453a2a0a,2026-09-23T19:30:51+00:00
1099,RCAEval recursive service-fault CSV windows,RE2/RE2-OB/productcatalogservice_mem/2/traces.csv,58620448,sha256 calculado,0c1825b662ddb25587069b0fa755cf163ff7390ffaa559a11bec4e326c7701cf,2026-09-23T19:30:51+00:00
1100,RCAEval recursive service-fault CSV windows,RE2/RE2-OB/productcatalogservice_mem/2/tracets_err.csv,8119,sha256 calculado,68b2646adb04ea2e3ab4c547710b9e86531d49ac4db16f28334aa708c3627233,2026-09-23T19:30:51+00:00
1101,RCAEval recursive service-fault CSV windows,RE2/RE2-OB/productcatalogservice_mem/2/tracets_lat.csv,5007,sha256 calculado,29f82beddc626614bd0c21a0a41288440c04b7b78118705521177992caf48bc3,2026-09-23T19:30:51+00:00
1102,RCAEval recursive service-fault CSV windows,RE2/RE2-OB/productcatalogservice_mem/3/logs.csv,13957900,sha256 calculado,ca6546c6415f4eea055cc84ad13328700615a894a62a26842f1cdfc3002e7399,2026-09-23T19:30:51+00:00
1103,RCAEval recursive service-fault CSV windows,RE2/RE2-OB/productcatalogservice_mem/3/logts.csv,10171,sha256 calculado,85d8a54c1597a8cc1ca316581886af2110b3df034c284be6a11f862b81a2772e,2026-09-23T19:30:51+00:00
1104,RCAEval recursive service-fault CSV windows,RE2/RE2-OB/productcatalogservice_mem/3/metrics.csv,6801981,sha256 calculado,eab565c32c59ba2894cd37c882364e0f19705387527cc3569d177c8efb67c7ab,2026-09-23T19:30:51+00:00
1105,RCAEval recursive service-fault CSV windows,RE2/RE2-OB/productcatalogservice_mem/3/simple_metrics.csv,1181415,sha256 calculado,4bf0b3231d19f810927cd72bf867f7af2ba08a2842d4bd0c1a4cc0b71cc86cf5,2026-09-23T19:30:51+00:00
1106,RCAEval recursive service-fault CSV windows,RE2/RE2-OB/productcatalogservice_mem/3/traces.csv,50473904,sha256 calculado,0779716cea4ed2c5061517a28f252517975a7abafe2dbc2348ace06c6e148026,2026-09-23T19:30:52+00:00
1107,RCAEval recursive service-fault CSV windows,RE2/RE2-OB/productcatalogservice_mem/3/tracets_err.csv,8099,sha256 calculado,0e95427417614beba47291609ac0384c389c0080d9f769b095f26647a758a80d,2026-09-23T19:30:52+00:00
1108,RCAEval recursive service-fault CSV windows,RE2/RE2-OB/productcatalogservice_mem/3/tracets_lat.csv,5951,sha256 calculado,66120d9692c499be37526e17b6a31c91dd1234c64f13e26520dc596b2e6bb872,2026-09-23T19:30:52+00:00
1109,RCAEval recursive service-fault CSV windows,RE2/RE2-OB/productcatalogservice_socket/1/logs.csv,23088553,sha256 calculado,6d0934d9df48692f93de67687a1cc15d29f0e63b5a761f207e7eb186e26079ef,2026-09-23T19:30:52+00:00
1110,RCAEval recursive service-fault CSV windows,RE2/RE2-OB/productcatalogservice_socket/1/logts.csv,9883,sha256 calculado,f98bb632f7829203c15a465740704779f1c9216c00ed8cb7ab77a111d3a0f847,2026-09-23T19:30:52+00:00
1111,RCAEval recursive service-fault CSV windows,RE2/RE2-OB/productcatalogservice_socket/1/metrics.csv,6805768,sha256 calculado,d48a36819af19edc9070e21fdaeabeb4513356c2eae2b92956f563f1e7257bdb,2026-09-23T19:30:52+00:00
1112,RCAEval recursive service-fault CSV windows,RE2/RE2-OB/productcatalogservice_socket/1/simple_metrics.csv,1177863,sha256 calculado,a117c7136f096d2644fcb48decc7a194594a74ebb9afd0cc0b527b2c2bca3205,2026-09-23T19:30:52+00:00
1113,RCAEval recursive service-fault CSV windows,RE2/RE2-OB/productcatalogservice_socket/1/traces.csv,70139371,sha256 calculado,5ceb90059203dbc1a1fa33dcc46d44ad0483fd447e4b68363700ed89c4c63a06,2026-09-23T19:30:52+00:00
1114,RCAEval recursive service-fault CSV windows,RE2/RE2-OB/productcatalogservice_socket/1/tracets_err.csv,8113,sha256 calculado,ead9ba73fe6fcbeb3244ef270860598d808ea480e5864f0f0017293c84701735,2026-09-23T19:30:52+00:00
1115,RCAEval recursive service-fault CSV windows,RE2/RE2-OB/productcatalogservice_socket/1/tracets_lat.csv,5017,sha256 calculado,d7c8720e17087135050ed33cfe8da33255e4585d1ab1d35c6dbbfec0148138d5,2026-09-23T19:30:52+00:00
1116,RCAEval recursive service-fault CSV windows,RE2/RE2-OB/productcatalogservice_socket/2/logs.csv,15858798,sha256 calculado,a56d222b723739ca41684d21954499a44d639de8a670050e8045e40653e3f840,2026-09-23T19:30:52+00:00
1117,RCAEval recursive service-fault CSV windows,RE2/RE2-OB/productcatalogservice_socket/2/logts.csv,9904,sha256 calculado,ce6b64625b196d0868c43ba71f27fcd331319aea614e28e1a3cb61f3550d0dd7,2026-09-23T19:30:52+00:00
1118,RCAEval recursive service-fault CSV windows,RE2/RE2-OB/productcatalogservice_socket/2/metrics.csv,6836337,sha256 calculado,6667204fe9e030d6c69abe383c8f7940bf5642677ca8f85ac172f4ebb9158ec9,2026-09-23T19:30:52+00:00
1119,RCAEval recursive service-fault CSV windows,RE2/RE2-OB/productcatalogservice_socket/2/simple_metrics.csv,1178924,sha256 calculado,84b973e08f135469eaed90c0597611467fa3af8fd5cf47030463197814dad282,2026-09-23T19:30:52+00:00
1120,RCAEval recursive service-fault CSV windows,RE2/RE2-OB/productcatalogservice_socket/2/traces.csv,73531982,sha256 calculado,0f5b1a049bbb91d8f191d97246ececfc5661fa17e7a5b0374a01ee78b9ef66b9,2026-09-23T19:30:52+00:00
1121,RCAEval recursive service-fault CSV windows,RE2/RE2-OB/productcatalogservice_socket/2/tracets_err.csv,8113,sha256 calculado,55778e647fe7c8f3d5e15214e7e3d2f34c17b613b0ead3256b7751cb51ae9a19,2026-09-23T19:30:52+00:00
1122,RCAEval recursive service-fault CSV windows,RE2/RE2-OB/productcatalogservice_socket/2/tracets_lat.csv,5057,sha256 calculado,33643b760ebedaffcbe07436e1bb23d363760f1696b6ff594cef81574a7c6928,2026-09-23T19:30:52+00:00
1123,RCAEval recursive service-fault CSV windows,RE2/RE2-OB/productcatalogservice_socket/3/logs.csv,16019527,sha256 calculado,ffc6243a3cb87c0de3e11f24da0e76e4be961a182b5d990df06f83eabb55d399,2026-09-23T19:30:52+00:00
1124,RCAEval recursive service-fault CSV windows,RE2/RE2-OB/productcatalogservice_socket/3/logts.csv,9935,sha256 calculado,fce49f7c0a1dbd52b7a30e5cfd6fcc3367740f576da8b694e399042f4267dfe8,2026-09-23T19:30:52+00:00
1125,RCAEval recursive service-fault CSV windows,RE2/RE2-OB/productcatalogservice_socket/3/metrics.csv,6847997,sha256 calculado,16c51e0a6d241edb4eab3b0d5b2d333701947e61b0f3bdacb3416cc36cb8720d,2026-09-23T19:30:52+00:00
1126,RCAEval recursive service-fault CSV windows,RE2/RE2-OB/productcatalogservice_socket/3/simple_metrics.csv,1188682,sha256 calculado,612c50b693f6a6ac2d4a93c41d4f59230dfc5c3831035f3ceec6e7b7bfb87efe,2026-09-23T19:30:52+00:00
1127,RCAEval recursive service-fault CSV windows,RE2/RE2-OB/productcatalogservice_socket/3/traces.csv,74437777,sha256 calculado,3231668073d99002a93112666df1055b623964f131c2c3783aac35ea6b7fdf25,2026-09-23T19:30:53+00:00
1128,RCAEval recursive service-fault CSV windows,RE2/RE2-OB/productcatalogservice_socket/3/tracets_err.csv,8113,sha256 calculado,9622bbeca3ce513cd64a951d69539bc5cf3418e7effaebefb641de7f71ff1afb,2026-09-23T19:30:53+00:00
1129,RCAEval recursive service-fault CSV windows,RE2/RE2-OB/productcatalogservice_socket/3/tracets_lat.csv,5042,sha256 calculado,7903f56d4f14000cca093f9ac52400b491e5d1546e7a559c737d14b27d11a9dc,2026-09-23T19:30:53+00:00
1130,RCAEval recursive service-fault CSV windows,RE2/RE2-OB/recommendationservice_cpu/1/logs.csv,23494355,sha256 calculado,bc7c0b7370e37395d4d1889005e4cdce431c66068e69ead8a5335087b00e10a8,2026-09-23T19:30:53+00:00
1131,RCAEval recursive service-fault CSV windows,RE2/RE2-OB/recommendationservice_cpu/1/logts.csv,9930,sha256 calculado,ed0ae36c44065320c7447119729c3e284db05b523b7042ab218fbaa8bfe6d25d,2026-09-23T19:30:53+00:00
1132,RCAEval recursive service-fault CSV windows,RE2/RE2-OB/recommendationservice_cpu/1/metrics.csv,6985441,sha256 calculado,2f3e229b9531ded4221a9ee0ae2fb19288f7039b8b9423967bd90daad3bc2cf0,2026-09-23T19:30:53+00:00
1133,RCAEval recursive service-fault CSV windows,RE2/RE2-OB/recommendationservice_cpu/1/simple_metrics.csv,1175812,sha256 calculado,07411c9598e79be0ef41e4abb47d72408691bbd3d973c1bab4c0837d92511fb3,2026-09-23T19:30:53+00:00
1134,RCAEval recursive service-fault CSV windows,RE2/RE2-OB/recommendationservice_cpu/1/traces.csv,71444501,sha256 calculado,afe960ff6399a76086f767e83e28e5b5613334f004b43eb6021aa61d40340942,2026-09-23T19:30:53+00:00
1135,RCAEval recursive service-fault CSV windows,RE2/RE2-OB/recommendationservice_cpu/1/tracets_err.csv,8113,sha256 calculado,6691956d937d2bb339f07659ac0161445e254c6564024a575e2bca457ccea502,2026-09-23T19:30:53+00:00
1136,RCAEval recursive service-fault CSV windows,RE2/RE2-OB/recommendationservice_cpu/1/tracets_lat.csv,4945,sha256 calculado,016629c8605453c836b6a106945b0b2a2e0cc506fd807363f55da2e83043f200,2026-09-23T19:30:53+00:00
1137,RCAEval recursive service-fault CSV windows,RE2/RE2-OB/recommendationservice_cpu/2/logs.csv,15949246,sha256 calculado,9ffb5ac22acc670e8227cc5cd263d062d656d1b9f01ea2511dbcb6b2d7b6646b,2026-09-23T19:30:53+00:00
1138,RCAEval recursive service-fault CSV windows,RE2/RE2-OB/recommendationservice_cpu/2/logts.csv,9921,sha256 calculado,56ff6444d2f393fc52f1d1a2cf4a7ad74c545d8204ce7655733dc83d6291997f,2026-09-23T19:30:53+00:00
1139,RCAEval recursive service-fault CSV windows,RE2/RE2-OB/recommendationservice_cpu/2/metrics.csv,6832051,sha256 calculado,cc44d15de45aa1dd7ad5a067b505681f5ce1e54374307600b572fd7543d9a38d,2026-09-23T19:30:53+00:00
1140,RCAEval recursive service-fault CSV windows,RE2/RE2-OB/recommendationservice_cpu/2/simple_metrics.csv,1198204,sha256 calculado,f34bccad1a92659d63ece8fce4428d65eb39eecf1513adb1a64daa19bf188c2b,2026-09-23T19:30:53+00:00
1141,RCAEval recursive service-fault CSV windows,RE2/RE2-OB/recommendationservice_cpu/2/traces.csv,74221872,sha256 calculado,fdd6185e21140a6f5ef61d74b5778c88d0d1433aea915d03a2e5f69e0db2b31b,2026-09-23T19:30:53+00:00
1142,RCAEval recursive service-fault CSV windows,RE2/RE2-OB/recommendationservice_cpu/2/tracets_err.csv,8113,sha256 calculado,221c4cb3f416c0279bbf9fd93dba89eb0f98c1872a43c34ee01f3fc1d8058326,2026-09-23T19:30:53+00:00
1143,RCAEval recursive service-fault CSV windows,RE2/RE2-OB/recommendationservice_cpu/2/tracets_lat.csv,5049,sha256 calculado,67ffa3e74ac22a6186693868500c4dd70a80583c317c66199d92d7a4674cc539,2026-09-23T19:30:53+00:00
1144,RCAEval recursive service-fault CSV windows,RE2/RE2-OB/recommendationservice_cpu/3/logs.csv,16094074,sha256 calculado,c53987722ea8d87999f847007e2af5e8abd25fcc0e230d040c2b8c311fbd4beb,2026-09-23T19:30:53+00:00
1145,RCAEval recursive service-fault CSV windows,RE2/RE2-OB/recommendationservice_cpu/3/logts.csv,9977,sha256 calculado,975a82bfaa2b83539ec1996ccdad826b2d94679e5b83065e97ab7c9a244c8a53,2026-09-23T19:30:53+00:00
1146,RCAEval recursive service-fault CSV windows,RE2/RE2-OB/recommendationservice_cpu/3/metrics.csv,6816400,sha256 calculado,649960937974e24707afdec1671a0c0f592cda4f1001ab9d4f89cbbd085a2440,2026-09-23T19:30:53+00:00
1147,RCAEval recursive service-fault CSV windows,RE2/RE2-OB/recommendationservice_cpu/3/simple_metrics.csv,1192606,sha256 calculado,a465004ba8e5ddb3aeecf4474589c9315da542319fabfd2a41008249ced0d98e,2026-09-23T19:30:54+00:00
1148,RCAEval recursive service-fault CSV windows,RE2/RE2-OB/recommendationservice_cpu/3/traces.csv,74958217,sha256 calculado,afa81a0e4bd43d7d19126042ee2bc2b56234c0c7ea045ccf91279eaadb08ad1d,2026-09-23T19:30:54+00:00
1149,RCAEval recursive service-fault CSV windows,RE2/RE2-OB/recommendationservice_cpu/3/tracets_err.csv,8095,sha256 calculado,73f3f58126b122c5a2e1ed3dac39ae9d9cf7682e7767196d61c8d517b21b5263,2026-09-23T19:30:54+00:00
1150,RCAEval recursive service-fault CSV windows,RE2/RE2-OB/recommendationservice_cpu/3/tracets_lat.csv,6206,sha256 calculado,ab6766e16762d852a19260ce37d1465630d342d64a42b58493429587cf4caf65,2026-09-23T19:30:54+00:00
1151,RCAEval recursive service-fault CSV windows,RE2/RE2-OB/recommendationservice_delay/1/logs.csv,23622771,sha256 calculado,db50bb0212e28a967cfb929586da22ff86beef02c6170016158fa2f5a5fe6193,2026-09-23T19:30:54+00:00
1152,RCAEval recursive service-fault CSV windows,RE2/RE2-OB/recommendationservice_delay/1/logts.csv,9855,sha256 calculado,3abe74d9633567f531d37a94336317e5332e908cdeb1a373152cd25ffc2a96dd,2026-09-23T19:30:54+00:00
1153,RCAEval recursive service-fault CSV windows,RE2/RE2-OB/recommendationservice_delay/1/metrics.csv,6813652,sha256 calculado,73e0d73158801f8b38bb3139dafe25f6a32ccec1b822b04bc06a3c2c5b0b8d1b,2026-09-23T19:30:54+00:00
1154,RCAEval recursive service-fault CSV windows,RE2/RE2-OB/recommendationservice_delay/1/simple_metrics.csv,1186109,sha256 calculado,df6c896baaf9212fadce5e00eedf3f1b981f22c303c8b89bf94ecc82eaea7567,2026-09-23T19:30:54+00:00
1155,RCAEval recursive service-fault CSV windows,RE2/RE2-OB/recommendationservice_delay/1/traces.csv,71971092,sha256 calculado,ee32decba0b1735301f1e221c73b3e38c320f8c1dc158260c07bb20a7cd4f9f4,2026-09-23T19:30:54+00:00
1156,RCAEval recursive service-fault CSV windows,RE2/RE2-OB/recommendationservice_delay/1/tracets_err.csv,8113,sha256 calculado,e56afd47ebaf3d978f3303850891797571aea11da337f68bd6e52099c251c935,2026-09-23T19:30:54+00:00
1157,RCAEval recursive service-fault CSV windows,RE2/RE2-OB/recommendationservice_delay/1/tracets_lat.csv,4996,sha256 calculado,98835f24af9d301cbbf562cd8432139b33fc4657d498ee4b9fb98d3e9892405a,2026-09-23T19:30:54+00:00
1158,RCAEval recursive service-fault CSV windows,RE2/RE2-OB/recommendationservice_delay/2/logs.csv,15578867,sha256 calculado,f3d6e6ec1813ca3f3b4999a4ed9ad095aaa01559e8e315bedecae57f322d145c,2026-09-23T19:30:54+00:00
1159,RCAEval recursive service-fault CSV windows,RE2/RE2-OB/recommendationservice_delay/2/logts.csv,9827,sha256 calculado,df159cb34f231a78e0241494d6e532c7bbe451e7066582350e09b437b0dde5b3,2026-09-23T19:30:54+00:00
1160,RCAEval recursive service-fault CSV windows,RE2/RE2-OB/recommendationservice_delay/2/metrics.csv,6817771,sha256 calculado,7d833fb9098030e02650a9ce4ac3b723460d1df484ea89eddc711e8643ba7c76,2026-09-23T19:30:54+00:00
1161,RCAEval recursive service-fault CSV windows,RE2/RE2-OB/recommendationservice_delay/2/simple_metrics.csv,1187345,sha256 calculado,6e0515d76ba21843db772f4178d8f0129354583f524d7b58f7048cdcbb061229,2026-09-23T19:30:54+00:00
1162,RCAEval recursive service-fault CSV windows,RE2/RE2-OB/recommendationservice_delay/2/traces.csv,72418457,sha256 calculado,d0580c877f08f6b764f6861efa0e6aee863a7796abae489fc45dab0ecb6de9d9,2026-09-23T19:30:54+00:00
1163,RCAEval recursive service-fault CSV windows,RE2/RE2-OB/recommendationservice_delay/2/tracets_err.csv,8034,sha256 calculado,906f6d64325ecde5586157025932bb1e7f84b37b945a368fd371540b4b96ff9e,2026-09-23T19:30:54+00:00
1164,RCAEval recursive service-fault CSV windows,RE2/RE2-OB/recommendationservice_delay/2/tracets_lat.csv,4946,sha256 calculado,214770a845ab68d85105270318759cab0a09bb197280e7cfebe2ae8422963499,2026-09-23T19:30:54+00:00
1165,RCAEval recursive service-fault CSV windows,RE2/RE2-OB/recommendationservice_delay/3/logs.csv,15628178,sha256 calculado,a07206635e296f726352c78b726660b366800a2db82249acf79c61897bb0d0bf,2026-09-23T19:30:54+00:00
1166,RCAEval recursive service-fault CSV windows,RE2/RE2-OB/recommendationservice_delay/3/logts.csv,9926,sha256 calculado,081f3376fd218bfc5a95b074712513b3d172389ddd47a8efd6c1a2a62c4d177a,2026-09-23T19:30:54+00:00
1167,RCAEval recursive service-fault CSV windows,RE2/RE2-OB/recommendationservice_delay/3/metrics.csv,6814027,sha256 calculado,c378eeaba190bb23f8c1763fe62c7f7357272bdc5a799741c507182749d07140,2026-09-23T19:30:54+00:00
1168,RCAEval recursive service-fault CSV windows,RE2/RE2-OB/recommendationservice_delay/3/simple_metrics.csv,1187182,sha256 calculado,0990a15568d91629a11f0f1d67361ec64af6fb6f5fb1038003eeac391f6d1306,2026-09-23T19:30:54+00:00
1169,RCAEval recursive service-fault CSV windows,RE2/RE2-OB/recommendationservice_delay/3/traces.csv,72528746,sha256 calculado,127e1b5fae842ca10312e674a67fb66d837a0cb9c970495f78e45aa11917554d,2026-09-23T19:30:55+00:00
1170,RCAEval recursive service-fault CSV windows,RE2/RE2-OB/recommendationservice_delay/3/tracets_err.csv,8098,sha256 calculado,333caa584de458889b8e8f27de018690114b2f3a419e0d12cbd74d07af225aef,2026-09-23T19:30:55+00:00
1171,RCAEval recursive service-fault CSV windows,RE2/RE2-OB/recommendationservice_delay/3/tracets_lat.csv,5950,sha256 calculado,d1f4d6769856ab1db5b347757c1ce09e9469e1381c0c0a7f9870338a153f5c7b,2026-09-23T19:30:55+00:00
1172,RCAEval recursive service-fault CSV windows,RE2/RE2-OB/recommendationservice_disk/1/logs.csv,23333765,sha256 calculado,35512db597c6c39473a7b38f6ded7fcd77912f5aa36f7794f198fbde38e210ea,2026-09-23T19:30:55+00:00
1173,RCAEval recursive service-fault CSV windows,RE2/RE2-OB/recommendationservice_disk/1/logts.csv,9911,sha256 calculado,8da57f1e22700fb080ec7354fc95f161766eb5699bdb8e75457b9003c2f921a5,2026-09-23T19:30:55+00:00
1174,RCAEval recursive service-fault CSV windows,RE2/RE2-OB/recommendationservice_disk/1/metrics.csv,6875577,sha256 calculado,677070abe03d5ee5d9384b790c94f8887836b36236675603edaca88d6eecd76b,2026-09-23T19:30:55+00:00
1175,RCAEval recursive service-fault CSV windows,RE2/RE2-OB/recommendationservice_disk/1/simple_metrics.csv,1192608,sha256 calculado,3ada1ae21e1b99bddc94f97a6156d68765a8b807e2d37f88c31653e4c862ae45,2026-09-23T19:30:55+00:00
1176,RCAEval recursive service-fault CSV windows,RE2/RE2-OB/recommendationservice_disk/1/traces.csv,71519359,sha256 calculado,7215073937f46a066c7a262f3c631587b8fca553ff68d3bd076b3ee90c86a65b,2026-09-23T19:30:55+00:00
1177,RCAEval recursive service-fault CSV windows,RE2/RE2-OB/recommendationservice_disk/1/tracets_err.csv,8113,sha256 calculado,2f2e0d8f18e3c1ec02cb3dbf495acf7cadbe8fcc8a22f654c3aebc43c845d2dc,2026-09-23T19:30:55+00:00
1178,RCAEval recursive service-fault CSV windows,RE2/RE2-OB/recommendationservice_disk/1/tracets_lat.csv,4939,sha256 calculado,ae2d15b940df835f8a3f8991535ee8fd44b1c6b4aaa37e09dc2ecf9d27335a9f,2026-09-23T19:30:55+00:00
1179,RCAEval recursive service-fault CSV windows,RE2/RE2-OB/recommendationservice_disk/2/logs.csv,15907595,sha256 calculado,817b5714c48fbd6858876f38cec7dc1ce92d6404a3468c82f7b738b9271ce173,2026-09-23T19:30:55+00:00
1180,RCAEval recursive service-fault CSV windows,RE2/RE2-OB/recommendationservice_disk/2/logts.csv,9931,sha256 calculado,16d4946e9d76406bcdc0ebe117816ccdbbf2f41407d5fdc5531137eb1b9bfff6,2026-09-23T19:30:55+00:00
1181,RCAEval recursive service-fault CSV windows,RE2/RE2-OB/recommendationservice_disk/2/metrics.csv,6923218,sha256 calculado,96b13a1325b261f4e24c786d6483f37ff1d666077336565c2726b5585ea91de0,2026-09-23T19:30:55+00:00
1182,RCAEval recursive service-fault CSV windows,RE2/RE2-OB/recommendationservice_disk/2/simple_metrics.csv,1205678,sha256 calculado,5058edec85b13588983c9e6201135707d3ccaea08db4dbf06b68edd05b9594ce,2026-09-23T19:30:55+00:00
1183,RCAEval recursive service-fault CSV windows,RE2/RE2-OB/recommendationservice_disk/2/traces.csv,73835072,sha256 calculado,7e83203537b99028c755a184187626baf2dc3538832fc9307a851a7f159c0869,2026-09-23T19:30:55+00:00
1184,RCAEval recursive service-fault CSV windows,RE2/RE2-OB/recommendationservice_disk/2/tracets_err.csv,8098,sha256 calculado,569c164fafc5982f1fdbec621f80e342f092bee8883f685252551d5257b71cf7,2026-09-23T19:30:55+00:00
1185,RCAEval recursive service-fault CSV windows,RE2/RE2-OB/recommendationservice_disk/2/tracets_lat.csv,6015,sha256 calculado,3b91269e9a45b921f5bc4fd9bf8e9df6389fb2ff5f3c2ab732e43758b7a41f8f,2026-09-23T19:30:55+00:00
1186,RCAEval recursive service-fault CSV windows,RE2/RE2-OB/recommendationservice_disk/3/logs.csv,16062773,sha256 calculado,d436cb4af936fa61e5e5ffca29dc13567811431c1db404356417fd43e0e6e8ca,2026-09-23T19:30:55+00:00
1187,RCAEval recursive service-fault CSV windows,RE2/RE2-OB/recommendationservice_disk/3/logts.csv,9961,sha256 calculado,5eac22f86db0fd5c806d79faf0228fe44e870584c8d8f5f8b43d2d5ddef35084,2026-09-23T19:30:55+00:00
1188,RCAEval recursive service-fault CSV windows,RE2/RE2-OB/recommendationservice_disk/3/metrics.csv,6924767,sha256 calculado,979140ee966fc19b229b89ea741730e7aae3df7256d84ff2d0171e66990844d0,2026-09-23T19:30:56+00:00
1189,RCAEval recursive service-fault CSV windows,RE2/RE2-OB/recommendationservice_disk/3/simple_metrics.csv,1213594,sha256 calculado,78af2f89b1b93dc847857e7f4291b82e78280c01f48b1120b2defeafb634a571,2026-09-23T19:30:56+00:00
1190,RCAEval recursive service-fault CSV windows,RE2/RE2-OB/recommendationservice_disk/3/traces.csv,74858815,sha256 calculado,537ccf362f9ab06b04c9b2578b045cee309e7d479c69692bf7bd5fe82d061182,2026-09-23T19:30:56+00:00
1191,RCAEval recursive service-fault CSV windows,RE2/RE2-OB/recommendationservice_disk/3/tracets_err.csv,8107,sha256 calculado,f3f3d6c0bb32779414060afa5336486e0346342d836f75b51c9e1d1e55d9f69a,2026-09-23T19:30:56+00:00
1192,RCAEval recursive service-fault CSV windows,RE2/RE2-OB/recommendationservice_disk/3/tracets_lat.csv,5454,sha256 calculado,3d9dd9d2b5c16446c9fb701f2e73ec8b1afbe40162c22d6f4fd00a214b9bfa5c,2026-09-23T19:30:56+00:00
1193,RCAEval recursive service-fault CSV windows,RE2/RE2-OB/recommendationservice_loss/1/logs.csv,20211054,sha256 calculado,9f14d03c1918b311d38aad59ccd351c056b88f030003affd5e2c06f09d7d546c,2026-09-23T19:30:56+00:00
1194,RCAEval recursive service-fault CSV windows,RE2/RE2-OB/recommendationservice_loss/1/logts.csv,17031,sha256 calculado,d5832c66160e31fa4bf6e70ec9270ba1e2b57ff4f923d4c211b415afa3b05ac0,2026-09-23T19:30:56+00:00
1195,RCAEval recursive service-fault CSV windows,RE2/RE2-OB/recommendationservice_loss/1/metrics.csv,6428511,sha256 calculado,fe7268ca9eff7b30bf78d9061c5f0c2f8f2b81dcda11c3328efb3985b22fffed,2026-09-23T19:30:56+00:00
1196,RCAEval recursive service-fault CSV windows,RE2/RE2-OB/recommendationservice_loss/1/simple_metrics.csv,1129561,sha256 calculado,8ce3322d9dcb9f411a4e7ad1d36f0c4e0317f461bbbac83916e993e49d3f7d29,2026-09-23T19:30:56+00:00
1197,RCAEval recursive service-fault CSV windows,RE2/RE2-OB/recommendationservice_loss/1/traces.csv,54439755,sha256 calculado,6272609ed9a8c504e6fa70a00473d5605dfce9448ff08b0d13dbb628e3ee1474,2026-09-23T19:30:56+00:00
1198,RCAEval recursive service-fault CSV windows,RE2/RE2-OB/recommendationservice_loss/1/tracets_err.csv,8244,sha256 calculado,14c5ea2d694102df0df9ffd19a7140bca977e32b28b1446004cf9e38ce4331ef,2026-09-23T19:30:56+00:00
1199,RCAEval recursive service-fault CSV windows,RE2/RE2-OB/recommendationservice_loss/1/tracets_lat.csv,4927,sha256 calculado,2a2983fe43f4f099bae75dff9a761d92a2f90d20e038a57eba52303f00728c25,2026-09-23T19:30:56+00:00
1200,RCAEval recursive service-fault CSV windows,RE2/RE2-OB/recommendationservice_loss/2/logs.csv,15061491,sha256 calculado,bb2809fbb6fa5cc0c863e9c7705916d521ac3fb6ac9737f99ff44aa69d004b26,2026-09-23T19:30:56+00:00
1201,RCAEval recursive service-fault CSV windows,RE2/RE2-OB/recommendationservice_loss/2/logts.csv,11310,sha256 calculado,488b7835161e22b816ef45d0dd73a2debddac703682edc5db8c74657304cf1ab,2026-09-23T19:30:56+00:00
1202,RCAEval recursive service-fault CSV windows,RE2/RE2-OB/recommendationservice_loss/2/metrics.csv,6842240,sha256 calculado,61e6531331c99f18774c386c8ebfd3131ca999faeba8449592991f72178703ed,2026-09-23T19:30:56+00:00
1203,RCAEval recursive service-fault CSV windows,RE2/RE2-OB/recommendationservice_loss/2/simple_metrics.csv,1193652,sha256 calculado,2316a7a61caf7f22aeab5c1858f1df89a0064b2586bc4accfe7a3a18b8a7cb3b,2026-09-23T19:30:56+00:00
1204,RCAEval recursive service-fault CSV windows,RE2/RE2-OB/recommendationservice_loss/2/traces.csv,67681893,sha256 calculado,04ba2a9ec3d06cee47ae1ccf66f2066b0af0a251d12341805b3cab78145899d0,2026-09-23T19:30:56+00:00
1205,RCAEval recursive service-fault CSV windows,RE2/RE2-OB/recommendationservice_loss/2/tracets_err.csv,8132,sha256 calculado,58a8ac8e4a584dffedf789134a80d31488f60250361b8e851217efcc8fdf5a0e,2026-09-23T19:30:56+00:00
1206,RCAEval recursive service-fault CSV windows,RE2/RE2-OB/recommendationservice_loss/2/tracets_lat.csv,5998,sha256 calculado,ffbe01e41305352fb1b27d480a7535041348f34873d6ca1d530347c7f18298b4,2026-09-23T19:30:56+00:00
1207,RCAEval recursive service-fault CSV windows,RE2/RE2-OB/recommendationservice_loss/3/logs.csv,14796177,sha256 calculado,05e06d2e1a3da122379b95ac670b316db64f05ad8458e7c471f7c72256acce67,2026-09-23T19:30:56+00:00
1208,RCAEval recursive service-fault CSV windows,RE2/RE2-OB/recommendationservice_loss/3/logts.csv,11357,sha256 calculado,d5310ea1feb79f2ff09009ffd5ebc9d250f81d2ceaeef27e2b0f69eebaa578b9,2026-09-23T19:30:56+00:00
1209,RCAEval recursive service-fault CSV windows,RE2/RE2-OB/recommendationservice_loss/3/metrics.csv,6576062,sha256 calculado,c2ea927b804cbb44c4bef10fe7db4f9b0148d0d3584e23be0e631e23501b8ff1,2026-09-23T19:30:56+00:00
1210,RCAEval recursive service-fault CSV windows,RE2/RE2-OB/recommendationservice_loss/3/simple_metrics.csv,1164717,sha256 calculado,bd86137d5beaa341e9447c854dd5da81d5a5f095b74fde898d75e835a0313d6f,2026-09-23T19:30:57+00:00
1211,RCAEval recursive service-fault CSV windows,RE2/RE2-OB/recommendationservice_loss/3/traces.csv,66376410,sha256 calculado,af744e066127351f6db537f318e84f740abaa6bac7de024d954116a7fa5d2a1b,2026-09-23T19:30:57+00:00
1212,RCAEval recursive service-fault CSV windows,RE2/RE2-OB/recommendationservice_loss/3/tracets_err.csv,8147,sha256 calculado,33051bfa4c698d99256b23df2a21150ce9386af3545b4418602b4e872bebdede,2026-09-23T19:30:57+00:00
1213,RCAEval recursive service-fault CSV windows,RE2/RE2-OB/recommendationservice_loss/3/tracets_lat.csv,5001,sha256 calculado,2021f07b2c18eaeaa447733aac85bc6ec065c264dc9f2ba00d300c730f51f275,2026-09-23T19:30:57+00:00
1214,RCAEval recursive service-fault CSV windows,RE2/RE2-OB/recommendationservice_mem/1/logs.csv,23954642,sha256 calculado,c0027c28fdd2bff2136f2c2827b6cb74b31ceac99968f51d15b9433cbc3731a7,2026-09-23T19:30:57+00:00
1215,RCAEval recursive service-fault CSV windows,RE2/RE2-OB/recommendationservice_mem/1/logts.csv,9920,sha256 calculado,508c231a2e7c13f5d4236e9b049185de511ecbfcf9d7bb3950292424baa54116,2026-09-23T19:30:57+00:00
1216,RCAEval recursive service-fault CSV windows,RE2/RE2-OB/recommendationservice_mem/1/metrics.csv,6775625,sha256 calculado,ef88e627aba022fe56d65b0b6533945dabdc0d09bbbb31428e1c25efc6f7927f,2026-09-23T19:30:57+00:00
1217,RCAEval recursive service-fault CSV windows,RE2/RE2-OB/recommendationservice_mem/1/simple_metrics.csv,1167934,sha256 calculado,66eaad2eb8ce5f383d198fc5c263a854c37757262de613e93a1b185d729c0e48,2026-09-23T19:30:57+00:00
1218,RCAEval recursive service-fault CSV windows,RE2/RE2-OB/recommendationservice_mem/1/traces.csv,72903752,sha256 calculado,2c1013fa2973110f3df22d4610b66308ebc293bbbdbbee2f27aa331f0f958ff8,2026-09-23T19:30:57+00:00
1219,RCAEval recursive service-fault CSV windows,RE2/RE2-OB/recommendationservice_mem/1/tracets_err.csv,8113,sha256 calculado,d88bc7c244bc6b4655c7ad773c42fcc4da5fb48b4aba87b1c3bf3f29e08162ee,2026-09-23T19:30:57+00:00
1220,RCAEval recursive service-fault CSV windows,RE2/RE2-OB/recommendationservice_mem/1/tracets_lat.csv,5058,sha256 calculado,b1f0ebfe07cd6b6491cc849bc9f11566933c9b557c30e38394d597f45e576d71,2026-09-23T19:30:57+00:00
1221,RCAEval recursive service-fault CSV windows,RE2/RE2-OB/recommendationservice_mem/2/logs.csv,15499641,sha256 calculado,c669f03be50a0fc4d212085b7ce5845b2d770e623214dd7b52e7d0960692d71a,2026-09-23T19:30:57+00:00
1222,RCAEval recursive service-fault CSV windows,RE2/RE2-OB/recommendationservice_mem/2/logts.csv,9857,sha256 calculado,2b38a4fb1a9d6099b917c9f0cb4eabdffa2071dd13aba872ae34761422fc9221,2026-09-23T19:30:57+00:00
1223,RCAEval recursive service-fault CSV windows,RE2/RE2-OB/recommendationservice_mem/2/metrics.csv,6840261,sha256 calculado,6aec414c9816e51acd1864328ba9f4d98fba35549d9ae2b70b3e292228d16dc2,2026-09-23T19:30:57+00:00
1224,RCAEval recursive service-fault CSV windows,RE2/RE2-OB/recommendationservice_mem/2/simple_metrics.csv,1202326,sha256 calculado,265d2eb97c613da670bddd9072efc5b749676503b231d5dbbdd65c9a0131d408,2026-09-23T19:30:57+00:00
1225,RCAEval recursive service-fault CSV windows,RE2/RE2-OB/recommendationservice_mem/2/traces.csv,72162308,sha256 calculado,0d8e9f31d07687efa10054a2d2ff9cf5ddef5f415eceb2ad15743c702ebd7c52,2026-09-23T19:30:57+00:00
1226,RCAEval recursive service-fault CSV windows,RE2/RE2-OB/recommendationservice_mem/2/tracets_err.csv,8113,sha256 calculado,ac31820c9aa1818b8d4f8df7391ed997784503dbc9279954da6ed1692a238914,2026-09-23T19:30:57+00:00
1227,RCAEval recursive service-fault CSV windows,RE2/RE2-OB/recommendationservice_mem/2/tracets_lat.csv,5080,sha256 calculado,2be3f97b86bbb42721c50a962f4d860ec7772df7d9fd643a04f220650b8febf8,2026-09-23T19:30:58+00:00
1228,RCAEval recursive service-fault CSV windows,RE2/RE2-OB/recommendationservice_mem/3/logs.csv,15441588,sha256 calculado,72971b5a0649f42d97d8a480e3234e82c0755887bbdc75ce8b1d46524bb8fe53,2026-09-23T19:30:58+00:00
1229,RCAEval recursive service-fault CSV windows,RE2/RE2-OB/recommendationservice_mem/3/logts.csv,9870,sha256 calculado,678359a04688a237c3648329dac2b4c702f7bd9429d9db41d1c12fdc33b80600,2026-09-23T19:30:58+00:00
1230,RCAEval recursive service-fault CSV windows,RE2/RE2-OB/recommendationservice_mem/3/metrics.csv,6821194,sha256 calculado,b75913aa9d415aa1515aa49d0fbbf69d547fa0504821be7b71254b8c1c74ce6b,2026-09-23T19:30:58+00:00
1231,RCAEval recursive service-fault CSV windows,RE2/RE2-OB/recommendationservice_mem/3/simple_metrics.csv,1196919,sha256 calculado,c3c29a5b4a8316a937687794922545f3fd3a23f59ab8015555bf9d3670420dca,2026-09-23T19:30:58+00:00
1232,RCAEval recursive service-fault CSV windows,RE2/RE2-OB/recommendationservice_mem/3/traces.csv,72099195,sha256 calculado,90583d0236eb308a9322bc3f4bcd904a1e4bb5696d1bbf2068d6d8406102f58e,2026-09-23T19:30:58+00:00
1233,RCAEval recursive service-fault CSV windows,RE2/RE2-OB/recommendationservice_mem/3/tracets_err.csv,8110,sha256 calculado,b05c6c123c3d59d3824f892790f43d400859bf329c6f3202a10d26033debf363,2026-09-23T19:30:58+00:00
1234,RCAEval recursive service-fault CSV windows,RE2/RE2-OB/recommendationservice_mem/3/tracets_lat.csv,5272,sha256 calculado,232698086d1a79ded0000e2cbf4a15f68b208eaf2c4aabf4aa02df7e31a1d462,2026-09-23T19:30:58+00:00
1235,RCAEval recursive service-fault CSV windows,RE2/RE2-OB/recommendationservice_socket/1/logs.csv,18067514,sha256 calculado,13ba9754c863406f30fdb0abcfb705d58bdffacf789552cd2f92efc218a0cbba,2026-09-23T19:30:58+00:00
1236,RCAEval recursive service-fault CSV windows,RE2/RE2-OB/recommendationservice_socket/1/logts.csv,9314,sha256 calculado,a98f762f663cbacc1787513eff4a9b0efe2a223dfb48d028f6459888044e0173,2026-09-23T19:30:58+00:00
1237,RCAEval recursive service-fault CSV windows,RE2/RE2-OB/recommendationservice_socket/1/metrics.csv,6846588,sha256 calculado,a5a14f9e8c96d98210e9d1d80b61ec4973432453e2fd963286c5ffa58976f24e,2026-09-23T19:30:58+00:00
1238,RCAEval recursive service-fault CSV windows,RE2/RE2-OB/recommendationservice_socket/1/simple_metrics.csv,1183565,sha256 calculado,97888bb9bac74e3b06584ec414edb7b855622bfd0a168c6a6c09a15607bb07f7,2026-09-23T19:30:58+00:00
1239,RCAEval recursive service-fault CSV windows,RE2/RE2-OB/recommendationservice_socket/1/traces.csv,55518033,sha256 calculado,49470745916cc2c436a4c70f8056e0771ac433ed99409caf68e5d6f86be761aa,2026-09-23T19:30:58+00:00
1240,RCAEval recursive service-fault CSV windows,RE2/RE2-OB/recommendationservice_socket/1/tracets_err.csv,8107,sha256 calculado,37cb90d6a915e9903f4ed2e80af2baa8fa958931ba33e89a66ed8f6b49ea301b,2026-09-23T19:30:58+00:00
1241,RCAEval recursive service-fault CSV windows,RE2/RE2-OB/recommendationservice_socket/1/tracets_lat.csv,5358,sha256 calculado,ee81be0766b2151393940776782e405baea90469a5cdd61c0a6e90dd6c5dfa26,2026-09-23T19:30:58+00:00
1242,RCAEval recursive service-fault CSV windows,RE2/RE2-OB/recommendationservice_socket/2/logs.csv,16003048,sha256 calculado,5e67be44f89b8a5069ba7579c9bf6aaa78e9a736f5360200d163e892f465dafc,2026-09-23T19:30:58+00:00
1243,RCAEval recursive service-fault CSV windows,RE2/RE2-OB/recommendationservice_socket/2/logts.csv,9891,sha256 calculado,55ca5ae0c143ed470fa78a9bb547d159517e645c17495bf6f7aeca9f055668cc,2026-09-23T19:30:58+00:00
1244,RCAEval recursive service-fault CSV windows,RE2/RE2-OB/recommendationservice_socket/2/metrics.csv,6826576,sha256 calculado,99a2896b17fe7c448784277203e0e02e8b7082558ac160172c649eb3d07ec2b4,2026-09-23T19:30:58+00:00
1245,RCAEval recursive service-fault CSV windows,RE2/RE2-OB/recommendationservice_socket/2/simple_metrics.csv,1192337,sha256 calculado,af3ddfea10d8affb466c1174754ee31db9f26bafd1174120f93c8351b2506956,2026-09-23T19:30:58+00:00
1246,RCAEval recursive service-fault CSV windows,RE2/RE2-OB/recommendationservice_socket/2/traces.csv,74474848,sha256 calculado,af0fa647898db07500ced94c4df28233aac6387f5283b0a10c68dd329ae483b4,2026-09-23T19:30:59+00:00
1247,RCAEval recursive service-fault CSV windows,RE2/RE2-OB/recommendationservice_socket/2/tracets_err.csv,8113,sha256 calculado,e039395966aba41d6b8b47b5965cd60a4957ca7526eafdc1d79e7da4a3461371,2026-09-23T19:30:59+00:00
1248,RCAEval recursive service-fault CSV windows,RE2/RE2-OB/recommendationservice_socket/2/tracets_lat.csv,5033,sha256 calculado,81fdb309b7912862dc854fd5e2d6fabcf2d49019ff9adbf560ec061d292c681f,2026-09-23T19:30:59+00:00
1249,RCAEval recursive service-fault CSV windows,RE2/RE2-OB/recommendationservice_socket/3/logs.csv,15910965,sha256 calculado,0295794f1e5235b405e5b10d8f7ab4caf712eeecaf8e71dc1abf96c08fe6b973,2026-09-23T19:30:59+00:00
1250,RCAEval recursive service-fault CSV windows,RE2/RE2-OB/recommendationservice_socket/3/logts.csv,9895,sha256 calculado,0360d7fa906f00d0a4f752332d386290301fd36f7e091a4035ec16cce0dc23fa,2026-09-23T19:30:59+00:00
1251,RCAEval recursive service-fault CSV windows,RE2/RE2-OB/recommendationservice_socket/3/metrics.csv,6828865,sha256 calculado,4a966a5a0a1a9e1c098128fd36f6fa5001117320a01e574b9f857afaa25c9484,2026-09-23T19:30:59+00:00
1252,RCAEval recursive service-fault CSV windows,RE2/RE2-OB/recommendationservice_socket/3/simple_metrics.csv,1193585,sha256 calculado,ef313076e4193db2d4492d85ee837abb5dda26910e05a1fa7db9130bf5bb6479,2026-09-23T19:30:59+00:00
1253,RCAEval recursive service-fault CSV windows,RE2/RE2-OB/recommendationservice_socket/3/traces.csv,74363912,sha256 calculado,afca8004d5a98b59abb4ebe09835180035431fafed2666d5beea0a3c2b4e1c4f,2026-09-23T19:30:59+00:00
1254,RCAEval recursive service-fault CSV windows,RE2/RE2-OB/recommendationservice_socket/3/tracets_err.csv,8113,sha256 calculado,4484724407cc237566f2eb2421e0ae1c84572295a134f4ed166a6270d00e90a1,2026-09-23T19:30:59+00:00
1255,RCAEval recursive service-fault CSV windows,RE2/RE2-OB/recommendationservice_socket/3/tracets_lat.csv,5021,sha256 calculado,d0fd65ae738dc4598767789c9659bbc371c7ea3fc3c0362ced88de3da8f3470f,2026-09-23T19:30:59+00:00
1256,RCAEval recursive service-fault CSV windows,RE2/RE2-SS/carts_cpu/1/logs.csv,17534710,sha256 calculado,cc3f5c5c767ba4776ef2c79cbe34a0d05130c526256e42842bc268809112752e,2026-09-23T19:30:59+00:00
1257,RCAEval recursive service-fault CSV windows,RE2/RE2-SS/carts_cpu/1/logts.csv,16093,sha256 calculado,bde83f3f1c6cb0af1c13367494fdffc961d57f422aa2fd3af60b1b0d56c96903,2026-09-23T19:30:59+00:00
1258,RCAEval recursive service-fault CSV windows,RE2/RE2-SS/carts_cpu/1/metrics.csv,6792025,sha256 calculado,02f0adbf0ed42279526c34a32733a303feb8155cfd3681e2dfd780037a6048c2,2026-09-23T19:30:59+00:00
1259,RCAEval recursive service-fault CSV windows,RE2/RE2-SS/carts_cpu/1/simple_metrics.csv,1235477,sha256 calculado,2e10a8a9a6023f5a131132ccd1e1ae09fabe4e989f4c150cf7cc2f3649bfce2f,2026-09-23T19:30:59+00:00
1260,RCAEval recursive service-fault CSV windows,RE2/RE2-SS/carts_cpu/2/logs.csv,17494082,sha256 calculado,9f5d502c5d6ebd5a3b0ae645125f8a2c646051bcc4476114b3f3dfb8cd854b14,2026-09-23T19:30:59+00:00
1261,RCAEval recursive service-fault CSV windows,RE2/RE2-SS/carts_cpu/2/logts.csv,18169,sha256 calculado,ba13f801ba2524507ba7f85dc7698d6887d5a3d24273b0531e91df6e5a3f532c,2026-09-23T19:30:59+00:00
1262,RCAEval recursive service-fault CSV windows,RE2/RE2-SS/carts_cpu/2/metrics.csv,6766225,sha256 calculado,7675305588836deec2ffaa2934618ded5052a2b4e225e569480778f3aba842bd,2026-09-23T19:30:59+00:00
1263,RCAEval recursive service-fault CSV windows,RE2/RE2-SS/carts_cpu/2/simple_metrics.csv,1250223,sha256 calculado,ec015883a296128cc3df1fcd56065b26c1465c387ac4666ca03a0995875cf8f2,2026-09-23T19:30:59+00:00
1264,RCAEval recursive service-fault CSV windows,RE2/RE2-SS/carts_cpu/3/logs.csv,17625434,sha256 calculado,449a522c07b062a6e1ef927a76486a5a77d6e66d38f4f3dd2cdc0d9bed20198e,2026-09-23T19:30:59+00:00
1265,RCAEval recursive service-fault CSV windows,RE2/RE2-SS/carts_cpu/3/logts.csv,16141,sha256 calculado,092e403b115fc7023784d818d7d41337a0138f75ff21073773f3a20a5ab8613d,2026-09-23T19:30:59+00:00
1266,RCAEval recursive service-fault CSV windows,RE2/RE2-SS/carts_cpu/3/metrics.csv,6729269,sha256 calculado,5dd035451d5bab76e2b4d7cd8efb7ddb15826404a71f7b26fc3ee0bdcd31384a,2026-09-23T19:31:00+00:00
1267,RCAEval recursive service-fault CSV windows,RE2/RE2-SS/carts_cpu/3/simple_metrics.csv,1248438,sha256 calculado,1258b751436d35ac2c758509df0f6b03f4abe3f40dc67ad7e1f24bdd03cb0814,2026-09-23T19:31:00+00:00
1268,RCAEval recursive service-fault CSV windows,RE2/RE2-SS/carts_delay/1/logs.csv,16805214,sha256 calculado,07dba0133a5d804b90966a57f4ce7413cbd48a00a8c12ecb2e11266900215fc4,2026-09-23T19:31:00+00:00
1269,RCAEval recursive service-fault CSV windows,RE2/RE2-SS/carts_delay/1/logts.csv,16270,sha256 calculado,834d79347f41769fc17708e9bc36c43b75b7aecc586f3763b0f333ab97bb27ba,2026-09-23T19:31:00+00:00
1270,RCAEval recursive service-fault CSV windows,RE2/RE2-SS/carts_delay/1/metrics.csv,6795920,sha256 calculado,980e891dc691045016e456519ba78b72526a5b4ff8f99312694a529767618baf,2026-09-23T19:31:00+00:00
1271,RCAEval recursive service-fault CSV windows,RE2/RE2-SS/carts_delay/1/simple_metrics.csv,1241516,sha256 calculado,fba2b121b4cb55ee0da9610a53f77f836a2c6a25a138a79dff42d64d0ca96c75,2026-09-23T19:31:00+00:00
1272,RCAEval recursive service-fault CSV windows,RE2/RE2-SS/carts_delay/2/logs.csv,16845142,sha256 calculado,8850d6e34fbaf91d45ad5b29771329417178efed1c64971839679f6913072bdf,2026-09-23T19:31:00+00:00
1273,RCAEval recursive service-fault CSV windows,RE2/RE2-SS/carts_delay/2/logts.csv,16001,sha256 calculado,ffa45484232dcedb505ae88f32c9e298b392b17b644a2a05b839945f15138cea,2026-09-23T19:31:00+00:00
1274,RCAEval recursive service-fault CSV windows,RE2/RE2-SS/carts_delay/2/metrics.csv,6697233,sha256 calculado,41adb74d0396beabc93354e67c2cc3bf85b72e6169bebf2e7d7c6ae87be7817b,2026-09-23T19:31:00+00:00
1275,RCAEval recursive service-fault CSV windows,RE2/RE2-SS/carts_delay/2/simple_metrics.csv,1202708,sha256 calculado,47b537202de0ac989d1b168cb79328a65179c6c3c69c21b35aa096b2bedb9264,2026-09-23T19:31:00+00:00
1276,RCAEval recursive service-fault CSV windows,RE2/RE2-SS/carts_delay/3/logs.csv,16687902,sha256 calculado,425ecaf9ff4e49757dad0dc35b0dd4d12ddf97b27e995a5781a462048ab0be37,2026-09-23T19:31:00+00:00
1277,RCAEval recursive service-fault CSV windows,RE2/RE2-SS/carts_delay/3/logts.csv,15957,sha256 calculado,555c12f10f9b5eaa9b0e5d06364b4e43f9896196d6152d1f58389dd577577b88,2026-09-23T19:31:00+00:00
1278,RCAEval recursive service-fault CSV windows,RE2/RE2-SS/carts_delay/3/metrics.csv,6713407,sha256 calculado,8a142bbf49266a26edefb1dc1fd7d66d0d1791f482301e4fef64d4d3778d553a,2026-09-23T19:31:00+00:00
1279,RCAEval recursive service-fault CSV windows,RE2/RE2-SS/carts_delay/3/simple_metrics.csv,1203280,sha256 calculado,892d7ecfe40e4d7d0c0de5dbca9844ca50f7ca64b8cdd09c469ac9e7bb52b04c,2026-09-23T19:31:00+00:00
1280,RCAEval recursive service-fault CSV windows,RE2/RE2-SS/carts_disk/1/logs.csv,17790632,sha256 calculado,62093a693a5cf24aef450cceb4e0ff6ff675821959bb9a8042fb31674ae07b43,2026-09-23T19:31:00+00:00
1281,RCAEval recursive service-fault CSV windows,RE2/RE2-SS/carts_disk/1/logts.csv,15701,sha256 calculado,4fb3119f3239cc6ec01a4790c4762168300d8ff54ad9d89fdc80f1d951e140e0,2026-09-23T19:31:00+00:00
1282,RCAEval recursive service-fault CSV windows,RE2/RE2-SS/carts_disk/1/metrics.csv,6895114,sha256 calculado,8cb8eebb947424958b4020420e1a039c1f3ced25f03cf47984fdf05a6cfea7a9,2026-09-23T19:31:00+00:00
1283,RCAEval recursive service-fault CSV windows,RE2/RE2-SS/carts_disk/1/simple_metrics.csv,1262935,sha256 calculado,6056fa0bae6c9e15d037fd8daaabf123dddfdb88b3618ab1b36e48db6c32ee74,2026-09-23T19:31:00+00:00
1284,RCAEval recursive service-fault CSV windows,RE2/RE2-SS/carts_disk/2/logs.csv,17703383,sha256 calculado,bdec091b5b5b936b7bcb44e199724f6f915261e594eff50f3354483035a1d9a0,2026-09-23T19:31:00+00:00
1285,RCAEval recursive service-fault CSV windows,RE2/RE2-SS/carts_disk/2/logts.csv,16063,sha256 calculado,edba36217d41671f3e858cc6e5de95dd51cb0cbe7f025a000a3bd856da1df401,2026-09-23T19:31:00+00:00
1286,RCAEval recursive service-fault CSV windows,RE2/RE2-SS/carts_disk/2/metrics.csv,6806184,sha256 calculado,cfd7b6b3e616815655852e8eaf7543a3c15fde4a181dc2909d238690ba4ea242,2026-09-23T19:31:00+00:00
1287,RCAEval recursive service-fault CSV windows,RE2/RE2-SS/carts_disk/2/simple_metrics.csv,1251623,sha256 calculado,705df87013d6e9f1a6012e1fd96eb41e80b1fed0d2780947fa51dbc90ac89195,2026-09-23T19:31:00+00:00
1288,RCAEval recursive service-fault CSV windows,RE2/RE2-SS/carts_disk/3/logs.csv,17664723,sha256 calculado,4595d7ec3033ba1e498ac62d4d94b16b1f61a9872a356d459a5f8c2865bda91a,2026-09-23T19:31:01+00:00
1289,RCAEval recursive service-fault CSV windows,RE2/RE2-SS/carts_disk/3/logts.csv,16330,sha256 calculado,5fff60dc500dd46c20c0a9ca9e11928f5512028ff1fc5cd3e7c636955adc4919,2026-09-23T19:31:01+00:00
1290,RCAEval recursive service-fault CSV windows,RE2/RE2-SS/carts_disk/3/metrics.csv,6816322,sha256 calculado,7d83674c00361e9d96e674f8f02d2f5ac197bd407d28855682d5cb88de5445a9,2026-09-23T19:31:01+00:00
1291,RCAEval recursive service-fault CSV windows,RE2/RE2-SS/carts_disk/3/simple_metrics.csv,1253107,sha256 calculado,4dc814d710343a207632964e7e484a4ebd0b309a6ca8dae16920d1f25ad7419c,2026-09-23T19:31:01+00:00
1292,RCAEval recursive service-fault CSV windows,RE2/RE2-SS/carts_loss/1/logs.csv,17094255,sha256 calculado,cade671b06179c85b27044709b814e914367adeed0f8ace9bf5f8b78e36292d1,2026-09-23T19:31:01+00:00
1293,RCAEval recursive service-fault CSV windows,RE2/RE2-SS/carts_loss/1/logts.csv,17677,sha256 calculado,e4e38c023238e4119638db2eef2dee876ae573674a8f12c3686d6ca21f4bd401,2026-09-23T19:31:01+00:00
1294,RCAEval recursive service-fault CSV windows,RE2/RE2-SS/carts_loss/1/metrics.csv,6795313,sha256 calculado,2f93827e5a7b2ccc2ea656b603b059064e23ca1f37bde8c432ebf9676b1ea3b8,2026-09-23T19:31:01+00:00
1295,RCAEval recursive service-fault CSV windows,RE2/RE2-SS/carts_loss/1/simple_metrics.csv,1246264,sha256 calculado,ea213702c54ec837cff857e319b91365526728cd36e9f2db9ea8f3fc85fadfb5,2026-09-23T19:31:01+00:00
1296,RCAEval recursive service-fault CSV windows,RE2/RE2-SS/carts_loss/2/logs.csv,17177589,sha256 calculado,8ef763ff0d3364a1b114009d6f5195d6f2a82d2c9113348416a6f5b99c32afa4,2026-09-23T19:31:01+00:00
1297,RCAEval recursive service-fault CSV windows,RE2/RE2-SS/carts_loss/2/logts.csv,16456,sha256 calculado,0c3d21211e0d7d16139a89c11b88eac07a53372d4f790c6d14385aa80a2b0e86,2026-09-23T19:31:01+00:00
1298,RCAEval recursive service-fault CSV windows,RE2/RE2-SS/carts_loss/2/metrics.csv,6776684,sha256 calculado,bc37a0b587a090404975a1529498c6ad91ab3f727e92f6be40aa41112e84fd96,2026-09-23T19:31:01+00:00
1299,RCAEval recursive service-fault CSV windows,RE2/RE2-SS/carts_loss/2/simple_metrics.csv,1245483,sha256 calculado,66e4e9b0e655054ae31488a67ffbd799c8b68250a6cd3a7848adff999c56c46b,2026-09-23T19:31:01+00:00
1300,RCAEval recursive service-fault CSV windows,RE2/RE2-SS/carts_loss/3/logs.csv,17032905,sha256 calculado,6d68f7f95d78583810379768438697bd9cbac0b48160d5d845d759e93e3ba920,2026-09-23T19:31:01+00:00
1301,RCAEval recursive service-fault CSV windows,RE2/RE2-SS/carts_loss/3/logts.csv,16647,sha256 calculado,35ec7b7ae204f62abd84e5a17b0bfa3a8ffa5437f0ef2b44a1f07238d09e4bca,2026-09-23T19:31:01+00:00
1302,RCAEval recursive service-fault CSV windows,RE2/RE2-SS/carts_loss/3/metrics.csv,6739697,sha256 calculado,4e387d79c51a4f60f53489982b29879604ece5cc61e40e2dc8c65b96da71a930,2026-09-23T19:31:01+00:00
1303,RCAEval recursive service-fault CSV windows,RE2/RE2-SS/carts_loss/3/simple_metrics.csv,1252257,sha256 calculado,64a3bf56a5da0fa38876ee24fd85bcadedf22e47c5d137e7961b2c0f4f7caef2,2026-09-23T19:31:01+00:00
1304,RCAEval recursive service-fault CSV windows,RE2/RE2-SS/carts_mem/1/logs.csv,17758185,sha256 calculado,541de65f67d5dca22aa2d98d6be026c8ec07c1e39fd0ed639d87288c3d0f3f33,2026-09-23T19:31:01+00:00
1305,RCAEval recursive service-fault CSV windows,RE2/RE2-SS/carts_mem/1/logts.csv,16409,sha256 calculado,51a0357c1f7d0c7f3e6d4a472c689d24746e10f13ebb098ce2a96d65706c156a,2026-09-23T19:31:01+00:00
1306,RCAEval recursive service-fault CSV windows,RE2/RE2-SS/carts_mem/1/metrics.csv,6884369,sha256 calculado,a89dc9fbd363846ac7831b606a662ccefaa0203554398c44de6524154e94fca8,2026-09-23T19:31:01+00:00
1307,RCAEval recursive service-fault CSV windows,RE2/RE2-SS/carts_mem/1/simple_metrics.csv,1255380,sha256 calculado,459cc1e3b0be1646a3406a872e64758a84702bc4a61e22c34f906e7f7e163e2a,2026-09-23T19:31:01+00:00
1308,RCAEval recursive service-fault CSV windows,RE2/RE2-SS/carts_mem/2/logs.csv,17430320,sha256 calculado,c7d5f7f8dc4f9567f7cff47f2e7f79257a4a7f55ea75738915e7901de745b59d,2026-09-23T19:31:01+00:00
1309,RCAEval recursive service-fault CSV windows,RE2/RE2-SS/carts_mem/2/logts.csv,15658,sha256 calculado,988bfed0eedc7f56edaca77ef7cad075ece99a60bf2dc7b4f00148d959b4da14,2026-09-23T19:31:01+00:00
1310,RCAEval recursive service-fault CSV windows,RE2/RE2-SS/carts_mem/2/metrics.csv,6717447,sha256 calculado,72e9e46db8ec01db763b97a84c4c6fd975fcb84147106d7775edef0d3493e6c8,2026-09-23T19:31:01+00:00
1311,RCAEval recursive service-fault CSV windows,RE2/RE2-SS/carts_mem/2/simple_metrics.csv,1232059,sha256 calculado,09e6f0f2e6811a45f82538df53b7faf1fc8392fd1cf824526cc4fa1dfa7dddd3,2026-09-23T19:31:01+00:00
1312,RCAEval recursive service-fault CSV windows,RE2/RE2-SS/carts_mem/3/logs.csv,17507063,sha256 calculado,54b19b66d87ad6a6452c37c6cb688232783d8eefa6f594b7f03dd566eefc2125,2026-09-23T19:31:01+00:00
1313,RCAEval recursive service-fault CSV windows,RE2/RE2-SS/carts_mem/3/logts.csv,16125,sha256 calculado,629635986924342e3dc9665063a91d62d5218570084a60b11ef3f1861973d712,2026-09-23T19:31:02+00:00
1314,RCAEval recursive service-fault CSV windows,RE2/RE2-SS/carts_mem/3/metrics.csv,6831163,sha256 calculado,8afccfedfe2a65b7f50541add7e4b6b03a29be10b685ad4c8ffac5ffc916e625,2026-09-23T19:31:02+00:00
1315,RCAEval recursive service-fault CSV windows,RE2/RE2-SS/carts_mem/3/simple_metrics.csv,1249197,sha256 calculado,f67f19696dce51c0855c9b3457ba98dc0b800d2183cf591d9735480325f4e698,2026-09-23T19:31:02+00:00
1316,RCAEval recursive service-fault CSV windows,RE2/RE2-SS/carts_socket/1/logs.csv,20972758,sha256 calculado,767bbadb10ebaaf62c52f8dcfa684c36e0b6b10e5d8c9bf827b7b932cc18117e,2026-09-23T19:31:02+00:00
1317,RCAEval recursive service-fault CSV windows,RE2/RE2-SS/carts_socket/1/logts.csv,16056,sha256 calculado,0b1abef5676a80c9555106f27597d61c35a4fe8cf9f3f98a630b02d71a5fc8c1,2026-09-23T19:31:02+00:00
1318,RCAEval recursive service-fault CSV windows,RE2/RE2-SS/carts_socket/1/metrics.csv,6722661,sha256 calculado,9a295980f3084e23baccd773b1cdad3543fb26d1b5943b289a89644518dd48e5,2026-09-23T19:31:02+00:00
1319,RCAEval recursive service-fault CSV windows,RE2/RE2-SS/carts_socket/1/simple_metrics.csv,1246660,sha256 calculado,9be0abb35487fa6f7e20810658beee5cb3265a567c5186412b44e2cc917ff591,2026-09-23T19:31:02+00:00
1320,RCAEval recursive service-fault CSV windows,RE2/RE2-SS/carts_socket/2/logs.csv,17507366,sha256 calculado,381c11dce4a0dc9c229b9a5f97dcc4f2ff1efc9b48b3380e8fd3b17654762e37,2026-09-23T19:31:02+00:00
1321,RCAEval recursive service-fault CSV windows,RE2/RE2-SS/carts_socket/2/logts.csv,16146,sha256 calculado,8111de3a61e499854ce584a6615f9965569c49e5c82c840d7b72fa639480561d,2026-09-23T19:31:02+00:00
1322,RCAEval recursive service-fault CSV windows,RE2/RE2-SS/carts_socket/2/metrics.csv,6796321,sha256 calculado,60caea92163ee7c8b11243b42b52a4582349736c82368a06e6de9e7c196045b0,2026-09-23T19:31:02+00:00
1323,RCAEval recursive service-fault CSV windows,RE2/RE2-SS/carts_socket/2/simple_metrics.csv,1247390,sha256 calculado,2de375ca5ed7186b7ab96a1655af8c717330ad00b7b38575fd9a3335df7a2b73,2026-09-23T19:31:02+00:00
1324,RCAEval recursive service-fault CSV windows,RE2/RE2-SS/carts_socket/3/logs.csv,17426300,sha256 calculado,b03642f40ca51020f33f9194aa711e66000a19e261686249c9a4e228db28043b,2026-09-23T19:31:02+00:00
1325,RCAEval recursive service-fault CSV windows,RE2/RE2-SS/carts_socket/3/logts.csv,16075,sha256 calculado,0f347e7617679c80e3e346915677521b837704368d69799d2be3d448c0e88c4a,2026-09-23T19:31:02+00:00
1326,RCAEval recursive service-fault CSV windows,RE2/RE2-SS/carts_socket/3/metrics.csv,6769738,sha256 calculado,5e893721597471316330c392e17db873a08a02e4b0a5f72d5475f4e729a80a3a,2026-09-23T19:31:02+00:00
1327,RCAEval recursive service-fault CSV windows,RE2/RE2-SS/carts_socket/3/simple_metrics.csv,1235837,sha256 calculado,e3926a552e18a84fad59225f38a2f47fe03f821fdb5865c4205f8b06f41768a0,2026-09-23T19:31:02+00:00
1328,RCAEval recursive service-fault CSV windows,RE2/RE2-SS/catalogue_cpu/1/logs.csv,15721599,sha256 calculado,4e17d09409c3b09a438a8d6d5beb85302f25fe260336c17199a5e91f46fc1e9c,2026-09-23T19:31:02+00:00
1329,RCAEval recursive service-fault CSV windows,RE2/RE2-SS/catalogue_cpu/1/logts.csv,17684,sha256 calculado,7a1871fb87c76a0a01862aea9d1b5ff12864ef09479883410b2414b0c549a4a8,2026-09-23T19:31:02+00:00
1330,RCAEval recursive service-fault CSV windows,RE2/RE2-SS/catalogue_cpu/1/metrics.csv,6603783,sha256 calculado,8537ec185a608f5e71f7037b5b4291ebe09bd7c074bb85d184869a37aef0c467,2026-09-23T19:31:02+00:00
1331,RCAEval recursive service-fault CSV windows,RE2/RE2-SS/catalogue_cpu/1/simple_metrics.csv,1190518,sha256 calculado,b8ab2150f6b235fdd9426b2a78ab1725a882b42ce31f9f2e89c30afe43936398,2026-09-23T19:31:02+00:00
1332,RCAEval recursive service-fault CSV windows,RE2/RE2-SS/catalogue_cpu/2/logs.csv,15031303,sha256 calculado,b178bb8493d64d2e255bfa74b44045de1d1d59bff59d6ceadb8d8a5bdf900695,2026-09-23T19:31:02+00:00
1333,RCAEval recursive service-fault CSV windows,RE2/RE2-SS/catalogue_cpu/2/logts.csv,16970,sha256 calculado,96a3546676117b0f8b0a8d3f8c8755d416e73a080e263845d578cfa6b7a7e03e,2026-09-23T19:31:03+00:00
1334,RCAEval recursive service-fault CSV windows,RE2/RE2-SS/catalogue_cpu/2/metrics.csv,6643336,sha256 calculado,9e159662a4c0928a8a2d5e8f70c6b8feb025a06cc242a3aef7d57cac8944a1c3,2026-09-23T19:31:03+00:00
1335,RCAEval recursive service-fault CSV windows,RE2/RE2-SS/catalogue_cpu/2/simple_metrics.csv,1199864,sha256 calculado,d08c9e8b0d5ecb1debb17fc8778a92345df195a3817ef2c1b2a2a69eb2bc5126,2026-09-23T19:31:03+00:00
1336,RCAEval recursive service-fault CSV windows,RE2/RE2-SS/catalogue_cpu/3/logs.csv,17601287,sha256 calculado,a612a85a15ceedeb7b6783e8c277a66070b66f84e1be0f4104011883578cad68,2026-09-23T19:31:03+00:00
1337,RCAEval recursive service-fault CSV windows,RE2/RE2-SS/catalogue_cpu/3/logts.csv,15743,sha256 calculado,6e09e6ec996f47fffa4c8f3d65ca054772ee55ef4bd18951df34689f5b6de997,2026-09-23T19:31:03+00:00
1338,RCAEval recursive service-fault CSV windows,RE2/RE2-SS/catalogue_cpu/3/metrics.csv,6802768,sha256 calculado,d985d5302f65d2f00132781a109daacf34893af2a47897b552c374e2fd067857,2026-09-23T19:31:03+00:00
1339,RCAEval recursive service-fault CSV windows,RE2/RE2-SS/catalogue_cpu/3/simple_metrics.csv,1241382,sha256 calculado,990e16ce272378d87e31f38cb10d6c968a7c3f3132436b9be7e555bac6eb40e2,2026-09-23T19:31:03+00:00
1340,RCAEval recursive service-fault CSV windows,RE2/RE2-SS/catalogue_delay/1/logs.csv,22556229,sha256 calculado,7d1203eceb6ab380748411abba4d8d2e3ace1264f2a6105b14b25ad494294b75,2026-09-23T19:31:03+00:00
1341,RCAEval recursive service-fault CSV windows,RE2/RE2-SS/catalogue_delay/1/logts.csv,15946,sha256 calculado,736ec04eabbf2fcc1a6fbcf9cb87ba4faa11163bab44ec24abd3c4cc9d0602a2,2026-09-23T19:31:03+00:00
1342,RCAEval recursive service-fault CSV windows,RE2/RE2-SS/catalogue_delay/1/metrics.csv,6703199,sha256 calculado,9aa0f06c2ac04049e9300e1e24dfb5853c6f5658978fca225a76d3a096b71728,2026-09-23T19:31:03+00:00
1343,RCAEval recursive service-fault CSV windows,RE2/RE2-SS/catalogue_delay/1/simple_metrics.csv,1238930,sha256 calculado,51681c687b60663eaf94bfd5d810d61efc14a02b9588803013a57b0169b2fce9,2026-09-23T19:31:03+00:00
1344,RCAEval recursive service-fault CSV windows,RE2/RE2-SS/catalogue_delay/2/logs.csv,17138504,sha256 calculado,45cd3bb421a899ef12bcad702cae1d2051fd22cc08ad1146a64ff011ef36cd8c,2026-09-23T19:31:03+00:00
1345,RCAEval recursive service-fault CSV windows,RE2/RE2-SS/catalogue_delay/2/logts.csv,15674,sha256 calculado,3fa4c0dba33e7dcf8a06d257a21a7da8588b0151a2e9e40cd19f7cf52cf319cf,2026-09-23T19:31:03+00:00
1346,RCAEval recursive service-fault CSV windows,RE2/RE2-SS/catalogue_delay/2/metrics.csv,6718722,sha256 calculado,9da56264db58d2f055fdd1e8e9fc7ab5e8250090be55ff2198e0f92bde0114d3,2026-09-23T19:31:03+00:00
1347,RCAEval recursive service-fault CSV windows,RE2/RE2-SS/catalogue_delay/2/simple_metrics.csv,1217387,sha256 calculado,cb8f0b883aa083a972961a3b4a69c741806a827839c933ecce1072bb7b377c1a,2026-09-23T19:31:03+00:00
1348,RCAEval recursive service-fault CSV windows,RE2/RE2-SS/catalogue_delay/3/logs.csv,15898202,sha256 calculado,3458c438b801ac79a98f25b935c93963a54557a29f52b73584f0942b61cbd112,2026-09-23T19:31:03+00:00
1349,RCAEval recursive service-fault CSV windows,RE2/RE2-SS/catalogue_delay/3/logts.csv,26452,sha256 calculado,0a03c72681e558c6ce131274acb724ed156ad6361752a9b255928cedf0cb64cb,2026-09-23T19:31:03+00:00
1350,RCAEval recursive service-fault CSV windows,RE2/RE2-SS/catalogue_delay/3/metrics.csv,6754926,sha256 calculado,b3cd40dc8d897ad0622aebffcb59d43d4f861e173f94c337405150ca13d011f7,2026-09-23T19:31:03+00:00
1351,RCAEval recursive service-fault CSV windows,RE2/RE2-SS/catalogue_delay/3/simple_metrics.csv,1236760,sha256 calculado,1571af12decef8e1b565c216c4fde333b01d70fa11662a165eb4f3806b66d696,2026-09-23T19:31:03+00:00
1352,RCAEval recursive service-fault CSV windows,RE2/RE2-SS/catalogue_disk/1/logs.csv,21037800,sha256 calculado,2ef63575a91674f8e7573f423b9707c7bf4f0281d694d69e669f20276f183e4b,2026-09-23T19:31:03+00:00
1353,RCAEval recursive service-fault CSV windows,RE2/RE2-SS/catalogue_disk/1/logts.csv,15742,sha256 calculado,50c02fb20a40b47b65ba480e831fdc2f524142b641cbb3e7410588af558df9af,2026-09-23T19:31:03+00:00
1354,RCAEval recursive service-fault CSV windows,RE2/RE2-SS/catalogue_disk/1/metrics.csv,6697815,sha256 calculado,cd7edd100669cd7ccfbc719941531e43beb94261f707f64e635557050c183b9a,2026-09-23T19:31:03+00:00
1355,RCAEval recursive service-fault CSV windows,RE2/RE2-SS/catalogue_disk/1/simple_metrics.csv,1226647,sha256 calculado,31d13c6c799ca444df6d5907b52fbad600bebfd7af32813b56abb78874d04345,2026-09-23T19:31:04+00:00
1356,RCAEval recursive service-fault CSV windows,RE2/RE2-SS/catalogue_disk/2/logs.csv,17507038,sha256 calculado,3f7c568185aa51dadbcaff829cadc3b2d94deb4972a0ac9f4d0a06ee48ed07b4,2026-09-23T19:31:04+00:00
1357,RCAEval recursive service-fault CSV windows,RE2/RE2-SS/catalogue_disk/2/logts.csv,16047,sha256 calculado,9f3605f8fdd05dfbcbadbc8b558f76e01996d7d8df10bf65735ce3bce4c9fe28,2026-09-23T19:31:04+00:00
1358,RCAEval recursive service-fault CSV windows,RE2/RE2-SS/catalogue_disk/2/metrics.csv,6902915,sha256 calculado,470e826ce556c627d92e41181de02e71a0fa921bbbefc471e2598a884d0678ba,2026-09-23T19:31:04+00:00
1359,RCAEval recursive service-fault CSV windows,RE2/RE2-SS/catalogue_disk/2/simple_metrics.csv,1250573,sha256 calculado,5fa5b6011035873104a10f5de293dba239ca183254428038c4984b41463fede0,2026-09-23T19:31:04+00:00
1360,RCAEval recursive service-fault CSV windows,RE2/RE2-SS/catalogue_disk/3/logs.csv,17551812,sha256 calculado,bea2d34dd938ca1afe543f84cf4f9e47e57e2f8eedc0d8f474d86005d9f7661b,2026-09-23T19:31:04+00:00
1361,RCAEval recursive service-fault CSV windows,RE2/RE2-SS/catalogue_disk/3/logts.csv,16490,sha256 calculado,f93263b3d2bc353b88be2310c0ec3bb6fb421659d6df2c08e724ab09c56c2e30,2026-09-23T19:31:04+00:00
1362,RCAEval recursive service-fault CSV windows,RE2/RE2-SS/catalogue_disk/3/metrics.csv,6886879,sha256 calculado,bf1d2fe1d5d4ed3077a196a309b3b73594fb788033c0d7f104ae92c661aa8366,2026-09-23T19:31:04+00:00
1363,RCAEval recursive service-fault CSV windows,RE2/RE2-SS/catalogue_disk/3/simple_metrics.csv,1265569,sha256 calculado,1e5ce45238fd52a87792d8cb9aaaa07655bbf7959df3f26878ea2d28bb2c141b,2026-09-23T19:31:04+00:00
1364,RCAEval recursive service-fault CSV windows,RE2/RE2-SS/catalogue_loss/1/logs.csv,11308900,sha256 calculado,81f786abe7851d77c208f4aa0b07f62706438c9873ee8c2c01c1b1f126e7a86b,2026-09-23T19:31:04+00:00
1365,RCAEval recursive service-fault CSV windows,RE2/RE2-SS/catalogue_loss/1/logts.csv,26074,sha256 calculado,9c1068b9d9e1746eaaa1709c7430c781e02ad7b2d4e69b9019a5b2b268464ba3,2026-09-23T19:31:04+00:00
1366,RCAEval recursive service-fault CSV windows,RE2/RE2-SS/catalogue_loss/1/metrics.csv,6435448,sha256 calculado,8aa73b7a02014a0cdf21f3773f4a5ed29bab7506af494683ec38bb5b0aebff30,2026-09-23T19:31:04+00:00
1367,RCAEval recursive service-fault CSV windows,RE2/RE2-SS/catalogue_loss/1/simple_metrics.csv,1155146,sha256 calculado,be70589c8230ffa9f0a6e7406d9c0a8bf8ad6469f890a304d127f3636039fb88,2026-09-23T19:31:04+00:00
1368,RCAEval recursive service-fault CSV windows,RE2/RE2-SS/catalogue_loss/2/logs.csv,11784289,sha256 calculado,07640f2d13adbb3261b1a24a272aaaa366aa4c37eb3ad94213df96150893a536,2026-09-23T19:31:04+00:00
1369,RCAEval recursive service-fault CSV windows,RE2/RE2-SS/catalogue_loss/2/logts.csv,27207,sha256 calculado,3b246aa120d72d1186926a1f1967342fa4864a44033ca7c1c1f5a5dc06e53d34,2026-09-23T19:31:04+00:00
1370,RCAEval recursive service-fault CSV windows,RE2/RE2-SS/catalogue_loss/2/metrics.csv,6495782,sha256 calculado,5a060fb9af13432a4e3fb1907a422e0dc46a8a05b44f274f9bc44a097cad1235,2026-09-23T19:31:04+00:00
1371,RCAEval recursive service-fault CSV windows,RE2/RE2-SS/catalogue_loss/2/simple_metrics.csv,1179123,sha256 calculado,86a4ae73ec7cb1af9df5e31bedef4baf428cfd06a364b166288c681d0bd217a1,2026-09-23T19:31:04+00:00
1372,RCAEval recursive service-fault CSV windows,RE2/RE2-SS/catalogue_loss/3/logs.csv,12139865,sha256 calculado,cd2ee868e27ef6fa150d2e3e1fc1a69be2156ddd347e4ad249e8d9360a121eab,2026-09-23T19:31:04+00:00
1373,RCAEval recursive service-fault CSV windows,RE2/RE2-SS/catalogue_loss/3/logts.csv,26676,sha256 calculado,8a8cd68a414ab423a1315899c0166e75b55001a6849825f6ad7d1dcfc6b1312a,2026-09-23T19:31:04+00:00
1374,RCAEval recursive service-fault CSV windows,RE2/RE2-SS/catalogue_loss/3/metrics.csv,6529276,sha256 calculado,5c035a7b667b007ed5d2338c8d9b2c24d0c0fbe61b6a86916dcc1e5e7281f6bc,2026-09-23T19:31:04+00:00
1375,RCAEval recursive service-fault CSV windows,RE2/RE2-SS/catalogue_loss/3/simple_metrics.csv,1186981,sha256 calculado,1f5b5c10c86159c52d722f80f506275e6a0cd7d081a0157633e0bbc01eafa504,2026-09-23T19:31:04+00:00
1376,RCAEval recursive service-fault CSV windows,RE2/RE2-SS/catalogue_mem/1/logs.csv,17524588,sha256 calculado,76e60c35d928cacda11e4fe6feaad93d8d39491744856019688bb1b82855b87d,2026-09-23T19:31:04+00:00
1377,RCAEval recursive service-fault CSV windows,RE2/RE2-SS/catalogue_mem/1/logts.csv,16260,sha256 calculado,0de6036bcf03c65864393b8a963c849ba87d0ea11b9f1ad8d83486beecf271ff,2026-09-23T19:31:04+00:00
1378,RCAEval recursive service-fault CSV windows,RE2/RE2-SS/catalogue_mem/1/metrics.csv,6845038,sha256 calculado,56ff359290000b151e01fbc8bf72ada54face50c9ebdac21faf05b592b8d49be,2026-09-23T19:31:04+00:00
1379,RCAEval recursive service-fault CSV windows,RE2/RE2-SS/catalogue_mem/1/simple_metrics.csv,1252809,sha256 calculado,28c4c7c2d7fd2e8e844841bb79929905527ec0c6788d6f8f3b9d34c9df0698e5,2026-09-23T19:31:04+00:00
1380,RCAEval recursive service-fault CSV windows,RE2/RE2-SS/catalogue_mem/2/logs.csv,17514337,sha256 calculado,3083ebe7d8356bd7095e5c2a93d5b7f8d00e2ff1f1ca3b709b333f14222ba05c,2026-09-23T19:31:04+00:00
1381,RCAEval recursive service-fault CSV windows,RE2/RE2-SS/catalogue_mem/2/logts.csv,16295,sha256 calculado,aa9b7db0d0284bc300e54b8216d90dd6fe914ae72b387482d0c55460386f656f,2026-09-23T19:31:04+00:00
1382,RCAEval recursive service-fault CSV windows,RE2/RE2-SS/catalogue_mem/2/metrics.csv,6817902,sha256 calculado,53220adedfad8f44f05a8d2cf180c905f92c903223349679f733d6fd33a1188c,2026-09-23T19:31:05+00:00
1383,RCAEval recursive service-fault CSV windows,RE2/RE2-SS/catalogue_mem/2/simple_metrics.csv,1244968,sha256 calculado,e038fda9c2d67c2373bbaf7d46c45fcc49673e69c8ed89fd975e7e00402c8a8e,2026-09-23T19:31:05+00:00
1384,RCAEval recursive service-fault CSV windows,RE2/RE2-SS/catalogue_mem/3/logs.csv,17442092,sha256 calculado,d7bcbbabfd25918cc21aa86163c5eb9b310e07870a79589f9e905d86f899e52d,2026-09-23T19:31:05+00:00
1385,RCAEval recursive service-fault CSV windows,RE2/RE2-SS/catalogue_mem/3/logts.csv,15833,sha256 calculado,5f740ef7bc63b89b790106254a814924c783cb37ecb3971e30751915c84b71ef,2026-09-23T19:31:05+00:00
1386,RCAEval recursive service-fault CSV windows,RE2/RE2-SS/catalogue_mem/3/metrics.csv,6820776,sha256 calculado,51c79c711de17bc3b32789f5d3977cc29669790580857d56fbbe03c39844e612,2026-09-23T19:31:05+00:00
1387,RCAEval recursive service-fault CSV windows,RE2/RE2-SS/catalogue_mem/3/simple_metrics.csv,1241908,sha256 calculado,1bf406af67ff1057657079c29da613d3b6dd6e511904ffc444b8694713b988d8,2026-09-23T19:31:05+00:00
1388,RCAEval recursive service-fault CSV windows,RE2/RE2-SS/catalogue_socket/1/logs.csv,22833546,sha256 calculado,0684ef619dcabe2111e71ed19671a59ce36d8a664cb8cf9c382f05dcdcb89c14,2026-09-23T19:31:05+00:00
1389,RCAEval recursive service-fault CSV windows,RE2/RE2-SS/catalogue_socket/1/logts.csv,16048,sha256 calculado,3422f9518ea982d3c3a08b79faa24f848dc1b437bfd4baf77b156026c78d0089,2026-09-23T19:31:05+00:00
1390,RCAEval recursive service-fault CSV windows,RE2/RE2-SS/catalogue_socket/1/metrics.csv,6702841,sha256 calculado,9bcc863909745227e7cb885f4c865e9e990f7f72eb88903e417edb7c9178044b,2026-09-23T19:31:05+00:00
1391,RCAEval recursive service-fault CSV windows,RE2/RE2-SS/catalogue_socket/1/simple_metrics.csv,1228099,sha256 calculado,adbde9966b0cea0de23f0e1ccb1f556eeb498c7f732fe123a6b3f2a2e6f268f7,2026-09-23T19:31:05+00:00
1392,RCAEval recursive service-fault CSV windows,RE2/RE2-SS/catalogue_socket/2/logs.csv,17760779,sha256 calculado,5c8c7f5ddb4caffd740b8a20d5f1acc013d205bb78b91aad93c86f89e008e548,2026-09-23T19:31:05+00:00
1393,RCAEval recursive service-fault CSV windows,RE2/RE2-SS/catalogue_socket/2/logts.csv,16484,sha256 calculado,6f393f3428eb88f2a71e3e489225e8a57d6aeec4fbed6fda8e0e33c944525467,2026-09-23T19:31:05+00:00
1394,RCAEval recursive service-fault CSV windows,RE2/RE2-SS/catalogue_socket/2/metrics.csv,6836897,sha256 calculado,849265b6c2ff681fcbe24b0f87f0ee4d939664fe2cf6d2c64646e8acdb56503c,2026-09-23T19:31:05+00:00
1395,RCAEval recursive service-fault CSV windows,RE2/RE2-SS/catalogue_socket/2/simple_metrics.csv,1242913,sha256 calculado,b91e00df9b93dda9ee66b545f831c71bf471b8cc3b5e7e1555dc8007d25a5d85,2026-09-23T19:31:05+00:00
1396,RCAEval recursive service-fault CSV windows,RE2/RE2-SS/catalogue_socket/3/logs.csv,17511072,sha256 calculado,6ecb9195142dd4907bc912e864df31b222536d8279b5398a568e712edf633d96,2026-09-23T19:31:05+00:00
1397,RCAEval recursive service-fault CSV windows,RE2/RE2-SS/catalogue_socket/3/logts.csv,16040,sha256 calculado,0e6d743b4b456ac8ecb229aac155bae4df168f5e5710281fb81c0a49aea33ccc,2026-09-23T19:31:05+00:00
1398,RCAEval recursive service-fault CSV windows,RE2/RE2-SS/catalogue_socket/3/metrics.csv,6819298,sha256 calculado,0c0ab1120b77cd88017bb4bfb324e3c8aca99cd28b5b4a35180399d2537f5895,2026-09-23T19:31:05+00:00
1399,RCAEval recursive service-fault CSV windows,RE2/RE2-SS/catalogue_socket/3/simple_metrics.csv,1240058,sha256 calculado,53c034619a579fa213c913067dc17677457327b31e3a47d5d24e208136f862f3,2026-09-23T19:31:05+00:00
1400,RCAEval recursive service-fault CSV windows,RE2/RE2-SS/orders_cpu/1/logs.csv,17501676,sha256 calculado,ea960829f54f5665b791588a244f42e1b62207d41e5f67d6fc9445f8ffcdd24c,2026-09-23T19:31:05+00:00
1401,RCAEval recursive service-fault CSV windows,RE2/RE2-SS/orders_cpu/1/logts.csv,15897,sha256 calculado,eb32fae79833a0c5e61b58076edce940075010fd0d032d7e9de5a5454fc22e38,2026-09-23T19:31:05+00:00
1402,RCAEval recursive service-fault CSV windows,RE2/RE2-SS/orders_cpu/1/metrics.csv,6746987,sha256 calculado,3c23604cf1bb9f45811c66252347a1872f8c2be41a43c367deb61d7e56564bc2,2026-09-23T19:31:05+00:00
1403,RCAEval recursive service-fault CSV windows,RE2/RE2-SS/orders_cpu/1/simple_metrics.csv,1226242,sha256 calculado,415c68f521b8e17ea09bcd73937de8d453922978033865e61f5afd69d8103277,2026-09-23T19:31:05+00:00
1404,RCAEval recursive service-fault CSV windows,RE2/RE2-SS/orders_cpu/2/logs.csv,17500892,sha256 calculado,e493380cb0256bb5a6046c3ba6c90efbc28607c26d8af75e774c5fdec0efea1c,2026-09-23T19:31:05+00:00
1405,RCAEval recursive service-fault CSV windows,RE2/RE2-SS/orders_cpu/2/logts.csv,16139,sha256 calculado,b431803c6a9d0db3af867b15e5ce444fff5e305b2e82ce34d43c9d6b6dbccd83,2026-09-23T19:31:05+00:00
1406,RCAEval recursive service-fault CSV windows,RE2/RE2-SS/orders_cpu/2/metrics.csv,6736337,sha256 calculado,e670500f04d4c96bbc084531c55a01f083ebc2cb91e60de3c1aa42dc1ac8a722,2026-09-23T19:31:06+00:00
1407,RCAEval recursive service-fault CSV windows,RE2/RE2-SS/orders_cpu/2/simple_metrics.csv,1257677,sha256 calculado,6c3c1c5c5a24bb5f73df719a4fd76389edbfed4da95418f61274b51228ee25b5,2026-09-23T19:31:06+00:00
1408,RCAEval recursive service-fault CSV windows,RE2/RE2-SS/orders_cpu/3/logs.csv,17576912,sha256 calculado,24f8edbe96ae76df15dde14059d9d3162661810c67eff52ac1271bf6a99af607,2026-09-23T19:31:06+00:00
1409,RCAEval recursive service-fault CSV windows,RE2/RE2-SS/orders_cpu/3/logts.csv,15862,sha256 calculado,8f45dc3c38cd7d59cddaac547fe9cd56b32e5b6acb799864b2af65604710fd14,2026-09-23T19:31:06+00:00
1410,RCAEval recursive service-fault CSV windows,RE2/RE2-SS/orders_cpu/3/metrics.csv,6771943,sha256 calculado,33d6db2d4bab10b694f20829061491d7b1e3a3531c12d12209bbdd77b2855e9a,2026-09-23T19:31:06+00:00
1411,RCAEval recursive service-fault CSV windows,RE2/RE2-SS/orders_cpu/3/simple_metrics.csv,1251592,sha256 calculado,dc1984ef5f72a7697de4152c91247198c32f5639aec2090797de912bd74ef939,2026-09-23T19:31:06+00:00
1412,RCAEval recursive service-fault CSV windows,RE2/RE2-SS/orders_delay/1/logs.csv,24379564,sha256 calculado,c5917c1ee2fa2401441bb36c03a4e2420fd251ee1d6c8883a3132fa4b79f700d,2026-09-23T19:31:06+00:00
1413,RCAEval recursive service-fault CSV windows,RE2/RE2-SS/orders_delay/1/logts.csv,16097,sha256 calculado,22c0f61ac2d5403dd2b99a47c9e3bedbbf3ddca7bdb9e8bf69b44d55ca3fda1c,2026-09-23T19:31:06+00:00
1414,RCAEval recursive service-fault CSV windows,RE2/RE2-SS/orders_delay/1/metrics.csv,6750384,sha256 calculado,bb2fe92dcad0540dc283dbfc082640a1ba396df62fb8aa60656a337974bca302,2026-09-23T19:31:06+00:00
1415,RCAEval recursive service-fault CSV windows,RE2/RE2-SS/orders_delay/1/simple_metrics.csv,1242644,sha256 calculado,5adc439e70506e2baeb73bb5861bf43ea3837be36528c69ac00c728fe02c682e,2026-09-23T19:31:06+00:00
1416,RCAEval recursive service-fault CSV windows,RE2/RE2-SS/orders_delay/2/logs.csv,17552594,sha256 calculado,bd91bd006456dbfcdf63734831890bfeb5f3420c02c57c10c2f935c57599ea81,2026-09-23T19:31:06+00:00
1417,RCAEval recursive service-fault CSV windows,RE2/RE2-SS/orders_delay/2/logts.csv,16723,sha256 calculado,9eec5318f6a813d3c798896b6456bcb6fc9285af028714f3779c12e6eb021a84,2026-09-23T19:31:06+00:00
1418,RCAEval recursive service-fault CSV windows,RE2/RE2-SS/orders_delay/2/metrics.csv,6682981,sha256 calculado,0f862275d27641b686727efbe05bb2ebe740301f8a839942698bd93254cdb832,2026-09-23T19:31:06+00:00
1419,RCAEval recursive service-fault CSV windows,RE2/RE2-SS/orders_delay/2/simple_metrics.csv,1223397,sha256 calculado,1c65ba3c31ae518dfec81c52a62aa44a9a175135c39866928a9fae08b5d1f041,2026-09-23T19:31:06+00:00
1420,RCAEval recursive service-fault CSV windows,RE2/RE2-SS/orders_delay/3/logs.csv,17360016,sha256 calculado,a0d37445e4a9198659e88927d39d735715a1c4a5e2dbbc93b5b4065a7751e697,2026-09-23T19:31:06+00:00
1421,RCAEval recursive service-fault CSV windows,RE2/RE2-SS/orders_delay/3/logts.csv,16725,sha256 calculado,55fc02402a7c384163f4dc716d098266da032132161a2ebe1315d4e884618c59,2026-09-23T19:31:06+00:00
1422,RCAEval recursive service-fault CSV windows,RE2/RE2-SS/orders_delay/3/metrics.csv,6652514,sha256 calculado,ed6fd5ac328f649111eb26e4d88c5291f6d475d6bd5af685a94bb879f1e382b5,2026-09-23T19:31:06+00:00
1423,RCAEval recursive service-fault CSV windows,RE2/RE2-SS/orders_delay/3/simple_metrics.csv,1223758,sha256 calculado,ee3a0753246b89a145ea6a70484d58b451f06b3e4a00657d4497a5b865063ecd,2026-09-23T19:31:06+00:00
1424,RCAEval recursive service-fault CSV windows,RE2/RE2-SS/orders_disk/1/logs.csv,14201670,sha256 calculado,31f506b9b3142ebe5ab7c18271d96891ef777dfd4ab6089a6bdf409d9af8301e,2026-09-23T19:31:06+00:00
1425,RCAEval recursive service-fault CSV windows,RE2/RE2-SS/orders_disk/1/logts.csv,123916,sha256 calculado,f09f678fdbe868375905359003e0615f0a2726b8aca0ca3b7ebd0c343e5155f4,2026-09-23T19:31:06+00:00
1426,RCAEval recursive service-fault CSV windows,RE2/RE2-SS/orders_disk/1/metrics.csv,5764341,sha256 calculado,558ba10625d5d5f63d5457420c2a8006f79fb0c1949f352204a03899e5cfd292,2026-09-23T19:31:06+00:00
1427,RCAEval recursive service-fault CSV windows,RE2/RE2-SS/orders_disk/1/simple_metrics.csv,1128825,sha256 calculado,fc329a97e72478d621205ac4cb62cd64022d1837303baac2b2042bea858a6e76,2026-09-23T19:31:06+00:00
1428,RCAEval recursive service-fault CSV windows,RE2/RE2-SS/orders_disk/2/logs.csv,17766694,sha256 calculado,ec5607cb7ed75f240782ff9a7885d48477bef0d9f62f24d0da2f72a94da9a477,2026-09-23T19:31:06+00:00
1429,RCAEval recursive service-fault CSV windows,RE2/RE2-SS/orders_disk/2/logts.csv,25746,sha256 calculado,8c9367e36d2e6d0bac2ed92c8ff90a7f86bfd0e97da5ef7f2ae2fa259d73ae7d,2026-09-23T19:31:06+00:00
1430,RCAEval recursive service-fault CSV windows,RE2/RE2-SS/orders_disk/2/metrics.csv,6843709,sha256 calculado,2b697f868fae7e1a52a6c5a0bf927ab01b3086f35077ce5a2e817675979284ce,2026-09-23T19:31:06+00:00
1431,RCAEval recursive service-fault CSV windows,RE2/RE2-SS/orders_disk/2/simple_metrics.csv,1250064,sha256 calculado,70d4554b98b3ee98de0b837a1180e54ff14eb1fa4d2bf68fa26e25d16b35bc59,2026-09-23T19:31:06+00:00
1432,RCAEval recursive service-fault CSV windows,RE2/RE2-SS/orders_disk/3/logs.csv,17515715,sha256 calculado,a37f2c7d627f23b6609a9cde323e3ecc1496b54846ee84f5778ac2b2383f5e14,2026-09-23T19:31:07+00:00
1433,RCAEval recursive service-fault CSV windows,RE2/RE2-SS/orders_disk/3/logts.csv,16490,sha256 calculado,2090b4d13c506730b41e4ed4bc8c750c87f7c9632a9eb31f026ef5c71263ecd1,2026-09-23T19:31:07+00:00
1434,RCAEval recursive service-fault CSV windows,RE2/RE2-SS/orders_disk/3/metrics.csv,6915967,sha256 calculado,96e3a41f97b92d4261b1254423e53d567b021c3cfec65ca54b5d71c98c576ed2,2026-09-23T19:31:07+00:00
1435,RCAEval recursive service-fault CSV windows,RE2/RE2-SS/orders_disk/3/simple_metrics.csv,1257785,sha256 calculado,518694e60a823c45d5e8d4022f67ded61a19ae34e5bbe4870c0a3017c4ec4279,2026-09-23T19:31:07+00:00
1436,RCAEval recursive service-fault CSV windows,RE2/RE2-SS/orders_loss/1/logs.csv,17803979,sha256 calculado,78c38d7ecb4fada887007049d5d9d3d4d7f536d0b0c508b1aa944cf0328b7139,2026-09-23T19:31:07+00:00
1437,RCAEval recursive service-fault CSV windows,RE2/RE2-SS/orders_loss/1/logts.csv,19033,sha256 calculado,1efe1f18b0df41cad9111c50df9b11418ac58b1c8b62b1e60dfd2b0720338772,2026-09-23T19:31:07+00:00
1438,RCAEval recursive service-fault CSV windows,RE2/RE2-SS/orders_loss/1/metrics.csv,6650804,sha256 calculado,368c9f801af034add6f7271faf150007adf9e1004a9f45ba0cce53e68b45f32d,2026-09-23T19:31:07+00:00
1439,RCAEval recursive service-fault CSV windows,RE2/RE2-SS/orders_loss/1/simple_metrics.csv,1226533,sha256 calculado,31f44c7cec7df47270d486d5242d12a23e748a158ec310137f62e0f1f947150f,2026-09-23T19:31:07+00:00
1440,RCAEval recursive service-fault CSV windows,RE2/RE2-SS/orders_loss/2/logs.csv,17553976,sha256 calculado,9bce95022f7875c9c66431a02b16e39e6c6334e4fa13c19cc3ddfb3faf6d1ccb,2026-09-23T19:31:07+00:00
1441,RCAEval recursive service-fault CSV windows,RE2/RE2-SS/orders_loss/2/logts.csv,16973,sha256 calculado,9bff09da2cb689bd9f141ca85d941c7b0ca02831794eee7a552ff18126360cbb,2026-09-23T19:31:07+00:00
1442,RCAEval recursive service-fault CSV windows,RE2/RE2-SS/orders_loss/2/metrics.csv,6652074,sha256 calculado,b25df24cba15905337b3d859575037532286e8cbf79144e90dc94493bc99da7e,2026-09-23T19:31:07+00:00
1443,RCAEval recursive service-fault CSV windows,RE2/RE2-SS/orders_loss/2/simple_metrics.csv,1233935,sha256 calculado,2dd476c6e46fdbe15af59267253993a91e523edb5d65cb814726d96a510de5e5,2026-09-23T19:31:07+00:00
1444,RCAEval recursive service-fault CSV windows,RE2/RE2-SS/orders_loss/3/logs.csv,17690696,sha256 calculado,62e210e76d46a89be63f1498b2dc060138febb3a6d80a6cf45a19d19f18b1b50,2026-09-23T19:31:07+00:00
1445,RCAEval recursive service-fault CSV windows,RE2/RE2-SS/orders_loss/3/logts.csv,16939,sha256 calculado,9975b79a4b4c37b34a0e58d057fac103ee2678fa6739eb81cd60559bc3d9d56b,2026-09-23T19:31:07+00:00
1446,RCAEval recursive service-fault CSV windows,RE2/RE2-SS/orders_loss/3/metrics.csv,6641669,sha256 calculado,4b6b93fa8de359afac9e15dfb88cdc50904c225490654ea3d64121b81d31b38d,2026-09-23T19:31:07+00:00
1447,RCAEval recursive service-fault CSV windows,RE2/RE2-SS/orders_loss/3/simple_metrics.csv,1237878,sha256 calculado,0ce838c37b87557adaced096e6ee7375e653e7148d2050b7de18af6db7845863,2026-09-23T19:31:07+00:00
1448,RCAEval recursive service-fault CSV windows,RE2/RE2-SS/orders_mem/1/logs.csv,17463483,sha256 calculado,90df21c5aea9b1597397b2da31ea734192b4d7b1b1fe45868fea9e724ab5b4d2,2026-09-23T19:31:07+00:00
1449,RCAEval recursive service-fault CSV windows,RE2/RE2-SS/orders_mem/1/logts.csv,18741,sha256 calculado,a4c64d77f49a0c69c4200c2384c919fc0ed17d7e9948c177ae09632cdd5f420a,2026-09-23T19:31:07+00:00
1450,RCAEval recursive service-fault CSV windows,RE2/RE2-SS/orders_mem/1/metrics.csv,6833633,sha256 calculado,8d1767b6ce87c679da45d1f52d3692f723c9c72d4c319c534f919900c04f22f3,2026-09-23T19:31:07+00:00
1451,RCAEval recursive service-fault CSV windows,RE2/RE2-SS/orders_mem/1/simple_metrics.csv,1237516,sha256 calculado,ddb395c195ba1e3ba83cf75c44b4f933b317adad59b02cab7821a6fa79c5edc7,2026-09-23T19:31:08+00:00
1452,RCAEval recursive service-fault CSV windows,RE2/RE2-SS/orders_mem/2/logs.csv,17529909,sha256 calculado,7d8f93cdb1ce8902c701fdf573adf5a6fc60799f111b494686ae7ef1dbcaeefb,2026-09-23T19:31:08+00:00
1453,RCAEval recursive service-fault CSV windows,RE2/RE2-SS/orders_mem/2/logts.csv,18793,sha256 calculado,0057b9fe3ed712f0a1fd467649a421c705c505f2faae3f70109c2225e6d38fbe,2026-09-23T19:31:08+00:00
1454,RCAEval recursive service-fault CSV windows,RE2/RE2-SS/orders_mem/2/metrics.csv,6768139,sha256 calculado,257ca7126cdd3e3dca210a7f00d6278d94f0a37ec6a42b5397747c5f11120909,2026-09-23T19:31:08+00:00
1455,RCAEval recursive service-fault CSV windows,RE2/RE2-SS/orders_mem/2/simple_metrics.csv,1247910,sha256 calculado,8d27eb6d7adef9a7e82ef21eb8ab30b0248b3fe56653bcf3db9906b73c3dbe18,2026-09-23T19:31:08+00:00
1456,RCAEval recursive service-fault CSV windows,RE2/RE2-SS/orders_mem/3/logs.csv,17539715,sha256 calculado,2a6553f0951bfc8f470017e08e3f8355434045d76e847e441d7597a2cfd76ab6,2026-09-23T19:31:08+00:00
1457,RCAEval recursive service-fault CSV windows,RE2/RE2-SS/orders_mem/3/logts.csv,16027,sha256 calculado,ce1d9130988a5e5f9dbab39935c90a9065554faf22d259585dc9ce4698a6ea27,2026-09-23T19:31:08+00:00
1458,RCAEval recursive service-fault CSV windows,RE2/RE2-SS/orders_mem/3/metrics.csv,6786188,sha256 calculado,210aa5b4cbd3ad6d0cd51ccdf18b366ce6c093b91fbb5e8f4f9b122689e80d58,2026-09-23T19:31:08+00:00
1459,RCAEval recursive service-fault CSV windows,RE2/RE2-SS/orders_mem/3/simple_metrics.csv,1242299,sha256 calculado,8da0fa7091220db4e1df29a3ba6b6d30e7231213841e607ff8a04f01a9bc76fd,2026-09-23T19:31:08+00:00
1460,RCAEval recursive service-fault CSV windows,RE2/RE2-SS/orders_socket/1/logs.csv,24448878,sha256 calculado,3979a76b32f328919a0b20aa88c31d361bed7fbb450e5cf220b6400407a73588,2026-09-23T19:31:08+00:00
1461,RCAEval recursive service-fault CSV windows,RE2/RE2-SS/orders_socket/1/logts.csv,19960,sha256 calculado,7deda237313b8cbb533f8eb8bfa6d187b76e14e3a3a97685dac42d58ca841313,2026-09-23T19:31:08+00:00
1462,RCAEval recursive service-fault CSV windows,RE2/RE2-SS/orders_socket/1/metrics.csv,6755691,sha256 calculado,1f15f65ab642eee775115b1a7066189d190eff6c6da805b5f351dbcbf2acb2b8,2026-09-23T19:31:08+00:00
1463,RCAEval recursive service-fault CSV windows,RE2/RE2-SS/orders_socket/1/simple_metrics.csv,1253752,sha256 calculado,29f58b3bbb78eab4bc4603e1a5359803400c33385c3ace037187ae8e081361f9,2026-09-23T19:31:08+00:00
1464,RCAEval recursive service-fault CSV windows,RE2/RE2-SS/orders_socket/2/logs.csv,17538709,sha256 calculado,614871cf508c19606e571707a57121639c6b261be153676964b07e1a39105eaa,2026-09-23T19:31:08+00:00
1465,RCAEval recursive service-fault CSV windows,RE2/RE2-SS/orders_socket/2/logts.csv,16129,sha256 calculado,a86e48f8bedbfda180131130f3063c10bd65cfd9760ffee3613f2356cc50ce7f,2026-09-23T19:31:08+00:00
1466,RCAEval recursive service-fault CSV windows,RE2/RE2-SS/orders_socket/2/metrics.csv,6766593,sha256 calculado,53bc6b4348a9a9d8a360361ef969913f6ceccbf3f563cbb79098baeae6301782,2026-09-23T19:31:08+00:00
1467,RCAEval recursive service-fault CSV windows,RE2/RE2-SS/orders_socket/2/simple_metrics.csv,1246488,sha256 calculado,39163dd03b757d8aaff5729e57af2802a9ff7947537ac2f7495d7e7bddf72917,2026-09-23T19:31:08+00:00
1468,RCAEval recursive service-fault CSV windows,RE2/RE2-SS/orders_socket/3/logs.csv,17435083,sha256 calculado,f8d9a798db292da3c8c9c4c09826e3acadf4787a71399fd64a269393380da6fd,2026-09-23T19:31:08+00:00
1469,RCAEval recursive service-fault CSV windows,RE2/RE2-SS/orders_socket/3/logts.csv,17960,sha256 calculado,9c6eec688eed7e9c742c9f73aeb8e3f7fb5cefe1c82b539a5342a5b1863bbaa1,2026-09-23T19:31:08+00:00
1470,RCAEval recursive service-fault CSV windows,RE2/RE2-SS/orders_socket/3/metrics.csv,6753007,sha256 calculado,12587f8eded2b977bd4b3061d13f012f173d85811461d4af493615af5ce9e751,2026-09-23T19:31:08+00:00
1471,RCAEval recursive service-fault CSV windows,RE2/RE2-SS/orders_socket/3/simple_metrics.csv,1243867,sha256 calculado,9dfea2d48713e2ed1790d706d95809a9ce4a8da309361ee769bced66478a80a6,2026-09-23T19:31:08+00:00
1472,RCAEval recursive service-fault CSV windows,RE2/RE2-SS/payment_cpu/1/logs.csv,17599415,sha256 calculado,5cb0840c5e035ce5476311c8e86ba5cf72fa412536f4c0113400f881da25d73b,2026-09-23T19:31:09+00:00
1473,RCAEval recursive service-fault CSV windows,RE2/RE2-SS/payment_cpu/1/logts.csv,16406,sha256 calculado,7e4f587d809766291ae6d72a80c808d73dc77e5967e5f569e772adf7d10e903a,2026-09-23T19:31:09+00:00
1474,RCAEval recursive service-fault CSV windows,RE2/RE2-SS/payment_cpu/1/metrics.csv,6740886,sha256 calculado,16f3de0ac51c283c90e418016779d5d1b3755e6d926241ed9c2b1db07f651abb,2026-09-23T19:31:09+00:00
1475,RCAEval recursive service-fault CSV windows,RE2/RE2-SS/payment_cpu/1/simple_metrics.csv,1237938,sha256 calculado,70090c79bed378358d7d28dd76a47e10eeb123dd0bf2d228dacc567d3bc869ca,2026-09-23T19:31:09+00:00
1476,RCAEval recursive service-fault CSV windows,RE2/RE2-SS/payment_cpu/2/logs.csv,17484072,sha256 calculado,8861197e9821baa54baf634b6df05929bfd34f24d4ad58e248a0c994e48fe5eb,2026-09-23T19:31:09+00:00
1477,RCAEval recursive service-fault CSV windows,RE2/RE2-SS/payment_cpu/2/logts.csv,16066,sha256 calculado,31732aeeaa78b19e6f28e9a997c8d499b258af7ef3335498c0c683c370248d6a,2026-09-23T19:31:09+00:00
1478,RCAEval recursive service-fault CSV windows,RE2/RE2-SS/payment_cpu/2/metrics.csv,6786641,sha256 calculado,566b22c24a618483e5c1ec50c6137364219bc79a5278553fa6e944814c4bde9a,2026-09-23T19:31:09+00:00
1479,RCAEval recursive service-fault CSV windows,RE2/RE2-SS/payment_cpu/2/simple_metrics.csv,1246856,sha256 calculado,26e7c882ea9accb7b5bf975585b8cbbdc5d89b3506140360288d56f01ae59e3f,2026-09-23T19:31:09+00:00
1480,RCAEval recursive service-fault CSV windows,RE2/RE2-SS/payment_cpu/3/logs.csv,17569347,sha256 calculado,b3770b4b741e24c59dd40059583bb5f0c388470ec4b941222e4820e87346e899,2026-09-23T19:31:09+00:00
1481,RCAEval recursive service-fault CSV windows,RE2/RE2-SS/payment_cpu/3/logts.csv,16114,sha256 calculado,b304348a54bfc16ff91b5e4951c1641ad27987aa5cd3fc531dd048f3687da83b,2026-09-23T19:31:09+00:00
1482,RCAEval recursive service-fault CSV windows,RE2/RE2-SS/payment_cpu/3/metrics.csv,6792271,sha256 calculado,5c96521a01778e4b5780ec0415bb0b640a1f3ee8815d10c93ba2b83e89c71c75,2026-09-23T19:31:09+00:00
1483,RCAEval recursive service-fault CSV windows,RE2/RE2-SS/payment_cpu/3/simple_metrics.csv,1252141,sha256 calculado,47da1266ec6d3867bdc8d6ec7ae7905afbe8b0dea5763a092408c47dcfa15932,2026-09-23T19:31:09+00:00
1484,RCAEval recursive service-fault CSV windows,RE2/RE2-SS/payment_delay/1/logs.csv,25031029,sha256 calculado,c5e167f0eb91384d61736ab4c36637825435dbe6029b1eafcce89a26d1f2980f,2026-09-23T19:31:09+00:00
1485,RCAEval recursive service-fault CSV windows,RE2/RE2-SS/payment_delay/1/logts.csv,16004,sha256 calculado,1a9ac6bfabc7095705973925a4f00861434f3f1492b050668997d672856966d4,2026-09-23T19:31:09+00:00
1486,RCAEval recursive service-fault CSV windows,RE2/RE2-SS/payment_delay/1/metrics.csv,6728848,sha256 calculado,c7609df92db2686302e795ce27a546f8f44b789de77ee69caf660eebf52ef767,2026-09-23T19:31:09+00:00
1487,RCAEval recursive service-fault CSV windows,RE2/RE2-SS/payment_delay/1/simple_metrics.csv,1242113,sha256 calculado,1197bb143bd788b1e09cf9b5429803462ed1983227b80a1c79e6e271bc7e30c3,2026-09-23T19:31:09+00:00
1488,RCAEval recursive service-fault CSV windows,RE2/RE2-SS/payment_delay/2/logs.csv,17649127,sha256 calculado,580c273fdaff56ac6e6f3d2afe03aecacf2550c0d31a8fd9f3e8ce613e7f1891,2026-09-23T19:31:09+00:00
1489,RCAEval recursive service-fault CSV windows,RE2/RE2-SS/payment_delay/2/logts.csv,16353,sha256 calculado,58ebcf9ffaa482b30b181060e4b5a0b97bb7efbf137d5c5594ea8f355775de36,2026-09-23T19:31:09+00:00
1490,RCAEval recursive service-fault CSV windows,RE2/RE2-SS/payment_delay/2/metrics.csv,6725913,sha256 calculado,61b74e4f2eb6ea4fcd6d28456d3204802d8d060dec9ba0ef1847a28d40e01a51,2026-09-23T19:31:09+00:00
1491,RCAEval recursive service-fault CSV windows,RE2/RE2-SS/payment_delay/2/simple_metrics.csv,1218081,sha256 calculado,1b348f6fc73c2102b642e8e442a62e4e8087a297021b12ac8d56a3a4394b7481,2026-09-23T19:31:09+00:00
1492,RCAEval recursive service-fault CSV windows,RE2/RE2-SS/payment_delay/3/logs.csv,17555242,sha256 calculado,19a45fedf08c63556af0035bcf52e9115b774c24eea3b23f451d9635b9c7a5af,2026-09-23T19:31:09+00:00
1493,RCAEval recursive service-fault CSV windows,RE2/RE2-SS/payment_delay/3/logts.csv,16008,sha256 calculado,933461bd78f3a403bf216215ea6a4b2f281340ebe7e38a75b06bc76382982bfe,2026-09-23T19:31:09+00:00
1494,RCAEval recursive service-fault CSV windows,RE2/RE2-SS/payment_delay/3/metrics.csv,6774267,sha256 calculado,eb826ffe95df4c3ab7667cbdade02614faec5ccc58b611af51b36ceb0a3e7377,2026-09-23T19:31:10+00:00
1495,RCAEval recursive service-fault CSV windows,RE2/RE2-SS/payment_delay/3/simple_metrics.csv,1223450,sha256 calculado,3a7309f4bb2cdad88df586ec55927fd4194edec1c5a9a1304ea70fef0bde7a70,2026-09-23T19:31:10+00:00
1496,RCAEval recursive service-fault CSV windows,RE2/RE2-SS/payment_disk/1/logs.csv,25243600,sha256 calculado,f3783b031f3a2eea053c03264a3f2c4a7383f0718e6b4e01d573e8d800a28d0a,2026-09-23T19:31:10+00:00
1497,RCAEval recursive service-fault CSV windows,RE2/RE2-SS/payment_disk/1/logts.csv,16559,sha256 calculado,5043855089ea88802e6e783fe91235e3e5f826ec9edff3a111a08adeeef91c2a,2026-09-23T19:31:10+00:00
1498,RCAEval recursive service-fault CSV windows,RE2/RE2-SS/payment_disk/1/metrics.csv,6839118,sha256 calculado,35d2ce7d2bdf8baa27a823b00d9107380f05ed969a856d02bfa6208c437d2fce,2026-09-23T19:31:10+00:00
1499,RCAEval recursive service-fault CSV windows,RE2/RE2-SS/payment_disk/1/simple_metrics.csv,1256794,sha256 calculado,341a53c3003991181dbab2e07e7d7b527c3cdd43ca3352f7a6678748bc32ea6d,2026-09-23T19:31:10+00:00
1500,RCAEval recursive service-fault CSV windows,RE2/RE2-SS/payment_disk/2/logs.csv,17529097,sha256 calculado,d407dc63db8090734fc5c761015ca61ada29cf53a88fdea2378c7a1ecd038600,2026-09-23T19:31:10+00:00
1501,RCAEval recursive service-fault CSV windows,RE2/RE2-SS/payment_disk/2/logts.csv,16289,sha256 calculado,515a446e98425fee0fa89196f5f6c77dfb150ca363822706b7fc7c9cda9b96b7,2026-09-23T19:31:10+00:00
1502,RCAEval recursive service-fault CSV windows,RE2/RE2-SS/payment_disk/2/metrics.csv,6885007,sha256 calculado,9f2a5108013993a23cb41be867c395e3da69ff99c05aeaecfb24210151b9fb5c,2026-09-23T19:31:10+00:00
1503,RCAEval recursive service-fault CSV windows,RE2/RE2-SS/payment_disk/2/simple_metrics.csv,1262733,sha256 calculado,1df0d6aa33c67df0cb5e25c21382eb8176932a3bd3b98991bb78f0309d3f6e4f,2026-09-23T19:31:10+00:00
1504,RCAEval recursive service-fault CSV windows,RE2/RE2-SS/payment_disk/3/logs.csv,17433676,sha256 calculado,549a787905cd885f727765fa59031d86b375ad16214121be7bfcac175a8d9951,2026-09-23T19:31:10+00:00
1505,RCAEval recursive service-fault CSV windows,RE2/RE2-SS/payment_disk/3/logts.csv,16502,sha256 calculado,d2bce9ab3299a6fcb14e3e8103f344a26e498827990032be5569cb6c95ac52ad,2026-09-23T19:31:10+00:00
1506,RCAEval recursive service-fault CSV windows,RE2/RE2-SS/payment_disk/3/metrics.csv,6879533,sha256 calculado,0fe849d89a505f5db478dcf6fae702c87157568a1ffeb7b9724a426ef7f57e78,2026-09-23T19:31:10+00:00
1507,RCAEval recursive service-fault CSV windows,RE2/RE2-SS/payment_disk/3/simple_metrics.csv,1268615,sha256 calculado,f28d1948a722f49ee81cd9ad06a3049089722638b27eaccf431befb6c81960ae,2026-09-23T19:31:10+00:00
1508,RCAEval recursive service-fault CSV windows,RE2/RE2-SS/payment_loss/1/logs.csv,18142038,sha256 calculado,fda8350075f5d88a952b8be5f4a50321fc6e0ca2d8275b3bf49b7498e7f422ab,2026-09-23T19:31:11+00:00
1509,RCAEval recursive service-fault CSV windows,RE2/RE2-SS/payment_loss/1/logts.csv,19877,sha256 calculado,a5c5d9cbccc6993809cf1a8e1576cc4ea26baf09a37136a467f166dfffa680c8,2026-09-23T19:31:11+00:00
1510,RCAEval recursive service-fault CSV windows,RE2/RE2-SS/payment_loss/1/metrics.csv,6702278,sha256 calculado,e109a7bc79f3e04ab5d01eefe1cb03f3b4157d4a48a781d763926dcc3621edef,2026-09-23T19:31:11+00:00
1511,RCAEval recursive service-fault CSV windows,RE2/RE2-SS/payment_loss/1/simple_metrics.csv,1226000,sha256 calculado,c8ecbfcdfdcdc46eeb063e834b2bf0becc06c0fb2282f968f0d501d3b00a43db,2026-09-23T19:31:11+00:00
1512,RCAEval recursive service-fault CSV windows,RE2/RE2-SS/payment_loss/2/logs.csv,17727540,sha256 calculado,252b64086f577e7aaf3fd273589cd8425145e58291fbd9bb8f46497a26818318,2026-09-23T19:31:11+00:00
1513,RCAEval recursive service-fault CSV windows,RE2/RE2-SS/payment_loss/2/logts.csv,16996,sha256 calculado,7020609f5b2f04b2cefd5afa6a2e472676463587d1e0de8d9a2e508af850216d,2026-09-23T19:31:11+00:00
1514,RCAEval recursive service-fault CSV windows,RE2/RE2-SS/payment_loss/2/metrics.csv,6703395,sha256 calculado,8b9d9ca31e630b1d0478a842f87b516f172bb6ac907c762a6c819db057c4af01,2026-09-23T19:31:11+00:00
1515,RCAEval recursive service-fault CSV windows,RE2/RE2-SS/payment_loss/2/simple_metrics.csv,1234412,sha256 calculado,f65a437dba07bc97594d30e5de916ecb3bf108dc55244dd8c79d5bdf04e24baf,2026-09-23T19:31:11+00:00
1516,RCAEval recursive service-fault CSV windows,RE2/RE2-SS/payment_loss/3/logs.csv,17918210,sha256 calculado,dd7d606a55010b3042be86fdb1833a9b3c3364c483117471275b7c33e595762b,2026-09-23T19:31:11+00:00
1517,RCAEval recursive service-fault CSV windows,RE2/RE2-SS/payment_loss/3/logts.csv,18251,sha256 calculado,4e4960ec0871acd61eec07bc86316b14b90a00ac39edab189dd7c90262b0c1ca,2026-09-23T19:31:11+00:00
1518,RCAEval recursive service-fault CSV windows,RE2/RE2-SS/payment_loss/3/metrics.csv,6718394,sha256 calculado,39c493faf3d91dc1a9a950ba42c5b45c7dcc94db10d2cbe039ad55a1a832f783,2026-09-23T19:31:11+00:00
1519,RCAEval recursive service-fault CSV windows,RE2/RE2-SS/payment_loss/3/simple_metrics.csv,1229160,sha256 calculado,1b7aa2736aee55dbf2ab79a0b292a30bd8b91433b9f8d098253a7ce9b4974dcc,2026-09-23T19:31:11+00:00
1520,RCAEval recursive service-fault CSV windows,RE2/RE2-SS/payment_mem/1/logs.csv,17670320,sha256 calculado,f9a020c2746fa2331c3c323394fa538b42b050273b0979ef575a269e5ffb19fe,2026-09-23T19:31:11+00:00
1521,RCAEval recursive service-fault CSV windows,RE2/RE2-SS/payment_mem/1/logts.csv,22899,sha256 calculado,3bcff55cdc77cb265fcb7eb9d3cc875d98f176c404dbbfdbe545434b98b548f8,2026-09-23T19:31:11+00:00
1522,RCAEval recursive service-fault CSV windows,RE2/RE2-SS/payment_mem/1/metrics.csv,6840928,sha256 calculado,ba0e62729746dd1828cde120a6be104eaa2d890b7394d55c8a1a1070a89154b9,2026-09-23T19:31:11+00:00
1523,RCAEval recursive service-fault CSV windows,RE2/RE2-SS/payment_mem/1/simple_metrics.csv,1260380,sha256 calculado,6cfd66210d8f7d3b9d76910d28db5ca250ac655281a0b8ce4a0dd9c9aa230ddb,2026-09-23T19:31:11+00:00
1524,RCAEval recursive service-fault CSV windows,RE2/RE2-SS/payment_mem/2/logs.csv,17453911,sha256 calculado,cc95a5b3fa682cf191d142c7e3e6681b67b2689c293e69c9a2a5e7f49cef65a8,2026-09-23T19:31:11+00:00
1525,RCAEval recursive service-fault CSV windows,RE2/RE2-SS/payment_mem/2/logts.csv,16277,sha256 calculado,588bdec0be4b1fd25168be867ba12c691b00b232151d9860372811fb2be51d42,2026-09-23T19:31:12+00:00
1526,RCAEval recursive service-fault CSV windows,RE2/RE2-SS/payment_mem/2/metrics.csv,6759626,sha256 calculado,3ca822b2e9390c3ddd337f3b4e1dc69233c0aff76bd6c93240c9d15ca641121c,2026-09-23T19:31:12+00:00
1527,RCAEval recursive service-fault CSV windows,RE2/RE2-SS/payment_mem/2/simple_metrics.csv,1244996,sha256 calculado,a4aaee6c11a3ec0969c337b4beaa7d60563256945208beaa3fd5cf7b939827a1,2026-09-23T19:31:12+00:00
1528,RCAEval recursive service-fault CSV windows,RE2/RE2-SS/payment_mem/3/logs.csv,17633790,sha256 calculado,9f73661e62f842b0661d3c74e5887cba35f52f9093d6667614a23a4aa6781014,2026-09-23T19:31:12+00:00
1529,RCAEval recursive service-fault CSV windows,RE2/RE2-SS/payment_mem/3/logts.csv,18819,sha256 calculado,52f81ebac7f13228f5d8120eb4c14fa9ef5f6feda153f1ea663e4b5413366f13,2026-09-23T19:31:12+00:00
1530,RCAEval recursive service-fault CSV windows,RE2/RE2-SS/payment_mem/3/metrics.csv,6751658,sha256 calculado,44a55807e2b2b4692f55c293d26f7f263c87877246055258ee2093c83d5816af,2026-09-23T19:31:12+00:00
1531,RCAEval recursive service-fault CSV windows,RE2/RE2-SS/payment_mem/3/simple_metrics.csv,1241096,sha256 calculado,f8119e2926398e122275585e0a54a1200bdbc954542ffa626c4cf834173ed7fe,2026-09-23T19:31:12+00:00
1532,RCAEval recursive service-fault CSV windows,RE2/RE2-SS/payment_socket/1/logs.csv,24473527,sha256 calculado,9acc4944f93c520dc6a1ae0636e7fb2ced6ad5f3274109eaff68b05096b581b0,2026-09-23T19:31:12+00:00
1533,RCAEval recursive service-fault CSV windows,RE2/RE2-SS/payment_socket/1/logts.csv,16074,sha256 calculado,4a418d9590372d6471b6e89852c08b97a9765e866f5309a4108ca8f3140ca70f,2026-09-23T19:31:12+00:00
1534,RCAEval recursive service-fault CSV windows,RE2/RE2-SS/payment_socket/1/metrics.csv,6778974,sha256 calculado,f5a28ea76cdbcd1b00cfb50aec63c7c8d14d92e6e30f640ae2a7285dab916914,2026-09-23T19:31:12+00:00
1535,RCAEval recursive service-fault CSV windows,RE2/RE2-SS/payment_socket/1/simple_metrics.csv,1248678,sha256 calculado,2a31371e3e5b6e895168522323a28fdf14a6752a0a42fa4d8ca4549f2229bf1d,2026-09-23T19:31:12+00:00
1536,RCAEval recursive service-fault CSV windows,RE2/RE2-SS/payment_socket/2/logs.csv,17512521,sha256 calculado,36ac8da410dfd88584c2e082f4fd9c7082e3c31e35a9c5eb9145947f303f90f6,2026-09-23T19:31:12+00:00
1537,RCAEval recursive service-fault CSV windows,RE2/RE2-SS/payment_socket/2/logts.csv,16216,sha256 calculado,d27766afb68aab1b6492267b4c8afb388e1fa8cf3c8ffbd2435e1bcd0bb270c5,2026-09-23T19:31:12+00:00
1538,RCAEval recursive service-fault CSV windows,RE2/RE2-SS/payment_socket/2/metrics.csv,6799874,sha256 calculado,301b58dd9d172171852db2cd6b2d5a640e7337962c0dcd77560cd6571af55699,2026-09-23T19:31:13+00:00
1539,RCAEval recursive service-fault CSV windows,RE2/RE2-SS/payment_socket/2/simple_metrics.csv,1247611,sha256 calculado,e694685bdb7e942d70012eff7a43e54fe7183b2745cba32a7b7e3461f246effa,2026-09-23T19:31:13+00:00
1540,RCAEval recursive service-fault CSV windows,RE2/RE2-SS/payment_socket/3/logs.csv,17666006,sha256 calculado,3d6f1d4f32c6efefa357154341b4a5df5cad9d46657112f350b2f4e3518b0cd9,2026-09-23T19:31:13+00:00
1541,RCAEval recursive service-fault CSV windows,RE2/RE2-SS/payment_socket/3/logts.csv,16115,sha256 calculado,67cbcc01a88d1f59d04fc1ae82645507b43fda426d919c48625a97dcd7b62cf0,2026-09-23T19:31:13+00:00
1542,RCAEval recursive service-fault CSV windows,RE2/RE2-SS/payment_socket/3/metrics.csv,6752423,sha256 calculado,e6e014bf1cbdb1909a879617f1c28388a96f86d33344f8601cee084e0b4e21d4,2026-09-23T19:31:13+00:00
1543,RCAEval recursive service-fault CSV windows,RE2/RE2-SS/payment_socket/3/simple_metrics.csv,1238423,sha256 calculado,eae51d50448bd6fbebf3bf112a09691331d3997698b60504b1e3a6aa59d5665b,2026-09-23T19:31:13+00:00
1544,RCAEval recursive service-fault CSV windows,RE2/RE2-SS/user_cpu/1/logs.csv,15822272,sha256 calculado,bd0acda2d2910563941a70d7b3fcfb3ab21be0c4d3b6639ef8d0aa304e2ef379,2026-09-23T19:31:13+00:00
1545,RCAEval recursive service-fault CSV windows,RE2/RE2-SS/user_cpu/1/logts.csv,17589,sha256 calculado,13db967fdd18d8131fae35677cc31bdf20b1cf917af5f0ace621d9d57e46a6a4,2026-09-23T19:31:13+00:00
1546,RCAEval recursive service-fault CSV windows,RE2/RE2-SS/user_cpu/1/metrics.csv,6610139,sha256 calculado,ee8e799dad1dd31d7535aeb7698a21edf94bd3549806d9f7b56da4411ee091b8,2026-09-23T19:31:13+00:00
1547,RCAEval recursive service-fault CSV windows,RE2/RE2-SS/user_cpu/1/simple_metrics.csv,1201738,sha256 calculado,cd7b820e81100d8ad4a06e65cda5d1d5782760964f84f46364a7377152df1a9b,2026-09-23T19:31:13+00:00
1548,RCAEval recursive service-fault CSV windows,RE2/RE2-SS/user_cpu/2/logs.csv,15453319,sha256 calculado,7fc39f730ba474bfb95737480c11e76a3179581d564ef6e33912bec4692aa529,2026-09-23T19:31:13+00:00
1549,RCAEval recursive service-fault CSV windows,RE2/RE2-SS/user_cpu/2/logts.csv,17475,sha256 calculado,a91f7deb6c517dc9f1f7e71877939672a6365f9cf3ac97c8de9891662cc978ea,2026-09-23T19:31:13+00:00
1550,RCAEval recursive service-fault CSV windows,RE2/RE2-SS/user_cpu/2/metrics.csv,6575376,sha256 calculado,02416948e8685e9034de7a1cd1f31449e5e75405c26aab9c0c7df4829f97a6c2,2026-09-23T19:31:13+00:00
1551,RCAEval recursive service-fault CSV windows,RE2/RE2-SS/user_cpu/2/simple_metrics.csv,1189170,sha256 calculado,fc95d02f47e3d2584cbe747ec5861dd4458994b21899ecfeb1d8fc6bb4e8eb95,2026-09-23T19:31:13+00:00
1552,RCAEval recursive service-fault CSV windows,RE2/RE2-SS/user_cpu/3/logs.csv,17479343,sha256 calculado,e4d292d4def54555a1598d3cbb8cc98a216dd51edbe3c72d279624cf9cacd138,2026-09-23T19:31:13+00:00
1553,RCAEval recursive service-fault CSV windows,RE2/RE2-SS/user_cpu/3/logts.csv,15892,sha256 calculado,081b5cb707c9bf3e90dcd8ccb3ee5efb4b7d90356362e8ce8dedc2edbbbca22e,2026-09-23T19:31:14+00:00
1554,RCAEval recursive service-fault CSV windows,RE2/RE2-SS/user_cpu/3/metrics.csv,6740196,sha256 calculado,6be64168012a549843f9bc22a40f03f0ce455652618b8ce6b280da9ab819610d,2026-09-23T19:31:14+00:00
1555,RCAEval recursive service-fault CSV windows,RE2/RE2-SS/user_cpu/3/simple_metrics.csv,1246397,sha256 calculado,c914e8186bb0265f1c0079cbfd40c183ca0f71593fbdd0eabe49b68b8bd4288f,2026-09-23T19:31:14+00:00
1556,RCAEval recursive service-fault CSV windows,RE2/RE2-SS/user_delay/1/logs.csv,23962916,sha256 calculado,b9430fe215575a1c646d888cc849a396c5aecc6c809826155fa5f16f778fbfb6,2026-09-23T19:31:14+00:00
1557,RCAEval recursive service-fault CSV windows,RE2/RE2-SS/user_delay/1/logts.csv,15801,sha256 calculado,3698c003f27b7a1fe632220b6f6ef50da8ed57d392cec82652eb8b46ac5f5835,2026-09-23T19:31:14+00:00
1558,RCAEval recursive service-fault CSV windows,RE2/RE2-SS/user_delay/1/metrics.csv,6765175,sha256 calculado,60ec128bab4f362f07ba47734531fe3adf486fa8e7eab8d44aa26518a7b917c6,2026-09-23T19:31:14+00:00
1559,RCAEval recursive service-fault CSV windows,RE2/RE2-SS/user_delay/1/simple_metrics.csv,1244324,sha256 calculado,6684c60ac171d103f988d138976311c4eebb3985b563797e92237b19df335ee1,2026-09-23T19:31:14+00:00
1560,RCAEval recursive service-fault CSV windows,RE2/RE2-SS/user_delay/2/logs.csv,17072092,sha256 calculado,5beef0fd8fc1733b8280c442d1527f0d914fa50dc945d09902b44f179ca4ea05,2026-09-23T19:31:14+00:00
1561,RCAEval recursive service-fault CSV windows,RE2/RE2-SS/user_delay/2/logts.csv,16488,sha256 calculado,79fbaadcff6ba85452a55dd854fe7bf25b78859c5ff49055de19d1f906593932,2026-09-23T19:31:14+00:00
1562,RCAEval recursive service-fault CSV windows,RE2/RE2-SS/user_delay/2/metrics.csv,6766172,sha256 calculado,efe7470679b1b301549560abd643f94e59455457d70c7f1ad7266fb26b075089,2026-09-23T19:31:14+00:00
1563,RCAEval recursive service-fault CSV windows,RE2/RE2-SS/user_delay/2/simple_metrics.csv,1227592,sha256 calculado,e6656b0ef09d4e5cbd788369d2377e0bdad8d71455df227741a0f2107b4b1e99,2026-09-23T19:31:14+00:00
1564,RCAEval recursive service-fault CSV windows,RE2/RE2-SS/user_delay/3/logs.csv,16933764,sha256 calculado,d7f76f8833bb39b897daef495776d0ad23bb06f403bdca446615ec8c049d8738,2026-09-23T19:31:14+00:00
1565,RCAEval recursive service-fault CSV windows,RE2/RE2-SS/user_delay/3/logts.csv,16434,sha256 calculado,520d5794474b7988373459761f246ba8d0958c36c2fa025cc040d11348b70a0d,2026-09-23T19:31:14+00:00
1566,RCAEval recursive service-fault CSV windows,RE2/RE2-SS/user_delay/3/metrics.csv,6730697,sha256 calculado,3a17d7e6f578d9bab6c67707d7b819a2469c069c3106d6735a44577e8d7db4cc,2026-09-23T19:31:14+00:00
1567,RCAEval recursive service-fault CSV windows,RE2/RE2-SS/user_delay/3/simple_metrics.csv,1214663,sha256 calculado,c9d0f789097834e77438ef9794cba6e51ab8a2a255b6fdeb7887a77753d97626,2026-09-23T19:31:14+00:00
1568,RCAEval recursive service-fault CSV windows,RE2/RE2-SS/user_disk/1/logs.csv,23097063,sha256 calculado,e184c2151156a7ca328156637963a271379e36bc727723e8d4530448b108de24,2026-09-23T19:31:14+00:00
1569,RCAEval recursive service-fault CSV windows,RE2/RE2-SS/user_disk/1/logts.csv,26440,sha256 calculado,48aa0b5ff5181a834de124bd472b7962310776514c81ccdd83407710add591c5,2026-09-23T19:31:15+00:00
1570,RCAEval recursive service-fault CSV windows,RE2/RE2-SS/user_disk/1/metrics.csv,6788940,sha256 calculado,cbbc00e417dbd18bb15fff8211d62fb89ee29a1af3f3ffeb750f4cb4ce77e526,2026-09-23T19:31:15+00:00
1571,RCAEval recursive service-fault CSV windows,RE2/RE2-SS/user_disk/1/simple_metrics.csv,1239897,sha256 calculado,e3e4a86b4771d939fd65d2fa4b5150d7e2f229aa9563ee86db4cc226331c39ee,2026-09-23T19:31:15+00:00
1572,RCAEval recursive service-fault CSV windows,RE2/RE2-SS/user_disk/2/logs.csv,17489247,sha256 calculado,6df79d8f1358c38075bbba08005ffe0963fdb10ebd686987d09aa93edd972612,2026-09-23T19:31:15+00:00
1573,RCAEval recursive service-fault CSV windows,RE2/RE2-SS/user_disk/2/logts.csv,17288,sha256 calculado,3d90ae00aa640c6780d7d3726f55698a04f8a39ecb21109a1df38a6d19f77fc1,2026-09-23T19:31:15+00:00
1574,RCAEval recursive service-fault CSV windows,RE2/RE2-SS/user_disk/2/metrics.csv,6846483,sha256 calculado,abd1e1598e0ec5fec96d9cd68926ec00cf34a7e45c6a492b64e1046c3814f5fa,2026-09-23T19:31:15+00:00
1575,RCAEval recursive service-fault CSV windows,RE2/RE2-SS/user_disk/2/simple_metrics.csv,1258254,sha256 calculado,a905c1347873b25d80ca2534097ec6ef724c1285a74fbcf15a16b6d4a0daeb38,2026-09-23T19:31:15+00:00
1576,RCAEval recursive service-fault CSV windows,RE2/RE2-SS/user_disk/3/logs.csv,17552842,sha256 calculado,2807444d80dd562bad5138867abf282cf9e33fd168c56bae813d8020f0821fc0,2026-09-23T19:31:15+00:00
1577,RCAEval recursive service-fault CSV windows,RE2/RE2-SS/user_disk/3/logts.csv,17167,sha256 calculado,9d59f949cb0c49544a50dba53473b73b4a1387c62e8965ac3425920288e1e0dd,2026-09-23T19:31:15+00:00
1578,RCAEval recursive service-fault CSV windows,RE2/RE2-SS/user_disk/3/metrics.csv,6824715,sha256 calculado,fc7f4f5a749c57982303ec98c23644b046d0856252af8a5486e6607bf9c01d60,2026-09-23T19:31:15+00:00
1579,RCAEval recursive service-fault CSV windows,RE2/RE2-SS/user_disk/3/simple_metrics.csv,1257120,sha256 calculado,74d7a8b76f842cc4313cef37069f42a56be703a6fb763ab2561cede2c4eee4f9,2026-09-23T19:31:15+00:00
1580,RCAEval recursive service-fault CSV windows,RE2/RE2-SS/user_loss/1/logs.csv,10690201,sha256 calculado,6b8dc39782c52d5bafec9e576f9c995172e02516baa58a8960a2e75a822cfde8,2026-09-23T19:31:15+00:00
1581,RCAEval recursive service-fault CSV windows,RE2/RE2-SS/user_loss/1/logts.csv,25930,sha256 calculado,49e6cd82858d09c56fa496dfc14c74fe732d65075e051b81ff6921368ed65dfa,2026-09-23T19:31:15+00:00
1582,RCAEval recursive service-fault CSV windows,RE2/RE2-SS/user_loss/1/metrics.csv,6371667,sha256 calculado,092730bc16362377637e522e55c4df9bff37697ccfe6cff937b300acb214542a,2026-09-23T19:31:15+00:00
1583,RCAEval recursive service-fault CSV windows,RE2/RE2-SS/user_loss/1/simple_metrics.csv,1139717,sha256 calculado,5110a0290eb93450e91a107467dffeec8ea3d1985b696344219497aa0d4c8308,2026-09-23T19:31:15+00:00
1584,RCAEval recursive service-fault CSV windows,RE2/RE2-SS/user_loss/2/logs.csv,11699961,sha256 calculado,b6d60642e59f2d8821aa3f477d1a2042370dbb213c44cb51485a5fa9af839c19,2026-09-23T19:31:16+00:00
1585,RCAEval recursive service-fault CSV windows,RE2/RE2-SS/user_loss/2/logts.csv,27135,sha256 calculado,31870c26ca97023a6181ca33e61ba1266d0ddcfe53d1f1b8a37d4c85f245b800,2026-09-23T19:31:16+00:00
1586,RCAEval recursive service-fault CSV windows,RE2/RE2-SS/user_loss/2/metrics.csv,6527832,sha256 calculado,2829076c395856c982737e288a0e42abace4047743c18e5a1373d6c8334a51a2,2026-09-23T19:31:16+00:00
1587,RCAEval recursive service-fault CSV windows,RE2/RE2-SS/user_loss/2/simple_metrics.csv,1167713,sha256 calculado,6f066455fc38d6a6291d09f70c3a9acf1a47e978e06d99e096038db8b317c66f,2026-09-23T19:31:16+00:00
1588,RCAEval recursive service-fault CSV windows,RE2/RE2-SS/user_loss/3/logs.csv,13217190,sha256 calculado,35507c71f3e93f12ef472bdb0aae9f7e24749b0954742920038ea0d7176f5df8,2026-09-23T19:31:16+00:00
1589,RCAEval recursive service-fault CSV windows,RE2/RE2-SS/user_loss/3/logts.csv,26956,sha256 calculado,3540f8f810dde82d0f3a2ce41ef2bec5ae4e72e11d6ed9d025a1f78d510d8fe2,2026-09-23T19:31:16+00:00
1590,RCAEval recursive service-fault CSV windows,RE2/RE2-SS/user_loss/3/metrics.csv,6622527,sha256 calculado,e094cbc980fd66b072399920e2952f9f33192b190f6f373d4d9bcbd4eaec86f0,2026-09-23T19:31:16+00:00
1591,RCAEval recursive service-fault CSV windows,RE2/RE2-SS/user_loss/3/simple_metrics.csv,1198420,sha256 calculado,d6b2cca56e5b0c6afb07f09202487a8ef11db97a93adc2700efbef9b8f6f169d,2026-09-23T19:31:16+00:00
1592,RCAEval recursive service-fault CSV windows,RE2/RE2-SS/user_mem/1/logs.csv,17623079,sha256 calculado,83bc646e514720b28943968b560fab06cc01afae3e7962eb14902589d0c2919f,2026-09-23T19:31:16+00:00
1593,RCAEval recursive service-fault CSV windows,RE2/RE2-SS/user_mem/1/logts.csv,16095,sha256 calculado,54f23201e0a664ca89bd1119956adcd4180a2543a4caa03472e3bc66e9eb0595,2026-09-23T19:31:16+00:00
1594,RCAEval recursive service-fault CSV windows,RE2/RE2-SS/user_mem/1/metrics.csv,6824802,sha256 calculado,b3915a5d7479b4ab2462eb94600c36e134ca6b161bf40f1643a5bb25e7bb4b97,2026-09-23T19:31:16+00:00
1595,RCAEval recursive service-fault CSV windows,RE2/RE2-SS/user_mem/1/simple_metrics.csv,1245204,sha256 calculado,198f82453ad67775a1cb2aa015e6fdb39c611c0aabee8e13ee4a376ae7ece0c6,2026-09-23T19:31:16+00:00
1596,RCAEval recursive service-fault CSV windows,RE2/RE2-SS/user_mem/2/logs.csv,17412909,sha256 calculado,ab11e8b14c56faf24a7c0856c4ce640c1eeb5f9c5548e347cb25f696894ae942,2026-09-23T19:31:16+00:00
1597,RCAEval recursive service-fault CSV windows,RE2/RE2-SS/user_mem/2/logts.csv,17095,sha256 calculado,5efa80da27a2736a3f25e58c1bb3253ddf469c978e7cc93d924c6efff95892cf,2026-09-23T19:31:16+00:00
1598,RCAEval recursive service-fault CSV windows,RE2/RE2-SS/user_mem/2/metrics.csv,6798258,sha256 calculado,6c3c1d295f5e982c9d9d6809766b14b9e18ab18ce0b42bfd6d7616df76b2cc6f,2026-09-23T19:31:16+00:00
1599,RCAEval recursive service-fault CSV windows,RE2/RE2-SS/user_mem/2/simple_metrics.csv,1245408,sha256 calculado,7f6738bcdd8e0493e23f276ba4da542131a1a02ac3e3737473e20d76725e7913,2026-09-23T19:31:16+00:00
1600,RCAEval recursive service-fault CSV windows,RE2/RE2-SS/user_mem/3/logs.csv,17380294,sha256 calculado,85bab4c6c54ad19d5d3aecebe38cd887d836e2bc66ed5629f3bb3f7b632a4b4e,2026-09-23T19:31:17+00:00
1601,RCAEval recursive service-fault CSV windows,RE2/RE2-SS/user_mem/3/logts.csv,16217,sha256 calculado,7a70de6a1cbbd23be9a46a883ef4c9f1bd807936cccf21d3e3f3900d87f6d07a,2026-09-23T19:31:17+00:00
1602,RCAEval recursive service-fault CSV windows,RE2/RE2-SS/user_mem/3/metrics.csv,6800423,sha256 calculado,8313a74a0b3db51965c7b8a79dddd6e51b1cedbe3652267fdaf959e45effaf55,2026-09-23T19:31:17+00:00
1603,RCAEval recursive service-fault CSV windows,RE2/RE2-SS/user_mem/3/simple_metrics.csv,1251450,sha256 calculado,4dfebde1ff07a8f26efa5f74cca65139113d885e563c8b14cf321fd4bc2301eb,2026-09-23T19:31:17+00:00
1604,RCAEval recursive service-fault CSV windows,RE2/RE2-SS/user_socket/1/logs.csv,24909503,sha256 calculado,633afedb34c99bd5483444f64f48a4a0bec98e6cc1cebded34c105cfe4870a81,2026-09-23T19:31:17+00:00
1605,RCAEval recursive service-fault CSV windows,RE2/RE2-SS/user_socket/1/logts.csv,17345,sha256 calculado,0d77c3dc96cf6bdbd4f0cd442ec7efcd8e44e73a91d741d2f22aa204d45ea8c1,2026-09-23T19:31:17+00:00
1606,RCAEval recursive service-fault CSV windows,RE2/RE2-SS/user_socket/1/metrics.csv,6796222,sha256 calculado,b4468ea16912f172771892e1c64c47b22f83aeaac754533d7ff9c32fd32033d1,2026-09-23T19:31:17+00:00
1607,RCAEval recursive service-fault CSV windows,RE2/RE2-SS/user_socket/1/simple_metrics.csv,1249851,sha256 calculado,08c93e1bd4dbe1e6845345c43cf48f5070e2a52669ae335982a977a055ea4854,2026-09-23T19:31:17+00:00
1608,RCAEval recursive service-fault CSV windows,RE2/RE2-SS/user_socket/2/logs.csv,17347415,sha256 calculado,ffc820efc25b7119fc4898a8f000907a0e7090bfb06c3728f8d6c7b51bc7a79e,2026-09-23T19:31:17+00:00
1609,RCAEval recursive service-fault CSV windows,RE2/RE2-SS/user_socket/2/logts.csv,16635,sha256 calculado,6b17163ddbdbaf3a6640eaeb5e6e224c7c35b18b30c4c8a736ad70c0f8a40b8f,2026-09-23T19:31:17+00:00
1610,RCAEval recursive service-fault CSV windows,RE2/RE2-SS/user_socket/2/metrics.csv,6863275,sha256 calculado,eb94e92a66315af7149e6b55d7d9a7e3fee0442f16742aa74e3a0b427f08aad2,2026-09-23T19:31:17+00:00
1611,RCAEval recursive service-fault CSV windows,RE2/RE2-SS/user_socket/2/simple_metrics.csv,1247773,sha256 calculado,86d0be2a88156d7a462248440c84ba9774d3cdaf15fed44139b4528837edcd16,2026-09-23T19:31:17+00:00
1612,RCAEval recursive service-fault CSV windows,RE2/RE2-SS/user_socket/3/logs.csv,17499612,sha256 calculado,6fa98b632ccabb5d78137bdc2e83bf7fbe20789ca3ac9f907f973e1435c3e223,2026-09-23T19:31:17+00:00
1613,RCAEval recursive service-fault CSV windows,RE2/RE2-SS/user_socket/3/logts.csv,15890,sha256 calculado,cdccb6add7b11d00e0001c546e4b83e3b53352bb5f6b446b05365abd50fbbd0b,2026-09-23T19:31:17+00:00
1614,RCAEval recursive service-fault CSV windows,RE2/RE2-SS/user_socket/3/metrics.csv,6849094,sha256 calculado,cb61d0d2b55900583eb5d70cd093bc42fc536f7fc0631eb256d219ea2edc68e8,2026-09-23T19:31:18+00:00
1615,RCAEval recursive service-fault CSV windows,RE2/RE2-SS/user_socket/3/simple_metrics.csv,1253218,sha256 calculado,c54ff5c22f665626995980bd4c8434d732a51c3d2b5c15e55a076bf9e2660130,2026-09-23T19:31:18+00:00
1616,RCAEval recursive service-fault CSV windows,RE2/RE2-TT/ts-auth-service_cpu/1/logs.csv,181151448,sha256 calculado,cc4f50409c884e4b34429149dfb973379bab02c6f32252d11303dcb07fc51fbd,2026-09-23T19:31:18+00:00
1617,RCAEval recursive service-fault CSV windows,RE2/RE2-TT/ts-auth-service_cpu/1/logts.csv,43577,sha256 calculado,bb194774a14810e0e5b182a9abe8afc4ee827db6db5729724c4bdf645243457f,2026-09-23T19:31:18+00:00
1618,RCAEval recursive service-fault CSV windows,RE2/RE2-TT/ts-auth-service_cpu/1/metrics.csv,26832487,sha256 calculado,b22c35b3b1340abc2898812c8626e42293013bd02f98e6928aff1ee77ce9ddae,2026-09-23T19:31:18+00:00
1619,RCAEval recursive service-fault CSV windows,RE2/RE2-TT/ts-auth-service_cpu/1/simple_metrics.csv,6220997,sha256 calculado,56c752d037f2f802fce9e3c94df668ee09b93d380a417e487dc7f70b1fa06aeb,2026-09-23T19:31:19+00:00
1620,RCAEval recursive service-fault CSV windows,RE2/RE2-TT/ts-auth-service_cpu/1/traces.csv,174262891,sha256 calculado,08dee341e9f5bad916b44859d63689f62884f2f1293b15fbe64ce01dac7d4d6f,2026-09-23T19:31:19+00:00
1621,RCAEval recursive service-fault CSV windows,RE2/RE2-TT/ts-auth-service_cpu/1/tracets_err.csv,68572,sha256 calculado,cb2a96fe8347ae9348ed9dde98cb34a36a4dff5d3b5857da4110c90c925c0950,2026-09-23T19:31:19+00:00
1622,RCAEval recursive service-fault CSV windows,RE2/RE2-TT/ts-auth-service_cpu/1/tracets_lat.csv,54063,sha256 calculado,70f4a4f09a3eeb0e48dfc726a9a7ad901f56e316d21476f88cb38ebfc70d9b79,2026-09-23T19:31:19+00:00
1623,RCAEval recursive service-fault CSV windows,RE2/RE2-TT/ts-auth-service_cpu/2/logs.csv,136672054,sha256 calculado,0128e873170d5d3a5465befd13b8a8dad4c625c0641b8ad373c48d6284190952,2026-09-23T19:31:20+00:00
1624,RCAEval recursive service-fault CSV windows,RE2/RE2-TT/ts-auth-service_cpu/2/logts.csv,46209,sha256 calculado,be45f06400e123a2248dcf77b9640c727b0cdd243b67937a32edc3252947fb3f,2026-09-23T19:31:20+00:00
1625,RCAEval recursive service-fault CSV windows,RE2/RE2-TT/ts-auth-service_cpu/2/metrics.csv,26706371,sha256 calculado,c4aa770e2c9d725b06e0191bff65340c189db84953e24443507a442412beb02c,2026-09-23T19:31:20+00:00
1626,RCAEval recursive service-fault CSV windows,RE2/RE2-TT/ts-auth-service_cpu/2/simple_metrics.csv,6202457,sha256 calculado,85cd5477d182e8fef154a2fac36393ceaa5ee61f57749573e998ded014b0c11f,2026-09-23T19:31:20+00:00
1627,RCAEval recursive service-fault CSV windows,RE2/RE2-TT/ts-auth-service_cpu/2/traces.csv,128259258,sha256 calculado,d1c97e9a572f08c1cd093556b651f46ada1ff1f3937b2cbc61bd954482746639,2026-09-23T19:31:20+00:00
1628,RCAEval recursive service-fault CSV windows,RE2/RE2-TT/ts-auth-service_cpu/2/tracets_err.csv,68722,sha256 calculado,2acfa0986c6ad9e6235c6b00c808238f42fa8910d576fa0a34b2a42325fc0f92,2026-09-23T19:31:20+00:00
1629,RCAEval recursive service-fault CSV windows,RE2/RE2-TT/ts-auth-service_cpu/2/tracets_lat.csv,47271,sha256 calculado,1015a9a70fa8ac4bef0094add2a1c15a13b21e6866a1597ad7858279cebba0b7,2026-09-23T19:31:20+00:00
1630,RCAEval recursive service-fault CSV windows,RE2/RE2-TT/ts-auth-service_cpu/3/logs.csv,160204681,sha256 calculado,ebbc174f180f1352df176e75c530dd6e33b9ea23552bcbf82835f63faad7d40e,2026-09-23T19:31:21+00:00
1631,RCAEval recursive service-fault CSV windows,RE2/RE2-TT/ts-auth-service_cpu/3/logts.csv,42505,sha256 calculado,4e3b350b8c5d0e630cdcd37a813b28c4b9fbb61465f69ecd995a0dc7ac8f5824,2026-09-23T19:31:21+00:00
1632,RCAEval recursive service-fault CSV windows,RE2/RE2-TT/ts-auth-service_cpu/3/metrics.csv,26779228,sha256 calculado,f341af74c94844eb97ed95cbdbaf7b0f72a4d78d7ae8ad018960cb472f159719,2026-09-23T19:31:21+00:00
1633,RCAEval recursive service-fault CSV windows,RE2/RE2-TT/ts-auth-service_cpu/3/simple_metrics.csv,6208546,sha256 calculado,dc5ab0fe6e663a522cd3b1061fc569192ec092cd98c6596cc6e79b3f18263fbc,2026-09-23T19:31:21+00:00
1634,RCAEval recursive service-fault CSV windows,RE2/RE2-TT/ts-auth-service_cpu/3/traces.csv,137201604,sha256 calculado,b8c504bf0aba5838e4f76aa626531fd238e6a4ed84b5cbe8edcd272bd6c5f8ba,2026-09-23T19:31:21+00:00
1635,RCAEval recursive service-fault CSV windows,RE2/RE2-TT/ts-auth-service_cpu/3/tracets_err.csv,68758,sha256 calculado,ac1a149ea5cd473a6924df21243a9f7dffe924f3affad44c36125a6070325f40,2026-09-23T19:31:22+00:00
1636,RCAEval recursive service-fault CSV windows,RE2/RE2-TT/ts-auth-service_cpu/3/tracets_lat.csv,49126,sha256 calculado,26f1fba9bee7ef919da9400faa9f870d111488d1b59404e136d0e15e651aab53,2026-09-23T19:31:22+00:00
1637,RCAEval recursive service-fault CSV windows,RE2/RE2-TT/ts-auth-service_delay/1/logs.csv,69432659,sha256 calculado,d262a8a72a30df410b22bc50ffbe0c9dc70a58cf65c459bebe1e9f3b115c6036,2026-09-23T19:31:22+00:00
1638,RCAEval recursive service-fault CSV windows,RE2/RE2-TT/ts-auth-service_delay/1/logts.csv,44285,sha256 calculado,d5100db844370716d060c00e0e8c79c3d2761dcefc293bf70c61041d0ff9a9e0,2026-09-23T19:31:22+00:00
1639,RCAEval recursive service-fault CSV windows,RE2/RE2-TT/ts-auth-service_delay/1/metrics.csv,26904724,sha256 calculado,a4bdd6d53522a7fb9f7dcc2a4bb009c7493e4937dacc6c65b82a9e7ff1ac7efa,2026-09-23T19:31:22+00:00
1640,RCAEval recursive service-fault CSV windows,RE2/RE2-TT/ts-auth-service_delay/1/simple_metrics.csv,6217193,sha256 calculado,8a66d457803f1bef4ee8e7e0069cf682c971b85b3617ef79725a8213661992f4,2026-09-23T19:31:22+00:00
1641,RCAEval recursive service-fault CSV windows,RE2/RE2-TT/ts-auth-service_delay/1/traces.csv,175380764,sha256 calculado,9ec6c1a1375b08ea27641451b715b599d9ab8d6297fe5785368386a06a4f9979,2026-09-23T19:31:23+00:00
1642,RCAEval recursive service-fault CSV windows,RE2/RE2-TT/ts-auth-service_delay/1/tracets_err.csv,72954,sha256 calculado,5c79ad7bdf73f6ba54c96f17ade449273d26d1488e97ad7594c49f67ac8c8f91,2026-09-23T19:31:23+00:00
1643,RCAEval recursive service-fault CSV windows,RE2/RE2-TT/ts-auth-service_delay/1/tracets_lat.csv,53718,sha256 calculado,b7a80e3e7108208ed4ea40d2796581df79e68bbd6f660755f52c0a95f62d2ea6,2026-09-23T19:31:23+00:00
1644,RCAEval recursive service-fault CSV windows,RE2/RE2-TT/ts-auth-service_delay/2/logs.csv,83751200,sha256 calculado,d2231b715116838858f7738c55ef7f1072a758570e79757c63088ce155e77a68,2026-09-23T19:31:23+00:00
1645,RCAEval recursive service-fault CSV windows,RE2/RE2-TT/ts-auth-service_delay/2/logts.csv,41925,sha256 calculado,3e0883b6380030a95bab5a7d6cdb77cf7bc13886976258f6a6749f485a25c1c2,2026-09-23T19:31:23+00:00
1646,RCAEval recursive service-fault CSV windows,RE2/RE2-TT/ts-auth-service_delay/2/metrics.csv,27002907,sha256 calculado,045b7799744b299d3981ea555061af93cee0f791fe39e66e538c7bfc62a5c095,2026-09-23T19:31:23+00:00
1647,RCAEval recursive service-fault CSV windows,RE2/RE2-TT/ts-auth-service_delay/2/simple_metrics.csv,6214817,sha256 calculado,642ea9183eecbef1540c404aca463e336e045ff7e3b09593c3af622c54edad32,2026-09-23T19:31:23+00:00
1648,RCAEval recursive service-fault CSV windows,RE2/RE2-TT/ts-auth-service_delay/2/traces.csv,100328191,sha256 calculado,94b922c4cd530391e3eff79721d30ca2d331c4b95f4f4ea98f6dc00eeb49e7ab,2026-09-23T19:31:24+00:00
1649,RCAEval recursive service-fault CSV windows,RE2/RE2-TT/ts-auth-service_delay/2/tracets_err.csv,67131,sha256 calculado,e36bffecad946b5624f7d6a224b5cc1428d8a1f4f871efdc9262551951bf962d,2026-09-23T19:31:24+00:00
1650,RCAEval recursive service-fault CSV windows,RE2/RE2-TT/ts-auth-service_delay/2/tracets_lat.csv,53884,sha256 calculado,cdc2f715cbc321c1264a12da6d03a50a92a4cf3ca1d835b9573c2f61c8bfdf01,2026-09-23T19:31:24+00:00
1651,RCAEval recursive service-fault CSV windows,RE2/RE2-TT/ts-auth-service_delay/3/logs.csv,86998733,sha256 calculado,40f41cc7ef544633e89276c2b301a68d4026f12dbf5923079e7ddaab1ae1961b,2026-09-23T19:31:24+00:00
1652,RCAEval recursive service-fault CSV windows,RE2/RE2-TT/ts-auth-service_delay/3/logts.csv,42047,sha256 calculado,2de2d29c559adb392f63f3d047e800d6653b4575c3505eccce4feeae7820bd56,2026-09-23T19:31:24+00:00
1653,RCAEval recursive service-fault CSV windows,RE2/RE2-TT/ts-auth-service_delay/3/metrics.csv,26936028,sha256 calculado,0e19e164c51f1941b6769d59bc9e636f3622a17ed4f81fa7a7786aba3419a52f,2026-09-23T19:31:24+00:00
1654,RCAEval recursive service-fault CSV windows,RE2/RE2-TT/ts-auth-service_delay/3/simple_metrics.csv,6232269,sha256 calculado,88046875b9c3d8b3bfa1df690b8553a376b203ca89660bd273d697f12d335f99,2026-09-23T19:31:24+00:00
1655,RCAEval recursive service-fault CSV windows,RE2/RE2-TT/ts-auth-service_delay/3/traces.csv,103200517,sha256 calculado,2c21c09ad05a4aa388947ea4afefd5deba5bf67701be23ed5235e6151edb6baa,2026-09-23T19:31:25+00:00
1656,RCAEval recursive service-fault CSV windows,RE2/RE2-TT/ts-auth-service_delay/3/tracets_err.csv,66899,sha256 calculado,99bf8c80db1b2dc661e8dcbc423a43136d5d614c78731aca6ff767431ff832eb,2026-09-23T19:31:25+00:00
1657,RCAEval recursive service-fault CSV windows,RE2/RE2-TT/ts-auth-service_delay/3/tracets_lat.csv,51157,sha256 calculado,056cc4d771186d3ff5d95de72dd53597af4b8227851ce809e8a9bf07d3d8a5c7,2026-09-23T19:31:25+00:00
1658,RCAEval recursive service-fault CSV windows,RE2/RE2-TT/ts-auth-service_disk/1/logs.csv,98232998,sha256 calculado,79ce14f3e2296ed435631510ecc7619d36210e2fc1ca3a8f9f394f0b48f9c038,2026-09-23T19:31:25+00:00
1659,RCAEval recursive service-fault CSV windows,RE2/RE2-TT/ts-auth-service_disk/1/logts.csv,49391,sha256 calculado,5e25c84b1a6392fa3f43846b027f4e876bf2cc266fb7ddae298449c09ac06eec,2026-09-23T19:31:25+00:00
1660,RCAEval recursive service-fault CSV windows,RE2/RE2-TT/ts-auth-service_disk/1/metrics.csv,26984327,sha256 calculado,1b377351aa195992030299ccc15b7b3e9a1a74062628a3fafb336bb9e39ffa73,2026-09-23T19:31:25+00:00
1661,RCAEval recursive service-fault CSV windows,RE2/RE2-TT/ts-auth-service_disk/1/simple_metrics.csv,6203755,sha256 calculado,58e58ea85cdf057f1ce853333d6fee69b8e5f4645fb674ebc0119b38be091013,2026-09-23T19:31:25+00:00
1662,RCAEval recursive service-fault CSV windows,RE2/RE2-TT/ts-auth-service_disk/1/traces.csv,106190659,sha256 calculado,1e158f3f9a1da648253752565f09bd9fe639abc831e3f73c4c5943bbdac3145b,2026-09-23T19:31:26+00:00
1663,RCAEval recursive service-fault CSV windows,RE2/RE2-TT/ts-auth-service_disk/1/tracets_err.csv,67387,sha256 calculado,9e0817b923d1bc6f893cb2da1ab8995b2102b94e23a3539a5225ddd017c08573,2026-09-23T19:31:26+00:00
1664,RCAEval recursive service-fault CSV windows,RE2/RE2-TT/ts-auth-service_disk/1/tracets_lat.csv,53269,sha256 calculado,994d7f989bec2df0a524194ca94619597f6d6c702299194034334f0dc700e33e,2026-09-23T19:31:26+00:00
1665,RCAEval recursive service-fault CSV windows,RE2/RE2-TT/ts-auth-service_disk/2/logs.csv,85128513,sha256 calculado,14170d06ed19cbbbd3b38265c98ea483dcf19c9ec7d1c2b96a13745b01e941f9,2026-09-23T19:31:26+00:00
1666,RCAEval recursive service-fault CSV windows,RE2/RE2-TT/ts-auth-service_disk/2/logts.csv,42340,sha256 calculado,cb5c0e9127f0d8a1681631d97c5a62053bfd9f4322d20faa8b765289bc34d428,2026-09-23T19:31:26+00:00
1667,RCAEval recursive service-fault CSV windows,RE2/RE2-TT/ts-auth-service_disk/2/metrics.csv,26934710,sha256 calculado,54256218a2d472cdae39f58c585698f7ff2019db122e07e5ca6f142c3026f627,2026-09-23T19:31:26+00:00
1668,RCAEval recursive service-fault CSV windows,RE2/RE2-TT/ts-auth-service_disk/2/simple_metrics.csv,6184401,sha256 calculado,06ef42039c74e523de7a39e35440152cafcf505b4dd952bea813ac4d560e404a,2026-09-23T19:31:26+00:00
1669,RCAEval recursive service-fault CSV windows,RE2/RE2-TT/ts-auth-service_disk/2/traces.csv,100052147,sha256 calculado,b5d93338e0ed7442de4e0dca5a810cb990d87b43f7626faeedecdaafbd58074a,2026-09-23T19:31:27+00:00
1670,RCAEval recursive service-fault CSV windows,RE2/RE2-TT/ts-auth-service_disk/2/tracets_err.csv,67536,sha256 calculado,6bc173745c840cc5a7f33d75bbd003d83ecaa9544af54b685d0096db07048532,2026-09-23T19:31:27+00:00
1671,RCAEval recursive service-fault CSV windows,RE2/RE2-TT/ts-auth-service_disk/2/tracets_lat.csv,49283,sha256 calculado,5719ff3ef46d965976a10c15f756375fda77646691d8c33cd35c8e675cc1d6a9,2026-09-23T19:31:27+00:00
1672,RCAEval recursive service-fault CSV windows,RE2/RE2-TT/ts-auth-service_disk/3/logs.csv,117306111,sha256 calculado,10cb478ef063bfb041c30b64028b0af9f228a53f1dc8cf51bfc44bc1e3343998,2026-09-23T19:31:27+00:00
1673,RCAEval recursive service-fault CSV windows,RE2/RE2-TT/ts-auth-service_disk/3/logts.csv,42272,sha256 calculado,843d23f71623aa55915fe2174181726c81f938fb93a81d658e82d33d625898c8,2026-09-23T19:31:27+00:00
1674,RCAEval recursive service-fault CSV windows,RE2/RE2-TT/ts-auth-service_disk/3/metrics.csv,26895300,sha256 calculado,7d7eb1ed8917d113d8501d2e70f636056613deb685e2a07fa0e598c892a7b0ae,2026-09-23T19:31:27+00:00
1675,RCAEval recursive service-fault CSV windows,RE2/RE2-TT/ts-auth-service_disk/3/simple_metrics.csv,6205531,sha256 calculado,1ad97f16d914ee794a9ca57925fb58e9bad6e381b0b7528cada616d6ec66c2ef,2026-09-23T19:31:27+00:00
1676,RCAEval recursive service-fault CSV windows,RE2/RE2-TT/ts-auth-service_disk/3/traces.csv,114741842,sha256 calculado,600615c935d0f20b9d3e21cfedff4c19443745e099f2de4a75d8a4f6c3a6b983,2026-09-23T19:31:28+00:00
1677,RCAEval recursive service-fault CSV windows,RE2/RE2-TT/ts-auth-service_disk/3/tracets_err.csv,68425,sha256 calculado,b3c7f610cf8d1da3eefb9e63f0fff7769f604095f8ea7c5e0d45ceab244531d0,2026-09-23T19:31:28+00:00
1678,RCAEval recursive service-fault CSV windows,RE2/RE2-TT/ts-auth-service_disk/3/tracets_lat.csv,54552,sha256 calculado,1fff9beb1169ecbbc4b014ddad04cb12da8ae6543b70f39838ab22593f32173a,2026-09-23T19:31:28+00:00
1679,RCAEval recursive service-fault CSV windows,RE2/RE2-TT/ts-auth-service_loss/1/logs.csv,163019611,sha256 calculado,27bdb1dd9f2065c105c77c01c318186797bb279868ab7e8db5e9fb1e28b0ffb5,2026-09-23T19:31:28+00:00
1680,RCAEval recursive service-fault CSV windows,RE2/RE2-TT/ts-auth-service_loss/1/logts.csv,44526,sha256 calculado,35caa2dfdbaec9d02ad861be9389593b78630c8f69cc043b2ab4ab7ccfd3efa4,2026-09-23T19:31:28+00:00
1681,RCAEval recursive service-fault CSV windows,RE2/RE2-TT/ts-auth-service_loss/1/metrics.csv,26777942,sha256 calculado,57c5f4f01b7c1ce5f39c69132d8f2c72b2acec38fcf886d1108c591004ea02e0,2026-09-23T19:31:29+00:00
1682,RCAEval recursive service-fault CSV windows,RE2/RE2-TT/ts-auth-service_loss/1/simple_metrics.csv,6205438,sha256 calculado,cd80d18e5399153ed26603fc640040330d73898e42218a696e4c9e821207b2de,2026-09-23T19:31:29+00:00
1683,RCAEval recursive service-fault CSV windows,RE2/RE2-TT/ts-auth-service_loss/1/traces.csv,146794316,sha256 calculado,7e2625c160bc22926617afede3f638239c82d7cab3b96f863ce7a3fbdb7e5cc6,2026-09-23T19:31:29+00:00
1684,RCAEval recursive service-fault CSV windows,RE2/RE2-TT/ts-auth-service_loss/1/tracets_err.csv,68551,sha256 calculado,3e8f37c4fd42ca71b34e0ebd940df240c04cb81aaec8e22b50b794b84ca3339b,2026-09-23T19:31:29+00:00
1685,RCAEval recursive service-fault CSV windows,RE2/RE2-TT/ts-auth-service_loss/1/tracets_lat.csv,55946,sha256 calculado,01c5b25ebbf6ca11a19b702f366c7081aa0c2b3e75d8a8ad772b2aab0c936191,2026-09-23T19:31:29+00:00
1686,RCAEval recursive service-fault CSV windows,RE2/RE2-TT/ts-auth-service_loss/2/logs.csv,118961492,sha256 calculado,f164220323fde9f19f06a1974cc400e5aadcbc4da93e572794008a0552bdb805,2026-09-23T19:31:29+00:00
1687,RCAEval recursive service-fault CSV windows,RE2/RE2-TT/ts-auth-service_loss/2/logts.csv,41891,sha256 calculado,18da22c2efde0b8b65be4137a038b2777d4bef904da28a02d7c39f1d25b89a89,2026-09-23T19:31:30+00:00
1688,RCAEval recursive service-fault CSV windows,RE2/RE2-TT/ts-auth-service_loss/2/metrics.csv,27038341,sha256 calculado,e5f62c2159b2899b5b1a57649906b38055adbddf00d55725be33518aaec7caa4,2026-09-23T19:31:30+00:00
1689,RCAEval recursive service-fault CSV windows,RE2/RE2-TT/ts-auth-service_loss/2/simple_metrics.csv,6236648,sha256 calculado,ad9c2352401bc97bd9924384826f087004133ff1cf6f58e8d9669d812ec32ee2,2026-09-23T19:31:30+00:00
1690,RCAEval recursive service-fault CSV windows,RE2/RE2-TT/ts-auth-service_loss/2/traces.csv,118385584,sha256 calculado,e1f7ed14da708826e6e712cfecf5753315d696e573b296b5728e3d629f9bd3cb,2026-09-23T19:31:30+00:00
1691,RCAEval recursive service-fault CSV windows,RE2/RE2-TT/ts-auth-service_loss/2/tracets_err.csv,68689,sha256 calculado,cc8aca0571047314ad660474830b3be7fb14b10bdb5bd0f99f35ee784c846484,2026-09-23T19:31:30+00:00
1692,RCAEval recursive service-fault CSV windows,RE2/RE2-TT/ts-auth-service_loss/2/tracets_lat.csv,49154,sha256 calculado,85235aa52ed8e316427781c3d447ecfe4c2a10ae4db1e9796d5d28f13b017f7f,2026-09-23T19:31:30+00:00
1693,RCAEval recursive service-fault CSV windows,RE2/RE2-TT/ts-auth-service_loss/3/logs.csv,146952444,sha256 calculado,44e05d8f03df47e1d9918747da6adc1276bf82aaf8983f0dd53de89cc2eda2b0,2026-09-23T19:31:31+00:00
1694,RCAEval recursive service-fault CSV windows,RE2/RE2-TT/ts-auth-service_loss/3/logts.csv,41700,sha256 calculado,5cf8b77c766d8ac0e26d05808b1b98cdae00716a576fe98576d78ae227b7f3f8,2026-09-23T19:31:31+00:00
1695,RCAEval recursive service-fault CSV windows,RE2/RE2-TT/ts-auth-service_loss/3/metrics.csv,26794038,sha256 calculado,7f1e8eded84f17c9366adad4e5c18c0b3024036ad25f0996df634c76da59dc6b,2026-09-23T19:31:31+00:00
1696,RCAEval recursive service-fault CSV windows,RE2/RE2-TT/ts-auth-service_loss/3/simple_metrics.csv,6225368,sha256 calculado,c524369b032cceec0507ef49fdf5e140e40253b818dc098b3aacdc17cd0ad5aa,2026-09-23T19:31:31+00:00
1697,RCAEval recursive service-fault CSV windows,RE2/RE2-TT/ts-auth-service_loss/3/traces.csv,94078275,sha256 calculado,d97b477c1e8f56599348a603b8c6cd33f8123c382e420088211ea83829e26084,2026-09-23T19:31:31+00:00
1698,RCAEval recursive service-fault CSV windows,RE2/RE2-TT/ts-auth-service_loss/3/tracets_err.csv,72954,sha256 calculado,9140ec4ce8db7a545ef8eb57296519b9cb57bddec49a1949b164ead873a50aa1,2026-09-23T19:31:31+00:00
1699,RCAEval recursive service-fault CSV windows,RE2/RE2-TT/ts-auth-service_loss/3/tracets_lat.csv,57697,sha256 calculado,5e5abb0ce0b2a38cafab7bf97e0aec810cf3731f88d5a99ee8d6ae4e377ee623,2026-09-23T19:31:31+00:00
1700,RCAEval recursive service-fault CSV windows,RE2/RE2-TT/ts-auth-service_mem/1/logs.csv,194098003,sha256 calculado,1fbf0f72c1f2e11d36a68c4a01400789e77f30e7d0e49da540877d11bef876b2,2026-09-23T19:31:32+00:00
1701,RCAEval recursive service-fault CSV windows,RE2/RE2-TT/ts-auth-service_mem/1/logts.csv,42081,sha256 calculado,02628d5102cd99c2d9fc5cfa0ff9297d978c412e5c9998663f180efe66ee14e5,2026-09-23T19:31:32+00:00
1702,RCAEval recursive service-fault CSV windows,RE2/RE2-TT/ts-auth-service_mem/1/metrics.csv,26864285,sha256 calculado,33044d57ca3b000af0b7e0a57ba332a56f0c795b2c1ace3dae374df8e55f0d4f,2026-09-23T19:31:32+00:00
1703,RCAEval recursive service-fault CSV windows,RE2/RE2-TT/ts-auth-service_mem/1/simple_metrics.csv,6242457,sha256 calculado,b4b94aaa53c65cdf4dcdb720054e426ca288a76b413e14253912c644c768d0c2,2026-09-23T19:31:32+00:00
1704,RCAEval recursive service-fault CSV windows,RE2/RE2-TT/ts-auth-service_mem/1/traces.csv,165926163,sha256 calculado,fba1de914389d73a6034032b58c2829147348791f4e444b9a9036c8c050c26fa,2026-09-23T19:31:33+00:00
1705,RCAEval recursive service-fault CSV windows,RE2/RE2-TT/ts-auth-service_mem/1/tracets_err.csv,68533,sha256 calculado,44d6e46b0aff5476a86db0cefd351fff574437d57827e2ec9291aa843cdd6b97,2026-09-23T19:31:33+00:00
1706,RCAEval recursive service-fault CSV windows,RE2/RE2-TT/ts-auth-service_mem/1/tracets_lat.csv,53671,sha256 calculado,6351d1ae791a8767294401d9d0009c813e9ea5584f8f02a5a9b6955b9e8459de,2026-09-23T19:31:33+00:00
1707,RCAEval recursive service-fault CSV windows,RE2/RE2-TT/ts-auth-service_mem/2/logs.csv,171548384,sha256 calculado,381d8683f1eed6b876fa01b22d79ea6a9033ca6ffe545bc0abde7723e6df6b00,2026-09-23T19:31:33+00:00
1708,RCAEval recursive service-fault CSV windows,RE2/RE2-TT/ts-auth-service_mem/2/logts.csv,50331,sha256 calculado,8486299bfef6e3762a364704a19dd7f463084befbf9065e703a2775d87cfd9c7,2026-09-23T19:31:33+00:00
1709,RCAEval recursive service-fault CSV windows,RE2/RE2-TT/ts-auth-service_mem/2/metrics.csv,26819411,sha256 calculado,9769801d10df234a34e673c25a4c0cfb34ef7dd833f615da6da64e30c8f92e21,2026-09-23T19:31:34+00:00
1710,RCAEval recursive service-fault CSV windows,RE2/RE2-TT/ts-auth-service_mem/2/simple_metrics.csv,6231078,sha256 calculado,cd8df9e241914e9ae0c90ec55526756723171ea0f6cf59f464133d158e41bfce,2026-09-23T19:31:34+00:00
1711,RCAEval recursive service-fault CSV windows,RE2/RE2-TT/ts-auth-service_mem/2/traces.csv,171608204,sha256 calculado,2a461580bdb8cc29d296010afff6c0b6fa7f1a5d2abf572f125cbf4675ff5dd0,2026-09-23T19:31:34+00:00
1712,RCAEval recursive service-fault CSV windows,RE2/RE2-TT/ts-auth-service_mem/2/tracets_err.csv,68059,sha256 calculado,0fa9df8e0cc36cd6b20b1d9b56728da11a9179bae458d91497ebbcefb611cd82,2026-09-23T19:31:34+00:00
1713,RCAEval recursive service-fault CSV windows,RE2/RE2-TT/ts-auth-service_mem/2/tracets_lat.csv,50083,sha256 calculado,0a0e1a23d62a887394ae71e7f548cffd7045a1a4835713b9a2acdd74bb4ccae4,2026-09-23T19:31:34+00:00
1714,RCAEval recursive service-fault CSV windows,RE2/RE2-TT/ts-auth-service_mem/3/logs.csv,80675815,sha256 calculado,7b4e070475fced7cc32105798b4f25fd2eff598b07472117db7017ea7d4d0d7b,2026-09-23T19:31:35+00:00
1715,RCAEval recursive service-fault CSV windows,RE2/RE2-TT/ts-auth-service_mem/3/logts.csv,42305,sha256 calculado,52d03ccdd33bc5103a0ac70208aea51fbc6c0b6d40d390f4a626a165b09f5852,2026-09-23T19:31:35+00:00
1716,RCAEval recursive service-fault CSV windows,RE2/RE2-TT/ts-auth-service_mem/3/metrics.csv,26972282,sha256 calculado,44db55162cda49925fe9c00d1e9d9b05cca63c8e46be0891a7d1cb4332487556,2026-09-23T19:31:35+00:00
1717,RCAEval recursive service-fault CSV windows,RE2/RE2-TT/ts-auth-service_mem/3/simple_metrics.csv,6187608,sha256 calculado,2c20c7751e448ccd9b71ea51499cf38f92c461769c5b351ce7c402c413c7582d,2026-09-23T19:31:35+00:00
1718,RCAEval recursive service-fault CSV windows,RE2/RE2-TT/ts-auth-service_mem/3/traces.csv,95152767,sha256 calculado,fd267a81a8b4c6c06802f91e2fe603c872ef7af52042258a9aea7e8b9657bc61,2026-09-23T19:31:35+00:00
1719,RCAEval recursive service-fault CSV windows,RE2/RE2-TT/ts-auth-service_mem/3/tracets_err.csv,67248,sha256 calculado,7798a3c261792e94928f27747777e6a5b1b10de58b1855f6df65f278734123d2,2026-09-23T19:31:35+00:00
1720,RCAEval recursive service-fault CSV windows,RE2/RE2-TT/ts-auth-service_mem/3/tracets_lat.csv,51891,sha256 calculado,4447c4f5087800492ba6b88b0f5fc39cf44f2ee4411085baffca60d457fc6fcc,2026-09-23T19:31:35+00:00
1721,RCAEval recursive service-fault CSV windows,RE2/RE2-TT/ts-auth-service_socket/1/logs.csv,132796158,sha256 calculado,a911f08d4e4f77cba2fce748c07e4bcdc55a4b3a7d34072411df041c7084b340,2026-09-23T19:31:36+00:00
1722,RCAEval recursive service-fault CSV windows,RE2/RE2-TT/ts-auth-service_socket/1/logts.csv,41685,sha256 calculado,c0693e27a92f28ea8baaffe611c2982d2509181a2159d85ec169d651623c8c2d,2026-09-23T19:31:36+00:00
1723,RCAEval recursive service-fault CSV windows,RE2/RE2-TT/ts-auth-service_socket/1/metrics.csv,26835672,sha256 calculado,d41b0a9771baac2d8f977c4e6ab3fa4d3504ee813aeeb7199e90c4a4749f1e81,2026-09-23T19:31:36+00:00
1724,RCAEval recursive service-fault CSV windows,RE2/RE2-TT/ts-auth-service_socket/1/simple_metrics.csv,6197585,sha256 calculado,5f4bebb7116e984d2c557173cb9a3c037f4753d1019bb031a1d4fe86336b204d,2026-09-23T19:31:36+00:00
1725,RCAEval recursive service-fault CSV windows,RE2/RE2-TT/ts-auth-service_socket/1/traces.csv,126918737,sha256 calculado,a0267960845fe942078c67c7914671bdfad47036fce92372bccde922229891fd,2026-09-23T19:31:36+00:00
1726,RCAEval recursive service-fault CSV windows,RE2/RE2-TT/ts-auth-service_socket/1/tracets_err.csv,68929,sha256 calculado,f8621b18734d32b2c74a34e2fe47065c18790187e069ebc3fd5c911b0eba635d,2026-09-23T19:31:36+00:00
1727,RCAEval recursive service-fault CSV windows,RE2/RE2-TT/ts-auth-service_socket/1/tracets_lat.csv,46184,sha256 calculado,35f502695db988e1e4ebdaa167997b056cff228338ee7ff9ba90d69218c03691,2026-09-23T19:31:36+00:00
1728,RCAEval recursive service-fault CSV windows,RE2/RE2-TT/ts-auth-service_socket/2/logs.csv,112940518,sha256 calculado,edb7795d96ff07264a58600f6ad789ac8ba981b14a427c5b666ebf69b1de2f14,2026-09-23T19:31:37+00:00
1729,RCAEval recursive service-fault CSV windows,RE2/RE2-TT/ts-auth-service_socket/2/logts.csv,41897,sha256 calculado,3eb59d72f56275298b2b28b624301cd41448ffb9dec2a32f8f03713d05c8d9c2,2026-09-23T19:31:37+00:00
1730,RCAEval recursive service-fault CSV windows,RE2/RE2-TT/ts-auth-service_socket/2/metrics.csv,26767647,sha256 calculado,1e7f1b9b85b837654e52f4ca6e0095196c75c5c97b2dcbf0c25af4462619fcb2,2026-09-23T19:31:37+00:00
1731,RCAEval recursive service-fault CSV windows,RE2/RE2-TT/ts-auth-service_socket/2/simple_metrics.csv,6162834,sha256 calculado,a994b27a9148dfa415db4c180754c4aaddc7e2c91b77ab49f72062b057ea5e0d,2026-09-23T19:31:37+00:00
1732,RCAEval recursive service-fault CSV windows,RE2/RE2-TT/ts-auth-service_socket/2/traces.csv,114442734,sha256 calculado,c9da399be78387dd4c8f2d07f25db0fef25075309cd08d847f9a51bba5988646,2026-09-23T19:31:37+00:00
1733,RCAEval recursive service-fault CSV windows,RE2/RE2-TT/ts-auth-service_socket/2/tracets_err.csv,68464,sha256 calculado,e636fd00a4b4fb498880a5905e959777232f98ae1e5819ed244991871ee7fa32,2026-09-23T19:31:37+00:00
1734,RCAEval recursive service-fault CSV windows,RE2/RE2-TT/ts-auth-service_socket/2/tracets_lat.csv,52448,sha256 calculado,121861b8278ff40df8306121aff72e91b5996d6d393d30faaad4a6e67d1df185,2026-09-23T19:31:37+00:00
1735,RCAEval recursive service-fault CSV windows,RE2/RE2-TT/ts-auth-service_socket/3/logs.csv,180031936,sha256 calculado,08f50852594f6bf8be1ca9ba0eba4cd710f556c7b2aa8c6806a57ebbaf6b2805,2026-09-23T19:31:38+00:00
1736,RCAEval recursive service-fault CSV windows,RE2/RE2-TT/ts-auth-service_socket/3/logts.csv,43424,sha256 calculado,5856d1cc8a088ddf8271c1eb3fcc094b5d6d7ab4ea711a4aaa4748e6011d73c5,2026-09-23T19:31:38+00:00
1737,RCAEval recursive service-fault CSV windows,RE2/RE2-TT/ts-auth-service_socket/3/metrics.csv,26785479,sha256 calculado,e5686f381dc9a478534bf1da5d7571af01be51075f131311a2dcd0401f07420b,2026-09-23T19:31:38+00:00
1738,RCAEval recursive service-fault CSV windows,RE2/RE2-TT/ts-auth-service_socket/3/simple_metrics.csv,6224490,sha256 calculado,4762e316ccd1338b8ec38816f63ae0f883ccee54cb5ec6f0d03067a538f96481,2026-09-23T19:31:38+00:00
1739,RCAEval recursive service-fault CSV windows,RE2/RE2-TT/ts-auth-service_socket/3/traces.csv,144692435,sha256 calculado,29a2c1947540b7a156bb61dab1bc2e5c3a1873cb78f51417ec912b7ce6e42a73,2026-09-23T19:31:39+00:00
1740,RCAEval recursive service-fault CSV windows,RE2/RE2-TT/ts-auth-service_socket/3/tracets_err.csv,68869,sha256 calculado,d50ab1b4640ec51fe422294d1dfb3affc01b61ad105b69f31d83134106b29bd9,2026-09-23T19:31:39+00:00
1741,RCAEval recursive service-fault CSV windows,RE2/RE2-TT/ts-auth-service_socket/3/tracets_lat.csv,45754,sha256 calculado,10d947b29ef8421471e5a584d992705fb2ab4fade96d9d45e697ce2daef08ca0,2026-09-23T19:31:39+00:00
1742,RCAEval recursive service-fault CSV windows,RE2/RE2-TT/ts-order-service_cpu/1/logs.csv,81638958,sha256 calculado,90c6d918956ee9516e0e3949de3bde061c2030d1c0760d79de05924d71edf73a,2026-09-23T19:31:39+00:00
1743,RCAEval recursive service-fault CSV windows,RE2/RE2-TT/ts-order-service_cpu/1/logts.csv,44025,sha256 calculado,d519490ea137b5beb22d9efb77608a8606ab0cbd5094ff6fa66017e12191415c,2026-09-23T19:31:39+00:00
1744,RCAEval recursive service-fault CSV windows,RE2/RE2-TT/ts-order-service_cpu/1/metrics.csv,26979675,sha256 calculado,67933d8412cec8253d7131d0d0b4ba9605e1c0c29fd1bc88b482aa0c9df42b67,2026-09-23T19:31:39+00:00
1745,RCAEval recursive service-fault CSV windows,RE2/RE2-TT/ts-order-service_cpu/1/simple_metrics.csv,6187657,sha256 calculado,fbd3629367766282c8bcbb8852b0803fb0a68b4baa7907245cca643d8726b7da,2026-09-23T19:31:39+00:00
1746,RCAEval recursive service-fault CSV windows,RE2/RE2-TT/ts-order-service_cpu/1/traces.csv,96611916,sha256 calculado,8d1e26fe404098b654af2ff4bd37c0d22c72132cf1db87dba72385cb443b757b,2026-09-23T19:31:40+00:00
1747,RCAEval recursive service-fault CSV windows,RE2/RE2-TT/ts-order-service_cpu/1/tracets_err.csv,67281,sha256 calculado,9dfd63a1e5875aa651d8ec56b12700a424f4ecfd6440905bede3d4d87aad0359,2026-09-23T19:31:40+00:00
1748,RCAEval recursive service-fault CSV windows,RE2/RE2-TT/ts-order-service_cpu/1/tracets_lat.csv,50442,sha256 calculado,bd99e9afa01b3fda54f922ed3c5498fbcde0858e02ef43d41dc46eadfe06b922,2026-09-23T19:31:40+00:00
1749,RCAEval recursive service-fault CSV windows,RE2/RE2-TT/ts-order-service_cpu/2/logs.csv,120480029,sha256 calculado,e6d5a8031a2ebeb3ed2c2141e422a06a7f8562fe291ca3c0c603d837cce3f6b3,2026-09-23T19:31:40+00:00
1750,RCAEval recursive service-fault CSV windows,RE2/RE2-TT/ts-order-service_cpu/2/logts.csv,42379,sha256 calculado,2917ff46d1a255d42cc764ea38b2b416bc30120e5c2bbb62000f156f4390e895,2026-09-23T19:31:40+00:00
1751,RCAEval recursive service-fault CSV windows,RE2/RE2-TT/ts-order-service_cpu/2/metrics.csv,26803221,sha256 calculado,f523c512ca7e410f37625419ca3a1d1ebdfbabf94e853df251d5f63435f5f43a,2026-09-23T19:31:40+00:00
1752,RCAEval recursive service-fault CSV windows,RE2/RE2-TT/ts-order-service_cpu/2/simple_metrics.csv,6239729,sha256 calculado,6cee12e683f8231e9e5e58597e3d2e54b1d820d09dd3a68cf770d2604f46bcbf,2026-09-23T19:31:41+00:00
1753,RCAEval recursive service-fault CSV windows,RE2/RE2-TT/ts-order-service_cpu/2/traces.csv,124237930,sha256 calculado,3ee7bcb6f1a6d45aa2c9aed428ea30e095bf4f0090d1f2007d89ab3f1570dd72,2026-09-23T19:31:41+00:00
1754,RCAEval recursive service-fault CSV windows,RE2/RE2-TT/ts-order-service_cpu/2/tracets_err.csv,68752,sha256 calculado,1c4249e3b92b04264bf54939e8a34521287ca4e567ff19a2d7f4a788f32ac4f7,2026-09-23T19:31:41+00:00
1755,RCAEval recursive service-fault CSV windows,RE2/RE2-TT/ts-order-service_cpu/2/tracets_lat.csv,49233,sha256 calculado,8f7e7117aa27fb7f30e2006529205ed729e4db24f771db8f46d00aaafb4bfcf7,2026-09-23T19:31:41+00:00
1756,RCAEval recursive service-fault CSV windows,RE2/RE2-TT/ts-order-service_cpu/3/logs.csv,145912939,sha256 calculado,b61693efe729589f9708fb8354eea741810445d4f6fc3008fac734c6b039d3df,2026-09-23T19:31:42+00:00
1757,RCAEval recursive service-fault CSV windows,RE2/RE2-TT/ts-order-service_cpu/3/logts.csv,44117,sha256 calculado,e9d82275af60767b4bf8dcfc9602fedc8cbc48362340786365cec1a420cb393f,2026-09-23T19:31:42+00:00
1758,RCAEval recursive service-fault CSV windows,RE2/RE2-TT/ts-order-service_cpu/3/metrics.csv,26752856,sha256 calculado,48bbdcd4573a8276bf7dbe91274a8a56981d63486457ab7395c3c61f20f6fbbf,2026-09-23T19:31:42+00:00
1759,RCAEval recursive service-fault CSV windows,RE2/RE2-TT/ts-order-service_cpu/3/simple_metrics.csv,6227684,sha256 calculado,fac7dcd40c04d1d6e66d5bddf885ef3d6dee8cf2f04f268d677308fd97984ef7,2026-09-23T19:31:42+00:00
1760,RCAEval recursive service-fault CSV windows,RE2/RE2-TT/ts-order-service_cpu/3/traces.csv,129659891,sha256 calculado,9271b3bd8f4284b5c451ebd83a368cc0a2a50bafd81a9f559bdec3e0dfcae98a,2026-09-23T19:31:42+00:00
1761,RCAEval recursive service-fault CSV windows,RE2/RE2-TT/ts-order-service_cpu/3/tracets_err.csv,65685,sha256 calculado,60031036bb41b82a62585bf7266358a0ad68efa3591eaf877ae397d1718089ce,2026-09-23T19:31:42+00:00
1762,RCAEval recursive service-fault CSV windows,RE2/RE2-TT/ts-order-service_cpu/3/tracets_lat.csv,51443,sha256 calculado,66dd8efc0ed8b231187cac27273040c5edaa4e4bcd6950a299fbbe0d0ad7f315,2026-09-23T19:31:42+00:00
1763,RCAEval recursive service-fault CSV windows,RE2/RE2-TT/ts-order-service_delay/1/logs.csv,39065823,sha256 calculado,c2f5122ec3c5b261ae6d211436e6d1b6943bfd469e788e51a722a39a4e95d421,2026-09-23T19:31:42+00:00
1764,RCAEval recursive service-fault CSV windows,RE2/RE2-TT/ts-order-service_delay/1/logts.csv,32523,sha256 calculado,63a63e9495270c3381354cde5a9294253e324dd24431c791e95eb63a0a8d07ff,2026-09-23T19:31:42+00:00
1765,RCAEval recursive service-fault CSV windows,RE2/RE2-TT/ts-order-service_delay/1/metrics.csv,26748564,sha256 calculado,86c6ed97aee626a12338fe3039be3ec896c0971d60a5b7dca69346c4849bd49e,2026-09-23T19:31:43+00:00
1766,RCAEval recursive service-fault CSV windows,RE2/RE2-TT/ts-order-service_delay/1/simple_metrics.csv,6191814,sha256 calculado,41d9b98ea569af90247812b6137c07f977b5e6f3e0a6bbcbdd95e24633ee6369,2026-09-23T19:31:43+00:00
1767,RCAEval recursive service-fault CSV windows,RE2/RE2-TT/ts-order-service_delay/1/traces.csv,118314569,sha256 calculado,6dd615d21eaa66b5e4ca8cfcd526608a5faa809889ec62a689ccf8906a268ece,2026-09-23T19:31:43+00:00
1768,RCAEval recursive service-fault CSV windows,RE2/RE2-TT/ts-order-service_delay/1/tracets_err.csv,59407,sha256 calculado,72013e9160c38b1fc73406b7c3367c1c5fd44730449c11caf5dd3f67468a6b40,2026-09-23T19:31:43+00:00
1769,RCAEval recursive service-fault CSV windows,RE2/RE2-TT/ts-order-service_delay/1/tracets_lat.csv,51853,sha256 calculado,6fb0f6d8f520ca714f272daf6fd654596026e4f2f7c492aeb3dc92644cb63b59,2026-09-23T19:31:43+00:00
1770,RCAEval recursive service-fault CSV windows,RE2/RE2-TT/ts-order-service_delay/2/logs.csv,13706314,sha256 calculado,ad636019b5cdca161e712111b3283dfe9093554b3f8187b2e6e75c58a8e630e4,2026-09-23T19:31:43+00:00
1771,RCAEval recursive service-fault CSV windows,RE2/RE2-TT/ts-order-service_delay/2/logts.csv,12139,sha256 calculado,ea1ea0876b1bed45395f8c1390951e59097ee51b41a1cdcb843b8af1023c3258,2026-09-23T19:31:43+00:00
1772,RCAEval recursive service-fault CSV windows,RE2/RE2-TT/ts-order-service_delay/2/metrics.csv,25640182,sha256 calculado,a01dad446c3e9388d1f886cda13fda0b050f5229b68af3acf085b480c3cdd12c,2026-09-23T19:31:43+00:00
1773,RCAEval recursive service-fault CSV windows,RE2/RE2-TT/ts-order-service_delay/2/simple_metrics.csv,5818799,sha256 calculado,ae15aa8a35e6ff74132715fb542da7d4452259730e199db0efb428ba63676b6d,2026-09-23T19:31:44+00:00
1774,RCAEval recursive service-fault CSV windows,RE2/RE2-TT/ts-order-service_delay/2/traces.csv,18824990,sha256 calculado,46c1191f7446fe3982a892cfb6d5feb421d41a4c89695ea75476b7b2145093cc,2026-09-23T19:31:44+00:00
1775,RCAEval recursive service-fault CSV windows,RE2/RE2-TT/ts-order-service_delay/2/tracets_err.csv,34191,sha256 calculado,49603b1bcb9fa680d1d06f93d36272cd008fea3864dadb88978c3ef3e8f655b1,2026-09-23T19:31:44+00:00
1776,RCAEval recursive service-fault CSV windows,RE2/RE2-TT/ts-order-service_delay/2/tracets_lat.csv,26822,sha256 calculado,9475750d6ac4794ced28b599dd44c00a880b621f2e5cde25ad9ba8d1218d313d,2026-09-23T19:31:44+00:00
1777,RCAEval recursive service-fault CSV windows,RE2/RE2-TT/ts-order-service_delay/3/logs.csv,13976819,sha256 calculado,1335a373893c5225b77b850249f72fe9507e8057f60443abb578d3b353fb0774,2026-09-23T19:31:44+00:00
1778,RCAEval recursive service-fault CSV windows,RE2/RE2-TT/ts-order-service_delay/3/logts.csv,11715,sha256 calculado,f15d73bd7e9439c9aec478439a8d894c513353c48fafd38e385785eaeda05599,2026-09-23T19:31:44+00:00
1779,RCAEval recursive service-fault CSV windows,RE2/RE2-TT/ts-order-service_delay/3/metrics.csv,25362143,sha256 calculado,44698d4f7985f4739f57771658c7e25cac8b15bac3040ff2e5985bc845c12ac4,2026-09-23T19:31:44+00:00
1780,RCAEval recursive service-fault CSV windows,RE2/RE2-TT/ts-order-service_delay/3/simple_metrics.csv,5821428,sha256 calculado,56531eebe6f103147f9ec6f4567d8fa9ce1d055d22bb6dfcb9d38ac2e967ec7a,2026-09-23T19:31:44+00:00
1781,RCAEval recursive service-fault CSV windows,RE2/RE2-TT/ts-order-service_delay/3/traces.csv,19168344,sha256 calculado,3dfbf18be030a9374360a716d4393e37cf383c2d588606b5cd8c5eb83c87f13f,2026-09-23T19:31:44+00:00
1782,RCAEval recursive service-fault CSV windows,RE2/RE2-TT/ts-order-service_delay/3/tracets_err.csv,34239,sha256 calculado,f978570ababd6dceafe3222d2b960fc8b10adb4c84fe9186c02285e48afc3300,2026-09-23T19:31:44+00:00
1783,RCAEval recursive service-fault CSV windows,RE2/RE2-TT/ts-order-service_delay/3/tracets_lat.csv,24345,sha256 calculado,080097d063655fe08578bc208a817f4d7091781d495cf9e04da644f21dba1b7b,2026-09-23T19:31:44+00:00
1784,RCAEval recursive service-fault CSV windows,RE2/RE2-TT/ts-order-service_disk/1/logs.csv,193577971,sha256 calculado,960170c8317a9875eeae468e1bd1316b05be7883e20327ca63f7d872b49490f6,2026-09-23T19:31:45+00:00
1785,RCAEval recursive service-fault CSV windows,RE2/RE2-TT/ts-order-service_disk/1/logts.csv,72841,sha256 calculado,a42fd59ac0ab0ed911026769c6c7f031ca0a070bfc562a44cf0d39b38e6bac13,2026-09-23T19:31:45+00:00
1786,RCAEval recursive service-fault CSV windows,RE2/RE2-TT/ts-order-service_disk/1/metrics.csv,26793464,sha256 calculado,e70bb107dd4200cb023322edb5f8adfd73f43047ca970dfddff522092c0ba60b,2026-09-23T19:31:45+00:00
1787,RCAEval recursive service-fault CSV windows,RE2/RE2-TT/ts-order-service_disk/1/simple_metrics.csv,6224942,sha256 calculado,562048fa5f3d098f60235421823812e076b749b2fdaa511c9914f7e37a534290,2026-09-23T19:31:45+00:00
1788,RCAEval recursive service-fault CSV windows,RE2/RE2-TT/ts-order-service_disk/1/traces.csv,160817037,sha256 calculado,87b01b1a617afb71204fa8295a05dd437d66189ad46136781fe5c042c11ca64d,2026-09-23T19:31:46+00:00
1789,RCAEval recursive service-fault CSV windows,RE2/RE2-TT/ts-order-service_disk/1/tracets_err.csv,68185,sha256 calculado,b68007f754cc79d5b22760fbbf6e7ce834edf04fbcbb5ff606ceaa51c0741faf,2026-09-23T19:31:46+00:00
1790,RCAEval recursive service-fault CSV windows,RE2/RE2-TT/ts-order-service_disk/1/tracets_lat.csv,58142,sha256 calculado,caaa7bc510922f3137d9c51f2afbd93316220f6c19f68facf3b00a484d6ba628,2026-09-23T19:31:46+00:00
1791,RCAEval recursive service-fault CSV windows,RE2/RE2-TT/ts-order-service_disk/2/logs.csv,14075404,sha256 calculado,3f1f01cf8797ea76b66a20e3dc5978308dcca5f495a2d879584cf069b0dee415,2026-09-23T19:31:46+00:00
1792,RCAEval recursive service-fault CSV windows,RE2/RE2-TT/ts-order-service_disk/2/logts.csv,11939,sha256 calculado,c1b23f8b595687f17151778f6311eb468afec2f35eb1a13564b83f5062420660,2026-09-23T19:31:46+00:00
1793,RCAEval recursive service-fault CSV windows,RE2/RE2-TT/ts-order-service_disk/2/metrics.csv,25553891,sha256 calculado,aaa18adfd36d76228d196774b96f102553b9e9b73cfd1b6ad70e14d95bb84860,2026-09-23T19:31:46+00:00
1794,RCAEval recursive service-fault CSV windows,RE2/RE2-TT/ts-order-service_disk/2/simple_metrics.csv,5828473,sha256 calculado,5d23e0df57c800c7159b470dc770f0e239b55e679f55e893aab1430a3355a9cd,2026-09-23T19:31:46+00:00
1795,RCAEval recursive service-fault CSV windows,RE2/RE2-TT/ts-order-service_disk/2/traces.csv,19193219,sha256 calculado,4fba5c095b0e891dbda0ea6905e70108e2bacda2e14b478ba280de17e9780da9,2026-09-23T19:31:46+00:00
1796,RCAEval recursive service-fault CSV windows,RE2/RE2-TT/ts-order-service_disk/2/tracets_err.csv,34206,sha256 calculado,93334f9b4c58b10b732bb7c09c8f62bd7b90c52809b47e1a367ac18dcbcbfd5f,2026-09-23T19:31:46+00:00
1797,RCAEval recursive service-fault CSV windows,RE2/RE2-TT/ts-order-service_disk/2/tracets_lat.csv,25864,sha256 calculado,223737630c181a79d52d8884c66938c6cd8e99bbaeb5ead1259f1f7a50323642,2026-09-23T19:31:46+00:00
1798,RCAEval recursive service-fault CSV windows,RE2/RE2-TT/ts-order-service_disk/3/logs.csv,14210731,sha256 calculado,806cb3299b7760437aa4cf8f85cf529a071d4100fec50fcbe737fe94788ccdf1,2026-09-23T19:31:46+00:00
1799,RCAEval recursive service-fault CSV windows,RE2/RE2-TT/ts-order-service_disk/3/logts.csv,11728,sha256 calculado,63b4773327009061f065ad25a329789d5a0b87955023191cea93f28c9fdcdd55,2026-09-23T19:31:46+00:00
1800,RCAEval recursive service-fault CSV windows,RE2/RE2-TT/ts-order-service_disk/3/metrics.csv,25260335,sha256 calculado,b482e28f338ac3a5b92b8e5ac51b95a66a287dac436dbdbeae5752e6744c6458,2026-09-23T19:31:47+00:00
1801,RCAEval recursive service-fault CSV windows,RE2/RE2-TT/ts-order-service_disk/3/simple_metrics.csv,5807045,sha256 calculado,aea2d4521788b46151a60bcd89fe19e54f7b44e414534f43ff65291e342ab9b9,2026-09-23T19:31:47+00:00
1802,RCAEval recursive service-fault CSV windows,RE2/RE2-TT/ts-order-service_disk/3/traces.csv,19335577,sha256 calculado,aa8304fb2baae81bf73e88827ddddb12fc8eaa81dbb28259c760926ba07c2a37,2026-09-23T19:31:47+00:00
1803,RCAEval recursive service-fault CSV windows,RE2/RE2-TT/ts-order-service_disk/3/tracets_err.csv,34128,sha256 calculado,f1f7abc4d2a4bc06deb563b16f13282b958cb092103f67694410f9f4047906d8,2026-09-23T19:31:47+00:00
1804,RCAEval recursive service-fault CSV windows,RE2/RE2-TT/ts-order-service_disk/3/tracets_lat.csv,25403,sha256 calculado,aa80b9c658078dec396e355847fc22f648569d14d9c12c85f3365fd402cba604,2026-09-23T19:31:47+00:00
1805,RCAEval recursive service-fault CSV windows,RE2/RE2-TT/ts-order-service_loss/1/logs.csv,163847763,sha256 calculado,98a485b7599d03426c4085bc03f6b0ff8d79b812e5b804608bcd1255c65e503b,2026-09-23T19:31:47+00:00
1806,RCAEval recursive service-fault CSV windows,RE2/RE2-TT/ts-order-service_loss/1/logts.csv,43754,sha256 calculado,8cfc33224e2c36a3a736f9a68deca5896b5c055447a366a167fb851e7e06aa93,2026-09-23T19:31:47+00:00
1807,RCAEval recursive service-fault CSV windows,RE2/RE2-TT/ts-order-service_loss/1/metrics.csv,26921547,sha256 calculado,8c46913a105d91a4f369f450ddb15beaf4ea96954ff10c303941649a2a21a39c,2026-09-23T19:31:48+00:00
1808,RCAEval recursive service-fault CSV windows,RE2/RE2-TT/ts-order-service_loss/1/simple_metrics.csv,6260713,sha256 calculado,c68fbde99e7f1ec5363ad4bfb0a5e6230c0e932657a0542ff50ecdc2f7c99f0a,2026-09-23T19:31:48+00:00
1809,RCAEval recursive service-fault CSV windows,RE2/RE2-TT/ts-order-service_loss/1/traces.csv,196831673,sha256 calculado,e56d8d0bd65a47bfa14aae816c75fed86e9c98bee0e032fe967d141611cd21c9,2026-09-23T19:31:48+00:00
1810,RCAEval recursive service-fault CSV windows,RE2/RE2-TT/ts-order-service_loss/1/tracets_err.csv,68575,sha256 calculado,fb4500498f6a13bef5c579c21d9214a8a27a28bc3765f08f4cde882c28feafb6,2026-09-23T19:31:48+00:00
1811,RCAEval recursive service-fault CSV windows,RE2/RE2-TT/ts-order-service_loss/1/tracets_lat.csv,56986,sha256 calculado,dc730ac72b8630ea7d2d7f53ce3322e4ebaa3f73bd450b4ec6e0dff44eaca33f,2026-09-23T19:31:48+00:00
1812,RCAEval recursive service-fault CSV windows,RE2/RE2-TT/ts-order-service_loss/2/logs.csv,14104991,sha256 calculado,dda9007670b7acbeb21b6d136bd39c4229419d6d12281664961d6d661849ba94,2026-09-23T19:31:48+00:00
1813,RCAEval recursive service-fault CSV windows,RE2/RE2-TT/ts-order-service_loss/2/logts.csv,11721,sha256 calculado,762239248e7cab2a872ecfbce4a10a2631cb14b9900a6a0dc1bc3b2618978a10,2026-09-23T19:31:48+00:00
1814,RCAEval recursive service-fault CSV windows,RE2/RE2-TT/ts-order-service_loss/2/metrics.csv,25224551,sha256 calculado,06c826d5569b912507f9079a571c428ffd385a5772368c0f718822799d839f1f,2026-09-23T19:31:48+00:00
1815,RCAEval recursive service-fault CSV windows,RE2/RE2-TT/ts-order-service_loss/2/simple_metrics.csv,5791006,sha256 calculado,50f8b046f855429e1a86fc2f4779554cd65b4a79ee4a0d555d0b0fa255053814,2026-09-23T19:31:48+00:00
1816,RCAEval recursive service-fault CSV windows,RE2/RE2-TT/ts-order-service_loss/2/traces.csv,19333120,sha256 calculado,22d024dd0852f856473c8c48b37a82b41b39aa3de237db90b62b838e68511ce0,2026-09-23T19:31:49+00:00
1817,RCAEval recursive service-fault CSV windows,RE2/RE2-TT/ts-order-service_loss/2/tracets_err.csv,34182,sha256 calculado,2ee708f2ab7f935b12955fb4d55c1ec726055c90528d4fc4ddcdc588f55490e0,2026-09-23T19:31:49+00:00
1818,RCAEval recursive service-fault CSV windows,RE2/RE2-TT/ts-order-service_loss/2/tracets_lat.csv,25452,sha256 calculado,f8e2cb5e6c92243025e742f0e29413dacee36254400205fb22bae34540de770f,2026-09-23T19:31:49+00:00
1819,RCAEval recursive service-fault CSV windows,RE2/RE2-TT/ts-order-service_loss/3/logs.csv,14146517,sha256 calculado,47103a678264ad1e1e7e8853a71a29327049a568813699207d184e92cd84e6be,2026-09-23T19:31:49+00:00
1820,RCAEval recursive service-fault CSV windows,RE2/RE2-TT/ts-order-service_loss/3/logts.csv,11616,sha256 calculado,a203a52c96c268869bdb62bfb0aa7e083234321e11545cc685850d54d781ddfc,2026-09-23T19:31:49+00:00
1821,RCAEval recursive service-fault CSV windows,RE2/RE2-TT/ts-order-service_loss/3/metrics.csv,25243846,sha256 calculado,8d706035528ab3abb84f0d3fe845b9673ea6069822b9c71b4e26939d23beb851,2026-09-23T19:31:49+00:00
1822,RCAEval recursive service-fault CSV windows,RE2/RE2-TT/ts-order-service_loss/3/simple_metrics.csv,5769391,sha256 calculado,781a80af3805e8e40bf84ad39aa5a8daf95d130b2964bf08a691f7071735d6e2,2026-09-23T19:31:49+00:00
1823,RCAEval recursive service-fault CSV windows,RE2/RE2-TT/ts-order-service_loss/3/traces.csv,19345952,sha256 calculado,df8efb6fcd7a0278434a2570b22a2c72ba18d2911cc2f34c3eda405523822940,2026-09-23T19:31:49+00:00
1824,RCAEval recursive service-fault CSV windows,RE2/RE2-TT/ts-order-service_loss/3/tracets_err.csv,33968,sha256 calculado,4eac3ebabe762c7932505f7c7eb9077fce1231c0169a455aa14acb460b1b0c0b,2026-09-23T19:31:49+00:00
1825,RCAEval recursive service-fault CSV windows,RE2/RE2-TT/ts-order-service_loss/3/tracets_lat.csv,20528,sha256 calculado,958b199cf8380d8b15919f995e51016b4d54cdf8b02cab81e3321f8b4f560850,2026-09-23T19:31:49+00:00
1826,RCAEval recursive service-fault CSV windows,RE2/RE2-TT/ts-order-service_mem/1/logs.csv,77358587,sha256 calculado,9d25b2a82e0ffb35d10564a9c68005653af135e4d8f353893afa5058605e4689,2026-09-23T19:31:50+00:00
1827,RCAEval recursive service-fault CSV windows,RE2/RE2-TT/ts-order-service_mem/1/logts.csv,42083,sha256 calculado,a7e1caab2c75623ad428097342505b0d3bde765f676b47827f792df709dba97a,2026-09-23T19:31:50+00:00
1828,RCAEval recursive service-fault CSV windows,RE2/RE2-TT/ts-order-service_mem/1/metrics.csv,27072064,sha256 calculado,7b60a466e6ce5981aefbee2699bd44b4732d7c1ea58251f25cd387b0f210b749,2026-09-23T19:31:50+00:00
1829,RCAEval recursive service-fault CSV windows,RE2/RE2-TT/ts-order-service_mem/1/simple_metrics.csv,6224345,sha256 calculado,ce1e264a0b9bbd3888e9a9cac0294f58f34ffe1adcb6b3f797c65008e3c983be,2026-09-23T19:31:50+00:00
1830,RCAEval recursive service-fault CSV windows,RE2/RE2-TT/ts-order-service_mem/1/traces.csv,93759035,sha256 calculado,bca5ad5eed4da9c53cc29fc519028ce7904f1f91133f0241f3e18476e6da2d44,2026-09-23T19:31:50+00:00
1831,RCAEval recursive service-fault CSV windows,RE2/RE2-TT/ts-order-service_mem/1/tracets_err.csv,67566,sha256 calculado,5c4423430ab6e90672df5a675be58deb7e942fc7fa3edf4f89d83a2c548c42d2,2026-09-23T19:31:50+00:00
1832,RCAEval recursive service-fault CSV windows,RE2/RE2-TT/ts-order-service_mem/1/tracets_lat.csv,49072,sha256 calculado,fbf87841c5b04a84a76c4d71a1a05c1b493fe093d7341d83e64b95421f345b8d,2026-09-23T19:31:50+00:00
1833,RCAEval recursive service-fault CSV windows,RE2/RE2-TT/ts-order-service_mem/2/logs.csv,84787588,sha256 calculado,0fd0703e4d5f5ca6c9f148483ee4b17da0331a527a3d99d46c8dee9eb0eb577d,2026-09-23T19:31:51+00:00
1834,RCAEval recursive service-fault CSV windows,RE2/RE2-TT/ts-order-service_mem/2/logts.csv,42729,sha256 calculado,7a7e02833a4bd25873754a588bc0a40fdede90ff9d7ccdf7fc1421a1994f0572,2026-09-23T19:31:51+00:00
1835,RCAEval recursive service-fault CSV windows,RE2/RE2-TT/ts-order-service_mem/2/metrics.csv,27024518,sha256 calculado,f7b0d270d59e7b3f5beb4205f96c2f9507302ef2feed4efaf7a28ea786079912,2026-09-23T19:31:51+00:00
1836,RCAEval recursive service-fault CSV windows,RE2/RE2-TT/ts-order-service_mem/2/simple_metrics.csv,6211696,sha256 calculado,a5f63d527788bf2a451620c449433380e537231794872e3ccbd6a852fd221b5e,2026-09-23T19:31:51+00:00
1837,RCAEval recursive service-fault CSV windows,RE2/RE2-TT/ts-order-service_mem/2/traces.csv,100714345,sha256 calculado,e5c19e3c940e400b7e15e579ea022292e359bffe20e87c768eab38af39ad5813,2026-09-23T19:31:51+00:00
1838,RCAEval recursive service-fault CSV windows,RE2/RE2-TT/ts-order-service_mem/2/tracets_err.csv,67722,sha256 calculado,eab2e451b3a8af20aad7f71225958513ec399c3925a93576020cd900b340a444,2026-09-23T19:31:51+00:00
1839,RCAEval recursive service-fault CSV windows,RE2/RE2-TT/ts-order-service_mem/2/tracets_lat.csv,49840,sha256 calculado,4690ad0bb09914c53de04c896028f6177c7bd4619682d791f8ec13f72f5cba85,2026-09-23T19:31:51+00:00
1840,RCAEval recursive service-fault CSV windows,RE2/RE2-TT/ts-order-service_mem/3/logs.csv,103188737,sha256 calculado,89307181198dac01bf76c6acc21851325f020103bd1275d5ae3fce6a5b2b7cff,2026-09-23T19:31:52+00:00
1841,RCAEval recursive service-fault CSV windows,RE2/RE2-TT/ts-order-service_mem/3/logts.csv,41817,sha256 calculado,ba7ab0bf7ab7e6e559970771238fa69b745eef378bbdb4c7de5326c125f75f72,2026-09-23T19:31:52+00:00
1842,RCAEval recursive service-fault CSV windows,RE2/RE2-TT/ts-order-service_mem/3/metrics.csv,26886059,sha256 calculado,628fad52d0569c1ae0dd896ae357a5a6f2e1db35997921df861f7700739b1ecb,2026-09-23T19:31:52+00:00
1843,RCAEval recursive service-fault CSV windows,RE2/RE2-TT/ts-order-service_mem/3/simple_metrics.csv,6214205,sha256 calculado,966c6b1383eaed9f70b3bdcec968c9f3d51a278e9bfcb31c2fb788b1e244cb75,2026-09-23T19:31:52+00:00
1844,RCAEval recursive service-fault CSV windows,RE2/RE2-TT/ts-order-service_mem/3/traces.csv,108001990,sha256 calculado,60439f5e9ad367ddffec7204e2c68eb1afd18c7aed539cf493da63a476f6f565,2026-09-23T19:31:52+00:00
1845,RCAEval recursive service-fault CSV windows,RE2/RE2-TT/ts-order-service_mem/3/tracets_err.csv,68275,sha256 calculado,9c87e15ee95d34a2efafcb0b18c4bcd5dfa76f5482be6384d91e9aa547f396dc,2026-09-23T19:31:52+00:00
1846,RCAEval recursive service-fault CSV windows,RE2/RE2-TT/ts-order-service_mem/3/tracets_lat.csv,55506,sha256 calculado,67d420bcb6f786fc4cb19b8cec9df67f3faf015e70c91cb20fafedcbf7de6d7c,2026-09-23T19:31:52+00:00
1847,RCAEval recursive service-fault CSV windows,RE2/RE2-TT/ts-order-service_socket/1/logs.csv,174357185,sha256 calculado,24124580038107b7ce57174cb7a431aea36680146b5b3dc164cfd20481cb2bfd,2026-09-23T19:31:53+00:00
1848,RCAEval recursive service-fault CSV windows,RE2/RE2-TT/ts-order-service_socket/1/logts.csv,43785,sha256 calculado,73f18f132e1fd98c8944553ad211e50e95392302d65ecedc279dc373a95c70ca,2026-09-23T19:31:53+00:00
1849,RCAEval recursive service-fault CSV windows,RE2/RE2-TT/ts-order-service_socket/1/metrics.csv,26878127,sha256 calculado,d86ae6a44ebe98caeea09dd2be583b268ece0cd2db116f210ded4760d2397bdc,2026-09-23T19:31:53+00:00
1850,RCAEval recursive service-fault CSV windows,RE2/RE2-TT/ts-order-service_socket/1/simple_metrics.csv,6240439,sha256 calculado,51160f1ef0bd4850e6b39a6608ee427faa10f4ef41a51a52c8fbc99966d11ff9,2026-09-23T19:31:53+00:00
1851,RCAEval recursive service-fault CSV windows,RE2/RE2-TT/ts-order-service_socket/1/traces.csv,183404591,sha256 calculado,fdc56f82e981187a13d819c11332deea4db310105aab6fa80cb45a3e016c5727,2026-09-23T19:31:53+00:00
1852,RCAEval recursive service-fault CSV windows,RE2/RE2-TT/ts-order-service_socket/1/tracets_err.csv,69119,sha256 calculado,58aa4d0512e8bc01b86f9925c86d6d4e150679ca6bffa3528d80fcebe0de2568,2026-09-23T19:31:53+00:00
1853,RCAEval recursive service-fault CSV windows,RE2/RE2-TT/ts-order-service_socket/1/tracets_lat.csv,47065,sha256 calculado,525c603f394d6a7287844bc58bad8503020776c28a0eb89c2dbf716430aee6e3,2026-09-23T19:31:53+00:00
1854,RCAEval recursive service-fault CSV windows,RE2/RE2-TT/ts-order-service_socket/2/logs.csv,13790269,sha256 calculado,ced535960049e87f9672fe7b9ac1da224ad3395da860eb4683856d0813ca4cfb,2026-09-23T19:31:54+00:00
1855,RCAEval recursive service-fault CSV windows,RE2/RE2-TT/ts-order-service_socket/2/logts.csv,11713,sha256 calculado,94d62600ec3d4f389c68265494616e1e8854a67ef6fa46de79edac0e7c535591,2026-09-23T19:31:54+00:00
1856,RCAEval recursive service-fault CSV windows,RE2/RE2-TT/ts-order-service_socket/2/metrics.csv,25303728,sha256 calculado,761d8c4f09f069c98095c5310b96a2c302f2f12377a27bcc3d074b5173ee6c09,2026-09-23T19:31:54+00:00
1857,RCAEval recursive service-fault CSV windows,RE2/RE2-TT/ts-order-service_socket/2/simple_metrics.csv,5780917,sha256 calculado,db11bee68ae7386c7fb9fc77acf0bd3b78d6463275d4cc2dc0d3d2ab9c8e5d2a,2026-09-23T19:31:54+00:00
1858,RCAEval recursive service-fault CSV windows,RE2/RE2-TT/ts-order-service_socket/2/traces.csv,18903609,sha256 calculado,0e67a75ba0cfbebf00f4367d02dc644443ec1cfe2957fe886eb7aaa6f28000aa,2026-09-23T19:31:54+00:00
1859,RCAEval recursive service-fault CSV windows,RE2/RE2-TT/ts-order-service_socket/2/tracets_err.csv,34146,sha256 calculado,a5d684cab95b98fc0cc7045d60a613a7c615a1decc22b48016d222406af387f5,2026-09-23T19:31:54+00:00
1860,RCAEval recursive service-fault CSV windows,RE2/RE2-TT/ts-order-service_socket/2/tracets_lat.csv,25804,sha256 calculado,2d595e57ad0c38f8486a293e0d8ecfa54a8519fa794605121edb1d79f9e49363,2026-09-23T19:31:54+00:00
1861,RCAEval recursive service-fault CSV windows,RE2/RE2-TT/ts-order-service_socket/3/logs.csv,174718319,sha256 calculado,3923b732f6e802584461429294c04a99f3318a6b428d3d27da3c4bc5f3b8287a,2026-09-23T19:31:54+00:00
1862,RCAEval recursive service-fault CSV windows,RE2/RE2-TT/ts-order-service_socket/3/logts.csv,46861,sha256 calculado,f3613a0665d3c3f20c5c6e214547bebe25b92f428f2e9d8fa2c692f92ea2af35,2026-09-23T19:31:54+00:00
1863,RCAEval recursive service-fault CSV windows,RE2/RE2-TT/ts-order-service_socket/3/metrics.csv,26738376,sha256 calculado,1cba33a3cb5ce74d45a61c948e49e6a300939f02547fa2c1b17f5678813c2e29,2026-09-23T19:31:55+00:00
1864,RCAEval recursive service-fault CSV windows,RE2/RE2-TT/ts-order-service_socket/3/simple_metrics.csv,6186037,sha256 calculado,25636cb9ddba809180ddea7ea2f5219a9fb90f293efce6c2ba9cc4dfa0389f08,2026-09-23T19:31:55+00:00
1865,RCAEval recursive service-fault CSV windows,RE2/RE2-TT/ts-order-service_socket/3/traces.csv,148795006,sha256 calculado,5bee2f671cd0acd46da9690918ee0b80e2df716f682243df01bb76fe4d4800a3,2026-09-23T19:31:55+00:00
1866,RCAEval recursive service-fault CSV windows,RE2/RE2-TT/ts-order-service_socket/3/tracets_err.csv,68734,sha256 calculado,f14a8a7e8d6961d15665c3f5ca7fd75ee3fcf83c5434051036660010f6fd1d6b,2026-09-23T19:31:55+00:00
1867,RCAEval recursive service-fault CSV windows,RE2/RE2-TT/ts-order-service_socket/3/tracets_lat.csv,51979,sha256 calculado,8745de530cc3d1b459a6e6e400e0e820b1f53c612b83ca3f02fd4cbe1c522bbf,2026-09-23T19:31:55+00:00
1868,RCAEval recursive service-fault CSV windows,RE2/RE2-TT/ts-route-service_cpu/1/logs.csv,122709574,sha256 calculado,04331d8ce11d0cb767ce8262ae36f38f75d795cd8839ee8233b85053036023ae,2026-09-23T19:31:55+00:00
1869,RCAEval recursive service-fault CSV windows,RE2/RE2-TT/ts-route-service_cpu/1/logts.csv,45581,sha256 calculado,351defc27c963ba56c7cd522477c8d508c444e61911db1ee4ade59a3ded7926c,2026-09-23T19:31:55+00:00
1870,RCAEval recursive service-fault CSV windows,RE2/RE2-TT/ts-route-service_cpu/1/metrics.csv,26572478,sha256 calculado,4a8fa2932906141cb98d811b140cb12c955f337fb53b0d71ef7d97d322181ab6,2026-09-23T19:31:56+00:00
1871,RCAEval recursive service-fault CSV windows,RE2/RE2-TT/ts-route-service_cpu/1/simple_metrics.csv,6164487,sha256 calculado,6fe77b5ce5964870f039046979a2bb25bf706479a7dbb2552594fdab1c44c613,2026-09-23T19:31:56+00:00
1872,RCAEval recursive service-fault CSV windows,RE2/RE2-TT/ts-route-service_cpu/1/traces.csv,116142608,sha256 calculado,5201044f82edd35d429400e00a8f9b639da267bd713c2285ec327d7f57b3e92b,2026-09-23T19:31:56+00:00
1873,RCAEval recursive service-fault CSV windows,RE2/RE2-TT/ts-route-service_cpu/1/tracets_err.csv,68452,sha256 calculado,4a5716b57f47f12c01bf9f6a8ad5a57475bab80b6daf7188019f0131f9d00840,2026-09-23T19:31:56+00:00
1874,RCAEval recursive service-fault CSV windows,RE2/RE2-TT/ts-route-service_cpu/1/tracets_lat.csv,53865,sha256 calculado,c2cc2bf67d5e52947c3a6500b985282738a5248f95bfe74303440efc7cdcf540,2026-09-23T19:31:56+00:00
1875,RCAEval recursive service-fault CSV windows,RE2/RE2-TT/ts-route-service_cpu/2/logs.csv,14033130,sha256 calculado,f7d5ff2ab5be604e7047a7a5457f0f02063f2e121137ac1f36076b9e46a587c4,2026-09-23T19:31:56+00:00
1876,RCAEval recursive service-fault CSV windows,RE2/RE2-TT/ts-route-service_cpu/2/logts.csv,12146,sha256 calculado,7af4cdf855f3592d3e8ed78e932d8cbee0f5f69b2574a52cbc9a60e8ff9b6b12,2026-09-23T19:31:56+00:00
1877,RCAEval recursive service-fault CSV windows,RE2/RE2-TT/ts-route-service_cpu/2/metrics.csv,25602236,sha256 calculado,34ed7df2d621875290f6a8ac593ed52dee12fadfa6edc0b8f283a72f4cbdd833,2026-09-23T19:31:56+00:00
1878,RCAEval recursive service-fault CSV windows,RE2/RE2-TT/ts-route-service_cpu/2/simple_metrics.csv,5856617,sha256 calculado,cb0ff874bd24a5456d0e4ab13416efda3e35dd944913aea2514b78ea2ec850f0,2026-09-23T19:31:56+00:00
1879,RCAEval recursive service-fault CSV windows,RE2/RE2-TT/ts-route-service_cpu/2/traces.csv,19226739,sha256 calculado,05bad2af1ec1bdbe08feeffbd9e9c11cf671afa67149a87a590695b713d96e95,2026-09-23T19:31:56+00:00
1880,RCAEval recursive service-fault CSV windows,RE2/RE2-TT/ts-route-service_cpu/2/tracets_err.csv,34209,sha256 calculado,2a216c50622f83ddf7747316d81b29a44d9e156b98c6af8d528139b8c2bacb64,2026-09-23T19:31:56+00:00
1881,RCAEval recursive service-fault CSV windows,RE2/RE2-TT/ts-route-service_cpu/2/tracets_lat.csv,23943,sha256 calculado,08c55b98078083470a4abda982d6bf2b4a0ba6bc340c02fb4e24d603e2496001,2026-09-23T19:31:57+00:00
1882,RCAEval recursive service-fault CSV windows,RE2/RE2-TT/ts-route-service_cpu/3/logs.csv,14032679,sha256 calculado,7889c75b023aaffd88c7f4a536d4193b26517d803c492c01da9670f74b728a58,2026-09-23T19:31:57+00:00
1883,RCAEval recursive service-fault CSV windows,RE2/RE2-TT/ts-route-service_cpu/3/logts.csv,27883,sha256 calculado,a39ea7f1d41746cb811d8ee4571135887b86eaf320b931951db70167399ae61c,2026-09-23T19:31:57+00:00
1884,RCAEval recursive service-fault CSV windows,RE2/RE2-TT/ts-route-service_cpu/3/metrics.csv,25283597,sha256 calculado,e5c5bedd481ff9a9cd9bbf08bf5431befa2155ce2652e58f24c92c91149bf32c,2026-09-23T19:31:57+00:00
1885,RCAEval recursive service-fault CSV windows,RE2/RE2-TT/ts-route-service_cpu/3/simple_metrics.csv,5833432,sha256 calculado,00b703aed37af5601cca66975e7a54b2f6d30864b6bb43512e97254807818166,2026-09-23T19:31:57+00:00
1886,RCAEval recursive service-fault CSV windows,RE2/RE2-TT/ts-route-service_cpu/3/traces.csv,19210401,sha256 calculado,e00cad8cd85ccd7178dc0800197ac0c538041ce3cdc4f1850893784475007f51,2026-09-23T19:31:57+00:00
1887,RCAEval recursive service-fault CSV windows,RE2/RE2-TT/ts-route-service_cpu/3/tracets_err.csv,34125,sha256 calculado,b00a7b30bbd11d3ff3c3b5f74b63588bd0e9a0213076a0e7628f376359514339,2026-09-23T19:31:57+00:00
1888,RCAEval recursive service-fault CSV windows,RE2/RE2-TT/ts-route-service_cpu/3/tracets_lat.csv,26372,sha256 calculado,72500fcf1e5c27b6da07e81df94982eadb181ce62159cd8de7c908ca46e8a320,2026-09-23T19:31:57+00:00
1889,RCAEval recursive service-fault CSV windows,RE2/RE2-TT/ts-route-service_delay/1/logs.csv,135014188,sha256 calculado,e3aac9cffced96c2517bca559f93e2741868d7f117564c001591bfc9cee1a002,2026-09-23T19:31:58+00:00
1890,RCAEval recursive service-fault CSV windows,RE2/RE2-TT/ts-route-service_delay/1/logts.csv,44368,sha256 calculado,c573577f14ce10dd355419d150d064fb71dddd418b71dfe67f6104f75279f680,2026-09-23T19:31:58+00:00
1891,RCAEval recursive service-fault CSV windows,RE2/RE2-TT/ts-route-service_delay/1/metrics.csv,26656614,sha256 calculado,45aff4db66ce6d87a77f1b01cb2ce3a720d827c57bd5adc33eb5a0b9b506467e,2026-09-23T19:31:58+00:00
1892,RCAEval recursive service-fault CSV windows,RE2/RE2-TT/ts-route-service_delay/1/simple_metrics.csv,6177961,sha256 calculado,71f2f1a218a13136db237e590c09ca0de68d97d7d10229632631b61a845cc213,2026-09-23T19:31:58+00:00
1893,RCAEval recursive service-fault CSV windows,RE2/RE2-TT/ts-route-service_delay/1/traces.csv,119800460,sha256 calculado,009fec92c0b37884a6d9f2176cadab6b8b840641234032c5f219d79627e2e6e8,2026-09-23T19:31:58+00:00
1894,RCAEval recursive service-fault CSV windows,RE2/RE2-TT/ts-route-service_delay/1/tracets_err.csv,68503,sha256 calculado,7ab7eae91062833d483a99cfeae98ee5da4f119a3698c12ae4367120a577602f,2026-09-23T19:31:58+00:00
1895,RCAEval recursive service-fault CSV windows,RE2/RE2-TT/ts-route-service_delay/1/tracets_lat.csv,49907,sha256 calculado,3077222b4261128bf82834fd3d33b90e32ca2a75778dcb2b0e2622749933c2ec,2026-09-23T19:31:58+00:00
1896,RCAEval recursive service-fault CSV windows,RE2/RE2-TT/ts-route-service_delay/2/logs.csv,126717618,sha256 calculado,854de91a352af2dfec8421c63827172d066a2b9a0bb683ef37f7df605c0d6410,2026-09-23T19:31:59+00:00
1897,RCAEval recursive service-fault CSV windows,RE2/RE2-TT/ts-route-service_delay/2/logts.csv,41758,sha256 calculado,d1aba5a52fe414106f32e762a008705b027a01f051e62a14623efc3cfcdcf0f5,2026-09-23T19:31:59+00:00
1898,RCAEval recursive service-fault CSV windows,RE2/RE2-TT/ts-route-service_delay/2/metrics.csv,26666706,sha256 calculado,c311bf7cef7a8f91e9b7583b34d3c3786473c3aee127176edb5fdec65a6508ef,2026-09-23T19:31:59+00:00
1899,RCAEval recursive service-fault CSV windows,RE2/RE2-TT/ts-route-service_delay/2/simple_metrics.csv,6189909,sha256 calculado,4c661718711ba3f71ad61492de9858494eb145b69f53a3ea921eb40e8cda8a72,2026-09-23T19:31:59+00:00
1900,RCAEval recursive service-fault CSV windows,RE2/RE2-TT/ts-route-service_delay/2/traces.csv,113610152,sha256 calculado,66882aef1bc2cda5e1e296bb19e0ae1390899028c0cf65d5c1474d4ac95c0be5,2026-09-23T19:31:59+00:00
1901,RCAEval recursive service-fault CSV windows,RE2/RE2-TT/ts-route-service_delay/2/tracets_err.csv,68635,sha256 calculado,2b6f37b2f61ed04c728c6a150d592c11c80c0614334a91e5c43deacf0efe1f47,2026-09-23T19:31:59+00:00
1902,RCAEval recursive service-fault CSV windows,RE2/RE2-TT/ts-route-service_delay/2/tracets_lat.csv,52034,sha256 calculado,7bbceb0ae40699b6c18e2e5663180d7fcd637b32aef4d362483db81e5779deeb,2026-09-23T19:31:59+00:00
1903,RCAEval recursive service-fault CSV windows,RE2/RE2-TT/ts-route-service_delay/3/logs.csv,149904207,sha256 calculado,9616a242ad0d4ad10dfc73a4871e91caf16b7c764b1ca9e27612f9bd6a3d8a3f,2026-09-23T19:32:00+00:00
1904,RCAEval recursive service-fault CSV windows,RE2/RE2-TT/ts-route-service_delay/3/logts.csv,41698,sha256 calculado,78261f7ad678b8113ff5238c68b73005293fa0291a0ba9e1923d177aa96c0373,2026-09-23T19:32:00+00:00
1905,RCAEval recursive service-fault CSV windows,RE2/RE2-TT/ts-route-service_delay/3/metrics.csv,26654378,sha256 calculado,cbdb5210420b28684077f6f2ae64fc4a7c7b83335ace3405e9212b3009b55e28,2026-09-23T19:32:00+00:00
1906,RCAEval recursive service-fault CSV windows,RE2/RE2-TT/ts-route-service_delay/3/simple_metrics.csv,6184567,sha256 calculado,e67a7ec38a36a4d8c5bea5a3ce6d6bc2a71498a79b6c276e8468020141cae6e0,2026-09-23T19:32:00+00:00
1907,RCAEval recursive service-fault CSV windows,RE2/RE2-TT/ts-route-service_delay/3/traces.csv,132288563,sha256 calculado,5847bbc5c9d6993994ba9f7292e2fb342bc8f8e1c4f501bcd81b9d6fab13a4e6,2026-09-23T19:32:01+00:00
1908,RCAEval recursive service-fault CSV windows,RE2/RE2-TT/ts-route-service_delay/3/tracets_err.csv,68341,sha256 calculado,1bed60f0c1e4136b6a953c97f19f34738b51b16fb537c8f727054067f1bfdbad,2026-09-23T19:32:01+00:00
1909,RCAEval recursive service-fault CSV windows,RE2/RE2-TT/ts-route-service_delay/3/tracets_lat.csv,59346,sha256 calculado,db43683f20b44900e8d2e9a3ccca5f66aed181e007c35300927fa9fb9efd5c4a,2026-09-23T19:32:01+00:00
1910,RCAEval recursive service-fault CSV windows,RE2/RE2-TT/ts-route-service_disk/1/logs.csv,70280918,sha256 calculado,1324ef05f6bb8fa5704a9258184c2c3a7f8752aa10ddada18246bd90c046cae2,2026-09-23T19:32:01+00:00
1911,RCAEval recursive service-fault CSV windows,RE2/RE2-TT/ts-route-service_disk/1/logts.csv,52093,sha256 calculado,03f8253145648f76e3ed0f4acfaedadd250fa58378754817f5915692a01cedaa,2026-09-23T19:32:01+00:00
1912,RCAEval recursive service-fault CSV windows,RE2/RE2-TT/ts-route-service_disk/1/metrics.csv,26870488,sha256 calculado,58450075c371677205d7a0280f6fc4076861c094041c4c8caf35c29444f755a6,2026-09-23T19:32:01+00:00
1913,RCAEval recursive service-fault CSV windows,RE2/RE2-TT/ts-route-service_disk/1/simple_metrics.csv,6238842,sha256 calculado,943db5a855df7de9e27271d7129ca40ffbada59ec28222a6d4b66ad8c34ac7f1,2026-09-23T19:32:01+00:00
1914,RCAEval recursive service-fault CSV windows,RE2/RE2-TT/ts-route-service_disk/1/traces.csv,200311086,sha256 calculado,6a1a39d6981c6d6b9449bb54dbf5a420a3ae0978f18b49d82dfed8590cd86718,2026-09-23T19:32:02+00:00
1915,RCAEval recursive service-fault CSV windows,RE2/RE2-TT/ts-route-service_disk/1/tracets_err.csv,66140,sha256 calculado,2870a6b5476fecb077c7e2b8ad470d6af6e1f88861853cb5060d65aaeff4460c,2026-09-23T19:32:02+00:00
1916,RCAEval recursive service-fault CSV windows,RE2/RE2-TT/ts-route-service_disk/1/tracets_lat.csv,51138,sha256 calculado,609d0918146b128819e303103a4a0a7fb49d59b346fe2795d0d7ffb904c11fac,2026-09-23T19:32:02+00:00
1917,RCAEval recursive service-fault CSV windows,RE2/RE2-TT/ts-route-service_disk/2/logs.csv,144721281,sha256 calculado,3f9126a3ce3e745dfe7a8c9e2a60630d6ec994c894c67dbbfe406494498b131a,2026-09-23T19:32:02+00:00
1918,RCAEval recursive service-fault CSV windows,RE2/RE2-TT/ts-route-service_disk/2/logts.csv,41726,sha256 calculado,a5253cba20988eafbe9859c9deab63d8eb6646638e03c9cd27118fa219aa2bb4,2026-09-23T19:32:02+00:00
1919,RCAEval recursive service-fault CSV windows,RE2/RE2-TT/ts-route-service_disk/2/metrics.csv,26682616,sha256 calculado,3d7c1dea47f3808a901db046a823b6cf9dea8dbe822e2619b8de59463542a3df,2026-09-23T19:32:02+00:00
1920,RCAEval recursive service-fault CSV windows,RE2/RE2-TT/ts-route-service_disk/2/simple_metrics.csv,6218319,sha256 calculado,d7d636df273fcf2df747714dd52631d310a3a22d0ee08abf6085d175d49f2142,2026-09-23T19:32:03+00:00
1921,RCAEval recursive service-fault CSV windows,RE2/RE2-TT/ts-route-service_disk/2/traces.csv,49733669,sha256 calculado,8886c822197dc6d2085be240e1355190cd6d0c3cab8829ff10b6cf9fc63d3822,2026-09-23T19:32:03+00:00
1922,RCAEval recursive service-fault CSV windows,RE2/RE2-TT/ts-route-service_disk/2/tracets_err.csv,71983,sha256 calculado,d4d474db953ac0b7e371cb10e13f313a758adf644d86b179e757280a5b5c8047,2026-09-23T19:32:03+00:00
1923,RCAEval recursive service-fault CSV windows,RE2/RE2-TT/ts-route-service_disk/2/tracets_lat.csv,57410,sha256 calculado,19985f54962c42f2be24b2e41637906ba3cd08b68d65aa74bc26f08becfad42b,2026-09-23T19:32:03+00:00
1924,RCAEval recursive service-fault CSV windows,RE2/RE2-TT/ts-route-service_disk/3/logs.csv,66877563,sha256 calculado,58ea120ad88c4e67e814a4058bfe1fb281d9eb7882eae1f92ed307e81badb8f3,2026-09-23T19:32:03+00:00
1925,RCAEval recursive service-fault CSV windows,RE2/RE2-TT/ts-route-service_disk/3/logts.csv,42541,sha256 calculado,05874a50eed2bd0b15c8b890e47f60d70733df05ff30a1228bf19a78a632b2c9,2026-09-23T19:32:03+00:00
1926,RCAEval recursive service-fault CSV windows,RE2/RE2-TT/ts-route-service_disk/3/metrics.csv,26783685,sha256 calculado,660e45c255a8f79acda8d3f2a283b423897fdaa00d25273ad815ef15c8d85e41,2026-09-23T19:32:03+00:00
1927,RCAEval recursive service-fault CSV windows,RE2/RE2-TT/ts-route-service_disk/3/simple_metrics.csv,6168030,sha256 calculado,a3cc57eb1b000a36a7e2f67c9fdfe678278d6f448731163d7995c17662c46b32,2026-09-23T19:32:03+00:00
1928,RCAEval recursive service-fault CSV windows,RE2/RE2-TT/ts-route-service_disk/3/traces.csv,83642445,sha256 calculado,96bbc2bf8d2521bc7d458fed06fc2773531c9a5c89ea9e6b79d46d40e6eba98a,2026-09-23T19:32:04+00:00
1929,RCAEval recursive service-fault CSV windows,RE2/RE2-TT/ts-route-service_disk/3/tracets_err.csv,67302,sha256 calculado,8361598f3fa0b9f29ab2f7295a2e87654a2c5540e230f4e0a6f625af4967f415,2026-09-23T19:32:04+00:00
1930,RCAEval recursive service-fault CSV windows,RE2/RE2-TT/ts-route-service_disk/3/tracets_lat.csv,52772,sha256 calculado,05c8842ab6c769ed9a83ba51ea55d98aa3169fb4c173c91a9c5788b2e43f325e,2026-09-23T19:32:04+00:00
1931,RCAEval recursive service-fault CSV windows,RE2/RE2-TT/ts-route-service_loss/1/logs.csv,52303367,sha256 calculado,1fb50010bf5997a5c0141153e29a41963558afdc9022dcd9197975102cf7de4e,2026-09-23T19:32:04+00:00
1932,RCAEval recursive service-fault CSV windows,RE2/RE2-TT/ts-route-service_loss/1/logts.csv,41584,sha256 calculado,46b3b0ed32918a479531c6d8aa0a1d3998a082da1df8d044d25751d73a22bfc2,2026-09-23T19:32:04+00:00
1933,RCAEval recursive service-fault CSV windows,RE2/RE2-TT/ts-route-service_loss/1/metrics.csv,26789001,sha256 calculado,5473858aaefaf07c744b0f78cc31ae815c016d29c8ebb6bc3ff614ecd8778755,2026-09-23T19:32:04+00:00
1934,RCAEval recursive service-fault CSV windows,RE2/RE2-TT/ts-route-service_loss/1/simple_metrics.csv,6233713,sha256 calculado,94a6fe22b61a21092d9f4478a70fce0e3d8eaf48012ae00bc51b6b69e95b666e,2026-09-23T19:32:04+00:00
1935,RCAEval recursive service-fault CSV windows,RE2/RE2-TT/ts-route-service_loss/1/traces.csv,182037370,sha256 calculado,39fd082b7b1566f56e64630752c6a0ee346ddde272c84890d862a1fc438c798a,2026-09-23T19:32:05+00:00
1936,RCAEval recursive service-fault CSV windows,RE2/RE2-TT/ts-route-service_loss/1/tracets_err.csv,68915,sha256 calculado,9d2c79a944234d88f8c82c910789c9ab2bd3b7049233f5419455e063e2632c6f,2026-09-23T19:32:05+00:00
1937,RCAEval recursive service-fault CSV windows,RE2/RE2-TT/ts-route-service_loss/1/tracets_lat.csv,52309,sha256 calculado,13d80b2f97fa8733d40565c8465417b23aad4d86f0ad22b90402dce4ecead3e0,2026-09-23T19:32:05+00:00
1938,RCAEval recursive service-fault CSV windows,RE2/RE2-TT/ts-route-service_loss/2/logs.csv,185254065,sha256 calculado,d7370ac51cd93e94f894f57e76147a93782e20b482e67591cc1459fe6e816b29,2026-09-23T19:32:05+00:00
1939,RCAEval recursive service-fault CSV windows,RE2/RE2-TT/ts-route-service_loss/2/logts.csv,41339,sha256 calculado,0b56e7041e95faea661705e07320b1f294dd7b518ce04c48b8c9595ff9543dfe,2026-09-23T19:32:05+00:00
1940,RCAEval recursive service-fault CSV windows,RE2/RE2-TT/ts-route-service_loss/2/metrics.csv,26717973,sha256 calculado,df1fa43e39893673f5ff4ebd676665b7d231edcc9a2a40ab7d0f3b2306ff718e,2026-09-23T19:32:05+00:00
1941,RCAEval recursive service-fault CSV windows,RE2/RE2-TT/ts-route-service_loss/2/simple_metrics.csv,6213228,sha256 calculado,0744ebf0bc26ae74d56d14f276f02ca7eb55e25df581363ece871e0bdfa71860,2026-09-23T19:32:05+00:00
1942,RCAEval recursive service-fault CSV windows,RE2/RE2-TT/ts-route-service_loss/2/traces.csv,133432325,sha256 calculado,4a70d985682478bd6e13e3824349047fa30ac65d410d347a2891c5bd74d370bd,2026-09-23T19:32:06+00:00
1943,RCAEval recursive service-fault CSV windows,RE2/RE2-TT/ts-route-service_loss/2/tracets_err.csv,72577,sha256 calculado,aec4ade13b4a23e0f322b2ed98ca2f8d4a8548bc143167ce441f370455876579,2026-09-23T19:32:06+00:00
1944,RCAEval recursive service-fault CSV windows,RE2/RE2-TT/ts-route-service_loss/2/tracets_lat.csv,51540,sha256 calculado,1d03d153b370e2744c627116100753ff8f25989801b376cff012610751b27a1e,2026-09-23T19:32:06+00:00
1945,RCAEval recursive service-fault CSV windows,RE2/RE2-TT/ts-route-service_loss/3/logs.csv,79339631,sha256 calculado,7854784ee2ef28beb53d9d2b7b886797425bad929bd6d989c9c139d640fe4fad,2026-09-23T19:32:06+00:00
1946,RCAEval recursive service-fault CSV windows,RE2/RE2-TT/ts-route-service_loss/3/logts.csv,42088,sha256 calculado,e4fa058783d3408896ad20c2e286148ff758ef6bd0f2c31e1617f6b3e012646e,2026-09-23T19:32:06+00:00
1947,RCAEval recursive service-fault CSV windows,RE2/RE2-TT/ts-route-service_loss/3/metrics.csv,26987017,sha256 calculado,3523197f4db418201565cb9ab959b6d1e1f20eb35d89b99a2c730e939ad7b834,2026-09-23T19:32:07+00:00
1948,RCAEval recursive service-fault CSV windows,RE2/RE2-TT/ts-route-service_loss/3/simple_metrics.csv,6214767,sha256 calculado,b431d8f9eca7d7a247013c93e8bdf2590435fc6893ae7941be9751aab089e845,2026-09-23T19:32:07+00:00
1949,RCAEval recursive service-fault CSV windows,RE2/RE2-TT/ts-route-service_loss/3/traces.csv,96179912,sha256 calculado,a614b81663b0586cfd5d1cac4ccd55501f2846dd1d3a0f1decd31214a774b0dc,2026-09-23T19:32:07+00:00
1950,RCAEval recursive service-fault CSV windows,RE2/RE2-TT/ts-route-service_loss/3/tracets_err.csv,67251,sha256 calculado,fbc6a84656c86d0f6ee49b6ce35cb0caaaa61a46ee551be6ec4fd5f090f02496,2026-09-23T19:32:07+00:00
1951,RCAEval recursive service-fault CSV windows,RE2/RE2-TT/ts-route-service_loss/3/tracets_lat.csv,58601,sha256 calculado,a4101eacd5f312b5def822e4f6e125ca7a58899602a02b3355b1ad7c27d63bfe,2026-09-23T19:32:07+00:00
1952,RCAEval recursive service-fault CSV windows,RE2/RE2-TT/ts-route-service_mem/1/logs.csv,113216172,sha256 calculado,43bb92f9c83b2be89f7f38e462943d625b27f3b484b7d09af24ee937215a2b84,2026-09-23T19:32:07+00:00
1953,RCAEval recursive service-fault CSV windows,RE2/RE2-TT/ts-route-service_mem/1/logts.csv,50409,sha256 calculado,2942da58bc044cfee4dde5288466407851559550f1882a494aef46143b328982,2026-09-23T19:32:07+00:00
1954,RCAEval recursive service-fault CSV windows,RE2/RE2-TT/ts-route-service_mem/1/metrics.csv,26815394,sha256 calculado,8b66d8c337855f8044d86061af45435e42611e7f2c69114d4c95579273c5fbd1,2026-09-23T19:32:08+00:00
1955,RCAEval recursive service-fault CSV windows,RE2/RE2-TT/ts-route-service_mem/1/simple_metrics.csv,6237352,sha256 calculado,00dfa11ef2da43fd956d9acfeb8e808bd5ccf00e44db47a204452f1b6e094147,2026-09-23T19:32:08+00:00
1956,RCAEval recursive service-fault CSV windows,RE2/RE2-TT/ts-route-service_mem/1/traces.csv,105371106,sha256 calculado,6110ad786ed2a29504090236f7d130d6ecca6118e75807e0c3e2276007c1e895,2026-09-23T19:32:08+00:00
1957,RCAEval recursive service-fault CSV windows,RE2/RE2-TT/ts-route-service_mem/1/tracets_err.csv,68833,sha256 calculado,73d20d43764e181546f46dd1222602b8075ede7b492a986eb532eb83cca08deb,2026-09-23T19:32:08+00:00
1958,RCAEval recursive service-fault CSV windows,RE2/RE2-TT/ts-route-service_mem/1/tracets_lat.csv,52094,sha256 calculado,e4c6bddc5db0412278ea92de09ada261ce595d19e2fc71f989f720920d7a347d,2026-09-23T19:32:08+00:00
1959,RCAEval recursive service-fault CSV windows,RE2/RE2-TT/ts-route-service_mem/2/logs.csv,80963525,sha256 calculado,8937239bae9bc893cd9fb4684e8605a4b0853e877d052ef407a5ec47ee9817fa,2026-09-23T19:32:08+00:00
1960,RCAEval recursive service-fault CSV windows,RE2/RE2-TT/ts-route-service_mem/2/logts.csv,44051,sha256 calculado,c2f272539a456ed5938d2d8fbaa8ec4ef7ac28f7d96529cc8ae91cdca5c65a00,2026-09-23T19:32:08+00:00
1961,RCAEval recursive service-fault CSV windows,RE2/RE2-TT/ts-route-service_mem/2/metrics.csv,27025326,sha256 calculado,8ed2249b226e07ac11f5e7e97f6aa4e546aa3372c1eb7d4de2cc22e79778c4c7,2026-09-23T19:32:08+00:00
1962,RCAEval recursive service-fault CSV windows,RE2/RE2-TT/ts-route-service_mem/2/simple_metrics.csv,6225781,sha256 calculado,bf94c597283f18d5aa3c4a1ce374a0c8784ab5e5f75908ba2a7e0255045547d5,2026-09-23T19:32:09+00:00
1963,RCAEval recursive service-fault CSV windows,RE2/RE2-TT/ts-route-service_mem/2/traces.csv,97100801,sha256 calculado,e8cdfc9fef7904b7292361d4f519bd6c5c080bc86825ce4646c811c164416e04,2026-09-23T19:32:09+00:00
1964,RCAEval recursive service-fault CSV windows,RE2/RE2-TT/ts-route-service_mem/2/tracets_err.csv,67504,sha256 calculado,9adfd357abf5b0f4b40a6ed89e38cf9b577823e3ef4373f44f3ba2569c8a03af,2026-09-23T19:32:09+00:00
1965,RCAEval recursive service-fault CSV windows,RE2/RE2-TT/ts-route-service_mem/2/tracets_lat.csv,54497,sha256 calculado,9ab316062a106185798347f009e84a53c1f927431000de14e9e6a85cbad6c1cb,2026-09-23T19:32:09+00:00
1966,RCAEval recursive service-fault CSV windows,RE2/RE2-TT/ts-route-service_mem/3/logs.csv,109469095,sha256 calculado,289e6b688eba9109f7074f8efa652e0ebb03f0a3a9d887d8e5b2b17db05b3d81,2026-09-23T19:32:09+00:00
1967,RCAEval recursive service-fault CSV windows,RE2/RE2-TT/ts-route-service_mem/3/logts.csv,42022,sha256 calculado,fe3a8dbfc43d9b4e1e98b7853e7004c4024748d2f0db34c91efa6d571bf951f7,2026-09-23T19:32:09+00:00
1968,RCAEval recursive service-fault CSV windows,RE2/RE2-TT/ts-route-service_mem/3/metrics.csv,26828050,sha256 calculado,b0d8eea61bb5b09da3d114b57fcaee6aa053089c7316fbfa87a31eaadfce7763,2026-09-23T19:32:09+00:00
1969,RCAEval recursive service-fault CSV windows,RE2/RE2-TT/ts-route-service_mem/3/simple_metrics.csv,6212577,sha256 calculado,95a83bb97e38bc8bf9bb0c8e77a8ded8c0ca66c5edaf898736397738bb2af5c2,2026-09-23T19:32:09+00:00
1970,RCAEval recursive service-fault CSV windows,RE2/RE2-TT/ts-route-service_mem/3/traces.csv,112372790,sha256 calculado,7f99c2be9b442df29b9747bf5e67e0fbd9f2258c4ca2ae2e61fcc594bccd3423,2026-09-23T19:32:10+00:00
1971,RCAEval recursive service-fault CSV windows,RE2/RE2-TT/ts-route-service_mem/3/tracets_err.csv,68389,sha256 calculado,7df3501ee2a9b268c186ca46f976fd1303524ca9e2a919d5c025ae094b213905,2026-09-23T19:32:10+00:00
1972,RCAEval recursive service-fault CSV windows,RE2/RE2-TT/ts-route-service_mem/3/tracets_lat.csv,57013,sha256 calculado,da9df87807ae8cb9eaee819c749788af84f02a4eb3e358e3441b36105ae5962c,2026-09-23T19:32:10+00:00
1973,RCAEval recursive service-fault CSV windows,RE2/RE2-TT/ts-route-service_socket/1/logs.csv,67906232,sha256 calculado,ad88a19131b8056546260e4bfe082e38dbee58154f898981f16272caff36d911,2026-09-23T19:32:10+00:00
1974,RCAEval recursive service-fault CSV windows,RE2/RE2-TT/ts-route-service_socket/1/logts.csv,43987,sha256 calculado,9a5ee571b96c5656ef7fb3ada7c2fbd7673a83e69e3690833ddeadeac40844e1,2026-09-23T19:32:10+00:00
1975,RCAEval recursive service-fault CSV windows,RE2/RE2-TT/ts-route-service_socket/1/metrics.csv,26970954,sha256 calculado,6fdfb65c353118a249bcdd39588537d75c350a236c25d614760cd18004e50d4c,2026-09-23T19:32:10+00:00
1976,RCAEval recursive service-fault CSV windows,RE2/RE2-TT/ts-route-service_socket/1/simple_metrics.csv,6249672,sha256 calculado,f16f9eeed8fc172f6ba4454cfa7d459a7b1f7af85b0899837f2ed17add92d790,2026-09-23T19:32:11+00:00
1977,RCAEval recursive service-fault CSV windows,RE2/RE2-TT/ts-route-service_socket/1/traces.csv,233353404,sha256 calculado,8ca4a139f415099e6bb7a143f11ce4d2978f91936837ad98148ac2c1d0142778,2026-09-23T19:32:11+00:00
1978,RCAEval recursive service-fault CSV windows,RE2/RE2-TT/ts-route-service_socket/1/tracets_err.csv,68728,sha256 calculado,9c9f09e2c50f4926b1d631f24162fbae46c9a0e6644f532703d497cfdd605c5c,2026-09-23T19:32:11+00:00
1979,RCAEval recursive service-fault CSV windows,RE2/RE2-TT/ts-route-service_socket/1/tracets_lat.csv,57356,sha256 calculado,ebf3647582c5998e4433597bf622ca833315e7a6aafe9625fdb2b9220cd31f42,2026-09-23T19:32:11+00:00
1980,RCAEval recursive service-fault CSV windows,RE2/RE2-TT/ts-route-service_socket/2/logs.csv,82729269,sha256 calculado,640abaadff6c97f3332749f39fe32ad4184ae6ab8e2295f0b412ff68aa6eb359,2026-09-23T19:32:11+00:00
1981,RCAEval recursive service-fault CSV windows,RE2/RE2-TT/ts-route-service_socket/2/logts.csv,41948,sha256 calculado,8874077ad72dbc8dc3503ba631696e77b30c1a6928eb6688188edb4ae2337745,2026-09-23T19:32:12+00:00
1982,RCAEval recursive service-fault CSV windows,RE2/RE2-TT/ts-route-service_socket/2/metrics.csv,27045016,sha256 calculado,4a176c4f640041251af926a1bc595500cb1ae2e6f7c3365fba5a161b4f3d77d4,2026-09-23T19:32:12+00:00
1983,RCAEval recursive service-fault CSV windows,RE2/RE2-TT/ts-route-service_socket/2/simple_metrics.csv,6216736,sha256 calculado,e33f31c6f2b914caff6b2a00324831b228ec81d30be39cf1a4a4165e2ff42cdf,2026-09-23T19:32:12+00:00
1984,RCAEval recursive service-fault CSV windows,RE2/RE2-TT/ts-route-service_socket/2/traces.csv,100663654,sha256 calculado,2be033205d6acd929c9af921d0ff3ceba88e2352f74647cb38b2088451f1cd13,2026-09-23T19:32:12+00:00
1985,RCAEval recursive service-fault CSV windows,RE2/RE2-TT/ts-route-service_socket/2/tracets_err.csv,67347,sha256 calculado,6f65718463a8473feb4af49aa178460038ba8b1fe72686d64101828631aff2dc,2026-09-23T19:32:12+00:00
1986,RCAEval recursive service-fault CSV windows,RE2/RE2-TT/ts-route-service_socket/2/tracets_lat.csv,53435,sha256 calculado,5e4acb3a3a64e8165e5d6972efcb2cef4ead10d240b194823ffccde841d17db4,2026-09-23T19:32:12+00:00
1987,RCAEval recursive service-fault CSV windows,RE2/RE2-TT/ts-route-service_socket/3/logs.csv,110997131,sha256 calculado,fdb5b94795646ecf6021ef8ba7b01b911dccb2d06fd8b2e0d1c2dbf4c5971e16,2026-09-23T19:32:13+00:00
1988,RCAEval recursive service-fault CSV windows,RE2/RE2-TT/ts-route-service_socket/3/logts.csv,42313,sha256 calculado,416f4162c848422af8c14411f02165ba3ebd01e5978061cd7f2cb8aaa0ade9ab,2026-09-23T19:32:13+00:00
1989,RCAEval recursive service-fault CSV windows,RE2/RE2-TT/ts-route-service_socket/3/metrics.csv,26846620,sha256 calculado,9db4d5c54400c64b1102ae12db239521640ad823973f274121c66b294c093e0c,2026-09-23T19:32:13+00:00
1990,RCAEval recursive service-fault CSV windows,RE2/RE2-TT/ts-route-service_socket/3/simple_metrics.csv,6200220,sha256 calculado,26fb4d8a8409d1add0fca4eda92702c000d92353325f4ff3150980008311a0a9,2026-09-23T19:32:13+00:00
1991,RCAEval recursive service-fault CSV windows,RE2/RE2-TT/ts-route-service_socket/3/traces.csv,117959557,sha256 calculado,5a129d2627ef43963225c9f5b480cc0db5982a455d3d87e0a76293247e567fa4,2026-09-23T19:32:13+00:00
1992,RCAEval recursive service-fault CSV windows,RE2/RE2-TT/ts-route-service_socket/3/tracets_err.csv,68386,sha256 calculado,fc3687b39b17032b3b10bd368a0fc57e6cf322941ae1a2f14ef10efb7b6b310e,2026-09-23T19:32:13+00:00
1993,RCAEval recursive service-fault CSV windows,RE2/RE2-TT/ts-route-service_socket/3/tracets_lat.csv,54190,sha256 calculado,25482e61b2b39bc3a4ee341c0c021724b308ed6cb1e5cca814ed5c718b98e4ac,2026-09-23T19:32:13+00:00
1994,RCAEval recursive service-fault CSV windows,RE2/RE2-TT/ts-train-service_cpu/1/logs.csv,189853483,sha256 calculado,660d2d6741ce79040460c9020146e26179311e26cf6911bdda87094c2380d20e,2026-09-23T19:32:14+00:00
1995,RCAEval recursive service-fault CSV windows,RE2/RE2-TT/ts-train-service_cpu/1/logts.csv,46208,sha256 calculado,9df88fbf46fe5188805bf09f48e86c2d5f680767e465fc1afdb185dd3c139875,2026-09-23T19:32:14+00:00
1996,RCAEval recursive service-fault CSV windows,RE2/RE2-TT/ts-train-service_cpu/1/metrics.csv,26859059,sha256 calculado,585ef7511eb0af623f2375d673abfedbc088e73ac3f7c5fa8ed5c84b99dc2f03,2026-09-23T19:32:14+00:00
1997,RCAEval recursive service-fault CSV windows,RE2/RE2-TT/ts-train-service_cpu/1/simple_metrics.csv,6226635,sha256 calculado,926189e96f14cf65ad9f4e2fef39d049c1791bf52039ae5b18b2380b0414dcb1,2026-09-23T19:32:14+00:00
1998,RCAEval recursive service-fault CSV windows,RE2/RE2-TT/ts-train-service_cpu/1/traces.csv,160711076,sha256 calculado,56d7f3ea396cef5ee2f9486673c4d5094cfd3f35f6a6bb9405674056a810243c,2026-09-23T19:32:14+00:00
1999,RCAEval recursive service-fault CSV windows,RE2/RE2-TT/ts-train-service_cpu/1/tracets_err.csv,68479,sha256 calculado,d8aa18b2e49c549b64cee35a37fa002b20f9a52741610c5200e612050013ce17,2026-09-23T19:32:15+00:00
2000,RCAEval recursive service-fault CSV windows,RE2/RE2-TT/ts-train-service_cpu/1/tracets_lat.csv,54054,sha256 calculado,4fd155c747cb0b1155c78f7e6499fd91cb555bba219c223393e5569994048914,2026-09-23T19:32:15+00:00
2001,RCAEval recursive service-fault CSV windows,RE2/RE2-TT/ts-train-service_cpu/2/logs.csv,129237150,sha256 calculado,721391e7ca8d7f11b0aa4bc599611c09ddcecd83d582f50a269b9f7938436d84,2026-09-23T19:32:15+00:00
2002,RCAEval recursive service-fault CSV windows,RE2/RE2-TT/ts-train-service_cpu/2/logts.csv,49393,sha256 calculado,208ad84527f17ff54ab5344f87c1aee4da05080bde4512818a90765ed5626e28,2026-09-23T19:32:15+00:00
2003,RCAEval recursive service-fault CSV windows,RE2/RE2-TT/ts-train-service_cpu/2/metrics.csv,26690478,sha256 calculado,d3c9670d3c1f39c9f5134e823a7110f80fe6604fb0dffe7f4b4c6a399e620cb2,2026-09-23T19:32:15+00:00
2004,RCAEval recursive service-fault CSV windows,RE2/RE2-TT/ts-train-service_cpu/2/simple_metrics.csv,6227694,sha256 calculado,e73496f14fc0f47c53d4e66aa001c7b68f9356a337c6453a21b52f0254276473,2026-09-23T19:32:15+00:00
2005,RCAEval recursive service-fault CSV windows,RE2/RE2-TT/ts-train-service_cpu/2/traces.csv,123493532,sha256 calculado,546df5027edd706abdb1ec748303cc643e0c4ce52f56798b7c95d9ada9a93a37,2026-09-23T19:32:15+00:00
2006,RCAEval recursive service-fault CSV windows,RE2/RE2-TT/ts-train-service_cpu/2/tracets_err.csv,68602,sha256 calculado,613fbe0d7914cf36324c639807e339931481269ec36cc4de23a1bebd23d13ae1,2026-09-23T19:32:16+00:00
2007,RCAEval recursive service-fault CSV windows,RE2/RE2-TT/ts-train-service_cpu/2/tracets_lat.csv,56201,sha256 calculado,7fd33a29ee3607b4524247db17d3ae371528e03b011a708dc386ffab868d6d70,2026-09-23T19:32:16+00:00
2008,RCAEval recursive service-fault CSV windows,RE2/RE2-TT/ts-train-service_cpu/3/logs.csv,158964925,sha256 calculado,29070dfac53d032daa218944799dba3b232d0d38324edb242434cb67134d2fc6,2026-09-23T19:32:16+00:00
2009,RCAEval recursive service-fault CSV windows,RE2/RE2-TT/ts-train-service_cpu/3/logts.csv,44304,sha256 calculado,e8f2aaa9f7a6b182204bd4a46ddd6b828fed97525480e511654dd04fb8582a77,2026-09-23T19:32:16+00:00
2010,RCAEval recursive service-fault CSV windows,RE2/RE2-TT/ts-train-service_cpu/3/metrics.csv,26792711,sha256 calculado,1ffa122cccec148f990b55b8e329383b1d21919ab93beac40d7f5e5a7f7939ea,2026-09-23T19:32:16+00:00
2011,RCAEval recursive service-fault CSV windows,RE2/RE2-TT/ts-train-service_cpu/3/simple_metrics.csv,6241789,sha256 calculado,6b029a7236b16a2a017f15b05d107a7b102840626fcfe338c2c2cfcdfd3d9670,2026-09-23T19:32:16+00:00
2012,RCAEval recursive service-fault CSV windows,RE2/RE2-TT/ts-train-service_cpu/3/traces.csv,143711217,sha256 calculado,371df3a899ed42c2f74ade07319bc9db019b6e082b7f47060832cacf279629c3,2026-09-23T19:32:17+00:00
2013,RCAEval recursive service-fault CSV windows,RE2/RE2-TT/ts-train-service_cpu/3/tracets_err.csv,68911,sha256 calculado,f4d5f913f1e53e6dbedc80f40476f767db008e4f4f3ca96a8da17d1b5dd78541,2026-09-23T19:32:17+00:00
2014,RCAEval recursive service-fault CSV windows,RE2/RE2-TT/ts-train-service_cpu/3/tracets_lat.csv,44408,sha256 calculado,8cb8fec6a6940e9e3c9b9e3a17e9d38049ef583d97a005ffc0ea98de56c9cbb2,2026-09-23T19:32:17+00:00
2015,RCAEval recursive service-fault CSV windows,RE2/RE2-TT/ts-train-service_delay/1/logs.csv,165863026,sha256 calculado,94a8995d710003b68703cdba6235ac223e0e784344c88623399124f9cae47093,2026-09-23T19:32:17+00:00
2016,RCAEval recursive service-fault CSV windows,RE2/RE2-TT/ts-train-service_delay/1/logts.csv,43558,sha256 calculado,12e7eaaabeca5a55c72b7e1eae6b94b5ad37dcf3fdac0b064a465e9282646833,2026-09-23T19:32:17+00:00
2017,RCAEval recursive service-fault CSV windows,RE2/RE2-TT/ts-train-service_delay/1/metrics.csv,26710391,sha256 calculado,c34594b5d7f84e4a9e164eb924a945ea2ac8f0ec7812da6a32ba2ea3ca84e662,2026-09-23T19:32:17+00:00
2018,RCAEval recursive service-fault CSV windows,RE2/RE2-TT/ts-train-service_delay/1/simple_metrics.csv,6192766,sha256 calculado,05eb8a0baadade2e84229062166667a9f8694747b2d24989c570147d82d02bbb,2026-09-23T19:32:17+00:00
2019,RCAEval recursive service-fault CSV windows,RE2/RE2-TT/ts-train-service_delay/1/traces.csv,152554591,sha256 calculado,c8a34b861ef58c567281255efeb130afaeb0a4c4f0218df0993ae5a38db6b137,2026-09-23T19:32:18+00:00
2020,RCAEval recursive service-fault CSV windows,RE2/RE2-TT/ts-train-service_delay/1/tracets_err.csv,68167,sha256 calculado,10bcc75dd25da690ad56730b5606b5d6f2914f056d4d0380405a49a06b78bb13,2026-09-23T19:32:18+00:00
2021,RCAEval recursive service-fault CSV windows,RE2/RE2-TT/ts-train-service_delay/1/tracets_lat.csv,48578,sha256 calculado,81fbbde1104324604bf6e9a3759259cfa3bff0002af83e468b793768c1e971b0,2026-09-23T19:32:18+00:00
2022,RCAEval recursive service-fault CSV windows,RE2/RE2-TT/ts-train-service_delay/2/logs.csv,99110133,sha256 calculado,0c412905431489e96421d9818eb0de637d0f2114d7928371d66b20d4e3c54acb,2026-09-23T19:32:18+00:00
2023,RCAEval recursive service-fault CSV windows,RE2/RE2-TT/ts-train-service_delay/2/logts.csv,42002,sha256 calculado,f7ab5d07d92c02334d668292885a35dbcd8ca5d17cfac6ab08e87f46cf5b2232,2026-09-23T19:32:18+00:00
2024,RCAEval recursive service-fault CSV windows,RE2/RE2-TT/ts-train-service_delay/2/metrics.csv,26613108,sha256 calculado,209fd285aa55577eaa22085435c601c1d2a73d022c3dd6d4257dfbb3ccecf925,2026-09-23T19:32:18+00:00
2025,RCAEval recursive service-fault CSV windows,RE2/RE2-TT/ts-train-service_delay/2/simple_metrics.csv,6145364,sha256 calculado,c5b50719ff18279ef911787b889d5ff857082a2d9432210c7febfd6dcd045fac,2026-09-23T19:32:19+00:00
2026,RCAEval recursive service-fault CSV windows,RE2/RE2-TT/ts-train-service_delay/2/traces.csv,102573560,sha256 calculado,c5d2cbc2a9e34d2b65cb45cccfd964f9dc30da70ad8f0d4e3b905b8f0a94d1c7,2026-09-23T19:32:19+00:00
2027,RCAEval recursive service-fault CSV windows,RE2/RE2-TT/ts-train-service_delay/2/tracets_err.csv,68110,sha256 calculado,0d953ad06b1896c7c2b7e3a5b5ab258b13f0868418227260a4b2e16b3c346b3c,2026-09-23T19:32:19+00:00
2028,RCAEval recursive service-fault CSV windows,RE2/RE2-TT/ts-train-service_delay/2/tracets_lat.csv,59998,sha256 calculado,a6b449d715ab3eb3e8529166687c9539cb7e9eabacff258215a13824279da824,2026-09-23T19:32:19+00:00
2029,RCAEval recursive service-fault CSV windows,RE2/RE2-TT/ts-train-service_delay/3/logs.csv,126920844,sha256 calculado,f736dc52348d8d31e32c5bba33b60c0b108c9b027e5361394f2e35d04b810eb5,2026-09-23T19:32:19+00:00
2030,RCAEval recursive service-fault CSV windows,RE2/RE2-TT/ts-train-service_delay/3/logts.csv,41762,sha256 calculado,12caf567aa16076ea2f7a76888612873f271ca5fe9f8813b56e06a5751a18d4a,2026-09-23T19:32:19+00:00
2031,RCAEval recursive service-fault CSV windows,RE2/RE2-TT/ts-train-service_delay/3/metrics.csv,26739830,sha256 calculado,73f12a7a0e3f2b79922d83c2fdbb2452a816290067a9df54f176ed55afbe24ed,2026-09-23T19:32:20+00:00
2032,RCAEval recursive service-fault CSV windows,RE2/RE2-TT/ts-train-service_delay/3/simple_metrics.csv,6185886,sha256 calculado,d1ba1a4dc207f02ee9dad2f181bce341938e01934e57e4f39e4c67baf7afb670,2026-09-23T19:32:20+00:00
2033,RCAEval recursive service-fault CSV windows,RE2/RE2-TT/ts-train-service_delay/3/traces.csv,121105172,sha256 calculado,1914c0c30b58e46290991785f8d8a7b10a94a85272849072b2d2d83186630c69,2026-09-23T19:32:20+00:00
2034,RCAEval recursive service-fault CSV windows,RE2/RE2-TT/ts-train-service_delay/3/tracets_err.csv,68359,sha256 calculado,1a1443d46a8960daa2f4882962baf1ce0d80275d3583283937b37c7666cf868d,2026-09-23T19:32:20+00:00
2035,RCAEval recursive service-fault CSV windows,RE2/RE2-TT/ts-train-service_delay/3/tracets_lat.csv,58569,sha256 calculado,3e08dcf499a8da4456d5b42abd6f6fceb63b4c101d45c6870613fa90608bf6c1,2026-09-23T19:32:20+00:00
2036,RCAEval recursive service-fault CSV windows,RE2/RE2-TT/ts-train-service_disk/1/logs.csv,118468666,sha256 calculado,c3db15cefe9f3d7cb6d1048b2a496cc01f392979a9b848c994fa43eb2735203d,2026-09-23T19:32:21+00:00
2037,RCAEval recursive service-fault CSV windows,RE2/RE2-TT/ts-train-service_disk/1/logts.csv,41704,sha256 calculado,828f93e580e9f1613fef7741e796a8e5746221291e0a21abc10fc5fcc56853c4,2026-09-23T19:32:21+00:00
2038,RCAEval recursive service-fault CSV windows,RE2/RE2-TT/ts-train-service_disk/1/metrics.csv,26766607,sha256 calculado,a33ff89960604932591d1fdecadca629849d4c22ca28bde17b5c4b820730d111,2026-09-23T19:32:21+00:00
2039,RCAEval recursive service-fault CSV windows,RE2/RE2-TT/ts-train-service_disk/1/simple_metrics.csv,6221398,sha256 calculado,dad2e7d0d0e95e7eed4147bb0d2ae43262ef7f7bf7151491a715046ee0ac8737,2026-09-23T19:32:21+00:00
2040,RCAEval recursive service-fault CSV windows,RE2/RE2-TT/ts-train-service_disk/1/traces.csv,118932109,sha256 calculado,c5fe68e202b7bf83d87abfce189bb5e8296ae1795973bec146ed6b6cc2bf48f0,2026-09-23T19:32:22+00:00
2041,RCAEval recursive service-fault CSV windows,RE2/RE2-TT/ts-train-service_disk/1/tracets_err.csv,68572,sha256 calculado,c5fcf2d206a43fc25a107d7ca75c78628afdae2ab057881e7cff056938966f08,2026-09-23T19:32:22+00:00
2042,RCAEval recursive service-fault CSV windows,RE2/RE2-TT/ts-train-service_disk/1/tracets_lat.csv,55970,sha256 calculado,cac82b2cb16ca9ebd1274c102b8f6b10d06cecdad3be3d9df877cd333b578e5e,2026-09-23T19:32:22+00:00
2043,RCAEval recursive service-fault CSV windows,RE2/RE2-TT/ts-train-service_disk/2/logs.csv,147268734,sha256 calculado,3c3e5c15b899b7c51b9ce72ed8e4582f8908ed6d656d55cac1860a949bc39d7b,2026-09-23T19:32:22+00:00
2044,RCAEval recursive service-fault CSV windows,RE2/RE2-TT/ts-train-service_disk/2/logts.csv,41710,sha256 calculado,f493762c18de487abc4d82a7eeedffe39d874ec4f74fb1562adc8f56ed8462dc,2026-09-23T19:32:22+00:00
2045,RCAEval recursive service-fault CSV windows,RE2/RE2-TT/ts-train-service_disk/2/metrics.csv,26789289,sha256 calculado,ff220991118436317c5900c05011a6cb622354230fe362096afdf2ac9413531e,2026-09-23T19:32:22+00:00
2046,RCAEval recursive service-fault CSV windows,RE2/RE2-TT/ts-train-service_disk/2/simple_metrics.csv,6239931,sha256 calculado,7f8609941382194a18dbd4d0c83bd547b5b8ffff9b6384d909437058888eabbb,2026-09-23T19:32:22+00:00
2047,RCAEval recursive service-fault CSV windows,RE2/RE2-TT/ts-train-service_disk/2/traces.csv,132709101,sha256 calculado,a6f4c6a183b9045706f34ebe066868d288015b00d16522dfed036492311d2d99,2026-09-23T19:32:23+00:00
2048,RCAEval recursive service-fault CSV windows,RE2/RE2-TT/ts-train-service_disk/2/tracets_err.csv,68875,sha256 calculado,24e5900fee2b5987c711678cc6c411a5befdfce3bf709248532d92fd51029c16,2026-09-23T19:32:23+00:00
2049,RCAEval recursive service-fault CSV windows,RE2/RE2-TT/ts-train-service_disk/2/tracets_lat.csv,46603,sha256 calculado,0c3195197f7c4d0bf7c611ba3150bd4e2389d0fddf0f507484b4ea4b8cbee78b,2026-09-23T19:32:23+00:00
2050,RCAEval recursive service-fault CSV windows,RE2/RE2-TT/ts-train-service_disk/3/logs.csv,178822282,sha256 calculado,30e61ca94b00cfceedf80e4beada32ae6fc60bc39aa113c9092cd7d5f05627ce,2026-09-23T19:32:23+00:00
2051,RCAEval recursive service-fault CSV windows,RE2/RE2-TT/ts-train-service_disk/3/logts.csv,43214,sha256 calculado,b5404faea6adc35b4f33eb582f127aaf0896c44c16d7fce1d8523fab613c6508,2026-09-23T19:32:23+00:00
2052,RCAEval recursive service-fault CSV windows,RE2/RE2-TT/ts-train-service_disk/3/metrics.csv,26840142,sha256 calculado,3fe8bc4397f8cac3c6788250c5d4ed512618c192d112e88982ee5f4604f4af58,2026-09-23T19:32:24+00:00
2053,RCAEval recursive service-fault CSV windows,RE2/RE2-TT/ts-train-service_disk/3/simple_metrics.csv,6250685,sha256 calculado,7a52ff44da5eb19eab4f6f1d4ee3a16c23c053f9ee13f4dae11c61ca4f3b1f0c,2026-09-23T19:32:24+00:00
2054,RCAEval recursive service-fault CSV windows,RE2/RE2-TT/ts-train-service_disk/3/traces.csv,153808759,sha256 calculado,f9011ec12d7222949950fe3a98b767b0d613a76a250eb75e3d6a26c5908866b2,2026-09-23T19:32:24+00:00
2055,RCAEval recursive service-fault CSV windows,RE2/RE2-TT/ts-train-service_disk/3/tracets_err.csv,68566,sha256 calculado,f7ee610ed8949c4ddb7cc4fa3ce0bfacf0ad2d53280c8e3d28b9ad72429ee633,2026-09-23T19:32:24+00:00
2056,RCAEval recursive service-fault CSV windows,RE2/RE2-TT/ts-train-service_disk/3/tracets_lat.csv,50033,sha256 calculado,12e81905387d6ff2ebbb7d8cef7e89f9b47c05d214b1ce704b8649319c4a6333,2026-09-23T19:32:24+00:00
2057,RCAEval recursive service-fault CSV windows,RE2/RE2-TT/ts-train-service_loss/1/logs.csv,183013055,sha256 calculado,b9cda4ae5f2a7f888850704f58242f16e9e8bbb79538e388ebfce2deaf95efaf,2026-09-23T19:32:25+00:00
2058,RCAEval recursive service-fault CSV windows,RE2/RE2-TT/ts-train-service_loss/1/logts.csv,47447,sha256 calculado,0d1c338abc0279ac91bc581e569c6d52143f6765af47838c3714cb75478f7725,2026-09-23T19:32:25+00:00
2059,RCAEval recursive service-fault CSV windows,RE2/RE2-TT/ts-train-service_loss/1/metrics.csv,26760667,sha256 calculado,3cfbee374c51f8c52db9105760867ae681d433754dab9d83035ffb22f536bbc0,2026-09-23T19:32:25+00:00
2060,RCAEval recursive service-fault CSV windows,RE2/RE2-TT/ts-train-service_loss/1/simple_metrics.csv,6229213,sha256 calculado,b275a3e1f1f3bb8fbdf6632f7e2ccd06b65b7b59169603a823f02ceb9e56f7a0,2026-09-23T19:32:25+00:00
2061,RCAEval recursive service-fault CSV windows,RE2/RE2-TT/ts-train-service_loss/1/traces.csv,156764766,sha256 calculado,487c342389e76ce0f83426d11e74afbc8a06cf33aece25f099c09146c7e8fc24,2026-09-23T19:32:25+00:00
2062,RCAEval recursive service-fault CSV windows,RE2/RE2-TT/ts-train-service_loss/1/tracets_err.csv,68548,sha256 calculado,892c52bc882f2e2d6ed138dd917e14e8d29e0ac83a2b31d07e2571f0b026b966,2026-09-23T19:32:25+00:00
2063,RCAEval recursive service-fault CSV windows,RE2/RE2-TT/ts-train-service_loss/1/tracets_lat.csv,55707,sha256 calculado,49a50e244157d3a49c8e06fb9e30ce389a1293bf3517d34196ac81d561abb565,2026-09-23T19:32:25+00:00
2064,RCAEval recursive service-fault CSV windows,RE2/RE2-TT/ts-train-service_loss/2/logs.csv,163727857,sha256 calculado,4f9baaccbad25e7950c12497e0bc028c240102c9d9c4a59fad7fdb886633bd1d,2026-09-23T19:32:26+00:00
2065,RCAEval recursive service-fault CSV windows,RE2/RE2-TT/ts-train-service_loss/2/logts.csv,44848,sha256 calculado,a05cd0482d83caab71c5a04c79c10b1a2be389d53b6e5137bc2730593057b807,2026-09-23T19:32:26+00:00
2066,RCAEval recursive service-fault CSV windows,RE2/RE2-TT/ts-train-service_loss/2/metrics.csv,26819283,sha256 calculado,6646646e4778b1b4258df910494591a4eb22851cb987a3a8a263e316fd8ef202,2026-09-23T19:32:26+00:00
2067,RCAEval recursive service-fault CSV windows,RE2/RE2-TT/ts-train-service_loss/2/simple_metrics.csv,6221196,sha256 calculado,279f1492c9e17ce040ad0c7fb1a83d4d7c97e4538abb1b727f54447bfc797c3b,2026-09-23T19:32:26+00:00
2068,RCAEval recursive service-fault CSV windows,RE2/RE2-TT/ts-train-service_loss/2/traces.csv,150788558,sha256 calculado,bbdf894d0a009938e6768e8e252f93cb4dc8dc20bd1139fddb19916a697eb4fb,2026-09-23T19:32:26+00:00
2069,RCAEval recursive service-fault CSV windows,RE2/RE2-TT/ts-train-service_loss/2/tracets_err.csv,68494,sha256 calculado,ffd3cdd2cdd0618a32edf4bf71912335edc8c893532cdb78074f5f1d97f00cb1,2026-09-23T19:32:27+00:00
2070,RCAEval recursive service-fault CSV windows,RE2/RE2-TT/ts-train-service_loss/2/tracets_lat.csv,54608,sha256 calculado,9575f9408de6e1b9b385cbc96fc844f70dbf01231f2f31e9902369c1fd1ab859,2026-09-23T19:32:27+00:00
2071,RCAEval recursive service-fault CSV windows,RE2/RE2-TT/ts-train-service_loss/3/logs.csv,182219090,sha256 calculado,5eb45cf48b345c8a960b230b036142fd68ac6fb73de1ce5a63df097ef5431f10,2026-09-23T19:32:27+00:00
2072,RCAEval recursive service-fault CSV windows,RE2/RE2-TT/ts-train-service_loss/3/logts.csv,43925,sha256 calculado,c0fe5360b5a30044475dd9f8a16c983f9a2d374a9d357a7d8c62168802dbb091,2026-09-23T19:32:27+00:00
2073,RCAEval recursive service-fault CSV windows,RE2/RE2-TT/ts-train-service_loss/3/metrics.csv,26804739,sha256 calculado,027665bf67316509b6a31fc9c761585e74e1ba984c740ff88b99ff3e2640d611,2026-09-23T19:32:27+00:00
2074,RCAEval recursive service-fault CSV windows,RE2/RE2-TT/ts-train-service_loss/3/simple_metrics.csv,6224127,sha256 calculado,7f4e2c8aaa5f60652bfbeda7690f8baec4038b34d92734383fe89774f5831c14,2026-09-23T19:32:27+00:00
2075,RCAEval recursive service-fault CSV windows,RE2/RE2-TT/ts-train-service_loss/3/traces.csv,158927647,sha256 calculado,f81449681d356d8c543ed2632af5df5281860fa8a85d862d74763b92c336f4f3,2026-09-23T19:32:28+00:00
2076,RCAEval recursive service-fault CSV windows,RE2/RE2-TT/ts-train-service_loss/3/tracets_err.csv,68485,sha256 calculado,494ce307b6af8204af8fbbc33cb3b18836989861bd7bef2e9b56e45479dcb895,2026-09-23T19:32:28+00:00
2077,RCAEval recursive service-fault CSV windows,RE2/RE2-TT/ts-train-service_loss/3/tracets_lat.csv,53743,sha256 calculado,6eecf039069d051265bd5928fa3990ba407410e6328735a9a1e6c2412d497f93,2026-09-23T19:32:28+00:00
2078,RCAEval recursive service-fault CSV windows,RE2/RE2-TT/ts-train-service_mem/1/logs.csv,82158606,sha256 calculado,0f3950c2a6b917f84058f1f2eaa876eb61c7465c6b79c0df12f6e8f76b8b227d,2026-09-23T19:32:28+00:00
2079,RCAEval recursive service-fault CSV windows,RE2/RE2-TT/ts-train-service_mem/1/logts.csv,42990,sha256 calculado,228391f6138d1b9a07379d2492d2f9ee9f9b52e7028f0cd861a298d767d73b91,2026-09-23T19:32:28+00:00
2080,RCAEval recursive service-fault CSV windows,RE2/RE2-TT/ts-train-service_mem/1/metrics.csv,26889945,sha256 calculado,962528688ff823d8cd8c8b112ea127b21536f584b0a080182c21f6a01744026c,2026-09-23T19:32:28+00:00
2081,RCAEval recursive service-fault CSV windows,RE2/RE2-TT/ts-train-service_mem/1/simple_metrics.csv,6232275,sha256 calculado,5aa305d74ac5c660cb48fa877cd893922e8a29956b21da6b9f2b557f3745e3e4,2026-09-23T19:32:29+00:00
2082,RCAEval recursive service-fault CSV windows,RE2/RE2-TT/ts-train-service_mem/1/traces.csv,98928511,sha256 calculado,c6bd7900f2f3920575d86fc7d03ac9bec63ca9a11d7292b3cd0feeac04f461a9,2026-09-23T19:32:29+00:00
2083,RCAEval recursive service-fault CSV windows,RE2/RE2-TT/ts-train-service_mem/1/tracets_err.csv,67509,sha256 calculado,979aa74b9a76fc8ea3089d8c5e64a3b8bd8e357b11dac5b7ddf407fcc2a97ec8,2026-09-23T19:32:29+00:00
2084,RCAEval recursive service-fault CSV windows,RE2/RE2-TT/ts-train-service_mem/1/tracets_lat.csv,48473,sha256 calculado,5d17a6b4f2678e4297b1f712eb279994c6d9f4bf2aaa981406ff57b422914388,2026-09-23T19:32:29+00:00
2085,RCAEval recursive service-fault CSV windows,RE2/RE2-TT/ts-train-service_mem/2/logs.csv,78116167,sha256 calculado,c99f291e9550a2499cd6a2767a6f2d65feefeb515dba1846c60f7c49fb38df0a,2026-09-23T19:32:29+00:00
2086,RCAEval recursive service-fault CSV windows,RE2/RE2-TT/ts-train-service_mem/2/logts.csv,44003,sha256 calculado,89119255c02d7ce9df32c8bf0a28c5ed02d40332de10fcd92ea92329a2e6a2c1,2026-09-23T19:32:29+00:00
2087,RCAEval recursive service-fault CSV windows,RE2/RE2-TT/ts-train-service_mem/2/metrics.csv,26807825,sha256 calculado,f5dbdb00160945194068e32249578eb68c12a0e6543db0909eb808718bd9a180,2026-09-23T19:32:30+00:00
2088,RCAEval recursive service-fault CSV windows,RE2/RE2-TT/ts-train-service_mem/2/simple_metrics.csv,6241717,sha256 calculado,1da40bdbb6b4abbd29d336ee1c4b745d38278bb3f126e0332dc68c383bf2748b,2026-09-23T19:32:30+00:00
2089,RCAEval recursive service-fault CSV windows,RE2/RE2-TT/ts-train-service_mem/2/traces.csv,96200126,sha256 calculado,b138b5d728394e2269d6b926d3f2d03755b4fe4f6230222d94e3dd64543e59e5,2026-09-23T19:32:30+00:00
2090,RCAEval recursive service-fault CSV windows,RE2/RE2-TT/ts-train-service_mem/2/tracets_err.csv,67236,sha256 calculado,287cccdb484440f5ec433389a8d59cc17555834d01d80644faa0d2fe21e00d3e,2026-09-23T19:32:30+00:00
2091,RCAEval recursive service-fault CSV windows,RE2/RE2-TT/ts-train-service_mem/2/tracets_lat.csv,53622,sha256 calculado,498aec2cbc099f4640fa555ed960518b203ba4d83c6cd913a530cab449a6de0b,2026-09-23T19:32:30+00:00
2092,RCAEval recursive service-fault CSV windows,RE2/RE2-TT/ts-train-service_mem/3/logs.csv,114472914,sha256 calculado,ab33fabed3fcea51c8e831c65332203c759f087d86c0ee6097dae28dac8c007a,2026-09-23T19:32:31+00:00
2093,RCAEval recursive service-fault CSV windows,RE2/RE2-TT/ts-train-service_mem/3/logts.csv,41698,sha256 calculado,0e4297101af7bf7aff923368235047dee79e12a7bc5e4542d610ae01e34bf759,2026-09-23T19:32:31+00:00
2094,RCAEval recursive service-fault CSV windows,RE2/RE2-TT/ts-train-service_mem/3/metrics.csv,26677725,sha256 calculado,639ab4ac341610ccc30bf1293b657fc023d03f1df95479ad8877fc309f5cb4a3,2026-09-23T19:32:31+00:00
2095,RCAEval recursive service-fault CSV windows,RE2/RE2-TT/ts-train-service_mem/3/simple_metrics.csv,6242897,sha256 calculado,6e60aa016634e80890283f63034adc9bf269054c962bbb11084f994af67e3810,2026-09-23T19:32:31+00:00
2096,RCAEval recursive service-fault CSV windows,RE2/RE2-TT/ts-train-service_mem/3/traces.csv,115653980,sha256 calculado,ea67f2d406104dee8a288a72c60cf6986fdb1a3d5da88b0a7ed9165a02d1e6a3,2026-09-23T19:32:31+00:00
2097,RCAEval recursive service-fault CSV windows,RE2/RE2-TT/ts-train-service_mem/3/tracets_err.csv,68557,sha256 calculado,1546b2a232f332c578b8fbce032f8ca231b8bf5e1415997ed8486191ebca5879,2026-09-23T19:32:31+00:00
2098,RCAEval recursive service-fault CSV windows,RE2/RE2-TT/ts-train-service_mem/3/tracets_lat.csv,53887,sha256 calculado,caf90a7fd0268bf1cb492afdef600cb9b929c9e2d5b005627cc8bd2bc83234af,2026-09-23T19:32:31+00:00
2099,RCAEval recursive service-fault CSV windows,RE2/RE2-TT/ts-train-service_socket/1/logs.csv,28965797,sha256 calculado,040095442c165abfe2874dc38ec443cfa283c212d00b431b6e2a48adb9c3c4c3,2026-09-23T19:32:31+00:00
2100,RCAEval recursive service-fault CSV windows,RE2/RE2-TT/ts-train-service_socket/1/logts.csv,19252,sha256 calculado,48aab2581258e417ceceee09f09d965af47cc22433889fbeb7aa6e886d1d0a1e,2026-09-23T19:32:31+00:00
2101,RCAEval recursive service-fault CSV windows,RE2/RE2-TT/ts-train-service_socket/1/metrics.csv,26883421,sha256 calculado,c3e3534bb93def82f4557404c1b7555c23eee1ffeea5f7cde1bc8ccb4c5dcf94,2026-09-23T19:32:32+00:00
2102,RCAEval recursive service-fault CSV windows,RE2/RE2-TT/ts-train-service_socket/1/simple_metrics.csv,6248807,sha256 calculado,e926ed976e1610067d6e4314da34bc5c117b7002d467396093d1681842f43264,2026-09-23T19:32:32+00:00
2103,RCAEval recursive service-fault CSV windows,RE2/RE2-TT/ts-train-service_socket/1/traces.csv,58032383,sha256 calculado,4c2e9182c239f1cc0d965ab11471bf4f660cbf4900b4e828c1d287a7549f4a24,2026-09-23T19:32:32+00:00
2104,RCAEval recursive service-fault CSV windows,RE2/RE2-TT/ts-train-service_socket/1/tracets_err.csv,38407,sha256 calculado,910d57d0bdb75459973210471966ea218b74a50b332ee5562759fb6e0c9c9e68,2026-09-23T19:32:32+00:00
2105,RCAEval recursive service-fault CSV windows,RE2/RE2-TT/ts-train-service_socket/1/tracets_lat.csv,38327,sha256 calculado,cfb04653e81f4fb20bd1565209b3e8a7e01385cb9ee0d5d4f32cb093e053714c,2026-09-23T19:32:32+00:00
2106,RCAEval recursive service-fault CSV windows,RE2/RE2-TT/ts-train-service_socket/2/logs.csv,202258338,sha256 calculado,abd4651ba847f6a80822bd1c976ce1ce654ed96029797df4ef01abc19443fc22,2026-09-23T19:32:32+00:00
2107,RCAEval recursive service-fault CSV windows,RE2/RE2-TT/ts-train-service_socket/2/logts.csv,47778,sha256 calculado,392885914f25f88e981763c0b991cf7ab2a026ff32eb4262529b9ec2ce83ec93,2026-09-23T19:32:33+00:00
2108,RCAEval recursive service-fault CSV windows,RE2/RE2-TT/ts-train-service_socket/2/metrics.csv,26831134,sha256 calculado,77b85325c6f4eb0a1a0e7f25c3fc783b0c31daebb7bc654aebec98d1e2a162e2,2026-09-23T19:32:33+00:00
2109,RCAEval recursive service-fault CSV windows,RE2/RE2-TT/ts-train-service_socket/2/simple_metrics.csv,6244948,sha256 calculado,553a2f6a2330f468fe781b8f6abfe0c5b29a4b000ffc3a54a1264b23433b7cac,2026-09-23T19:32:33+00:00
2110,RCAEval recursive service-fault CSV windows,RE2/RE2-TT/ts-train-service_socket/2/traces.csv,168551985,sha256 calculado,10c178acba6bc4d4b11ad24bc9b1db197dee738b476a37d1103df3ca2b2d9709,2026-09-23T19:32:33+00:00
2111,RCAEval recursive service-fault CSV windows,RE2/RE2-TT/ts-train-service_socket/2/tracets_err.csv,68585,sha256 calculado,3bf034a61cb980ec62d449464f8e2d06fb14788072531bb9f86c2f0c65105c2f,2026-09-23T19:32:33+00:00
2112,RCAEval recursive service-fault CSV windows,RE2/RE2-TT/ts-train-service_socket/2/tracets_lat.csv,54907,sha256 calculado,9faea5bd861bfa8a58a5ff45267bbd8124fcf3e8775237ee80272b422f55e503,2026-09-23T19:32:33+00:00
2113,RCAEval recursive service-fault CSV windows,RE2/RE2-TT/ts-train-service_socket/3/logs.csv,84256443,sha256 calculado,f77101cc08cd894ae50cbb7f396846cbf64753b2a94a552756f2ab0c24761f5f,2026-09-23T19:32:34+00:00
2114,RCAEval recursive service-fault CSV windows,RE2/RE2-TT/ts-train-service_socket/3/logts.csv,42558,sha256 calculado,90d952ab6107bdfb1ac8484074bb535615cb1c0e699aebc812463c2934d81b2a,2026-09-23T19:32:34+00:00
2115,RCAEval recursive service-fault CSV windows,RE2/RE2-TT/ts-train-service_socket/3/metrics.csv,26798092,sha256 calculado,374fdc72f957db4d9dc13e288c0364b90e57d9e9d5db36c19eb20c2f225461e7,2026-09-23T19:32:34+00:00
2116,RCAEval recursive service-fault CSV windows,RE2/RE2-TT/ts-train-service_socket/3/simple_metrics.csv,6220585,sha256 calculado,d8a91eeb903ced0d2a6bad60763cd6641b945d7c5de04af87aaa1ca8cf45212f,2026-09-23T19:32:34+00:00
2117,RCAEval recursive service-fault CSV windows,RE2/RE2-TT/ts-train-service_socket/3/traces.csv,101294585,sha256 calculado,c9101fb0ec646714de186e9fed5785b272355dac1050fd3720c506bb8064b862,2026-09-23T19:32:35+00:00
2118,RCAEval recursive service-fault CSV windows,RE2/RE2-TT/ts-train-service_socket/3/tracets_err.csv,67611,sha256 calculado,e2e61849227228aec174e3a840fbbd4b6d84ddfe65c052f9ff8d61ebfd50ff26,2026-09-23T19:32:35+00:00
2119,RCAEval recursive service-fault CSV windows,RE2/RE2-TT/ts-train-service_socket/3/tracets_lat.csv,57007,sha256 calculado,c30ff40588bc76e871b97c353383d47b7e6a446f6b33c85f5b2e936441f8263f,2026-09-23T19:32:35+00:00
2120,RCAEval recursive service-fault CSV windows,RE2/RE2-TT/ts-travel-service_cpu/1/logs.csv,91568193,sha256 calculado,4acb75d008664bb4012ffcd9d5a31ecc11ed8f56d9d0f59b0a8d7cfc92559012,2026-09-23T19:32:35+00:00
2121,RCAEval recursive service-fault CSV windows,RE2/RE2-TT/ts-travel-service_cpu/1/logts.csv,42062,sha256 calculado,025923fd35da459cec96a45f27f37b14be35ccf1526a43884433576430b4d831,2026-09-23T19:32:35+00:00
2122,RCAEval recursive service-fault CSV windows,RE2/RE2-TT/ts-travel-service_cpu/1/metrics.csv,26715753,sha256 calculado,d7551211c9e9c7a6a99cfa6691b5759218eba1f29a04260529f1d7e6aa783131,2026-09-23T19:32:35+00:00
2123,RCAEval recursive service-fault CSV windows,RE2/RE2-TT/ts-travel-service_cpu/1/simple_metrics.csv,6201183,sha256 calculado,37547fb0f603feaaf25cc3bae8111b7981350eeb791fc46864663e45b6a65be1,2026-09-23T19:32:35+00:00
2124,RCAEval recursive service-fault CSV windows,RE2/RE2-TT/ts-travel-service_cpu/1/traces.csv,112201985,sha256 calculado,3eed5664ddf56e5b4c31e4ad6a2966039ea29491b57aafcb8c58611f75dd4cc1,2026-09-23T19:32:36+00:00
2125,RCAEval recursive service-fault CSV windows,RE2/RE2-TT/ts-travel-service_cpu/1/tracets_err.csv,67617,sha256 calculado,83c874e07c4c8b1fea7ef56b612e358e14877c1f3433f4a32c676475ae4f95da,2026-09-23T19:32:36+00:00
2126,RCAEval recursive service-fault CSV windows,RE2/RE2-TT/ts-travel-service_cpu/1/tracets_lat.csv,52308,sha256 calculado,3fa213ab9f3e667ec10067771e5bddb2f499ad1f9b2e5b8e3380c7de147ec093,2026-09-23T19:32:36+00:00
2127,RCAEval recursive service-fault CSV windows,RE2/RE2-TT/ts-travel-service_cpu/2/logs.csv,130825964,sha256 calculado,54f3057783490207293a3d7ec3c159e452fdd5a7bcf8910f2d56ddee53341b67,2026-09-23T19:32:36+00:00
2128,RCAEval recursive service-fault CSV windows,RE2/RE2-TT/ts-travel-service_cpu/2/logts.csv,44625,sha256 calculado,bcfc4266a426c2a9561adba3b32f218d0c4891cb870e12b2bef0c018216de819,2026-09-23T19:32:36+00:00
2129,RCAEval recursive service-fault CSV windows,RE2/RE2-TT/ts-travel-service_cpu/2/metrics.csv,26750051,sha256 calculado,f8614000a3e664a3c2febc4458a97623da98caa6a904f4338d18962e0474b088,2026-09-23T19:32:36+00:00
2130,RCAEval recursive service-fault CSV windows,RE2/RE2-TT/ts-travel-service_cpu/2/simple_metrics.csv,6231084,sha256 calculado,27b1deecb1848b9ecbd23176665ef6781b49ec8d47cff32aea02fe7338cde0ff,2026-09-23T19:32:37+00:00
2131,RCAEval recursive service-fault CSV windows,RE2/RE2-TT/ts-travel-service_cpu/2/traces.csv,121927194,sha256 calculado,0855867b2cd9299ca824494ab2cf89133c67783529590b28b8afedb0d551cad2,2026-09-23T19:32:37+00:00
2132,RCAEval recursive service-fault CSV windows,RE2/RE2-TT/ts-travel-service_cpu/2/tracets_err.csv,68665,sha256 calculado,899cf0bf9bdda21e4131520848f90aa65efb5dd69824c9cdba82d6c2557f8cd5,2026-09-23T19:32:37+00:00
2133,RCAEval recursive service-fault CSV windows,RE2/RE2-TT/ts-travel-service_cpu/2/tracets_lat.csv,53066,sha256 calculado,7ed5526f2a7486729305f7b06ab20bcca3709a593342b2fc34cac994ae725c36,2026-09-23T19:32:37+00:00
2134,RCAEval recursive service-fault CSV windows,RE2/RE2-TT/ts-travel-service_cpu/3/logs.csv,166727655,sha256 calculado,36b12488ee7fa8e09454199b1a0732e1f641764b60f792d7fef872b6d5baeef4,2026-09-23T19:32:37+00:00
2135,RCAEval recursive service-fault CSV windows,RE2/RE2-TT/ts-travel-service_cpu/3/logts.csv,42545,sha256 calculado,322dcc4c15fac5996045f38341f12e8fb3312b9e225950c8eca994c0814c182f,2026-09-23T19:32:38+00:00
2136,RCAEval recursive service-fault CSV windows,RE2/RE2-TT/ts-travel-service_cpu/3/metrics.csv,26818931,sha256 calculado,d1a8a526736a39a401465d5d53ac06baee19b4054f1542c60766d614daddbbf0,2026-09-23T19:32:38+00:00
2137,RCAEval recursive service-fault CSV windows,RE2/RE2-TT/ts-travel-service_cpu/3/simple_metrics.csv,6229259,sha256 calculado,5486c0dbabc8472cc2d52ee0da2e7961ccea9a9012ded1ff7e856b77a0d7edb3,2026-09-23T19:32:38+00:00
2138,RCAEval recursive service-fault CSV windows,RE2/RE2-TT/ts-travel-service_cpu/3/traces.csv,122100325,sha256 calculado,3cbeaa4fa5a88ec57d683ad7321927f4b4b85de3b3992c8a9a86da47cb12209d,2026-09-23T19:32:38+00:00
2139,RCAEval recursive service-fault CSV windows,RE2/RE2-TT/ts-travel-service_cpu/3/tracets_err.csv,72513,sha256 calculado,c948039eb8724070301bdbfcbf8d05be8e90abf667d839a94ccedda5a05537f7,2026-09-23T19:32:38+00:00
2140,RCAEval recursive service-fault CSV windows,RE2/RE2-TT/ts-travel-service_cpu/3/tracets_lat.csv,51291,sha256 calculado,7d2becadfa1a3eaa10faf6433ae15b04731e339119397418ab56e7a5eba11cb2,2026-09-23T19:32:38+00:00
2141,RCAEval recursive service-fault CSV windows,RE2/RE2-TT/ts-travel-service_delay/1/logs.csv,171415415,sha256 calculado,b15dc4928fe2390960eb336c46ccb850a186c3ed15570a3402c91ddee85e2b16,2026-09-23T19:32:39+00:00
2142,RCAEval recursive service-fault CSV windows,RE2/RE2-TT/ts-travel-service_delay/1/logts.csv,45088,sha256 calculado,ae1dbdfb4ac7f1881d4ea5e6621ee88817ed0fd5e23fe8b65af115d5f4cf9b8e,2026-09-23T19:32:39+00:00
2143,RCAEval recursive service-fault CSV windows,RE2/RE2-TT/ts-travel-service_delay/1/metrics.csv,26766227,sha256 calculado,7d83d23f1a9401f954adf371c0c267bc9661b53651c070a3dba8fb9764fc3a16,2026-09-23T19:32:39+00:00
2144,RCAEval recursive service-fault CSV windows,RE2/RE2-TT/ts-travel-service_delay/1/simple_metrics.csv,6186083,sha256 calculado,e9f1fd1592d9bd64d3d155e3cb2c6b015e73a7fa1345cfed675d909baf1f83dc,2026-09-23T19:32:39+00:00
2145,RCAEval recursive service-fault CSV windows,RE2/RE2-TT/ts-travel-service_delay/1/traces.csv,141752014,sha256 calculado,9b8a7c883cda0e3fd2900f58675b3b5aeac2aa5e12393a0eefdc0bbaeb5942d8,2026-09-23T19:32:40+00:00
2146,RCAEval recursive service-fault CSV windows,RE2/RE2-TT/ts-travel-service_delay/1/tracets_err.csv,68728,sha256 calculado,922d45d043876473b532579924b119c86a834bcd1f76aa93b263c3d1e6c5f766,2026-09-23T19:32:40+00:00
2147,RCAEval recursive service-fault CSV windows,RE2/RE2-TT/ts-travel-service_delay/1/tracets_lat.csv,51044,sha256 calculado,056a0e84e906eeb7b00054ad9be7906e8c0d2a2cb8d64290c5967474b00ffdfd,2026-09-23T19:32:40+00:00
2148,RCAEval recursive service-fault CSV windows,RE2/RE2-TT/ts-travel-service_delay/2/logs.csv,142042769,sha256 calculado,fc5400e8dd81a51634c513274633164687ddb350c026408516af28ad5d0cdea7,2026-09-23T19:32:40+00:00
2149,RCAEval recursive service-fault CSV windows,RE2/RE2-TT/ts-travel-service_delay/2/logts.csv,43644,sha256 calculado,39d9fb97be79795e87bd1b2622eacb2dcb2338b7551b0d416ceaa4a65d15fc8d,2026-09-23T19:32:40+00:00
2150,RCAEval recursive service-fault CSV windows,RE2/RE2-TT/ts-travel-service_delay/2/metrics.csv,26764606,sha256 calculado,7307b61dd95db58b070b09b03bcd7496df97dedf4352292a103a8110bfeae77b,2026-09-23T19:32:40+00:00
2151,RCAEval recursive service-fault CSV windows,RE2/RE2-TT/ts-travel-service_delay/2/simple_metrics.csv,6200524,sha256 calculado,74c117ffc14ea12827b349ff15b3e9f6a1668a7722da01dc7a50e1a92f85236f,2026-09-23T19:32:40+00:00
2152,RCAEval recursive service-fault CSV windows,RE2/RE2-TT/ts-travel-service_delay/2/traces.csv,126087891,sha256 calculado,1e0ca63dd5a624d9e7e3b310094ef4e1fcfd8aa1ff3d49bd1f2872b7010b9f0c,2026-09-23T19:32:41+00:00
2153,RCAEval recursive service-fault CSV windows,RE2/RE2-TT/ts-travel-service_delay/2/tracets_err.csv,68779,sha256 calculado,ee00103186c8118dc8ba607fa785d3a67ffac2b20f4ba014c63f889c3cc35929,2026-09-23T19:32:41+00:00
2154,RCAEval recursive service-fault CSV windows,RE2/RE2-TT/ts-travel-service_delay/2/tracets_lat.csv,54958,sha256 calculado,d8cc1f0901d53d9fe28c7de8f2bf04ab5ec84bcb1452a11e6155cad1b238fd17,2026-09-23T19:32:41+00:00
2155,RCAEval recursive service-fault CSV windows,RE2/RE2-TT/ts-travel-service_delay/3/logs.csv,167620443,sha256 calculado,0c65506bb01d716b36f96d5534a30e9cf3c77ddb049cb535929f081cd5da94a5,2026-09-23T19:32:41+00:00
2156,RCAEval recursive service-fault CSV windows,RE2/RE2-TT/ts-travel-service_delay/3/logts.csv,45593,sha256 calculado,7e99ac699a48077b17167db581d0b3d2cc3ba07d47640110e6c00be663b9b274,2026-09-23T19:32:41+00:00
2157,RCAEval recursive service-fault CSV windows,RE2/RE2-TT/ts-travel-service_delay/3/metrics.csv,26823412,sha256 calculado,a4f8894d4b1f9bd5ed9240a080f3e294ad5e8da731f09e8015a85bf2242753c6,2026-09-23T19:32:42+00:00
2158,RCAEval recursive service-fault CSV windows,RE2/RE2-TT/ts-travel-service_delay/3/simple_metrics.csv,6218861,sha256 calculado,bf002940a39e9c89d27cf24d40e16ca9125926d06b42f9078a1bd488b1e788cf,2026-09-23T19:32:42+00:00
2159,RCAEval recursive service-fault CSV windows,RE2/RE2-TT/ts-travel-service_delay/3/traces.csv,144650187,sha256 calculado,e514b3e136855cf8adb4b153419b1255b9b6f605085f006125fe8e66721ccc57,2026-09-23T19:32:42+00:00
2160,RCAEval recursive service-fault CSV windows,RE2/RE2-TT/ts-travel-service_delay/3/tracets_err.csv,67972,sha256 calculado,5d1608896b191fc20a7ddc76e7df8ee3186a90658bfb0bda6df7f9dcb7e66260,2026-09-23T19:32:42+00:00
2161,RCAEval recursive service-fault CSV windows,RE2/RE2-TT/ts-travel-service_delay/3/tracets_lat.csv,49674,sha256 calculado,41494d4d1b5874ed76a7bbb09ec07e35ec9a635eb2ca30ec84d9b569d9243be9,2026-09-23T19:32:42+00:00
2162,RCAEval recursive service-fault CSV windows,RE2/RE2-TT/ts-travel-service_disk/1/logs.csv,159021184,sha256 calculado,f5d78e7b8674f894e7a23475b11357eb930eab9c83e8dd0e1c80a003b185962e,2026-09-23T19:32:43+00:00
2163,RCAEval recursive service-fault CSV windows,RE2/RE2-TT/ts-travel-service_disk/1/logts.csv,50051,sha256 calculado,0190a936c973dd816c3ed262ecd7ca862b43bc06826feea63e29938623b0fadc,2026-09-23T19:32:43+00:00
2164,RCAEval recursive service-fault CSV windows,RE2/RE2-TT/ts-travel-service_disk/1/metrics.csv,26876236,sha256 calculado,805042ab60d6a7597527248328a2b831f697c8c31e492f37ab5fd55c949ef7f2,2026-09-23T19:32:43+00:00
2165,RCAEval recursive service-fault CSV windows,RE2/RE2-TT/ts-travel-service_disk/1/simple_metrics.csv,6221099,sha256 calculado,1164bda3da2312276b09fdb019ef49b175d4c76f1fe020abb064a6153f70720d,2026-09-23T19:32:43+00:00
2166,RCAEval recursive service-fault CSV windows,RE2/RE2-TT/ts-travel-service_disk/1/traces.csv,137258172,sha256 calculado,f39d9186a3cd92e34e898e306fa1c8616cd6b03aa185792b84675eb2055cf7da,2026-09-23T19:32:44+00:00
2167,RCAEval recursive service-fault CSV windows,RE2/RE2-TT/ts-travel-service_disk/1/tracets_err.csv,68241,sha256 calculado,f8b496805e225f4fd44980307d9ecc5b7a6073deee76f3cfd044aea1fb83de03,2026-09-23T19:32:44+00:00
2168,RCAEval recursive service-fault CSV windows,RE2/RE2-TT/ts-travel-service_disk/1/tracets_lat.csv,58156,sha256 calculado,cd6afd56538f76163de25ce71fbba77b20e4ecb36aa53c6297f52b30400ae9e2,2026-09-23T19:32:44+00:00
2169,RCAEval recursive service-fault CSV windows,RE2/RE2-TT/ts-travel-service_disk/2/logs.csv,14148753,sha256 calculado,016a5945e9e5e6bcc46373006011a0019c99784728da28c71e636250610c6e6a,2026-09-23T19:32:44+00:00
2170,RCAEval recursive service-fault CSV windows,RE2/RE2-TT/ts-travel-service_disk/2/logts.csv,12056,sha256 calculado,3f986e4b92024573ff558cb0bfe0697d94b110c773b5b9f77daa8ddba0738456,2026-09-23T19:32:44+00:00
2171,RCAEval recursive service-fault CSV windows,RE2/RE2-TT/ts-travel-service_disk/2/metrics.csv,25691790,sha256 calculado,0e6f4fd5f135402a5a7775d7d5b95c8d71693bf33fd6e0e3e58b4295d375726c,2026-09-23T19:32:44+00:00
2172,RCAEval recursive service-fault CSV windows,RE2/RE2-TT/ts-travel-service_disk/2/simple_metrics.csv,5955944,sha256 calculado,a8b3ce27f5d3c4d9426fc8c3de16842e08c86a5f8ce94f4243f4a6cb00cdebc7,2026-09-23T19:32:44+00:00
2173,RCAEval recursive service-fault CSV windows,RE2/RE2-TT/ts-travel-service_disk/2/traces.csv,25438518,sha256 calculado,37aa3bc28f53e48401d9894d963382555fc4283b8a87551b9d9c165dba4f712b,2026-09-23T19:32:44+00:00
2174,RCAEval recursive service-fault CSV windows,RE2/RE2-TT/ts-travel-service_disk/2/tracets_err.csv,36053,sha256 calculado,06ec12105626264b566bd7335770a5162abc6af3ba2be0addced1ab3ed1c4a01,2026-09-23T19:32:44+00:00
2175,RCAEval recursive service-fault CSV windows,RE2/RE2-TT/ts-travel-service_disk/2/tracets_lat.csv,26069,sha256 calculado,69aa9c492a635065070c03bf006f0fef7cfb79456d8ae2549becf6aeb1f8aade,2026-09-23T19:32:44+00:00
2176,RCAEval recursive service-fault CSV windows,RE2/RE2-TT/ts-travel-service_disk/3/logs.csv,14270087,sha256 calculado,18fcb64d9c536c2767933714787167fa562882a909e2b39f242a9ffea61be807,2026-09-23T19:32:44+00:00
2177,RCAEval recursive service-fault CSV windows,RE2/RE2-TT/ts-travel-service_disk/3/logts.csv,34876,sha256 calculado,36c6eba4ffbd063271a9c2887db699f9be7c438ef46b6e7b3b217bcb6b4a3935,2026-09-23T19:32:44+00:00
2178,RCAEval recursive service-fault CSV windows,RE2/RE2-TT/ts-travel-service_disk/3/metrics.csv,25702303,sha256 calculado,a980b82420f699168e5fd72f78b33fc871b079ec31d20dc0b85d136cb2403432,2026-09-23T19:32:45+00:00
2179,RCAEval recursive service-fault CSV windows,RE2/RE2-TT/ts-travel-service_disk/3/simple_metrics.csv,5969867,sha256 calculado,e934b2e6119c5fb0476849df895bed7312e788090c6a08a4aefc1171bddacd61,2026-09-23T19:32:45+00:00
2180,RCAEval recursive service-fault CSV windows,RE2/RE2-TT/ts-travel-service_disk/3/traces.csv,25333134,sha256 calculado,4a736bce5cb23536fc42c3157f81fc96e756952fcfe80c109135dbc22a33fa17,2026-09-23T19:32:45+00:00
2181,RCAEval recursive service-fault CSV windows,RE2/RE2-TT/ts-travel-service_disk/3/tracets_err.csv,34095,sha256 calculado,b9ce216d4c77e2646a768217a6f528285df60276ab1181069218bdf2f238bcd6,2026-09-23T19:32:45+00:00
2182,RCAEval recursive service-fault CSV windows,RE2/RE2-TT/ts-travel-service_disk/3/tracets_lat.csv,29051,sha256 calculado,74339983d0ccb34a165f8bc7cf4e4092020f45dc55ea3d22eff03123e378b39e,2026-09-23T19:32:45+00:00
2183,RCAEval recursive service-fault CSV windows,RE2/RE2-TT/ts-travel-service_loss/1/logs.csv,129678782,sha256 calculado,806432e6bab8c53d0055748356a0162cc75669bd2610125538c8082a7c0dc3f5,2026-09-23T19:32:45+00:00
2184,RCAEval recursive service-fault CSV windows,RE2/RE2-TT/ts-travel-service_loss/1/logts.csv,42482,sha256 calculado,da3ae6ca971cb5cccd4f87b39a2fd400835a554a6926e0e3e9f2e5c319285bf4,2026-09-23T19:32:45+00:00
2185,RCAEval recursive service-fault CSV windows,RE2/RE2-TT/ts-travel-service_loss/1/metrics.csv,26722345,sha256 calculado,85dd167156439db3a2affae44301d33b667807080e8e9edb994bae7c4e5e53ab,2026-09-23T19:32:45+00:00
2186,RCAEval recursive service-fault CSV windows,RE2/RE2-TT/ts-travel-service_loss/1/simple_metrics.csv,6196163,sha256 calculado,91c3f2401e067c42855d54d0ff00d797e1f0398a7e53b0b28da220bb028fccde,2026-09-23T19:32:46+00:00
2187,RCAEval recursive service-fault CSV windows,RE2/RE2-TT/ts-travel-service_loss/1/traces.csv,134361533,sha256 calculado,278080b70fca9f00d7cab45858b2aa61b291eb37d66fccdd0ba76dbc207e8cbe,2026-09-23T19:32:46+00:00
2188,RCAEval recursive service-fault CSV windows,RE2/RE2-TT/ts-travel-service_loss/1/tracets_err.csv,68380,sha256 calculado,07f8590373ba6fdd08824d92d7c5744398babbf5d1110d00ce7e2fad44cffff5,2026-09-23T19:32:46+00:00
2189,RCAEval recursive service-fault CSV windows,RE2/RE2-TT/ts-travel-service_loss/1/tracets_lat.csv,54620,sha256 calculado,aa3899a3710bae84116d7ff23f62d5dfa9e7b0bcc92c6a6023f9d6b4bde0a8f0,2026-09-23T19:32:46+00:00
2190,RCAEval recursive service-fault CSV windows,RE2/RE2-TT/ts-travel-service_loss/2/logs.csv,201434143,sha256 calculado,0c1cf0912114c9faee6f850f8ffe8e4e4f6fd1abc365bae0406e35bbc5b91da2,2026-09-23T19:32:47+00:00
2191,RCAEval recursive service-fault CSV windows,RE2/RE2-TT/ts-travel-service_loss/2/logts.csv,43776,sha256 calculado,9f0394fff9b3ace859dbc00a3812d9dd45d7e2d9be9b797b5d7ed1ab208c4310,2026-09-23T19:32:47+00:00
2192,RCAEval recursive service-fault CSV windows,RE2/RE2-TT/ts-travel-service_loss/2/metrics.csv,26918471,sha256 calculado,9789e2a5a4b1ae980a5c442cb7f19335be3ee54f9f993f4bb7afdb95f8d56274,2026-09-23T19:32:47+00:00
2193,RCAEval recursive service-fault CSV windows,RE2/RE2-TT/ts-travel-service_loss/2/simple_metrics.csv,6270745,sha256 calculado,00c9223b5ef04927e6d78dcb1b19a74743eb71ef029aacfe0c6345363ad6ccc0,2026-09-23T19:32:47+00:00
2194,RCAEval recursive service-fault CSV windows,RE2/RE2-TT/ts-travel-service_loss/2/traces.csv,184796249,sha256 calculado,2838e15375a4ea1744e23f71eb1e229477be98979d5dc368d5d434b8b1c50aec,2026-09-23T19:32:48+00:00
2195,RCAEval recursive service-fault CSV windows,RE2/RE2-TT/ts-travel-service_loss/2/tracets_err.csv,68698,sha256 calculado,26453f5691ea4d6862a7685824408514a64d31dd2f739b77888b1d02116583f7,2026-09-23T19:32:48+00:00
2196,RCAEval recursive service-fault CSV windows,RE2/RE2-TT/ts-travel-service_loss/2/tracets_lat.csv,53096,sha256 calculado,54308572cbdcc5a0695737a5ba1eb8d342f6aa625da9893bba1b98db3b7059a3,2026-09-23T19:32:48+00:00
2197,RCAEval recursive service-fault CSV windows,RE2/RE2-TT/ts-travel-service_loss/3/logs.csv,163155897,sha256 calculado,3cb076f613c7582d7389651dbec3965aacebfcd655f6ea937c2581fa627c0e87,2026-09-23T19:32:48+00:00
2198,RCAEval recursive service-fault CSV windows,RE2/RE2-TT/ts-travel-service_loss/3/logts.csv,42316,sha256 calculado,8c7d121c2f2abcb7809749709c7a94166330654786284baa95d717cc39004e77,2026-09-23T19:32:49+00:00
2199,RCAEval recursive service-fault CSV windows,RE2/RE2-TT/ts-travel-service_loss/3/metrics.csv,26749773,sha256 calculado,6c33f6474b5868c45ffd859a99ae865235e90ea2242ec01e22e2dddb00bfb648,2026-09-23T19:32:49+00:00
2200,RCAEval recursive service-fault CSV windows,RE2/RE2-TT/ts-travel-service_loss/3/simple_metrics.csv,6214195,sha256 calculado,0bb951786e2508158d2108d06bb51356425dfffe8f8c95be3ec05bed8a719ac2,2026-09-23T19:32:49+00:00
2201,RCAEval recursive service-fault CSV windows,RE2/RE2-TT/ts-travel-service_loss/3/traces.csv,155855010,sha256 calculado,2f6a911ce7d7d2883a0324e81ceba3dfd2ee2235aecfc13f115503f550fba142,2026-09-23T19:32:50+00:00
2202,RCAEval recursive service-fault CSV windows,RE2/RE2-TT/ts-travel-service_loss/3/tracets_err.csv,68383,sha256 calculado,15fe2a3b5ee17cbc3393c81e45130a1f3b96b4a59d704298f95e3088e1496462,2026-09-23T19:32:50+00:00
2203,RCAEval recursive service-fault CSV windows,RE2/RE2-TT/ts-travel-service_loss/3/tracets_lat.csv,42521,sha256 calculado,3b14c26fc4a7b1c98984f1c94625ce85f85006893755e20ffdfeb7fcb9df202d,2026-09-23T19:32:50+00:00
2204,RCAEval recursive service-fault CSV windows,RE2/RE2-TT/ts-travel-service_mem/1/logs.csv,131876749,sha256 calculado,d904aeb9a6fda7df7128fec787bc06497a0e966f7b990c8a2716b5beec5fcecf,2026-09-23T19:32:50+00:00
2205,RCAEval recursive service-fault CSV windows,RE2/RE2-TT/ts-travel-service_mem/1/logts.csv,42115,sha256 calculado,b8d41f0901ee6cc27d1b86a6441b6f50c8b781f6caef385eb12a6960af4d9baa,2026-09-23T19:32:50+00:00
2206,RCAEval recursive service-fault CSV windows,RE2/RE2-TT/ts-travel-service_mem/1/metrics.csv,26796459,sha256 calculado,b605147b28f9b9ae66a466e3e96b3c82c0a0bf8af09c0b0fc4cd5659dc7417af,2026-09-23T19:32:50+00:00
2207,RCAEval recursive service-fault CSV windows,RE2/RE2-TT/ts-travel-service_mem/1/simple_metrics.csv,6221494,sha256 calculado,cb12d92e410bcd80b88b0fda0fa58686af2acb819c9f43cce9bbc9538603cb7a,2026-09-23T19:32:50+00:00
2208,RCAEval recursive service-fault CSV windows,RE2/RE2-TT/ts-travel-service_mem/1/traces.csv,126156946,sha256 calculado,1f70a2b6f4f60613e7447020633775de98b1395d238e333c934cb83517351235,2026-09-23T19:32:51+00:00
2209,RCAEval recursive service-fault CSV windows,RE2/RE2-TT/ts-travel-service_mem/1/tracets_err.csv,68305,sha256 calculado,15d2df1af3ac784e19480107855b9042eb32fd6ab945a51b91b8845651f19d54,2026-09-23T19:32:51+00:00
2210,RCAEval recursive service-fault CSV windows,RE2/RE2-TT/ts-travel-service_mem/1/tracets_lat.csv,42639,sha256 calculado,cc7dcfed4397a125c7da78bfc924f1226a65eadb0afc22ffaf4cf6f31246ba1f,2026-09-23T19:32:51+00:00
2211,RCAEval recursive service-fault CSV windows,RE2/RE2-TT/ts-travel-service_mem/2/logs.csv,151176053,sha256 calculado,20a3b54fea8ebc60e7dda09f792a496018bd0c825110144ae64646c49cfa51bf,2026-09-23T19:32:51+00:00
2212,RCAEval recursive service-fault CSV windows,RE2/RE2-TT/ts-travel-service_mem/2/logts.csv,50475,sha256 calculado,974450d66e526e5bb38065606f0a566de8915859bcdba08190f1601cb88ea0e3,2026-09-23T19:32:51+00:00
2213,RCAEval recursive service-fault CSV windows,RE2/RE2-TT/ts-travel-service_mem/2/metrics.csv,26715090,sha256 calculado,a1149d3062e118b4b134e9e5fddd0d7ff6b23f3942d4c9d8116479d071436de3,2026-09-23T19:32:52+00:00
2214,RCAEval recursive service-fault CSV windows,RE2/RE2-TT/ts-travel-service_mem/2/simple_metrics.csv,6208091,sha256 calculado,180e9f38ca5903055c6f2a078afd2f502f87d06247a88084942a5051b28f51dc,2026-09-23T19:32:52+00:00
2215,RCAEval recursive service-fault CSV windows,RE2/RE2-TT/ts-travel-service_mem/2/traces.csv,135424031,sha256 calculado,d1fa94c2f51dcca260b0a883eed7759c66635233a7ba555d10ae9cc1a5754bce,2026-09-23T19:32:52+00:00
2216,RCAEval recursive service-fault CSV windows,RE2/RE2-TT/ts-travel-service_mem/2/tracets_err.csv,68764,sha256 calculado,d4045e64fa9efd5acb36b8f5952f88c1e5fe89f46230892a01aa27429f429dae,2026-09-23T19:32:52+00:00
2217,RCAEval recursive service-fault CSV windows,RE2/RE2-TT/ts-travel-service_mem/2/tracets_lat.csv,49617,sha256 calculado,b911668f435856cf52d05c7d464e6cdf43fa838a8c9d02d9e7077d63e8fec972,2026-09-23T19:32:52+00:00
2218,RCAEval recursive service-fault CSV windows,RE2/RE2-TT/ts-travel-service_mem/3/logs.csv,73040246,sha256 calculado,845eab05c01d674e5ce3090293e0df8bcd17ecbedc1fb8dd1d218a9fa7079f91,2026-09-23T19:32:52+00:00
2219,RCAEval recursive service-fault CSV windows,RE2/RE2-TT/ts-travel-service_mem/3/logts.csv,42009,sha256 calculado,bebcbc4634b766886a683743da375be28767cf6bf3b53a930e360bedf0f30451,2026-09-23T19:32:52+00:00
2220,RCAEval recursive service-fault CSV windows,RE2/RE2-TT/ts-travel-service_mem/3/metrics.csv,26666213,sha256 calculado,54c96a38ca01a71d54198001e7af933c155f25a2d211ff352f4a5f94c4715cf3,2026-09-23T19:32:53+00:00
2221,RCAEval recursive service-fault CSV windows,RE2/RE2-TT/ts-travel-service_mem/3/simple_metrics.csv,6170118,sha256 calculado,dfc4a52dc372e938a5805b3d18ed7e7b736949d92f17c1d1cbcc425edead4202,2026-09-23T19:32:53+00:00
2222,RCAEval recursive service-fault CSV windows,RE2/RE2-TT/ts-travel-service_mem/3/traces.csv,90359678,sha256 calculado,5234616d09e007f8b39c928420e5f1b67773da9a84c3db789d813cd321fb1972,2026-09-23T19:32:53+00:00
2223,RCAEval recursive service-fault CSV windows,RE2/RE2-TT/ts-travel-service_mem/3/tracets_err.csv,67161,sha256 calculado,bcdca3a456c8e8e638573bebc49dc99ecf15da2e6b5e0ac05c1a603e1ff96255,2026-09-23T19:32:53+00:00
2224,RCAEval recursive service-fault CSV windows,RE2/RE2-TT/ts-travel-service_mem/3/tracets_lat.csv,55225,sha256 calculado,dc50cd2fec0ac722d11c7d67fa13f4c6bfd8696fa59bcce891cc37025e8daa4b,2026-09-23T19:32:53+00:00
2225,RCAEval recursive service-fault CSV windows,RE2/RE2-TT/ts-travel-service_socket/1/logs.csv,14306370,sha256 calculado,d9ba15dc0a8cd3f365eeff4d99beb1cee1fdcd1d93d41a41c86a4f73ae55a518,2026-09-23T19:32:53+00:00
2226,RCAEval recursive service-fault CSV windows,RE2/RE2-TT/ts-travel-service_socket/1/logts.csv,29400,sha256 calculado,618167df4a89efebe28820fdc2acf176879e337e426f6b2b20dc2bc26ccdc296,2026-09-23T19:32:53+00:00
2227,RCAEval recursive service-fault CSV windows,RE2/RE2-TT/ts-travel-service_socket/1/metrics.csv,25683531,sha256 calculado,abd5167e6a169d413ea52d91b1bd5e93c6be18a9736f0205d1fc6be120054c74,2026-09-23T19:32:53+00:00
2228,RCAEval recursive service-fault CSV windows,RE2/RE2-TT/ts-travel-service_socket/1/simple_metrics.csv,5950713,sha256 calculado,3f15ee855fed77d57dd52c3fac28449e10b9c419fe85e1aa6d0318795d89d026,2026-09-23T19:32:53+00:00
2229,RCAEval recursive service-fault CSV windows,RE2/RE2-TT/ts-travel-service_socket/1/traces.csv,24902853,sha256 calculado,dc389bc07ac30a0ab782346bb7ae9077f23ed31f69b98164b4910de8ec2b30c1,2026-09-23T19:32:53+00:00
2230,RCAEval recursive service-fault CSV windows,RE2/RE2-TT/ts-travel-service_socket/1/tracets_err.csv,34236,sha256 calculado,2e11d7d51e670739c3037b236faba22cf2a67145f504f7cf9a6d1f4fc39ce755,2026-09-23T19:32:54+00:00
2231,RCAEval recursive service-fault CSV windows,RE2/RE2-TT/ts-travel-service_socket/1/tracets_lat.csv,23380,sha256 calculado,7d1a1749b392fe91229cf99b44a6ec5477997d6c0712c1427ba712e8af36b614,2026-09-23T19:32:54+00:00
2232,RCAEval recursive service-fault CSV windows,RE2/RE2-TT/ts-travel-service_socket/2/logs.csv,85229290,sha256 calculado,d77c2e2a847a11a371ead5d62560e36606dd8b2f6d30c83125d82f552a24aa6f,2026-09-23T19:32:54+00:00
2233,RCAEval recursive service-fault CSV windows,RE2/RE2-TT/ts-travel-service_socket/2/logts.csv,42826,sha256 calculado,a410d9e446ec0002df916a04de7cb2b029fffa83c10b3c637ee45fa5c54098e3,2026-09-23T19:32:54+00:00
2234,RCAEval recursive service-fault CSV windows,RE2/RE2-TT/ts-travel-service_socket/2/metrics.csv,27071444,sha256 calculado,a27143a5254a8804ee024721eff9200d9262b3d35c19029a25031bf058409fcc,2026-09-23T19:32:54+00:00
2235,RCAEval recursive service-fault CSV windows,RE2/RE2-TT/ts-travel-service_socket/2/simple_metrics.csv,6225192,sha256 calculado,91b9570db9e59b85b2bb220d46d24d40fa90cc66e124a7291e53db61942c2502,2026-09-23T19:32:54+00:00
2236,RCAEval recursive service-fault CSV windows,RE2/RE2-TT/ts-travel-service_socket/2/traces.csv,103064443,sha256 calculado,aee0f01fa6db775b32ed4015bdeaea6d7d7a5b48da7cb2261078927033d940f6,2026-09-23T19:32:54+00:00
2237,RCAEval recursive service-fault CSV windows,RE2/RE2-TT/ts-travel-service_socket/2/tracets_err.csv,67629,sha256 calculado,3f7dba75a67faccd9bf88a45435afd00a66694b8926f61af9d58d39766de6c59,2026-09-23T19:32:54+00:00
2238,RCAEval recursive service-fault CSV windows,RE2/RE2-TT/ts-travel-service_socket/2/tracets_lat.csv,50047,sha256 calculado,a59e6dc7864b67895071f538576f495d31d2ba35b82e1ffc3fc4905106b01e97,2026-09-23T19:32:54+00:00
2239,RCAEval recursive service-fault CSV windows,RE2/RE2-TT/ts-travel-service_socket/3/logs.csv,118510766,sha256 calculado,da749a03aad84e5b546d53c8099e472be24a96dd47009ea0c81f88ac6d771444,2026-09-23T19:32:55+00:00
2240,RCAEval recursive service-fault CSV windows,RE2/RE2-TT/ts-travel-service_socket/3/logts.csv,41954,sha256 calculado,8200cbfef3897b7717f2f9f78ea73f1a89b1d4d6ab3aabce1048c0f250887a0a,2026-09-23T19:32:55+00:00
2241,RCAEval recursive service-fault CSV windows,RE2/RE2-TT/ts-travel-service_socket/3/metrics.csv,26845434,sha256 calculado,a685199adcd42f09b91b3b156330cdae207fa67367aad1cd333f1415f98d4fd7,2026-09-23T19:32:55+00:00
2242,RCAEval recursive service-fault CSV windows,RE2/RE2-TT/ts-travel-service_socket/3/simple_metrics.csv,6202943,sha256 calculado,fae9d6be95a17553ffcc1e465c06b8cd59f44ffcb4d97fcb45887a9611b90a4e,2026-09-23T19:32:55+00:00
2243,RCAEval recursive service-fault CSV windows,RE2/RE2-TT/ts-travel-service_socket/3/traces.csv,120086935,sha256 calculado,574014f2dc13cc1125099fba64da8aa25f64608df90d061635c9b273c455ebf7,2026-09-23T19:32:55+00:00
2244,RCAEval recursive service-fault CSV windows,RE2/RE2-TT/ts-travel-service_socket/3/tracets_err.csv,68383,sha256 calculado,44e274d418223349724d8c9309a88063324236d7c63792c62053cae298000244,2026-09-23T19:32:55+00:00
2245,RCAEval recursive service-fault CSV windows,RE2/RE2-TT/ts-travel-service_socket/3/tracets_lat.csv,54813,sha256 calculado,7c9865f13e311c3edc46c60f0c18db3f24ec861056e0241b6a0643186821b4da,2026-09-23T19:32:55+00:00
2246,RCAEval recursive service-fault CSV windows,RE3/RE3-OB/adservice_f3/1/logs.csv,11129186,sha256 calculado,1d5ead7af8ff21b93e0d7350b050b56d419e42e14ea210266acc605e7d1d1c7b,2026-09-23T19:32:56+00:00
2247,RCAEval recursive service-fault CSV windows,RE3/RE3-OB/adservice_f3/1/metrics.csv,6241421,sha256 calculado,7f2d932acc03896d7fe9b71d2ff3a03ceaf87c3eed071d7094505630b6fcfd2a,2026-09-23T19:32:56+00:00
2248,RCAEval recursive service-fault CSV windows,RE3/RE3-OB/adservice_f3/1/simple_metrics.csv,1130519,sha256 calculado,d3ed7bfa79d0a72685979efa801d6eb1d307f0c554d671586d1712e99f1ccd8a,2026-09-23T19:32:56+00:00
2249,RCAEval recursive service-fault CSV windows,RE3/RE3-OB/adservice_f3/1/traces.csv,29613484,sha256 calculado,c0b23303b448fff4a2629514184da2e47e20c2e183cd4b04a420f15cfe216e1e,2026-09-23T19:32:56+00:00
2250,RCAEval recursive service-fault CSV windows,RE3/RE3-OB/adservice_f3/2/logs.csv,10891470,sha256 calculado,7185f245418a2fd44e882b9fcd4657d02cf530d43359d4dbbc598b457cfe9c03,2026-09-23T19:32:56+00:00
2251,RCAEval recursive service-fault CSV windows,RE3/RE3-OB/adservice_f3/2/metrics.csv,6516944,sha256 calculado,ec55c89c6f501f0cb633a6a4e8f06600131138a2306b901e79114ea9e2ed2015,2026-09-23T19:32:56+00:00
2252,RCAEval recursive service-fault CSV windows,RE3/RE3-OB/adservice_f3/2/simple_metrics.csv,1195528,sha256 calculado,ea512876647753e58de53e866baaeb92dfdfa10982fc9768de0bc5e3bf241bab,2026-09-23T19:32:56+00:00
2253,RCAEval recursive service-fault CSV windows,RE3/RE3-OB/adservice_f3/2/traces.csv,29030059,sha256 calculado,abedc15dc3b8682181acaaf5f26115b471dcca58f562035bea8ae09a028a7e87,2026-09-23T19:32:56+00:00
2254,RCAEval recursive service-fault CSV windows,RE3/RE3-OB/adservice_f3/3/logs.csv,10888016,sha256 calculado,b4c37f6a4adabe4a7e2ee27f5967bd566690d9480386fba0d49c5cf402835fc2,2026-09-23T19:32:56+00:00
2255,RCAEval recursive service-fault CSV windows,RE3/RE3-OB/adservice_f3/3/metrics.csv,6471651,sha256 calculado,6240c73e4ab3eb1e08495a191ec75f746cf30eddb048d89bfd9905eb10860f2d,2026-09-23T19:32:56+00:00
2256,RCAEval recursive service-fault CSV windows,RE3/RE3-OB/adservice_f3/3/simple_metrics.csv,1178810,sha256 calculado,c3e8339f3b98903ed7603e52064c275aa55abe4d5a0e12b29e0fc8cde24c2819,2026-09-23T19:32:56+00:00
2257,RCAEval recursive service-fault CSV windows,RE3/RE3-OB/adservice_f3/3/traces.csv,29311339,sha256 calculado,014b36886649f7a8347b4535911e9d12698daebf54ded641b5a31f5beb3125d7,2026-09-23T19:32:56+00:00
2258,RCAEval recursive service-fault CSV windows,RE3/RE3-OB/adservice_f4/1/logs.csv,14060930,sha256 calculado,44fe674df37d78b2938b849ee53d6330b0a1713c8020e29ecc67c6598d4d6914,2026-09-23T19:32:56+00:00
2259,RCAEval recursive service-fault CSV windows,RE3/RE3-OB/adservice_f4/1/metrics.csv,6226453,sha256 calculado,d82ac9d1a950fdbca9e6b4b9b2fda2878bdb3799e63943e5619b2384681f565e,2026-09-23T19:32:57+00:00
2260,RCAEval recursive service-fault CSV windows,RE3/RE3-OB/adservice_f4/1/simple_metrics.csv,1129536,sha256 calculado,5ed579c9b6de36b35bcdb6fce4cb60ca8e6e6d8447b7bbb344945d30a655d76b,2026-09-23T19:32:57+00:00
2261,RCAEval recursive service-fault CSV windows,RE3/RE3-OB/adservice_f4/1/traces.csv,29461704,sha256 calculado,1bd9c5d1f9e6805291e5e52b6db92872bcd3630418d79b98cbdb7848ff160898,2026-09-23T19:32:57+00:00
2262,RCAEval recursive service-fault CSV windows,RE3/RE3-OB/adservice_f4/2/logs.csv,14090072,sha256 calculado,8548730343ef7f56ff5a1577d66efde48bfd7e0ae2c5906138f968bd946b8648,2026-09-23T19:32:57+00:00
2263,RCAEval recursive service-fault CSV windows,RE3/RE3-OB/adservice_f4/2/metrics.csv,6232078,sha256 calculado,06a859a1fd57105e93b6644f9854f687279cca4e3b439f185ec54a757a66b51e,2026-09-23T19:32:57+00:00
2264,RCAEval recursive service-fault CSV windows,RE3/RE3-OB/adservice_f4/2/simple_metrics.csv,1136706,sha256 calculado,00d33e4c0195dc9a9dfae8c778f3a720bd0b71fe95c9345142df13bc495f719a,2026-09-23T19:32:57+00:00
2265,RCAEval recursive service-fault CSV windows,RE3/RE3-OB/adservice_f4/2/traces.csv,29514817,sha256 calculado,052ff40588589c421aba594e73e3dc7284cadf17af8bdb7b9e2f8ee6ed7a3dc8,2026-09-23T19:32:57+00:00
2266,RCAEval recursive service-fault CSV windows,RE3/RE3-OB/adservice_f4/3/logs.csv,14021566,sha256 calculado,9c377a4edfd4c99655c23db9cb2c47428c4c72ab3f4527e2b0099cfde3fdb5a0,2026-09-23T19:32:57+00:00
2267,RCAEval recursive service-fault CSV windows,RE3/RE3-OB/adservice_f4/3/metrics.csv,6195363,sha256 calculado,dd14bea02592a3d5adad17029cc529d45e06089b6fcd738b6b64ed8f293af288,2026-09-23T19:32:57+00:00
2268,RCAEval recursive service-fault CSV windows,RE3/RE3-OB/adservice_f4/3/simple_metrics.csv,1113285,sha256 calculado,a50e77080e1549389cd06d58ee0ce7080d62358afd59cda1ed1af576d327a54d,2026-09-23T19:32:57+00:00
2269,RCAEval recursive service-fault CSV windows,RE3/RE3-OB/adservice_f4/3/traces.csv,29704442,sha256 calculado,bf0a63271c00048ad85f07faf95c60736539b71ebd2bd8c5e75992917b47bec3,2026-09-23T19:32:57+00:00
2270,RCAEval recursive service-fault CSV windows,RE3/RE3-OB/adservice_f5/1/logs.csv,10867881,sha256 calculado,dadfbc8628c9e92b1770a1ad339f7e67c721daf25eac6cb5427cf19d0cebfd7d,2026-09-23T19:32:57+00:00
2271,RCAEval recursive service-fault CSV windows,RE3/RE3-OB/adservice_f5/1/metrics.csv,6071492,sha256 calculado,56fba9a246945013800d9d76e91c212bacc683df8e0737e6232223f7b869ae1b,2026-09-23T19:32:57+00:00
2272,RCAEval recursive service-fault CSV windows,RE3/RE3-OB/adservice_f5/1/simple_metrics.csv,1086992,sha256 calculado,0345a0830b651185d403785eb7127c95195d4c08fd6d6e25aaea64c1af107af1,2026-09-23T19:32:57+00:00
2273,RCAEval recursive service-fault CSV windows,RE3/RE3-OB/adservice_f5/1/traces.csv,29152903,sha256 calculado,f52767a7e911d91b625c06618cec4efcb7cf41597d44da44a81cb29681be4a32,2026-09-23T19:32:58+00:00
2274,RCAEval recursive service-fault CSV windows,RE3/RE3-OB/adservice_f5/2/logs.csv,11062349,sha256 calculado,6f2a02b8326c9c757085a3f3f3a7d45ad99c9fe46d761193bf8469e9c93c17a1,2026-09-23T19:32:58+00:00
2275,RCAEval recursive service-fault CSV windows,RE3/RE3-OB/adservice_f5/2/metrics.csv,6105761,sha256 calculado,d2bfe6792b6b86f59f1c00f1719452c83a5da2f31e5be240a2befc256f8211e8,2026-09-23T19:32:58+00:00
2276,RCAEval recursive service-fault CSV windows,RE3/RE3-OB/adservice_f5/2/simple_metrics.csv,1098759,sha256 calculado,7f5fe4532fc0faed4df6d54779f9c3705cf9bafb3c4cdd8638c9b843db33fa8b,2026-09-23T19:32:58+00:00
2277,RCAEval recursive service-fault CSV windows,RE3/RE3-OB/adservice_f5/2/traces.csv,29405561,sha256 calculado,b0e27c87cbceae63c47b48fb54235f73f2cdd30d252f18a14da43a919c0d640f,2026-09-23T19:32:58+00:00
2278,RCAEval recursive service-fault CSV windows,RE3/RE3-OB/adservice_f5/3/logs.csv,10959206,sha256 calculado,22d2f4c31344d8044f51bf9ba318f17cd527a98c77afd9c838b3c4db3de596ab,2026-09-23T19:32:58+00:00
2279,RCAEval recursive service-fault CSV windows,RE3/RE3-OB/adservice_f5/3/metrics.csv,6088066,sha256 calculado,34e67323dc2e2a0ed068e840e520b5202676d82d7b52248ac274fbf8af7ace61,2026-09-23T19:32:58+00:00
2280,RCAEval recursive service-fault CSV windows,RE3/RE3-OB/adservice_f5/3/simple_metrics.csv,1090291,sha256 calculado,05c56b15078bf740fad0ba7842a153430cb00228bd7265e0aac4e99595200a2d,2026-09-23T19:32:58+00:00
2281,RCAEval recursive service-fault CSV windows,RE3/RE3-OB/adservice_f5/3/traces.csv,29352154,sha256 calculado,e7b6c119e1beab9a623095ace15c9ac8d662fb2b8ec42029bd0506ee0139a946,2026-09-23T19:32:58+00:00
2282,RCAEval recursive service-fault CSV windows,RE3/RE3-OB/cartservice_f1/1/logs.csv,10450087,sha256 calculado,4f0f8524826a2e94003ee672b2a5b5c1305233b0e6c45fa3c3e59f034fb09606,2026-09-23T19:32:58+00:00
2283,RCAEval recursive service-fault CSV windows,RE3/RE3-OB/cartservice_f1/1/metrics.csv,6213508,sha256 calculado,013132758d5107ee3b9a9023bd7a8100594a6c582e3b6326c3bfa8c74ef44100,2026-09-23T19:32:58+00:00
2284,RCAEval recursive service-fault CSV windows,RE3/RE3-OB/cartservice_f1/1/simple_metrics.csv,1125627,sha256 calculado,fd6d14247f2ac6b12d5e4ae64cacda2f9d9ab11fd643c02e5cff1d7b1cbc0d9b,2026-09-23T19:32:58+00:00
2285,RCAEval recursive service-fault CSV windows,RE3/RE3-OB/cartservice_f1/1/traces.csv,26648179,sha256 calculado,d4752897f1c7df0f6dd9d768c963fccf27e42d2504a8e68613c0a42d57d9ff4d,2026-09-23T19:32:59+00:00
2286,RCAEval recursive service-fault CSV windows,RE3/RE3-OB/cartservice_f1/2/logs.csv,10688890,sha256 calculado,cdbe7b5e7a606ee2a83b792c759d51d41ed99a0eb9b1d4b46e3bbc22745ca197,2026-09-23T19:32:59+00:00
2287,RCAEval recursive service-fault CSV windows,RE3/RE3-OB/cartservice_f1/2/metrics.csv,6260492,sha256 calculado,d7dddef2c8b87f8ab38ff16405a77fedfdfde48d9e465b220a8b0534082a771d,2026-09-23T19:32:59+00:00
2288,RCAEval recursive service-fault CSV windows,RE3/RE3-OB/cartservice_f1/2/simple_metrics.csv,1143157,sha256 calculado,4af869210b7b9c8ba8290bd85803769e5c064be5fce348ecde9da3758c9a1f63,2026-09-23T19:32:59+00:00
2289,RCAEval recursive service-fault CSV windows,RE3/RE3-OB/cartservice_f1/2/traces.csv,27043007,sha256 calculado,aa874ce1eaa90e5c82d2bf2125b436b8d4d6e75ff817ac07c80c9b57f23c7fb1,2026-09-23T19:32:59+00:00
2290,RCAEval recursive service-fault CSV windows,RE3/RE3-OB/cartservice_f1/3/logs.csv,10611724,sha256 calculado,d54c21b402dd166851b366f0b03c8a18e2c51a4ab14d60233f4aec59fe700c84,2026-09-23T19:32:59+00:00
2291,RCAEval recursive service-fault CSV windows,RE3/RE3-OB/cartservice_f1/3/metrics.csv,6227530,sha256 calculado,2a9ce229aed61185720cd1c9e9cce207c1bf36772f11ffec9c5813b3014407b1,2026-09-23T19:32:59+00:00
2292,RCAEval recursive service-fault CSV windows,RE3/RE3-OB/cartservice_f1/3/simple_metrics.csv,1123198,sha256 calculado,91f00a1c579a27c2797c06063fe46b5e17367dfa561ba17287b282fc8aaef15c,2026-09-23T19:32:59+00:00
2293,RCAEval recursive service-fault CSV windows,RE3/RE3-OB/cartservice_f1/3/traces.csv,27029001,sha256 calculado,998dd631cbcf280622bf1cf7e6c31f7d28de1fc232a8219916cd8e1aabc63448,2026-09-23T19:32:59+00:00
2294,RCAEval recursive service-fault CSV windows,RE3/RE3-OB/currencyservice_f1/1/logs.csv,9465033,sha256 calculado,7a91c3105a9d43be2b2f3abded9e8a6338700e1e875f82ed8cc76c730aa74633,2026-09-23T19:32:59+00:00
2295,RCAEval recursive service-fault CSV windows,RE3/RE3-OB/currencyservice_f1/1/metrics.csv,5911142,sha256 calculado,9f21939a781bb547467bc1819786924cad69f0df45d5066a35518a6cb638da14,2026-09-23T19:32:59+00:00
2296,RCAEval recursive service-fault CSV windows,RE3/RE3-OB/currencyservice_f1/1/simple_metrics.csv,1071585,sha256 calculado,305431ba06b731b99c8f3d20c6b075b29934badafd786f4d488de0a96b29c7e4,2026-09-23T19:32:59+00:00
2297,RCAEval recursive service-fault CSV windows,RE3/RE3-OB/currencyservice_f1/1/traces.csv,20777630,sha256 calculado,fb4a002790fc38fff098c3d58f1007f726d76e53d59f39fbd6d8ce3356f8f27b,2026-09-23T19:32:59+00:00
2298,RCAEval recursive service-fault CSV windows,RE3/RE3-OB/currencyservice_f1/2/logs.csv,9770644,sha256 calculado,91893ad449f5ab36e2ff5a9a4fa122231bdcc1926d6f9608ef731a7dfe298c12,2026-09-23T19:32:59+00:00
2299,RCAEval recursive service-fault CSV windows,RE3/RE3-OB/currencyservice_f1/2/metrics.csv,5960002,sha256 calculado,e6e76bf073f7ee1e395109c72faba96580c48eaadbbae7ad723c8f2b2ebca7f3,2026-09-23T19:33:00+00:00
2300,RCAEval recursive service-fault CSV windows,RE3/RE3-OB/currencyservice_f1/2/simple_metrics.csv,1082112,sha256 calculado,32f29da0b63bbbdf921ed3b1996d545a705b89bcf44638dee9fd69a9096ddac1,2026-09-23T19:33:00+00:00
2301,RCAEval recursive service-fault CSV windows,RE3/RE3-OB/currencyservice_f1/2/traces.csv,21292767,sha256 calculado,581a65a35738b1f87ff99479a664cf9591383b53c8e3dd936978a210611de700,2026-09-23T19:33:00+00:00
2302,RCAEval recursive service-fault CSV windows,RE3/RE3-OB/currencyservice_f1/3/logs.csv,9477956,sha256 calculado,0c68e1d4a5cd0c7e9a07d5b9822928c86405bb34d7836a21f2e6fc1319bf4ad1,2026-09-23T19:33:00+00:00
2303,RCAEval recursive service-fault CSV windows,RE3/RE3-OB/currencyservice_f1/3/metrics.csv,5980441,sha256 calculado,f38a23b69b559c4d5802fb6bb687164d07e20c02fcd5cb612f2779ba79cf2c47,2026-09-23T19:33:00+00:00
2304,RCAEval recursive service-fault CSV windows,RE3/RE3-OB/currencyservice_f1/3/simple_metrics.csv,1079379,sha256 calculado,597190a199f84bb64830788cfe142d757cc1598bc3485d83176a82ad977ed573,2026-09-23T19:33:00+00:00
2305,RCAEval recursive service-fault CSV windows,RE3/RE3-OB/currencyservice_f1/3/traces.csv,20896329,sha256 calculado,b4dd9969fb24b3ead7a262f1748529fe7da05731b73756da46002db80bab8b43,2026-09-23T19:33:00+00:00
2306,RCAEval recursive service-fault CSV windows,RE3/RE3-OB/emailservice_f1/1/logs.csv,11106711,sha256 calculado,863ba9e05fa5a30a485915a3398165bb168d3349ff21e289d4b5283725220b60,2026-09-23T19:33:00+00:00
2307,RCAEval recursive service-fault CSV windows,RE3/RE3-OB/emailservice_f1/1/metrics.csv,6100723,sha256 calculado,342d29125b7ff2f6a0d5cab30c2ad03e373e04a503704435e38bc56c2e27f47a,2026-09-23T19:33:00+00:00
2308,RCAEval recursive service-fault CSV windows,RE3/RE3-OB/emailservice_f1/1/simple_metrics.csv,1100791,sha256 calculado,9b87c3bab883d876ea26b09f26d157ecbfef59979aec9c814df4788c89117b8f,2026-09-23T19:33:00+00:00
2309,RCAEval recursive service-fault CSV windows,RE3/RE3-OB/emailservice_f1/1/traces.csv,29538448,sha256 calculado,d50941ab91481d0133c2b89e282254dd693452d929cee4c2c2126f9cd2957752,2026-09-23T19:33:00+00:00
2310,RCAEval recursive service-fault CSV windows,RE3/RE3-OB/emailservice_f1/2/logs.csv,11087755,sha256 calculado,1544af7086e40ab7725bb837e5f16f5c3acac8a77f3f530fb9a98fb04c070272,2026-09-23T19:33:00+00:00
2311,RCAEval recursive service-fault CSV windows,RE3/RE3-OB/emailservice_f1/2/metrics.csv,6153919,sha256 calculado,6372d1aa69bf6220d92f88cd38a6a46f59f07af9b0dadbfd2b45b0b50d816f83,2026-09-23T19:33:00+00:00
2312,RCAEval recursive service-fault CSV windows,RE3/RE3-OB/emailservice_f1/2/simple_metrics.csv,1110152,sha256 calculado,292970a6250842e8d49258e4b10bd0ee0f7775d5a8156c064166893037744cc3,2026-09-23T19:33:00+00:00
2313,RCAEval recursive service-fault CSV windows,RE3/RE3-OB/emailservice_f1/2/traces.csv,29293022,sha256 calculado,409afd24218c0cb6aea71e2ab2cd406f563ea65f158de87afe2de747bded5526,2026-09-23T19:33:01+00:00
2314,RCAEval recursive service-fault CSV windows,RE3/RE3-OB/emailservice_f1/3/logs.csv,10856695,sha256 calculado,9ee76d54ec0e87c21d1e81d1759e9637f8f61ab80eae64cc3fb579a3536a07ab,2026-09-23T19:33:01+00:00
2315,RCAEval recursive service-fault CSV windows,RE3/RE3-OB/emailservice_f1/3/metrics.csv,6133273,sha256 calculado,56aaed9d247a4eb13ae94665557eb1d7cf68a57bd12e7f253e87d396b70621f0,2026-09-23T19:33:01+00:00
2316,RCAEval recursive service-fault CSV windows,RE3/RE3-OB/emailservice_f1/3/simple_metrics.csv,1101817,sha256 calculado,9cb8f5376a80105f35ed970dc276f948f183cde31137041848fc59a2768a1799,2026-09-23T19:33:01+00:00
2317,RCAEval recursive service-fault CSV windows,RE3/RE3-OB/emailservice_f1/3/traces.csv,29100843,sha256 calculado,928492b3cacfb35a3b41d20a83358a1c4fecc153b90cd6738b6fe5d45050bce2,2026-09-23T19:33:01+00:00
2318,RCAEval recursive service-fault CSV windows,RE3/RE3-OB/emailservice_f2/1/logs.csv,11261085,sha256 calculado,bdcbae4ea35e12be0cb65244c12b5862a436f22fd2f426759dd8520362ecb734,2026-09-23T19:33:01+00:00
2319,RCAEval recursive service-fault CSV windows,RE3/RE3-OB/emailservice_f2/1/metrics.csv,6104721,sha256 calculado,eb84a14b1a0bee2a2dee8de55a551cebca8862238d75912aea56e399e35662e0,2026-09-23T19:33:01+00:00
2320,RCAEval recursive service-fault CSV windows,RE3/RE3-OB/emailservice_f2/1/simple_metrics.csv,1095715,sha256 calculado,c8c68ad7f3914d8786b0b9c0d362e9e50ab2e590dfd345b0ecc452caf9705574,2026-09-23T19:33:01+00:00
2321,RCAEval recursive service-fault CSV windows,RE3/RE3-OB/emailservice_f2/1/traces.csv,29814345,sha256 calculado,16e7b9ed3e969958f1426a5cbfe51575e77b3eb010113cc4d64b9733548e4233,2026-09-23T19:33:01+00:00
2322,RCAEval recursive service-fault CSV windows,RE3/RE3-OB/emailservice_f2/2/logs.csv,11129463,sha256 calculado,e2203a2c95b00c65e5171261f6bfb4a1081395288b8f05b1fc3a373af23b1710,2026-09-23T19:33:01+00:00
2323,RCAEval recursive service-fault CSV windows,RE3/RE3-OB/emailservice_f2/2/metrics.csv,6113894,sha256 calculado,6b4898c4c93120943edc73ee6ce944b9e87912300e506ee1629e7581a7d6a208,2026-09-23T19:33:01+00:00
2324,RCAEval recursive service-fault CSV windows,RE3/RE3-OB/emailservice_f2/2/simple_metrics.csv,1098281,sha256 calculado,f329ddc5e896739b73dedcb74680e351bd3917dd769ab2610c4dfb0cc7a6f6ea,2026-09-23T19:33:01+00:00
2325,RCAEval recursive service-fault CSV windows,RE3/RE3-OB/emailservice_f2/2/traces.csv,29492719,sha256 calculado,11b850413a4aea36cda218d507766b225eef799972b6c03ca4505a58c64f4bed,2026-09-23T19:33:02+00:00
2326,RCAEval recursive service-fault CSV windows,RE3/RE3-OB/emailservice_f2/3/logs.csv,11062719,sha256 calculado,5f6c8ef17a4b9c7d544eefdf1c3d0edd452492df9aae9f2188862c07e7fdc588,2026-09-23T19:33:02+00:00
2327,RCAEval recursive service-fault CSV windows,RE3/RE3-OB/emailservice_f2/3/metrics.csv,6130269,sha256 calculado,62957ec84c4d98f4b5990e2700fa53df03f63a2986e9bcb7c8b6d3da9225f30a,2026-09-23T19:33:02+00:00
2328,RCAEval recursive service-fault CSV windows,RE3/RE3-OB/emailservice_f2/3/simple_metrics.csv,1102822,sha256 calculado,494d841b7961a1dabb6ec095ee3869194f566948d66f4d1554182d44dfefa40a,2026-09-23T19:33:02+00:00
2329,RCAEval recursive service-fault CSV windows,RE3/RE3-OB/emailservice_f2/3/traces.csv,29245286,sha256 calculado,c680e251e08da736cc55462649620d26158f957fae32e34014c38cba62fe854a,2026-09-23T19:33:02+00:00
2330,RCAEval recursive service-fault CSV windows,RE3/RE3-OB/emailservice_f3/1/logs.csv,11031970,sha256 calculado,4e8df2b69771c3a3e1e4918d9d24d2c06730edfdf6c6b99b8d2a5baf17cc4046,2026-09-23T19:33:02+00:00
2331,RCAEval recursive service-fault CSV windows,RE3/RE3-OB/emailservice_f3/1/metrics.csv,6199844,sha256 calculado,a53726c165754db1776695e5ee25b6ae8c6fd7e07a5d95efab188ec410dbc32e,2026-09-23T19:33:02+00:00
2332,RCAEval recursive service-fault CSV windows,RE3/RE3-OB/emailservice_f3/1/simple_metrics.csv,1132705,sha256 calculado,d500430de7f5ddbf5d2989256fb0b57dfc35d4a81049213e337c20dc4b2175b9,2026-09-23T19:33:02+00:00
2333,RCAEval recursive service-fault CSV windows,RE3/RE3-OB/emailservice_f3/1/traces.csv,29101311,sha256 calculado,227f233ccafe518df077250961f80f74f2ebbd2ec60d8e5c60d5fb556faac41e,2026-09-23T19:33:02+00:00
2334,RCAEval recursive service-fault CSV windows,RE3/RE3-OB/emailservice_f3/2/logs.csv,11256178,sha256 calculado,09d7439d5173861e21dce5c798edfcd62b10e7294d7ca433b12621d977336fca,2026-09-23T19:33:02+00:00
2335,RCAEval recursive service-fault CSV windows,RE3/RE3-OB/emailservice_f3/2/metrics.csv,6244628,sha256 calculado,5e81fb5a33357276d1d17616e7c990947864cddf5d9e1c646a9cfea2da654a27,2026-09-23T19:33:02+00:00
2336,RCAEval recursive service-fault CSV windows,RE3/RE3-OB/emailservice_f3/2/simple_metrics.csv,1141651,sha256 calculado,fe9b11234a2eb7631d594dcd06e29fb2dd4a0ed196a77f573b552f899f1836db,2026-09-23T19:33:02+00:00
2337,RCAEval recursive service-fault CSV windows,RE3/RE3-OB/emailservice_f3/2/traces.csv,29828158,sha256 calculado,9c67563a6b786a77f0b732d82b0fb4f8f9bb709689bd17328c959685dbb4f5ca,2026-09-23T19:33:03+00:00
2338,RCAEval recursive service-fault CSV windows,RE3/RE3-OB/emailservice_f3/3/logs.csv,11277006,sha256 calculado,5fb133cc4c4df25da3d24ff94e1a7ddcdd696623c09105902d3ea721eee50756,2026-09-23T19:33:03+00:00
2339,RCAEval recursive service-fault CSV windows,RE3/RE3-OB/emailservice_f3/3/metrics.csv,6211177,sha256 calculado,14227bda5c4c097683df664a28eb61bbf7554ff27bc848da0ab4c8dc05f6f921,2026-09-23T19:33:03+00:00
2340,RCAEval recursive service-fault CSV windows,RE3/RE3-OB/emailservice_f3/3/simple_metrics.csv,1131541,sha256 calculado,e29564d79d821362d49a2884337f4a13126b34d2e7b75a60401c13a76dba5d94,2026-09-23T19:33:03+00:00
2341,RCAEval recursive service-fault CSV windows,RE3/RE3-OB/emailservice_f3/3/traces.csv,30056325,sha256 calculado,0450e8be16611bc2f7f96b21c040a1615372d661a2fd8bb979186c26ea945c5d,2026-09-23T19:33:03+00:00
2342,RCAEval recursive service-fault CSV windows,RE3/RE3-OB/emailservice_f4/1/logs.csv,11155671,sha256 calculado,6f909b94308f8bc26d75f121f1e4ee0cde6285ff739654b0c4e96e8a22e88db5,2026-09-23T19:33:03+00:00
2343,RCAEval recursive service-fault CSV windows,RE3/RE3-OB/emailservice_f4/1/metrics.csv,6186831,sha256 calculado,42b7ef565bb1daa377e8d7438e9fe81b0248bbddaa0b05b16de80af233bc8347,2026-09-23T19:33:03+00:00
2344,RCAEval recursive service-fault CSV windows,RE3/RE3-OB/emailservice_f4/1/simple_metrics.csv,1115611,sha256 calculado,9b27e51cd06e29cc0ab9ef4605387557f0d4699a9ae3cb25cc2b4edb5419ea6d,2026-09-23T19:33:03+00:00
2345,RCAEval recursive service-fault CSV windows,RE3/RE3-OB/emailservice_f4/1/traces.csv,29638708,sha256 calculado,f462883d17a0296854ed85768d130c9906599546ef4f210f482ff0ce6c7f2637,2026-09-23T19:33:03+00:00
2346,RCAEval recursive service-fault CSV windows,RE3/RE3-OB/emailservice_f4/2/logs.csv,11331024,sha256 calculado,4a7a2016c8fa3e92d4174b1847545784cb0f262fb49d4b49d46367b8a7f6e19e,2026-09-23T19:33:03+00:00
2347,RCAEval recursive service-fault CSV windows,RE3/RE3-OB/emailservice_f4/2/metrics.csv,6207292,sha256 calculado,76f446082617333d6f01ae852b1b1703a76a2e86ec67390db786ad810525ea8c,2026-09-23T19:33:03+00:00
2348,RCAEval recursive service-fault CSV windows,RE3/RE3-OB/emailservice_f4/2/simple_metrics.csv,1117233,sha256 calculado,515896f87ba498ff3bda71accd0d9625222d59768ffc66030297d2b29b443ca8,2026-09-23T19:33:03+00:00
2349,RCAEval recursive service-fault CSV windows,RE3/RE3-OB/emailservice_f4/2/traces.csv,29961976,sha256 calculado,8470b5b64f550c24175afb5db06b4d17a3796c76adc143386c6ef7f7bfd8f649,2026-09-23T19:33:03+00:00
2350,RCAEval recursive service-fault CSV windows,RE3/RE3-OB/emailservice_f4/3/logs.csv,10979721,sha256 calculado,43c188545bca71b91d81f2d557160310d4b3c7d6ba838da3c4dd5391a13fcc89,2026-09-23T19:33:04+00:00
2351,RCAEval recursive service-fault CSV windows,RE3/RE3-OB/emailservice_f4/3/metrics.csv,6220166,sha256 calculado,0afba1c0d029b93acf976798302c517a10187be03c81ede7961092af93e96a11,2026-09-23T19:33:04+00:00
2352,RCAEval recursive service-fault CSV windows,RE3/RE3-OB/emailservice_f4/3/simple_metrics.csv,1127793,sha256 calculado,85860f90d3939a04a647f653538025254402ab463f55dcdd71645529fa4ccebb,2026-09-23T19:33:04+00:00
2353,RCAEval recursive service-fault CSV windows,RE3/RE3-OB/emailservice_f4/3/traces.csv,29234446,sha256 calculado,dc5b8ff3430a58a13e6c0bcdc35b32cd23c5c24927d5bb5efd5d8e565783c463,2026-09-23T19:33:04+00:00
2354,RCAEval recursive service-fault CSV windows,RE3/RE3-OB/emailservice_f5/1/logs.csv,11109908,sha256 calculado,0f6235257548e22e04b9a4628ca068669b12acbbcf4a189fbec792dc8bbbea40,2026-09-23T19:33:04+00:00
2355,RCAEval recursive service-fault CSV windows,RE3/RE3-OB/emailservice_f5/1/metrics.csv,6083591,sha256 calculado,cbbd21bff959c96baae5e55929ee0743ed63d3fe9ced3c92fd36c8c5c9db06dd,2026-09-23T19:33:04+00:00
2356,RCAEval recursive service-fault CSV windows,RE3/RE3-OB/emailservice_f5/1/simple_metrics.csv,1092361,sha256 calculado,1a599e45e82c8ef20e3a6e033d1df0a9e0b20b825917785974d18316247c35bc,2026-09-23T19:33:04+00:00
2357,RCAEval recursive service-fault CSV windows,RE3/RE3-OB/emailservice_f5/1/traces.csv,29382714,sha256 calculado,f1690bcf97b8481747c6a7bfa519ca07fec4329faa3327bbafef3118e2ea410b,2026-09-23T19:33:04+00:00
2358,RCAEval recursive service-fault CSV windows,RE3/RE3-OB/emailservice_f5/2/logs.csv,11185746,sha256 calculado,fe4b9317f9254261c73b95ea82b9afb1a053551294c29df431703b980020fe30,2026-09-23T19:33:04+00:00
2359,RCAEval recursive service-fault CSV windows,RE3/RE3-OB/emailservice_f5/2/metrics.csv,6111163,sha256 calculado,6a5230ed563f1b86adc4fefd41352c75d45cc67cefbf44ee9ae680852d991d8c,2026-09-23T19:33:04+00:00
2360,RCAEval recursive service-fault CSV windows,RE3/RE3-OB/emailservice_f5/2/simple_metrics.csv,1090887,sha256 calculado,35b081bd1e7f906c19ab7b1b779e594eee4b7e33e678a036e6159556c2c59176,2026-09-23T19:33:04+00:00
2361,RCAEval recursive service-fault CSV windows,RE3/RE3-OB/emailservice_f5/2/traces.csv,29689543,sha256 calculado,9869242b0ff2913339aa438a2f7dc0b0e793af313b68fd035a81c90fd91896c2,2026-09-23T19:33:04+00:00
2362,RCAEval recursive service-fault CSV windows,RE3/RE3-OB/emailservice_f5/3/logs.csv,11101256,sha256 calculado,5526d22439c46d55380dccf9ecc9547c473a84601f688dde69fd817f6664c2ba,2026-09-23T19:33:05+00:00
2363,RCAEval recursive service-fault CSV windows,RE3/RE3-OB/emailservice_f5/3/metrics.csv,6121875,sha256 calculado,fe52ddbcddef1f96d6d40034836ced8bdd976934893721db19d07a62555715f1,2026-09-23T19:33:05+00:00
2364,RCAEval recursive service-fault CSV windows,RE3/RE3-OB/emailservice_f5/3/simple_metrics.csv,1104826,sha256 calculado,52a0b789f5d7238b0eec71976a18683945682e8dd4ec2b1086d40bf95ce77a89,2026-09-23T19:33:05+00:00
2365,RCAEval recursive service-fault CSV windows,RE3/RE3-OB/emailservice_f5/3/traces.csv,29396833,sha256 calculado,5162aa63bf49178b83d25eddb2eaab0ed4b2fbace324ea48c606a97c6c4dad19,2026-09-23T19:33:05+00:00
2366,RCAEval recursive service-fault CSV windows,RE3/RE3-SS/carts_f1/1/logs.csv,24129399,sha256 calculado,cbd05a8f22d0782948ded742a62515b2489f7f591988a7dd45edd12309f308b3,2026-09-23T19:33:05+00:00
2367,RCAEval recursive service-fault CSV windows,RE3/RE3-SS/carts_f1/1/metrics.csv,6692029,sha256 calculado,f91a57eadb87a703570eb845023f9191116d61146ce25f0b72b93b52f3711164,2026-09-23T19:33:05+00:00
2368,RCAEval recursive service-fault CSV windows,RE3/RE3-SS/carts_f1/1/simple_metrics.csv,1259774,sha256 calculado,8a265dea640146a04a7ac26aaf6a35e6fcee8466534c2aa350caf88bd9b04d5f,2026-09-23T19:33:05+00:00
2369,RCAEval recursive service-fault CSV windows,RE3/RE3-SS/carts_f1/2/logs.csv,24206155,sha256 calculado,39e282fd3a6539c1f8a51a438321c6a039cbc3045f92acd45612ac46701f6e55,2026-09-23T19:33:05+00:00
2370,RCAEval recursive service-fault CSV windows,RE3/RE3-SS/carts_f1/2/metrics.csv,6691702,sha256 calculado,65c9f546c47388812cb17cf55172c7b3ab5eb50d74ebbcea467906ad65628289,2026-09-23T19:33:05+00:00
2371,RCAEval recursive service-fault CSV windows,RE3/RE3-SS/carts_f1/2/simple_metrics.csv,1264386,sha256 calculado,0f6f08546142388e750e926e5af1b6607eb776926221652ae5aac70ebaa52959,2026-09-23T19:33:05+00:00
2372,RCAEval recursive service-fault CSV windows,RE3/RE3-SS/carts_f1/3/logs.csv,24240653,sha256 calculado,87b20723791ddb2a10599a566ad14f97b9bcabf13461d45cbc847340a271d865,2026-09-23T19:33:05+00:00
2373,RCAEval recursive service-fault CSV windows,RE3/RE3-SS/carts_f1/3/metrics.csv,6943125,sha256 calculado,d9ec24eeffb0a9ad42f716fa08fc8dcd1cd3d07a3bd6d36e603f42894b853593,2026-09-23T19:33:06+00:00
2374,RCAEval recursive service-fault CSV windows,RE3/RE3-SS/carts_f1/3/simple_metrics.csv,1313056,sha256 calculado,9e0c6f5b8a290f9d40ce33b6a631fdf8e85584c75efedf8ba25f36e806a290c1,2026-09-23T19:33:06+00:00
2375,RCAEval recursive service-fault CSV windows,RE3/RE3-SS/carts_f1/3/traces.csv,116,sha256 calculado,fde690f5f0e38fb29bd2e61d4a7a50c7c7d41637dacb8dfeb01dc24ccb99e3e5,2026-09-23T19:33:06+00:00
2376,RCAEval recursive service-fault CSV windows,RE3/RE3-SS/carts_f1/4/logs.csv,24306296,sha256 calculado,4d6bca574cf07be094d720af4d3f501312ad44551a035cecaaaac6df1e590ca5,2026-09-23T19:33:06+00:00
2377,RCAEval recursive service-fault CSV windows,RE3/RE3-SS/carts_f1/4/metrics.csv,6861536,sha256 calculado,8d5f88eb26d90759879ea1c9d47d63509b463f39f8db35bf7d2d0860228b048b,2026-09-23T19:33:06+00:00
2378,RCAEval recursive service-fault CSV windows,RE3/RE3-SS/carts_f1/4/simple_metrics.csv,1291509,sha256 calculado,29d62286f747531ddb2919e682b212258798354030a3ab51feaaa0c12ad2640b,2026-09-23T19:33:06+00:00
2379,RCAEval recursive service-fault CSV windows,RE3/RE3-SS/carts_f3/1/logs.csv,24030783,sha256 calculado,18c161c6e30f3035b786045e29e3b887a2410c61faebf27242998000bc85a727,2026-09-23T19:33:06+00:00
2380,RCAEval recursive service-fault CSV windows,RE3/RE3-SS/carts_f3/1/metrics.csv,6616842,sha256 calculado,61f3e6f85096a76995eb519e36d47fd34ba5da5a3b8bed945808cb4465244695,2026-09-23T19:33:06+00:00
2381,RCAEval recursive service-fault CSV windows,RE3/RE3-SS/carts_f3/1/simple_metrics.csv,1239050,sha256 calculado,d9656e0b309fbfeb68d98e37b6cadc36650c98ecf13ce589d7b3f2b81bbf38f4,2026-09-23T19:33:06+00:00
2382,RCAEval recursive service-fault CSV windows,RE3/RE3-SS/carts_f3/2/logs.csv,24055776,sha256 calculado,2568a63dfa472c7a4b7f8917927ed8d8bd6736f0f37ff137e8bf263b776662a8,2026-09-23T19:33:06+00:00
2383,RCAEval recursive service-fault CSV windows,RE3/RE3-SS/carts_f3/2/metrics.csv,6622748,sha256 calculado,a90efd90603151f83cfc37106692803b8cba3b51b47e8842313a275cb5f3ed64,2026-09-23T19:33:06+00:00
2384,RCAEval recursive service-fault CSV windows,RE3/RE3-SS/carts_f3/2/simple_metrics.csv,1241980,sha256 calculado,039de738a669545c53d8c778e39d8842c62235b5633b4575f27d218609512f3a,2026-09-23T19:33:06+00:00
2385,RCAEval recursive service-fault CSV windows,RE3/RE3-SS/carts_f3/3/logs.csv,24180531,sha256 calculado,60a90094c79d5e3d696ecafeff57a72f59c239f52a2c04d99fc71afaa7d77867,2026-09-23T19:33:06+00:00
2386,RCAEval recursive service-fault CSV windows,RE3/RE3-SS/carts_f3/3/metrics.csv,6729724,sha256 calculado,de8f535ea2623b63696879c8b22bc787c72ff1f6fdfce7b1678d1271a4307bce,2026-09-23T19:33:06+00:00
2387,RCAEval recursive service-fault CSV windows,RE3/RE3-SS/carts_f3/3/simple_metrics.csv,1262101,sha256 calculado,36d40f8160cb5077e7de860de1def9715ebb7c85b47beb1c4075467e05cf7fab,2026-09-23T19:33:06+00:00
2388,RCAEval recursive service-fault CSV windows,RE3/RE3-SS/carts_f3/3/traces.csv,116,sha256 calculado,fde690f5f0e38fb29bd2e61d4a7a50c7c7d41637dacb8dfeb01dc24ccb99e3e5,2026-09-23T19:33:06+00:00
2389,RCAEval recursive service-fault CSV windows,RE3/RE3-SS/carts_f3/4/logs.csv,24238750,sha256 calculado,9ee9a34dfd5be91f2d99f7f15d818f0bd85d951b9db6eb638fd45b97509e7a64,2026-09-23T19:33:07+00:00
2390,RCAEval recursive service-fault CSV windows,RE3/RE3-SS/carts_f3/4/metrics.csv,6797139,sha256 calculado,a43379aa066e2a07e4c147236199bac2722a24e2cad6b8c9b47c4b0f880996fc,2026-09-23T19:33:07+00:00
2391,RCAEval recursive service-fault CSV windows,RE3/RE3-SS/carts_f3/4/simple_metrics.csv,1289306,sha256 calculado,45f47aa87b7bdc225c2362bdd00930b6f00727d79d1886e85b9dd335d3169e7d,2026-09-23T19:33:07+00:00
2392,RCAEval recursive service-fault CSV windows,RE3/RE3-SS/carts_f4/1/logs.csv,24241385,sha256 calculado,f5fc1da85b1c20de31ecf26d5799d2d77643092263bcf61f57218501996ced78,2026-09-23T19:33:07+00:00
2393,RCAEval recursive service-fault CSV windows,RE3/RE3-SS/carts_f4/1/metrics.csv,6612593,sha256 calculado,320ffee24514ac70ec1586a6c7ded4cf11c84a4eba8ca71f369df834dd726658,2026-09-23T19:33:07+00:00
2394,RCAEval recursive service-fault CSV windows,RE3/RE3-SS/carts_f4/1/simple_metrics.csv,1242427,sha256 calculado,85b2f7b9ec01d9a88cbf691b49fa2f79842ce295151b2e52ab5b249e6e9c149a,2026-09-23T19:33:07+00:00
2395,RCAEval recursive service-fault CSV windows,RE3/RE3-SS/carts_f4/2/logs.csv,24348284,sha256 calculado,71cda68b76eb33e0a41d4959b2f0992d9ac581db872904036812caba10950d5a,2026-09-23T19:33:07+00:00
2396,RCAEval recursive service-fault CSV windows,RE3/RE3-SS/carts_f4/2/metrics.csv,6615607,sha256 calculado,ff9f5a9ec36cbb663be1efe62583abb0e120110eecf3d80ec8cf71742f1d00a3,2026-09-23T19:33:07+00:00
2397,RCAEval recursive service-fault CSV windows,RE3/RE3-SS/carts_f4/2/simple_metrics.csv,1243193,sha256 calculado,a50d543897023f1680b154c2629d2ce0ac05f289588ceb1b3916c24b907f1ada,2026-09-23T19:33:07+00:00
2398,RCAEval recursive service-fault CSV windows,RE3/RE3-SS/carts_f4/3/logs.csv,24195212,sha256 calculado,ab63478b7f453f3bf93b2bc26f1972b87c63c7d4b7480fbaf1557c629fea2575,2026-09-23T19:33:07+00:00
2399,RCAEval recursive service-fault CSV windows,RE3/RE3-SS/carts_f4/3/metrics.csv,6710260,sha256 calculado,de2a058593efed778ddcce6178a78102ec14dfaf4626c6e89f9efa3f52d5871c,2026-09-23T19:33:07+00:00
2400,RCAEval recursive service-fault CSV windows,RE3/RE3-SS/carts_f4/3/simple_metrics.csv,1252994,sha256 calculado,49b2f5932bea88f92503eb1d9a9b03b13f9ffc7761b009c5d59d938425b986b2,2026-09-23T19:33:07+00:00
2401,RCAEval recursive service-fault CSV windows,RE3/RE3-SS/carts_f4/3/traces.csv,116,sha256 calculado,fde690f5f0e38fb29bd2e61d4a7a50c7c7d41637dacb8dfeb01dc24ccb99e3e5,2026-09-23T19:33:07+00:00
2402,RCAEval recursive service-fault CSV windows,RE3/RE3-SS/carts_f4/4/logs.csv,24333271,sha256 calculado,172a65c55d0b9b5d3295113940d06d492e96b83d941b2c07a6d368896fcdeecc,2026-09-23T19:33:07+00:00
2403,RCAEval recursive service-fault CSV windows,RE3/RE3-SS/carts_f4/4/metrics.csv,6772064,sha256 calculado,2b7b90260192b1039ecda15d689d5a1c8dc1ebf7508f59fcdaf05566cdd87080,2026-09-23T19:33:07+00:00
2404,RCAEval recursive service-fault CSV windows,RE3/RE3-SS/carts_f4/4/simple_metrics.csv,1279210,sha256 calculado,8386c23249fecd1ef0ae8e6a10d5da3e1fa1afe45e068087d5536876fd08fb2b,2026-09-23T19:33:07+00:00
2405,RCAEval recursive service-fault CSV windows,RE3/RE3-SS/front-end_f1/1/logs.csv,24394598,sha256 calculado,efc0ca8a08cb7faa615d3e98167cdd9317d6658badcf1e3cae43d836cb702a75,2026-09-23T19:33:07+00:00
2406,RCAEval recursive service-fault CSV windows,RE3/RE3-SS/front-end_f1/1/metrics.csv,6567991,sha256 calculado,43530df429abe8d28f167ac3c8f131660b9ab77eb6ca453720ab9ed6e45682c7,2026-09-23T19:33:08+00:00
2407,RCAEval recursive service-fault CSV windows,RE3/RE3-SS/front-end_f1/1/simple_metrics.csv,1247730,sha256 calculado,08c7b808049a49b6d346deea7056db72da95526f4ce4b24f0d7683c77e65643d,2026-09-23T19:33:08+00:00
2408,RCAEval recursive service-fault CSV windows,RE3/RE3-SS/front-end_f1/2/logs.csv,24383648,sha256 calculado,8d9ddb91095ed8907c2a0d5a62a96e6b6f06881b5d0a9373efbf8dacbe9d6965,2026-09-23T19:33:08+00:00
2409,RCAEval recursive service-fault CSV windows,RE3/RE3-SS/front-end_f1/2/metrics.csv,6574688,sha256 calculado,ffab3255311e66495d4c519fad311bf724b3b7172776b6d10641394c525bfc9f,2026-09-23T19:33:08+00:00
2410,RCAEval recursive service-fault CSV windows,RE3/RE3-SS/front-end_f1/2/simple_metrics.csv,1246352,sha256 calculado,228e8bcff5e46da82306da21ba1b16a6787b636a4a89dbd773d41c8632846fb0,2026-09-23T19:33:08+00:00
2411,RCAEval recursive service-fault CSV windows,RE3/RE3-SS/front-end_f1/3/logs.csv,24198988,sha256 calculado,62ce7d2735e0e862a6de945523cdbd8a0662865d6cea1bc5cba9b36f8e7b60a9,2026-09-23T19:33:08+00:00
2412,RCAEval recursive service-fault CSV windows,RE3/RE3-SS/front-end_f1/3/metrics.csv,6645678,sha256 calculado,4cc285ebbcf1fc820fa77dbd6931ac4b6b19f3d7dd831b3b4873833512da9d74,2026-09-23T19:33:08+00:00
2413,RCAEval recursive service-fault CSV windows,RE3/RE3-SS/front-end_f1/3/simple_metrics.csv,1249718,sha256 calculado,c90b53a1b16e33f306d61717f17fdde9b45b1140fa6c2dcbbd1a7297841a8496,2026-09-23T19:33:08+00:00
2414,RCAEval recursive service-fault CSV windows,RE3/RE3-SS/front-end_f1/3/traces.csv,116,sha256 calculado,fde690f5f0e38fb29bd2e61d4a7a50c7c7d41637dacb8dfeb01dc24ccb99e3e5,2026-09-23T19:33:08+00:00
2415,RCAEval recursive service-fault CSV windows,RE3/RE3-SS/front-end_f2/1/logs.csv,24479433,sha256 calculado,be2e34b922172a4ad16dfc1f79e69aa38a291cfd0a7f0013ab600fde9333b441,2026-09-23T19:33:08+00:00
2416,RCAEval recursive service-fault CSV windows,RE3/RE3-SS/front-end_f2/1/metrics.csv,6582057,sha256 calculado,c4928c1f21110996724f0e6e81db4a250cc8ae321050a29ebdbbc8006363e8e1,2026-09-23T19:33:08+00:00
2417,RCAEval recursive service-fault CSV windows,RE3/RE3-SS/front-end_f2/1/simple_metrics.csv,1247260,sha256 calculado,fc88b83a1df08632c0c082bb21d97accab8911d9e012cbb0a6c78d2a4edc83eb,2026-09-23T19:33:08+00:00
2418,RCAEval recursive service-fault CSV windows,RE3/RE3-SS/front-end_f2/2/logs.csv,24539441,sha256 calculado,12aa946abce306fd31907094048905d3a2a87981eff660258b34043d0a491781,2026-09-23T19:33:08+00:00
2419,RCAEval recursive service-fault CSV windows,RE3/RE3-SS/front-end_f2/2/metrics.csv,6603285,sha256 calculado,e78781a2c62dff882605c732ba5f469ead183042c0c97d8e77e1ff02a5928ae9,2026-09-23T19:33:08+00:00
2420,RCAEval recursive service-fault CSV windows,RE3/RE3-SS/front-end_f2/2/simple_metrics.csv,1254584,sha256 calculado,1d0a40dc930748b862f6861b34c08c0e654e67a95e836eb7d26eb8dbc55bd754,2026-09-23T19:33:08+00:00
2421,RCAEval recursive service-fault CSV windows,RE3/RE3-SS/front-end_f2/3/logs.csv,24745515,sha256 calculado,8ab8078f474217c0641fffd2f10bab81b2055d82d948f0ac311a5a1dcf8418b9,2026-09-23T19:33:08+00:00
2422,RCAEval recursive service-fault CSV windows,RE3/RE3-SS/front-end_f2/3/metrics.csv,6643055,sha256 calculado,7dd00dcfea889083fdb7551420b072d89237b77f745443f3e6a535c6503d173a,2026-09-23T19:33:09+00:00
2423,RCAEval recursive service-fault CSV windows,RE3/RE3-SS/front-end_f2/3/simple_metrics.csv,1252591,sha256 calculado,8281fbb46e090f2c6acd8be0c5941870038de57fa5fb48fc5f4fc6520d7ec494,2026-09-23T19:33:09+00:00
2424,RCAEval recursive service-fault CSV windows,RE3/RE3-SS/front-end_f2/3/traces.csv,116,sha256 calculado,fde690f5f0e38fb29bd2e61d4a7a50c7c7d41637dacb8dfeb01dc24ccb99e3e5,2026-09-23T19:33:09+00:00
2425,RCAEval recursive service-fault CSV windows,RE3/RE3-SS/front-end_f3/1/logs.csv,13193383,sha256 calculado,bb42c58f686f40e18aaa5bb0310f415e08a6c9a521c0722a277be56854d2299e,2026-09-23T19:33:09+00:00
2426,RCAEval recursive service-fault CSV windows,RE3/RE3-SS/front-end_f3/1/metrics.csv,6227093,sha256 calculado,f11b4ec01d5fdfe4ea5b078a1ee8453eee0bd2a19cd1e44e4c1a97805f091d2b,2026-09-23T19:33:09+00:00
2427,RCAEval recursive service-fault CSV windows,RE3/RE3-SS/front-end_f3/1/simple_metrics.csv,1154366,sha256 calculado,a8386c29562b05a3e27d56c7c7d96f45069d29742e040c9015829f3a8aa40953,2026-09-23T19:33:09+00:00
2428,RCAEval recursive service-fault CSV windows,RE3/RE3-SS/front-end_f3/1/traces.csv,116,sha256 calculado,fde690f5f0e38fb29bd2e61d4a7a50c7c7d41637dacb8dfeb01dc24ccb99e3e5,2026-09-23T19:33:09+00:00
2429,RCAEval recursive service-fault CSV windows,RE3/RE3-SS/front-end_f3/2/logs.csv,13358994,sha256 calculado,31f489e2d8e3c77c12e8ee8eec2df9061f7260f408ec4744086ffd70242b4ade,2026-09-23T19:33:09+00:00
2430,RCAEval recursive service-fault CSV windows,RE3/RE3-SS/front-end_f3/2/metrics.csv,6189244,sha256 calculado,22f15f8ece62ce4e88c0fc1c9e43188916b7fb189a4ff554b3f858a5e66fd16f,2026-09-23T19:33:09+00:00
2431,RCAEval recursive service-fault CSV windows,RE3/RE3-SS/front-end_f3/2/simple_metrics.csv,1152461,sha256 calculado,34f68b9996744116be2e7c7f06373be4ecab82391b7e723bb2b174904daaed02,2026-09-23T19:33:09+00:00
2432,RCAEval recursive service-fault CSV windows,RE3/RE3-SS/front-end_f3/2/traces.csv,116,sha256 calculado,fde690f5f0e38fb29bd2e61d4a7a50c7c7d41637dacb8dfeb01dc24ccb99e3e5,2026-09-23T19:33:09+00:00
2433,RCAEval recursive service-fault CSV windows,RE3/RE3-SS/front-end_f3/3/logs.csv,13463362,sha256 calculado,8f681890c037e6862b5ec2552c874023ddbde63039b44bc657781ddb3b6a7074,2026-09-23T19:33:09+00:00
2434,RCAEval recursive service-fault CSV windows,RE3/RE3-SS/front-end_f3/3/metrics.csv,6180775,sha256 calculado,ddd51b14d2090f1fa82b83c01ad5e578c0c5f63a7f82d3e1a53d0fb044060ab3,2026-09-23T19:33:09+00:00
2435,RCAEval recursive service-fault CSV windows,RE3/RE3-SS/front-end_f3/3/simple_metrics.csv,1144437,sha256 calculado,c2d85fde23c08e8171ce55e73c41d448a137d362c50b97a5d760761b20101b64,2026-09-23T19:33:09+00:00
2436,RCAEval recursive service-fault CSV windows,RE3/RE3-SS/front-end_f3/3/traces.csv,116,sha256 calculado,fde690f5f0e38fb29bd2e61d4a7a50c7c7d41637dacb8dfeb01dc24ccb99e3e5,2026-09-23T19:33:09+00:00
2437,RCAEval recursive service-fault CSV windows,RE3/RE3-SS/orders_f1/1/logs.csv,32317325,sha256 calculado,2a457ed666a88504c9ee89968bdcd21e935d51567e4dd8aee9518ab7cc5a3b8b,2026-09-23T19:33:09+00:00
2438,RCAEval recursive service-fault CSV windows,RE3/RE3-SS/orders_f1/1/metrics.csv,6579179,sha256 calculado,ffd445b481ef2e849a160ce1d405292d90aebbe8d579286b0b9d7adf0549bfd3,2026-09-23T19:33:09+00:00
2439,RCAEval recursive service-fault CSV windows,RE3/RE3-SS/orders_f1/1/simple_metrics.csv,1240372,sha256 calculado,d3d27a7919758e635b45267b31751a3478499f8139e73d7d8d81eca5ede42248,2026-09-23T19:33:10+00:00
2440,RCAEval recursive service-fault CSV windows,RE3/RE3-SS/orders_f1/1/traces.csv,116,sha256 calculado,fde690f5f0e38fb29bd2e61d4a7a50c7c7d41637dacb8dfeb01dc24ccb99e3e5,2026-09-23T19:33:10+00:00
2441,RCAEval recursive service-fault CSV windows,RE3/RE3-SS/orders_f1/2/logs.csv,32265565,sha256 calculado,3bc2a1b79f8e7e2a5a0557196e5bf16276a9489076cef9c9c3e5440982d510f4,2026-09-23T19:33:10+00:00
2442,RCAEval recursive service-fault CSV windows,RE3/RE3-SS/orders_f1/2/metrics.csv,6564084,sha256 calculado,dce452c4bb9d38e7cf74fc5949cdb5b812c9ab8f5bf7721f965f78da6ff4670c,2026-09-23T19:33:10+00:00
2443,RCAEval recursive service-fault CSV windows,RE3/RE3-SS/orders_f1/2/simple_metrics.csv,1237376,sha256 calculado,39ea3b5e86e5f2e73778772e88da0f1ced7354da9e970c452a13183e1463ec47,2026-09-23T19:33:10+00:00
2444,RCAEval recursive service-fault CSV windows,RE3/RE3-SS/orders_f1/2/traces.csv,116,sha256 calculado,fde690f5f0e38fb29bd2e61d4a7a50c7c7d41637dacb8dfeb01dc24ccb99e3e5,2026-09-23T19:33:10+00:00
2445,RCAEval recursive service-fault CSV windows,RE3/RE3-SS/orders_f1/3/logs.csv,32331580,sha256 calculado,388c8b612b87952e663a49d604e3d18bd3810c7a9b2be8d1d1b917e1b82be2e3,2026-09-23T19:33:10+00:00
2446,RCAEval recursive service-fault CSV windows,RE3/RE3-SS/orders_f1/3/metrics.csv,6573962,sha256 calculado,e0ea4cbdbeec4176abec9fe4430e7c39b2fad642b21f762bcf0376b736802781,2026-09-23T19:33:10+00:00
2447,RCAEval recursive service-fault CSV windows,RE3/RE3-SS/orders_f1/3/simple_metrics.csv,1226541,sha256 calculado,e91134aa9da16604a9dc646410e63d9262b403ab0af1e9bf6dfa7ea15379cbf3,2026-09-23T19:33:10+00:00
2448,RCAEval recursive service-fault CSV windows,RE3/RE3-SS/orders_f1/3/traces.csv,116,sha256 calculado,fde690f5f0e38fb29bd2e61d4a7a50c7c7d41637dacb8dfeb01dc24ccb99e3e5,2026-09-23T19:33:10+00:00
2449,RCAEval recursive service-fault CSV windows,RE3/RE3-SS/orders_f3/1/logs.csv,21886478,sha256 calculado,d51d9f37599e84a4e03b471b4320dc41c86a7bab50dc2f7798e55a1c6a0af238,2026-09-23T19:33:10+00:00
2450,RCAEval recursive service-fault CSV windows,RE3/RE3-SS/orders_f3/1/metrics.csv,6598588,sha256 calculado,7a5ad17379fef257d51a25a62d4aab3f1ec095d84a03ea7c70da6e0a45e8bfb6,2026-09-23T19:33:10+00:00
2451,RCAEval recursive service-fault CSV windows,RE3/RE3-SS/orders_f3/1/simple_metrics.csv,1246876,sha256 calculado,5f483fbeb95665f0ed90ad89e318741324a624ef98ea3212293115cf3cad8a0b,2026-09-23T19:33:10+00:00
2452,RCAEval recursive service-fault CSV windows,RE3/RE3-SS/orders_f3/2/logs.csv,21944128,sha256 calculado,e0d23d3a3193c80b721df74cd43be643f6a5dfd88af523f0e000dce53cd8baaa,2026-09-23T19:33:10+00:00
2453,RCAEval recursive service-fault CSV windows,RE3/RE3-SS/orders_f3/2/metrics.csv,6571846,sha256 calculado,4c89258f32f1432871152a856121a6da9721afebcfc2d4dce9eccd6c22875da8,2026-09-23T19:33:10+00:00
2454,RCAEval recursive service-fault CSV windows,RE3/RE3-SS/orders_f3/2/simple_metrics.csv,1246315,sha256 calculado,4eb1f70937d3834224500810079ec700b4f22854bc5545eb011261796d5f0467,2026-09-23T19:33:10+00:00
2455,RCAEval recursive service-fault CSV windows,RE3/RE3-SS/orders_f3/3/logs.csv,22020708,sha256 calculado,e56595be4d5c62ce7418c037e0a2380d261a61a070710d7c8c9e5ebb9c438271,2026-09-23T19:33:10+00:00
2456,RCAEval recursive service-fault CSV windows,RE3/RE3-SS/orders_f3/3/metrics.csv,6605268,sha256 calculado,71e58319b8cbfc9c27a1c08be9944defee5cf960d6998454529cf62476f43ac7,2026-09-23T19:33:11+00:00
2457,RCAEval recursive service-fault CSV windows,RE3/RE3-SS/orders_f3/3/simple_metrics.csv,1241584,sha256 calculado,eafaa9a99585d011dbd132f149d5cbd85bc3cf6808da405fa0b5a4057ff8294c,2026-09-23T19:33:11+00:00
2458,RCAEval recursive service-fault CSV windows,RE3/RE3-SS/orders_f3/3/traces.csv,116,sha256 calculado,fde690f5f0e38fb29bd2e61d4a7a50c7c7d41637dacb8dfeb01dc24ccb99e3e5,2026-09-23T19:33:11+00:00
2459,RCAEval recursive service-fault CSV windows,RE3/RE3-SS/orders_f4/1/logs.csv,14326682,sha256 calculado,94f6eb53d34d07540b08ee3605a8d1869b902988897b4f213029e2c5efe138ea,2026-09-23T19:33:11+00:00
2460,RCAEval recursive service-fault CSV windows,RE3/RE3-SS/orders_f4/1/metrics.csv,6335325,sha256 calculado,a41a12a4957d7db46072565e162a4454d74a479404ffca844c318c950d94afae,2026-09-23T19:33:11+00:00
2461,RCAEval recursive service-fault CSV windows,RE3/RE3-SS/orders_f4/1/simple_metrics.csv,1187042,sha256 calculado,051bc600b6209abea948ff1f6b35b2b436cb970df9f4998613334cd455a5f789,2026-09-23T19:33:11+00:00
2462,RCAEval recursive service-fault CSV windows,RE3/RE3-SS/orders_f4/2/logs.csv,11446304,sha256 calculado,b579ffc8c64d51a80f77437100d147487b0354a3fe48321902ca50075022c1ff,2026-09-23T19:33:11+00:00
2463,RCAEval recursive service-fault CSV windows,RE3/RE3-SS/orders_f4/2/metrics.csv,6203094,sha256 calculado,0c469de15debacceaee2ee17bdda9633d6dcff16e6f3c69d967f4d53077100ff,2026-09-23T19:33:11+00:00
2464,RCAEval recursive service-fault CSV windows,RE3/RE3-SS/orders_f4/2/simple_metrics.csv,1156045,sha256 calculado,e418a98be6e0f989a38d5233f4546fb00d51514789727984da70ecc84c0d2129,2026-09-23T19:33:11+00:00
2465,RCAEval recursive service-fault CSV windows,RE3/RE3-SS/orders_f4/3/logs.csv,14331253,sha256 calculado,d389fb76daf159297c634cc59842d787c1c693366c7a29c88d2edff2592dac2b,2026-09-23T19:33:11+00:00
2466,RCAEval recursive service-fault CSV windows,RE3/RE3-SS/orders_f4/3/metrics.csv,6396449,sha256 calculado,66de30c5d323386a49b412ae9fa248e4fc209d52daa2fafb59fc96911fc3a60e,2026-09-23T19:33:11+00:00
2467,RCAEval recursive service-fault CSV windows,RE3/RE3-SS/orders_f4/3/simple_metrics.csv,1189181,sha256 calculado,3c9269efec9374f8cb343c9c92d8002e0fe577bcd2979703307c90714e40eded,2026-09-23T19:33:11+00:00
2468,RCAEval recursive service-fault CSV windows,RE3/RE3-SS/orders_f4/3/traces.csv,116,sha256 calculado,fde690f5f0e38fb29bd2e61d4a7a50c7c7d41637dacb8dfeb01dc24ccb99e3e5,2026-09-23T19:33:11+00:00
2469,RCAEval recursive service-fault CSV windows,RE3/RE3-TT/ts-auth-service_f1/1/logs.csv,13629073,sha256 calculado,cc30dd9fe7c02a9f6f374efef28f4324f38464c3e398ca459f59c8e5c8ccf892,2026-09-23T19:33:11+00:00
2470,RCAEval recursive service-fault CSV windows,RE3/RE3-TT/ts-auth-service_f1/1/metrics.csv,21419712,sha256 calculado,eda406b68923995085adc4608852fdddb9e87cde56a7ac03505bbcf4d4e096f8,2026-09-23T19:33:11+00:00
2471,RCAEval recursive service-fault CSV windows,RE3/RE3-TT/ts-auth-service_f1/1/simple_metrics.csv,5564217,sha256 calculado,2947905c8c7690e4fa5594c935d38575823928beec69d2d4fedcd8909047f957,2026-09-23T19:33:11+00:00
2472,RCAEval recursive service-fault CSV windows,RE3/RE3-TT/ts-auth-service_f1/1/traces.csv,13511389,sha256 calculado,f04f662da8cbcf56066b3a0868d43b240c7fa32fecc91dd6fd557f57e5cc5275,2026-09-23T19:33:11+00:00
2473,RCAEval recursive service-fault CSV windows,RE3/RE3-TT/ts-auth-service_f1/2/logs.csv,13138341,sha256 calculado,caf667998b3a68d5bd2074ced2d61dfd65ba8ccd698bc470b314273f3dd84daa,2026-09-23T19:33:11+00:00
2474,RCAEval recursive service-fault CSV windows,RE3/RE3-TT/ts-auth-service_f1/2/metrics.csv,21462266,sha256 calculado,409c5435dc325c6125a5128763a9f983fb1901529089105de076c0d057784eda,2026-09-23T19:33:12+00:00
2475,RCAEval recursive service-fault CSV windows,RE3/RE3-TT/ts-auth-service_f1/2/simple_metrics.csv,5559562,sha256 calculado,352bde3c130972b1e96290309a78397ab53d54792a9e307ddd442f546fbaebd4,2026-09-23T19:33:12+00:00
2476,RCAEval recursive service-fault CSV windows,RE3/RE3-TT/ts-auth-service_f1/2/traces.csv,13185572,sha256 calculado,ca80d028db09bab2d0713450fd92efec051702384ec63389d66abe4c5f729235,2026-09-23T19:33:12+00:00
2477,RCAEval recursive service-fault CSV windows,RE3/RE3-TT/ts-auth-service_f1/3/logs.csv,14346621,sha256 calculado,489d7db258d73e9b1c574a7a8cc6415ece0085bebccc1e65b81d0e29588992e2,2026-09-23T19:33:12+00:00
2478,RCAEval recursive service-fault CSV windows,RE3/RE3-TT/ts-auth-service_f1/3/metrics.csv,21353885,sha256 calculado,04c86a0534e4089061a6b8cf965e80d1b5dac2e6a6182dcfea9eacc1a4df0269,2026-09-23T19:33:12+00:00
2479,RCAEval recursive service-fault CSV windows,RE3/RE3-TT/ts-auth-service_f1/3/simple_metrics.csv,5557341,sha256 calculado,3a162f966afba743b1c4dfd5c0e15fddb24126b4dc0ab13fb8a85074639b364e,2026-09-23T19:33:12+00:00
2480,RCAEval recursive service-fault CSV windows,RE3/RE3-TT/ts-auth-service_f1/3/traces.csv,14115831,sha256 calculado,9f37469a295d4f19c5dd9887a334b846061c2956784fdc2c7fbbbe99b89247f6,2026-09-23T19:33:12+00:00
2481,RCAEval recursive service-fault CSV windows,RE3/RE3-TT/ts-auth-service_f1/4/logs.csv,5656559,sha256 calculado,ab58c1cc3ddbebd948f5f5696a7e31d841f88ce9a30d4bfed95dc7bbae39c6a4,2026-09-23T19:33:12+00:00
2482,RCAEval recursive service-fault CSV windows,RE3/RE3-TT/ts-auth-service_f1/4/metrics.csv,20385042,sha256 calculado,eceb72cec591c00ac39374fc197ed873f5c1efd2b75fc3614ac9594dce3fc44f,2026-09-23T19:33:12+00:00
2483,RCAEval recursive service-fault CSV windows,RE3/RE3-TT/ts-auth-service_f1/4/simple_metrics.csv,5290595,sha256 calculado,48a9876ca3435bcf4e1407d46757c30bfc55e7c91297fa2aa7d0b031d3a062d4,2026-09-23T19:33:12+00:00
2484,RCAEval recursive service-fault CSV windows,RE3/RE3-TT/ts-auth-service_f1/4/traces.csv,5520127,sha256 calculado,eb66bc2eceadb1df964e56707c48ddfd583583f8e1039dd23cebe6aa337c5028,2026-09-23T19:33:12+00:00
2485,RCAEval recursive service-fault CSV windows,RE3/RE3-TT/ts-auth-service_f2/1/logs.csv,15767421,sha256 calculado,b135e079cf040995aa9a21cd7f26dafd49d44d6500341b05e8da8cf16b9134ec,2026-09-23T19:33:12+00:00
2486,RCAEval recursive service-fault CSV windows,RE3/RE3-TT/ts-auth-service_f2/1/metrics.csv,21448019,sha256 calculado,6291a3f5c9306492ccbb9651e066dbf2945002ce6ebd523a8dddd4def6f4c50c,2026-09-23T19:33:13+00:00
2487,RCAEval recursive service-fault CSV windows,RE3/RE3-TT/ts-auth-service_f2/1/simple_metrics.csv,5588454,sha256 calculado,de41cf5217d353355d66245bc618fa2418cb383abdedaeafb7df8fb067fe8784,2026-09-23T19:33:13+00:00
2488,RCAEval recursive service-fault CSV windows,RE3/RE3-TT/ts-auth-service_f2/1/traces.csv,15201438,sha256 calculado,022a23c462811ee176a8771d99f90450e2e9dab525de9b7eb73b1d6298bc7c8b,2026-09-23T19:33:13+00:00
2489,RCAEval recursive service-fault CSV windows,RE3/RE3-TT/ts-auth-service_f2/2/logs.csv,14754189,sha256 calculado,ae4f77f83d601ca6420341ccc826db747f9d27a54fce4e1bba827632dda078b3,2026-09-23T19:33:13+00:00
2490,RCAEval recursive service-fault CSV windows,RE3/RE3-TT/ts-auth-service_f2/2/metrics.csv,21359256,sha256 calculado,16629ee3c530ecd25b2b114e6b35ae730cc84ec2ee6c906cff100cc0fd506b91,2026-09-23T19:33:13+00:00
2491,RCAEval recursive service-fault CSV windows,RE3/RE3-TT/ts-auth-service_f2/2/simple_metrics.csv,5561090,sha256 calculado,bcd862e6e6b8880719bbd6a2b44b519653538f0b14eb6ea3050477576fa208ca,2026-09-23T19:33:13+00:00
2492,RCAEval recursive service-fault CSV windows,RE3/RE3-TT/ts-auth-service_f2/2/traces.csv,14468732,sha256 calculado,e26790984fd38813f9e095be8c80baa418377acadd13671d77eaab4a88596174,2026-09-23T19:33:13+00:00
2493,RCAEval recursive service-fault CSV windows,RE3/RE3-TT/ts-auth-service_f2/3/logs.csv,14140667,sha256 calculado,90fddee2d806fd89d5b5f2a6fa3a57694776c189e6f853c0c3c116169cc197ee,2026-09-23T19:33:13+00:00
2494,RCAEval recursive service-fault CSV windows,RE3/RE3-TT/ts-auth-service_f2/3/metrics.csv,21254039,sha256 calculado,3fa709500ef4a3975110c2e110ef14376db9453a056ca761a67e45534f49a22a,2026-09-23T19:33:13+00:00
2495,RCAEval recursive service-fault CSV windows,RE3/RE3-TT/ts-auth-service_f2/3/simple_metrics.csv,5546550,sha256 calculado,736180ab828e7f9a12e87c619149bfe002e3648209e8527bc99fec52046e7458,2026-09-23T19:33:13+00:00
2496,RCAEval recursive service-fault CSV windows,RE3/RE3-TT/ts-auth-service_f2/3/traces.csv,13878564,sha256 calculado,569472cb08c6dc2f83a21d7e6309e186547f6583eecf05e766575967550fd493,2026-09-23T19:33:13+00:00
2497,RCAEval recursive service-fault CSV windows,RE3/RE3-TT/ts-auth-service_f2/4/logs.csv,5849632,sha256 calculado,7050217dc75eac1acc09f865a73708d18fcfbe7cf82ddbec6de620ab605e8cf7,2026-09-23T19:33:13+00:00
2498,RCAEval recursive service-fault CSV windows,RE3/RE3-TT/ts-auth-service_f2/4/metrics.csv,20318129,sha256 calculado,7854d9432c8f59f2dba1d18a983614036c1bc3fbc42cf060872aa991680ca2dc,2026-09-23T19:33:14+00:00
2499,RCAEval recursive service-fault CSV windows,RE3/RE3-TT/ts-auth-service_f2/4/simple_metrics.csv,5267732,sha256 calculado,67671a72aa0cf485feaf6a605e9d03f4b99495169e28c3876b77e541f8e48b73,2026-09-23T19:33:14+00:00
2500,RCAEval recursive service-fault CSV windows,RE3/RE3-TT/ts-auth-service_f2/4/traces.csv,5757816,sha256 calculado,551dc9408df8d4be90af043e5deaa6619fcf1b908032764a789df04c2004aa82,2026-09-23T19:33:14+00:00
2501,RCAEval recursive service-fault CSV windows,RE3/RE3-TT/ts-auth-service_f3/1/logs.csv,22560010,sha256 calculado,d16bd3a3e0899edf3aab5bf215a47df3c4c6dd479efc0db9efd43fb2d3d32696,2026-09-23T19:33:14+00:00
2502,RCAEval recursive service-fault CSV windows,RE3/RE3-TT/ts-auth-service_f3/1/metrics.csv,21776880,sha256 calculado,a4f9d73e29f2514beac8ec7122a8adfc162443d59d8ea59656247da920d9ba9f,2026-09-23T19:33:14+00:00
2503,RCAEval recursive service-fault CSV windows,RE3/RE3-TT/ts-auth-service_f3/1/simple_metrics.csv,5694731,sha256 calculado,fa54297439da6b34bcf362ab91a45de3688973b7b4e7e182f979b69411c00d93,2026-09-23T19:33:14+00:00
2504,RCAEval recursive service-fault CSV windows,RE3/RE3-TT/ts-auth-service_f3/1/traces.csv,13949102,sha256 calculado,8f5e5e01fbec5c399a432a172516e8d0a81076cdf2bb67f5701bad8f0e153a5f,2026-09-23T19:33:14+00:00
2505,RCAEval recursive service-fault CSV windows,RE3/RE3-TT/ts-auth-service_f3/2/logs.csv,23228325,sha256 calculado,3feae77fccfbc8b8cac56163d585d19f2bf527f9e854d8b04e7300353829eac4,2026-09-23T19:33:14+00:00
2506,RCAEval recursive service-fault CSV windows,RE3/RE3-TT/ts-auth-service_f3/2/metrics.csv,21948750,sha256 calculado,dc598089ab7e97573358193741b38ca625d292667ae5c98daf0af0333c74808e,2026-09-23T19:33:14+00:00
2507,RCAEval recursive service-fault CSV windows,RE3/RE3-TT/ts-auth-service_f3/2/simple_metrics.csv,5705585,sha256 calculado,5f46bd408a3cdd4ecd8b647fb49a2cb3bbbd95e4588faa19fdb0b2fc6d33afa6,2026-09-23T19:33:14+00:00
2508,RCAEval recursive service-fault CSV windows,RE3/RE3-TT/ts-auth-service_f3/2/traces.csv,14704387,sha256 calculado,d8253e1e49f15295007f4e42d4ee28ac1b9c744623c579986f48753ef584d6e4,2026-09-23T19:33:14+00:00
2509,RCAEval recursive service-fault CSV windows,RE3/RE3-TT/ts-auth-service_f3/3/logs.csv,23874217,sha256 calculado,44f167ecf3ae898975451472a0334fd4bcdddf64e8536c3a007a81c71c0e23b5,2026-09-23T19:33:15+00:00
2510,RCAEval recursive service-fault CSV windows,RE3/RE3-TT/ts-auth-service_f3/3/metrics.csv,21973794,sha256 calculado,032c077b4f02955eaf3dbf4cfbd265154e97217f3b548a7f4a950c5973098e81,2026-09-23T19:33:15+00:00
2511,RCAEval recursive service-fault CSV windows,RE3/RE3-TT/ts-auth-service_f3/3/simple_metrics.csv,5703685,sha256 calculado,f394382c8511f193c6a0e5998ec729e7b5608bc2336505f3c7c0d5f5b39e0174,2026-09-23T19:33:15+00:00
2512,RCAEval recursive service-fault CSV windows,RE3/RE3-TT/ts-auth-service_f3/3/traces.csv,14621675,sha256 calculado,dcebfbd858a41172253c06dc0edc82b00ecdd03820eb3241a27b34a810490a11,2026-09-23T19:33:15+00:00
2513,RCAEval recursive service-fault CSV windows,RE3/RE3-TT/ts-auth-service_f3/4/logs.csv,13869976,sha256 calculado,8eae8b6784e5d22bd9c7671d5527f682af9512925c5c7cee23fbf1cc15c61330,2026-09-23T19:33:15+00:00
2514,RCAEval recursive service-fault CSV windows,RE3/RE3-TT/ts-auth-service_f3/4/metrics.csv,20871808,sha256 calculado,f8d27047c6a0ee8cd9934648e8184e0caf37b0ca7e23b5640ad69184e3cfad67,2026-09-23T19:33:15+00:00
2515,RCAEval recursive service-fault CSV windows,RE3/RE3-TT/ts-auth-service_f3/4/simple_metrics.csv,5392922,sha256 calculado,e54a708f51ffdc629cf801936c94cdb3108814c242f987531649fc00f69e7789,2026-09-23T19:33:15+00:00
2516,RCAEval recursive service-fault CSV windows,RE3/RE3-TT/ts-auth-service_f3/4/traces.csv,5543525,sha256 calculado,3f63556d14b68e46645d491c7ef5cc2bf9004589f3b4aa12636358d2287bd111,2026-09-23T19:33:15+00:00
2517,RCAEval recursive service-fault CSV windows,RE3/RE3-TT/ts-auth-service_f4/1/logs.csv,15476968,sha256 calculado,a14e26f174f04848037ce3189974a31d5a34750ca88604a2df184a02470f3e78,2026-09-23T19:33:15+00:00
2518,RCAEval recursive service-fault CSV windows,RE3/RE3-TT/ts-auth-service_f4/1/metrics.csv,21382182,sha256 calculado,6c8609bf8e6ca47bf10ee28b5bd57f24068e3f9181a7cdd7708a653d576d62d5,2026-09-23T19:33:15+00:00
2519,RCAEval recursive service-fault CSV windows,RE3/RE3-TT/ts-auth-service_f4/1/simple_metrics.csv,5581597,sha256 calculado,b9db881b98356859519cb4d61e59ac7af084ec3d1ccf0fa9be4f40adf46fd779,2026-09-23T19:33:15+00:00
2520,RCAEval recursive service-fault CSV windows,RE3/RE3-TT/ts-auth-service_f4/1/traces.csv,14530303,sha256 calculado,032a7589367227b4748d5ae8bf26b6178c7bd0d146b67ead70e04e3456347ffa,2026-09-23T19:33:15+00:00
2521,RCAEval recursive service-fault CSV windows,RE3/RE3-TT/ts-auth-service_f4/2/logs.csv,16619365,sha256 calculado,b999e2c09f9a0eef313705b7c366043896941851ab34133b0268e26325094102,2026-09-23T19:33:16+00:00
2522,RCAEval recursive service-fault CSV windows,RE3/RE3-TT/ts-auth-service_f4/2/metrics.csv,21497384,sha256 calculado,387dff5c9d65f89eea44356ea5cd34d960b6310a5e2b77d2e1047f635d6b5c79,2026-09-23T19:33:16+00:00
2523,RCAEval recursive service-fault CSV windows,RE3/RE3-TT/ts-auth-service_f4/2/simple_metrics.csv,5578230,sha256 calculado,d4af56e35bfc6c1e4b77419a9fcd8f88355c7bc29d95768fedd21ef4a5bd94cf,2026-09-23T19:33:16+00:00
2524,RCAEval recursive service-fault CSV windows,RE3/RE3-TT/ts-auth-service_f4/2/traces.csv,15319299,sha256 calculado,8b0b775ee2997156b550e5bd7b1cf6c6dd73c470381d687f19e9a141bed93360,2026-09-23T19:33:16+00:00
2525,RCAEval recursive service-fault CSV windows,RE3/RE3-TT/ts-auth-service_f4/3/logs.csv,17426594,sha256 calculado,3a64d4b5101c92f37adcf60393f9c5995148e5c8a6a34c9f80ad7f3210158098,2026-09-23T19:33:16+00:00
2526,RCAEval recursive service-fault CSV windows,RE3/RE3-TT/ts-auth-service_f4/3/metrics.csv,21444589,sha256 calculado,12f66663edcd13619bc956973ec79bf9bcef562f99d188cc594ba73f81a21e46,2026-09-23T19:33:16+00:00
2527,RCAEval recursive service-fault CSV windows,RE3/RE3-TT/ts-auth-service_f4/3/simple_metrics.csv,5560978,sha256 calculado,0da834e5b4c143692e9cfe5100b75b3f99e407d9adec2c71bcef938368692ff8,2026-09-23T19:33:16+00:00
2528,RCAEval recursive service-fault CSV windows,RE3/RE3-TT/ts-auth-service_f4/3/traces.csv,15389880,sha256 calculado,c403a1bde1d553a9054869ee23dcd9606059b42844acc420c1151950dbe22be9,2026-09-23T19:33:16+00:00
2529,RCAEval recursive service-fault CSV windows,RE3/RE3-TT/ts-route-service_f1/1/logs.csv,27845242,sha256 calculado,0edcdf015fb008ef9654506a0debd0b6359001d22ab8f0b5ffeef1fd14c2339e,2026-09-23T19:33:16+00:00
2530,RCAEval recursive service-fault CSV windows,RE3/RE3-TT/ts-route-service_f1/1/metrics.csv,22912142,sha256 calculado,2561b80b159447642e11f01644f2609c74d3ff42e1450921c3c2ceab457a98a1,2026-09-23T19:33:16+00:00
2531,RCAEval recursive service-fault CSV windows,RE3/RE3-TT/ts-route-service_f1/1/simple_metrics.csv,5967186,sha256 calculado,6d73dfa931a2311ea3896bc0dc11eff2d3045248abb75ae585265cfd55d55eb4,2026-09-23T19:33:17+00:00
2532,RCAEval recursive service-fault CSV windows,RE3/RE3-TT/ts-route-service_f1/1/traces.csv,26515537,sha256 calculado,eec580d9f3b1c7128e972a917b65123b87dab4eceeabc3fff9c8a106b41e256a,2026-09-23T19:33:17+00:00
2533,RCAEval recursive service-fault CSV windows,RE3/RE3-TT/ts-route-service_f1/2/logs.csv,32564338,sha256 calculado,248ccf509b6fa2ea7dd48001c74905cc5d3de8f2f388ffa7dfc074426074a9f2,2026-09-23T19:33:17+00:00
2534,RCAEval recursive service-fault CSV windows,RE3/RE3-TT/ts-route-service_f1/2/metrics.csv,23060873,sha256 calculado,7e9a8e829dc139ebadee2324b6da44c6fb6b52b9a8ab7066cd07e45d9a245370,2026-09-23T19:33:17+00:00
2535,RCAEval recursive service-fault CSV windows,RE3/RE3-TT/ts-route-service_f1/2/simple_metrics.csv,5991649,sha256 calculado,e84233b7d99bbcfb4e30295813388ab083183fe852ed652581a6e14b548acfea,2026-09-23T19:33:17+00:00
2536,RCAEval recursive service-fault CSV windows,RE3/RE3-TT/ts-route-service_f1/2/traces.csv,28750166,sha256 calculado,29c4a034b4ff1855cc11ef0a950decb3379053e396d5b43061d47e9b33695114,2026-09-23T19:33:17+00:00
2537,RCAEval recursive service-fault CSV windows,RE3/RE3-TT/ts-route-service_f1/3/logs.csv,32862412,sha256 calculado,a68a75cf1575f499f07886b9993a726e5432e11caf5cb47f6ddfddab7d1dfb12,2026-09-23T19:33:17+00:00
2538,RCAEval recursive service-fault CSV windows,RE3/RE3-TT/ts-route-service_f1/3/metrics.csv,23098070,sha256 calculado,a92953808e03804440493281d05ea1a3702876aef976c05eee86c18ff008e43f,2026-09-23T19:33:18+00:00
2539,RCAEval recursive service-fault CSV windows,RE3/RE3-TT/ts-route-service_f1/3/simple_metrics.csv,5997079,sha256 calculado,f4032071105e1864efba60552ea862ab7dcf6d317c08a1a5d06213c7844c265d,2026-09-23T19:33:18+00:00
2540,RCAEval recursive service-fault CSV windows,RE3/RE3-TT/ts-route-service_f1/3/traces.csv,28650599,sha256 calculado,1d1e5f02378de04edfb56a19e8e1571fac9351d2d811090562663b24814f8055,2026-09-23T19:33:18+00:00
2541,RCAEval recursive service-fault CSV windows,RE3/RE3-TT/ts-route-service_f2/1/logs.csv,30222932,sha256 calculado,04fb5f823ebe8ce45f4903efcfb979635c597a500d6b482d3e7a9779497620ba,2026-09-23T19:33:18+00:00
2542,RCAEval recursive service-fault CSV windows,RE3/RE3-TT/ts-route-service_f2/1/metrics.csv,22970654,sha256 calculado,ddc4a51b0a24075e64530f34d7dffd2a80dbb8fd55d8874719f9b025c65f3e9c,2026-09-23T19:33:18+00:00
2543,RCAEval recursive service-fault CSV windows,RE3/RE3-TT/ts-route-service_f2/1/simple_metrics.csv,5981731,sha256 calculado,947fcfcdc6ac144811370fbe1d29fa5d52194fdc2253079d44fbc15763eeb90a,2026-09-23T19:33:18+00:00
2544,RCAEval recursive service-fault CSV windows,RE3/RE3-TT/ts-route-service_f2/1/traces.csv,28110619,sha256 calculado,de6fe4f525184e12b1d78dc6db2e9509421d398995ec4dab7ca75dd0d644e28a,2026-09-23T19:33:18+00:00
2545,RCAEval recursive service-fault CSV windows,RE3/RE3-TT/ts-route-service_f2/2/logs.csv,31610376,sha256 calculado,56ae08d92ed8f9317a7952eacc471de149b820c00e0dba61cb87d634e42d4dbd,2026-09-23T19:33:18+00:00
2546,RCAEval recursive service-fault CSV windows,RE3/RE3-TT/ts-route-service_f2/2/metrics.csv,23072056,sha256 calculado,0456c69e8a944a63486569aaa59a8a7118aebdd249cc185d7566f8e8b73fa7eb,2026-09-23T19:33:19+00:00
2547,RCAEval recursive service-fault CSV windows,RE3/RE3-TT/ts-route-service_f2/2/simple_metrics.csv,5981600,sha256 calculado,905d6e17d8a7c0af73ab013a946aa6ff7f68d571a771ed2a2121f81c1e760c4e,2026-09-23T19:33:19+00:00
2548,RCAEval recursive service-fault CSV windows,RE3/RE3-TT/ts-route-service_f2/2/traces.csv,28322494,sha256 calculado,a5466780dbfa6b8712a4b6b871f640c7cd6fe5c4b95f11c7648b9f1762e679bf,2026-09-23T19:33:19+00:00
2549,RCAEval recursive service-fault CSV windows,RE3/RE3-TT/ts-route-service_f2/3/logs.csv,34280724,sha256 calculado,a9a17d4572e0dcb597dbb2a6442abe176d30ac9f7d606b514aeab27d7a0fb692,2026-09-23T19:33:19+00:00
2550,RCAEval recursive service-fault CSV windows,RE3/RE3-TT/ts-route-service_f2/3/metrics.csv,22959466,sha256 calculado,eff08e1f0e13298962ef7e560354114c5572f29f584e44ebebe22918d8bb082f,2026-09-23T19:33:19+00:00
2551,RCAEval recursive service-fault CSV windows,RE3/RE3-TT/ts-route-service_f2/3/simple_metrics.csv,5981095,sha256 calculado,585683fa9358561c371b0a1ce814eb33de7d3496d11be0187009b4581e70b9dc,2026-09-23T19:33:19+00:00
2552,RCAEval recursive service-fault CSV windows,RE3/RE3-TT/ts-route-service_f2/3/traces.csv,28784223,sha256 calculado,edffd0b5f28aad135d1bba1f03aceda8158bcc7fe245a7c5d2cb00670a4aace1,2026-09-23T19:33:19+00:00
2553,RCAEval recursive service-fault CSV windows,RE3/RE3-TT/ts-route-service_f3/1/logs.csv,31947238,sha256 calculado,76eb6fa1c971083f18e7741b8a3ea5717f9aba33665029959d2d645b1deb7aaa,2026-09-23T19:33:19+00:00
2554,RCAEval recursive service-fault CSV windows,RE3/RE3-TT/ts-route-service_f3/1/metrics.csv,23047762,sha256 calculado,11c6bd5634c5271bdb1df1c74e4c4ad428bbe19ee789ad96589a9be567cb4368,2026-09-23T19:33:20+00:00
2555,RCAEval recursive service-fault CSV windows,RE3/RE3-TT/ts-route-service_f3/1/simple_metrics.csv,5986732,sha256 calculado,d17d4e4ed8983ab2ad075469e4f1f9f7469f02eaf313f1e3c29b3525fbc56e6c,2026-09-23T19:33:20+00:00
2556,RCAEval recursive service-fault CSV windows,RE3/RE3-TT/ts-route-service_f3/1/traces.csv,28998555,sha256 calculado,6339b0943277fb7fd050a36d15979ccc05ac11fd51b07d009ecbecb8b50f9a34,2026-09-23T19:33:20+00:00
2557,RCAEval recursive service-fault CSV windows,RE3/RE3-TT/ts-route-service_f3/2/logs.csv,33981603,sha256 calculado,758cc45f2339064862a78c00d24998fb7a0b19a0e2e3b1dbdfc960b3f8215acc,2026-09-23T19:33:20+00:00
2558,RCAEval recursive service-fault CSV windows,RE3/RE3-TT/ts-route-service_f3/2/metrics.csv,23034851,sha256 calculado,0a659b0739c0b83a2e5a0753bb2881e20d1f4ae2aa150cd275a0f965d01d52f7,2026-09-23T19:33:20+00:00
2559,RCAEval recursive service-fault CSV windows,RE3/RE3-TT/ts-route-service_f3/2/simple_metrics.csv,5950385,sha256 calculado,34eadc8e1460a66160edd5efab49109925ac386beff98eac5b8fc11bffc62e53,2026-09-23T19:33:20+00:00
2560,RCAEval recursive service-fault CSV windows,RE3/RE3-TT/ts-route-service_f3/2/traces.csv,28359797,sha256 calculado,fbce870d9dc1f9ec27cc9eb1a5570c24e7091606d8f5814ccbe6be96f192608f,2026-09-23T19:33:20+00:00
2561,RCAEval recursive service-fault CSV windows,RE3/RE3-TT/ts-route-service_f3/3/logs.csv,35691151,sha256 calculado,dea4e95425ec4f7cdf3a18e26df7784d1f6f3e468a7676190dfadf40393216be,2026-09-23T19:33:20+00:00
2562,RCAEval recursive service-fault CSV windows,RE3/RE3-TT/ts-route-service_f3/3/metrics.csv,23071886,sha256 calculado,42f2749c206362e22f9929d286d6d6730a09cb2ebedba0081d260574f8de040d,2026-09-23T19:33:21+00:00
2563,RCAEval recursive service-fault CSV windows,RE3/RE3-TT/ts-route-service_f3/3/simple_metrics.csv,5976679,sha256 calculado,025e3200a4bb7ba13dbff5c311529553a4ff1f3a8d6bbb32d8a8d5995d5247f4,2026-09-23T19:33:21+00:00
2564,RCAEval recursive service-fault CSV windows,RE3/RE3-TT/ts-route-service_f3/3/traces.csv,30827176,sha256 calculado,3a85b8fcb473015270d1a47ad8b3b7eff6acab0df1d3c051a06e4b125d967076,2026-09-23T19:33:21+00:00
2565,RCAEval recursive service-fault CSV windows,RE3/RE3-TT/ts-route-service_f4/1/logs.csv,30661405,sha256 calculado,57b24f312254ea40af6dc9104719ab266153317e92871548fa74cc687125fa6e,2026-09-23T19:33:21+00:00
2566,RCAEval recursive service-fault CSV windows,RE3/RE3-TT/ts-route-service_f4/1/metrics.csv,23059518,sha256 calculado,7fbbb99443a251f5163fad69a3081785cac1a18e83ef71e626b0deb2d7d3a783,2026-09-23T19:33:21+00:00
2567,RCAEval recursive service-fault CSV windows,RE3/RE3-TT/ts-route-service_f4/1/simple_metrics.csv,5984903,sha256 calculado,f0c092884f1dca624b7732f134254ae83caa3efb031c5c857efff8d2b3a4fef3,2026-09-23T19:33:21+00:00
2568,RCAEval recursive service-fault CSV windows,RE3/RE3-TT/ts-route-service_f4/1/traces.csv,27199166,sha256 calculado,58516fc1b549732525752d2626b5d0f737fa1076b5c99e943e234bcd8f03e273,2026-09-23T19:33:21+00:00
2569,RCAEval recursive service-fault CSV windows,RE3/RE3-TT/ts-route-service_f4/2/logs.csv,37946722,sha256 calculado,9e362b76a5fd1479730084968f0a1992e4b6cd58f2e5bb77cb3bbe76351a69e2,2026-09-23T19:33:21+00:00
2570,RCAEval recursive service-fault CSV windows,RE3/RE3-TT/ts-route-service_f4/2/metrics.csv,22967451,sha256 calculado,afd6908bc0f843474e0f9864ab78e4baf385b995134eb007841c27ab47dbbff5,2026-09-23T19:33:22+00:00
2571,RCAEval recursive service-fault CSV windows,RE3/RE3-TT/ts-route-service_f4/2/simple_metrics.csv,5971714,sha256 calculado,87cf2975399a37850c5f87c8e5c303e5b913ec1627b63188af2354a2320d71f0,2026-09-23T19:33:22+00:00
2572,RCAEval recursive service-fault CSV windows,RE3/RE3-TT/ts-route-service_f4/2/traces.csv,30721152,sha256 calculado,deda0502700845f43d8a9031064785f54f3f2f7823a73590f0703ab5c555bb0f,2026-09-23T19:33:22+00:00
2573,RCAEval recursive service-fault CSV windows,RE3/RE3-TT/ts-route-service_f4/3/logs.csv,39013411,sha256 calculado,426e8c3b4f4c39e3912637ceef6b0e6e9b2c7285b10e00b454925746d20508a6,2026-09-23T19:33:22+00:00
2574,RCAEval recursive service-fault CSV windows,RE3/RE3-TT/ts-route-service_f4/3/metrics.csv,23028482,sha256 calculado,9e8cf8abafb06a0b5dccb8146be4af433841c078d1dc8230c3af60306a4ef0a1,2026-09-23T19:33:22+00:00
2575,RCAEval recursive service-fault CSV windows,RE3/RE3-TT/ts-route-service_f4/3/simple_metrics.csv,5965459,sha256 calculado,a332b945d1a5f90cfbd7a0af9a3c3802f7d0e00faf18b3166f1aa625a7ef5536,2026-09-23T19:33:22+00:00
2576,RCAEval recursive service-fault CSV windows,RE3/RE3-TT/ts-route-service_f4/3/traces.csv,32458711,sha256 calculado,558548852564c5db23df5eb4e5a39b3dd7200e058c6bd80bbfe5423f73e7a1a1,2026-09-23T19:33:22+00:00
2577,RCAEval recursive service-fault CSV windows,RE3/RE3-TT/ts-route-service_f6/1/logs.csv,31164415,copia local no disponible,,
2578,RCAEval recursive service-fault CSV windows,RE3/RE3-TT/ts-route-service_f6/1/metrics.csv,23012736,copia local no disponible,,
2579,RCAEval recursive service-fault CSV windows,RE3/RE3-TT/ts-route-service_f6/1/simple_metrics.csv,5977089,copia local no disponible,,
2580,RCAEval recursive service-fault CSV windows,RE3/RE3-TT/ts-route-service_f6/1/traces.csv,28259092,copia local no disponible,,
2581,RCAEval recursive service-fault CSV windows,RE3/RE3-TT/ts-route-service_f6/2/logs.csv,40343852,copia local no disponible,,
2582,RCAEval recursive service-fault CSV windows,RE3/RE3-TT/ts-route-service_f6/2/metrics.csv,23036483,copia local no disponible,,
2583,RCAEval recursive service-fault CSV windows,RE3/RE3-TT/ts-route-service_f6/2/simple_metrics.csv,5975445,copia local no disponible,,
2584,RCAEval recursive service-fault CSV windows,RE3/RE3-TT/ts-route-service_f6/2/traces.csv,32335154,copia local no disponible,,
2585,RCAEval recursive service-fault CSV windows,RE3/RE3-TT/ts-route-service_f6/3/logs.csv,44216862,copia local no disponible,,
2586,RCAEval recursive service-fault CSV windows,RE3/RE3-TT/ts-route-service_f6/3/metrics.csv,22946765,copia local no disponible,,
2587,RCAEval recursive service-fault CSV windows,RE3/RE3-TT/ts-route-service_f6/3/simple_metrics.csv,5961601,copia local no disponible,,
2588,RCAEval recursive service-fault CSV windows,RE3/RE3-TT/ts-route-service_f6/3/traces.csv,37083796,copia local no disponible,,
2589,TraceRCA all dataset recursive service-fault CSV windows,RE1-OB/adservice_cpu/1/data.csv,2669597,origen no disponible,,
2590,TraceRCA all dataset recursive service-fault CSV windows,RE1-OB/adservice_cpu/2/data.csv,2665108,origen no disponible,,
2591,TraceRCA all dataset recursive service-fault CSV windows,RE1-OB/adservice_cpu/3/data.csv,2665499,origen no disponible,,
2592,TraceRCA all dataset recursive service-fault CSV windows,RE1-OB/adservice_cpu/4/data.csv,2642686,origen no disponible,,
2593,TraceRCA all dataset recursive service-fault CSV windows,RE1-OB/adservice_cpu/5/data.csv,2649231,origen no disponible,,
2594,TraceRCA all dataset recursive service-fault CSV windows,RE1-OB/adservice_delay/1/data.csv,555820,origen no disponible,,
2595,TraceRCA all dataset recursive service-fault CSV windows,RE1-OB/adservice_delay/2/data.csv,551720,origen no disponible,,
2596,TraceRCA all dataset recursive service-fault CSV windows,RE1-OB/adservice_delay/3/data.csv,549827,origen no disponible,,
2597,TraceRCA all dataset recursive service-fault CSV windows,RE1-OB/adservice_delay/4/data.csv,553096,origen no disponible,,
2598,TraceRCA all dataset recursive service-fault CSV windows,RE1-OB/adservice_delay/5/data.csv,556281,origen no disponible,,
2599,TraceRCA all dataset recursive service-fault CSV windows,RE1-OB/adservice_disk/1/data.csv,573786,origen no disponible,,
2600,TraceRCA all dataset recursive service-fault CSV windows,RE1-OB/adservice_disk/2/data.csv,575971,origen no disponible,,
2601,TraceRCA all dataset recursive service-fault CSV windows,RE1-OB/adservice_disk/3/data.csv,576290,origen no disponible,,
2602,TraceRCA all dataset recursive service-fault CSV windows,RE1-OB/adservice_disk/4/data.csv,574555,origen no disponible,,
2603,TraceRCA all dataset recursive service-fault CSV windows,RE1-OB/adservice_disk/5/data.csv,574617,origen no disponible,,
2604,TraceRCA all dataset recursive service-fault CSV windows,RE1-OB/adservice_loss/1/data.csv,560156,origen no disponible,,
2605,TraceRCA all dataset recursive service-fault CSV windows,RE1-OB/adservice_loss/2/data.csv,561764,origen no disponible,,
2606,TraceRCA all dataset recursive service-fault CSV windows,RE1-OB/adservice_loss/3/data.csv,559222,origen no disponible,,
2607,TraceRCA all dataset recursive service-fault CSV windows,RE1-OB/adservice_loss/4/data.csv,557961,origen no disponible,,
2608,TraceRCA all dataset recursive service-fault CSV windows,RE1-OB/adservice_loss/5/data.csv,560091,origen no disponible,,
2609,TraceRCA all dataset recursive service-fault CSV windows,RE1-OB/adservice_mem/1/data.csv,2659193,origen no disponible,,
2610,TraceRCA all dataset recursive service-fault CSV windows,RE1-OB/adservice_mem/2/data.csv,2642088,origen no disponible,,
2611,TraceRCA all dataset recursive service-fault CSV windows,RE1-OB/adservice_mem/3/data.csv,2644968,origen no disponible,,
2612,TraceRCA all dataset recursive service-fault CSV windows,RE1-OB/adservice_mem/4/data.csv,2644785,origen no disponible,,
2613,TraceRCA all dataset recursive service-fault CSV windows,RE1-OB/adservice_mem/5/data.csv,2645643,origen no disponible,,
2614,TraceRCA all dataset recursive service-fault CSV windows,RE1-OB/cartservice_cpu/1/data.csv,2645583,origen no disponible,,
2615,TraceRCA all dataset recursive service-fault CSV windows,RE1-OB/cartservice_cpu/2/data.csv,2645402,origen no disponible,,
2616,TraceRCA all dataset recursive service-fault CSV windows,RE1-OB/cartservice_cpu/3/data.csv,2645915,origen no disponible,,
2617,TraceRCA all dataset recursive service-fault CSV windows,RE1-OB/cartservice_cpu/4/data.csv,2643592,origen no disponible,,
2618,TraceRCA all dataset recursive service-fault CSV windows,RE1-OB/cartservice_cpu/5/data.csv,2648268,origen no disponible,,
2619,TraceRCA all dataset recursive service-fault CSV windows,RE1-OB/cartservice_delay/1/data.csv,576064,origen no disponible,,
2620,TraceRCA all dataset recursive service-fault CSV windows,RE1-OB/cartservice_delay/2/data.csv,574514,origen no disponible,,
2621,TraceRCA all dataset recursive service-fault CSV windows,RE1-OB/cartservice_delay/3/data.csv,574243,origen no disponible,,
2622,TraceRCA all dataset recursive service-fault CSV windows,RE1-OB/cartservice_delay/4/data.csv,575270,origen no disponible,,
2623,TraceRCA all dataset recursive service-fault CSV windows,RE1-OB/cartservice_delay/5/data.csv,576592,origen no disponible,,
2624,TraceRCA all dataset recursive service-fault CSV windows,RE1-OB/cartservice_disk/1/data.csv,572774,origen no disponible,,
2625,TraceRCA all dataset recursive service-fault CSV windows,RE1-OB/cartservice_disk/2/data.csv,576593,origen no disponible,,
2626,TraceRCA all dataset recursive service-fault CSV windows,RE1-OB/cartservice_disk/3/data.csv,580731,origen no disponible,,
2627,TraceRCA all dataset recursive service-fault CSV windows,RE1-OB/cartservice_disk/4/data.csv,573315,origen no disponible,,
2628,TraceRCA all dataset recursive service-fault CSV windows,RE1-OB/cartservice_disk/5/data.csv,581049,origen no disponible,,
2629,TraceRCA all dataset recursive service-fault CSV windows,RE1-OB/cartservice_loss/1/data.csv,576057,origen no disponible,,
2630,TraceRCA all dataset recursive service-fault CSV windows,RE1-OB/cartservice_loss/2/data.csv,548408,origen no disponible,,
2631,TraceRCA all dataset recursive service-fault CSV windows,RE1-OB/cartservice_loss/3/data.csv,548558,origen no disponible,,
2632,TraceRCA all dataset recursive service-fault CSV windows,RE1-OB/cartservice_loss/4/data.csv,551345,origen no disponible,,
2633,TraceRCA all dataset recursive service-fault CSV windows,RE1-OB/cartservice_loss/5/data.csv,549004,origen no disponible,,
2634,TraceRCA all dataset recursive service-fault CSV windows,RE1-OB/cartservice_mem/1/data.csv,2657342,origen no disponible,,
2635,TraceRCA all dataset recursive service-fault CSV windows,RE1-OB/cartservice_mem/2/data.csv,2655396,origen no disponible,,
2636,TraceRCA all dataset recursive service-fault CSV windows,RE1-OB/cartservice_mem/3/data.csv,2649565,origen no disponible,,
2637,TraceRCA all dataset recursive service-fault CSV windows,RE1-OB/cartservice_mem/4/data.csv,2648584,origen no disponible,,
2638,TraceRCA all dataset recursive service-fault CSV windows,RE1-OB/cartservice_mem/5/data.csv,2653941,origen no disponible,,
2639,TraceRCA all dataset recursive service-fault CSV windows,RE1-OB/checkoutservice_cpu/1/data.csv,2650842,origen no disponible,,
2640,TraceRCA all dataset recursive service-fault CSV windows,RE1-OB/checkoutservice_cpu/2/data.csv,2697081,origen no disponible,,
2641,TraceRCA all dataset recursive service-fault CSV windows,RE1-OB/checkoutservice_cpu/3/data.csv,2650480,origen no disponible,,
2642,TraceRCA all dataset recursive service-fault CSV windows,RE1-OB/checkoutservice_cpu/4/data.csv,1696260,origen no disponible,,
2643,TraceRCA all dataset recursive service-fault CSV windows,RE1-OB/checkoutservice_cpu/5/data.csv,2685281,origen no disponible,,
2644,TraceRCA all dataset recursive service-fault CSV windows,RE1-OB/checkoutservice_delay/1/data.csv,574038,origen no disponible,,
2645,TraceRCA all dataset recursive service-fault CSV windows,RE1-OB/checkoutservice_delay/2/data.csv,574872,origen no disponible,,
2646,TraceRCA all dataset recursive service-fault CSV windows,RE1-OB/checkoutservice_delay/3/data.csv,575139,origen no disponible,,
2647,TraceRCA all dataset recursive service-fault CSV windows,RE1-OB/checkoutservice_delay/4/data.csv,575388,origen no disponible,,
2648,TraceRCA all dataset recursive service-fault CSV windows,RE1-OB/checkoutservice_delay/5/data.csv,576644,origen no disponible,,
2649,TraceRCA all dataset recursive service-fault CSV windows,RE1-OB/checkoutservice_disk/1/data.csv,573877,origen no disponible,,
2650,TraceRCA all dataset recursive service-fault CSV windows,RE1-OB/checkoutservice_disk/2/data.csv,577684,origen no disponible,,
2651,TraceRCA all dataset recursive service-fault CSV windows,RE1-OB/checkoutservice_disk/3/data.csv,577432,origen no disponible,,
2652,TraceRCA all dataset recursive service-fault CSV windows,RE1-OB/checkoutservice_disk/4/data.csv,575299,origen no disponible,,
2653,TraceRCA all dataset recursive service-fault CSV windows,RE1-OB/checkoutservice_disk/5/data.csv,578459,origen no disponible,,
2654,TraceRCA all dataset recursive service-fault CSV windows,RE1-OB/checkoutservice_loss/1/data.csv,560617,origen no disponible,,
2655,TraceRCA all dataset recursive service-fault CSV windows,RE1-OB/checkoutservice_loss/2/data.csv,560480,origen no disponible,,
2656,TraceRCA all dataset recursive service-fault CSV windows,RE1-OB/checkoutservice_loss/3/data.csv,560522,origen no disponible,,
2657,TraceRCA all dataset recursive service-fault CSV windows,RE1-OB/checkoutservice_loss/4/data.csv,560261,origen no disponible,,
2658,TraceRCA all dataset recursive service-fault CSV windows,RE1-OB/checkoutservice_loss/5/data.csv,561458,origen no disponible,,
2659,TraceRCA all dataset recursive service-fault CSV windows,RE1-OB/checkoutservice_mem/1/data.csv,2656160,origen no disponible,,
2660,TraceRCA all dataset recursive service-fault CSV windows,RE1-OB/checkoutservice_mem/2/data.csv,2660909,origen no disponible,,
2661,TraceRCA all dataset recursive service-fault CSV windows,RE1-OB/checkoutservice_mem/3/data.csv,2717881,origen no disponible,,
2662,TraceRCA all dataset recursive service-fault CSV windows,RE1-OB/checkoutservice_mem/4/data.csv,2715808,origen no disponible,,
2663,TraceRCA all dataset recursive service-fault CSV windows,RE1-OB/checkoutservice_mem/5/data.csv,2675647,origen no disponible,,
2664,TraceRCA all dataset recursive service-fault CSV windows,RE1-OB/currencyservice_cpu/1/data.csv,2681276,origen no disponible,,
2665,TraceRCA all dataset recursive service-fault CSV windows,RE1-OB/currencyservice_cpu/2/data.csv,2707942,origen no disponible,,
2666,TraceRCA all dataset recursive service-fault CSV windows,RE1-OB/currencyservice_cpu/3/data.csv,2655003,origen no disponible,,
2667,TraceRCA all dataset recursive service-fault CSV windows,RE1-OB/currencyservice_cpu/4/data.csv,2684821,origen no disponible,,
2668,TraceRCA all dataset recursive service-fault CSV windows,RE1-OB/currencyservice_cpu/5/data.csv,2677023,origen no disponible,,
2669,TraceRCA all dataset recursive service-fault CSV windows,RE1-OB/currencyservice_delay/1/data.csv,564856,origen no disponible,,
2670,TraceRCA all dataset recursive service-fault CSV windows,RE1-OB/currencyservice_delay/2/data.csv,567462,origen no disponible,,
2671,TraceRCA all dataset recursive service-fault CSV windows,RE1-OB/currencyservice_delay/3/data.csv,575533,origen no disponible,,
2672,TraceRCA all dataset recursive service-fault CSV windows,RE1-OB/currencyservice_delay/4/data.csv,575803,origen no disponible,,
2673,TraceRCA all dataset recursive service-fault CSV windows,RE1-OB/currencyservice_delay/5/data.csv,566839,origen no disponible,,
2674,TraceRCA all dataset recursive service-fault CSV windows,RE1-OB/currencyservice_disk/1/data.csv,572958,origen no disponible,,
2675,TraceRCA all dataset recursive service-fault CSV windows,RE1-OB/currencyservice_disk/2/data.csv,577873,origen no disponible,,
2676,TraceRCA all dataset recursive service-fault CSV windows,RE1-OB/currencyservice_disk/3/data.csv,576250,origen no disponible,,
2677,TraceRCA all dataset recursive service-fault CSV windows,RE1-OB/currencyservice_disk/4/data.csv,572205,origen no disponible,,
2678,TraceRCA all dataset recursive service-fault CSV windows,RE1-OB/currencyservice_disk/5/data.csv,571124,origen no disponible,,
2679,TraceRCA all dataset recursive service-fault CSV windows,RE1-OB/currencyservice_loss/1/data.csv,577212,origen no disponible,,
2680,TraceRCA all dataset recursive service-fault CSV windows,RE1-OB/currencyservice_loss/2/data.csv,570113,origen no disponible,,
2681,TraceRCA all dataset recursive service-fault CSV windows,RE1-OB/currencyservice_loss/3/data.csv,570387,origen no disponible,,
2682,TraceRCA all dataset recursive service-fault CSV windows,RE1-OB/currencyservice_loss/4/data.csv,569932,origen no disponible,,
2683,TraceRCA all dataset recursive service-fault CSV windows,RE1-OB/currencyservice_loss/5/data.csv,570040,origen no disponible,,
2684,TraceRCA all dataset recursive service-fault CSV windows,RE1-OB/currencyservice_mem/1/data.csv,2704309,origen no disponible,,
2685,TraceRCA all dataset recursive service-fault CSV windows,RE1-OB/currencyservice_mem/2/data.csv,2693837,origen no disponible,,
2686,TraceRCA all dataset recursive service-fault CSV windows,RE1-OB/currencyservice_mem/3/data.csv,2704425,origen no disponible,,
2687,TraceRCA all dataset recursive service-fault CSV windows,RE1-OB/currencyservice_mem/4/data.csv,2669539,origen no disponible,,
2688,TraceRCA all dataset recursive service-fault CSV windows,RE1-OB/currencyservice_mem/5/data.csv,2669312,origen no disponible,,
2689,TraceRCA all dataset recursive service-fault CSV windows,RE1-OB/productcatalogservice_cpu/1/data.csv,2677757,origen no disponible,,
2690,TraceRCA all dataset recursive service-fault CSV windows,RE1-OB/productcatalogservice_cpu/2/data.csv,2681640,origen no disponible,,
2691,TraceRCA all dataset recursive service-fault CSV windows,RE1-OB/productcatalogservice_cpu/3/data.csv,2461763,origen no disponible,,
2692,TraceRCA all dataset recursive service-fault CSV windows,RE1-OB/productcatalogservice_cpu/4/data.csv,2666667,origen no disponible,,
2693,TraceRCA all dataset recursive service-fault CSV windows,RE1-OB/productcatalogservice_cpu/5/data.csv,2658032,origen no disponible,,
2694,TraceRCA all dataset recursive service-fault CSV windows,RE1-OB/productcatalogservice_delay/1/data.csv,568268,origen no disponible,,
2695,TraceRCA all dataset recursive service-fault CSV windows,RE1-OB/productcatalogservice_delay/2/data.csv,566645,origen no disponible,,
2696,TraceRCA all dataset recursive service-fault CSV windows,RE1-OB/productcatalogservice_delay/3/data.csv,566318,origen no disponible,,
2697,TraceRCA all dataset recursive service-fault CSV windows,RE1-OB/productcatalogservice_delay/4/data.csv,561361,origen no disponible,,
2698,TraceRCA all dataset recursive service-fault CSV windows,RE1-OB/productcatalogservice_delay/5/data.csv,565510,origen no disponible,,
2699,TraceRCA all dataset recursive service-fault CSV windows,RE1-OB/productcatalogservice_disk/1/data.csv,573740,origen no disponible,,
2700,TraceRCA all dataset recursive service-fault CSV windows,RE1-OB/productcatalogservice_disk/2/data.csv,574540,origen no disponible,,
2701,TraceRCA all dataset recursive service-fault CSV windows,RE1-OB/productcatalogservice_disk/3/data.csv,571444,origen no disponible,,
2702,TraceRCA all dataset recursive service-fault CSV windows,RE1-OB/productcatalogservice_disk/4/data.csv,574942,origen no disponible,,
2703,TraceRCA all dataset recursive service-fault CSV windows,RE1-OB/productcatalogservice_disk/5/data.csv,574900,origen no disponible,,
2704,TraceRCA all dataset recursive service-fault CSV windows,RE1-OB/productcatalogservice_loss/1/data.csv,579706,origen no disponible,,
2705,TraceRCA all dataset recursive service-fault CSV windows,RE1-OB/productcatalogservice_loss/2/data.csv,581280,origen no disponible,,
2706,TraceRCA all dataset recursive service-fault CSV windows,RE1-OB/productcatalogservice_loss/3/data.csv,579824,origen no disponible,,
2707,TraceRCA all dataset recursive service-fault CSV windows,RE1-OB/productcatalogservice_loss/4/data.csv,580329,origen no disponible,,
2708,TraceRCA all dataset recursive service-fault CSV windows,RE1-OB/productcatalogservice_loss/5/data.csv,580162,origen no disponible,,
2709,TraceRCA all dataset recursive service-fault CSV windows,RE1-OB/productcatalogservice_mem/1/data.csv,2674275,origen no disponible,,
2710,TraceRCA all dataset recursive service-fault CSV windows,RE1-OB/productcatalogservice_mem/2/data.csv,2699479,origen no disponible,,
2711,TraceRCA all dataset recursive service-fault CSV windows,RE1-OB/productcatalogservice_mem/3/data.csv,2681723,origen no disponible,,
2712,TraceRCA all dataset recursive service-fault CSV windows,RE1-OB/productcatalogservice_mem/4/data.csv,2678516,origen no disponible,,
2713,TraceRCA all dataset recursive service-fault CSV windows,RE1-OB/productcatalogservice_mem/5/data.csv,2669631,origen no disponible,,
2714,TraceRCA all dataset recursive service-fault CSV windows,RE1-SS/carts_cpu/1/data.csv,3538735,origen no disponible,,
2715,TraceRCA all dataset recursive service-fault CSV windows,RE1-SS/carts_cpu/1/simple_data.csv,565224,origen no disponible,,
2716,TraceRCA all dataset recursive service-fault CSV windows,RE1-SS/carts_cpu/2/data.csv,3523844,origen no disponible,,
2717,TraceRCA all dataset recursive service-fault CSV windows,RE1-SS/carts_cpu/2/simple_data.csv,562855,origen no disponible,,
2718,TraceRCA all dataset recursive service-fault CSV windows,RE1-SS/carts_cpu/3/data.csv,3523312,origen no disponible,,
2719,TraceRCA all dataset recursive service-fault CSV windows,RE1-SS/carts_cpu/3/simple_data.csv,571987,origen no disponible,,
2720,TraceRCA all dataset recursive service-fault CSV windows,RE1-SS/carts_cpu/4/data.csv,3525430,origen no disponible,,
2721,TraceRCA all dataset recursive service-fault CSV windows,RE1-SS/carts_cpu/4/simple_data.csv,558098,origen no disponible,,
2722,TraceRCA all dataset recursive service-fault CSV windows,RE1-SS/carts_cpu/5/data.csv,3540494,origen no disponible,,
2723,TraceRCA all dataset recursive service-fault CSV windows,RE1-SS/carts_cpu/5/simple_data.csv,571376,origen no disponible,,
2724,TraceRCA all dataset recursive service-fault CSV windows,RE1-SS/carts_delay/1/data.csv,3556647,origen no disponible,,
2725,TraceRCA all dataset recursive service-fault CSV windows,RE1-SS/carts_delay/1/simple_data.csv,576635,origen no disponible,,
2726,TraceRCA all dataset recursive service-fault CSV windows,RE1-SS/carts_delay/2/data.csv,3550784,origen no disponible,,
2727,TraceRCA all dataset recursive service-fault CSV windows,RE1-SS/carts_delay/2/simple_data.csv,566974,origen no disponible,,
2728,TraceRCA all dataset recursive service-fault CSV windows,RE1-SS/carts_delay/3/data.csv,3547786,origen no disponible,,
2729,TraceRCA all dataset recursive service-fault CSV windows,RE1-SS/carts_delay/3/simple_data.csv,566761,origen no disponible,,
2730,TraceRCA all dataset recursive service-fault CSV windows,RE1-SS/carts_delay/4/data.csv,3504019,origen no disponible,,
2731,TraceRCA all dataset recursive service-fault CSV windows,RE1-SS/carts_delay/4/simple_data.csv,548622,origen no disponible,,
2732,TraceRCA all dataset recursive service-fault CSV windows,RE1-SS/carts_delay/5/data.csv,3539962,origen no disponible,,
2733,TraceRCA all dataset recursive service-fault CSV windows,RE1-SS/carts_delay/5/simple_data.csv,567534,origen no disponible,,
2734,TraceRCA all dataset recursive service-fault CSV windows,RE1-SS/carts_disk/1/data.csv,3383247,origen no disponible,,
2735,TraceRCA all dataset recursive service-fault CSV windows,RE1-SS/carts_disk/1/simple_data.csv,561862,origen no disponible,,
2736,TraceRCA all dataset recursive service-fault CSV windows,RE1-SS/carts_disk/2/data.csv,3371266,origen no disponible,,
2737,TraceRCA all dataset recursive service-fault CSV windows,RE1-SS/carts_disk/2/simple_data.csv,561356,origen no disponible,,
2738,TraceRCA all dataset recursive service-fault CSV windows,RE1-SS/carts_disk/3/data.csv,3374591,origen no disponible,,
2739,TraceRCA all dataset recursive service-fault CSV windows,RE1-SS/carts_disk/3/simple_data.csv,553564,origen no disponible,,
2740,TraceRCA all dataset recursive service-fault CSV windows,RE1-SS/carts_disk/4/data.csv,3370807,origen no disponible,,
2741,TraceRCA all dataset recursive service-fault CSV windows,RE1-SS/carts_disk/4/simple_data.csv,561375,origen no disponible,,
2742,TraceRCA all dataset recursive service-fault CSV windows,RE1-SS/carts_disk/5/data.csv,3389324,origen no disponible,,
2743,TraceRCA all dataset recursive service-fault CSV windows,RE1-SS/carts_disk/5/simple_data.csv,562870,origen no disponible,,
2744,TraceRCA all dataset recursive service-fault CSV windows,RE1-SS/carts_loss/1/data.csv,3559504,origen no disponible,,
2745,TraceRCA all dataset recursive service-fault CSV windows,RE1-SS/carts_loss/1/simple_data.csv,578889,origen no disponible,,
2746,TraceRCA all dataset recursive service-fault CSV windows,RE1-SS/carts_loss/2/data.csv,3531682,origen no disponible,,
2747,TraceRCA all dataset recursive service-fault CSV windows,RE1-SS/carts_loss/2/simple_data.csv,561892,origen no disponible,,
2748,TraceRCA all dataset recursive service-fault CSV windows,RE1-SS/carts_loss/3/data.csv,3554157,origen no disponible,,
2749,TraceRCA all dataset recursive service-fault CSV windows,RE1-SS/carts_loss/3/simple_data.csv,572197,origen no disponible,,
2750,TraceRCA all dataset recursive service-fault CSV windows,RE1-SS/carts_loss/4/data.csv,3513255,origen no disponible,,
2751,TraceRCA all dataset recursive service-fault CSV windows,RE1-SS/carts_loss/4/simple_data.csv,562473,origen no disponible,,
2752,TraceRCA all dataset recursive service-fault CSV windows,RE1-SS/carts_loss/5/data.csv,3523880,origen no disponible,,
2753,TraceRCA all dataset recursive service-fault CSV windows,RE1-SS/carts_loss/5/simple_data.csv,566033,origen no disponible,,
2754,TraceRCA all dataset recursive service-fault CSV windows,RE1-SS/carts_mem/1/data.csv,3540569,origen no disponible,,
2755,TraceRCA all dataset recursive service-fault CSV windows,RE1-SS/carts_mem/1/simple_data.csv,564111,origen no disponible,,
2756,TraceRCA all dataset recursive service-fault CSV windows,RE1-SS/carts_mem/2/data.csv,3529435,origen no disponible,,
2757,TraceRCA all dataset recursive service-fault CSV windows,RE1-SS/carts_mem/2/simple_data.csv,559903,origen no disponible,,
2758,TraceRCA all dataset recursive service-fault CSV windows,RE1-SS/carts_mem/3/data.csv,3520513,origen no disponible,,
2759,TraceRCA all dataset recursive service-fault CSV windows,RE1-SS/carts_mem/3/simple_data.csv,563438,origen no disponible,,
2760,TraceRCA all dataset recursive service-fault CSV windows,RE1-SS/carts_mem/4/data.csv,3546238,origen no disponible,,
2761,TraceRCA all dataset recursive service-fault CSV windows,RE1-SS/carts_mem/4/simple_data.csv,569103,origen no disponible,,
2762,TraceRCA all dataset recursive service-fault CSV windows,RE1-SS/carts_mem/5/data.csv,3536199,origen no disponible,,
2763,TraceRCA all dataset recursive service-fault CSV windows,RE1-SS/carts_mem/5/simple_data.csv,566827,origen no disponible,,
2764,TraceRCA all dataset recursive service-fault CSV windows,RE1-SS/catalogue_cpu/1/data.csv,3546726,origen no disponible,,
2765,TraceRCA all dataset recursive service-fault CSV windows,RE1-SS/catalogue_cpu/1/simple_data.csv,566742,origen no disponible,,
2766,TraceRCA all dataset recursive service-fault CSV windows,RE1-SS/catalogue_cpu/2/data.csv,3515048,origen no disponible,,
2767,TraceRCA all dataset recursive service-fault CSV windows,RE1-SS/catalogue_cpu/2/simple_data.csv,558380,origen no disponible,,
2768,TraceRCA all dataset recursive service-fault CSV windows,RE1-SS/catalogue_cpu/3/data.csv,3524237,origen no disponible,,
2769,TraceRCA all dataset recursive service-fault CSV windows,RE1-SS/catalogue_cpu/3/simple_data.csv,564299,origen no disponible,,
2770,TraceRCA all dataset recursive service-fault CSV windows,RE1-SS/catalogue_cpu/4/data.csv,3522322,origen no disponible,,
2771,TraceRCA all dataset recursive service-fault CSV windows,RE1-SS/catalogue_cpu/4/simple_data.csv,558258,origen no disponible,,
2772,TraceRCA all dataset recursive service-fault CSV windows,RE1-SS/catalogue_cpu/5/data.csv,3541754,origen no disponible,,
2773,TraceRCA all dataset recursive service-fault CSV windows,RE1-SS/catalogue_cpu/5/simple_data.csv,571236,origen no disponible,,
2774,TraceRCA all dataset recursive service-fault CSV windows,RE1-SS/catalogue_delay/1/data.csv,3528998,origen no disponible,,
2775,TraceRCA all dataset recursive service-fault CSV windows,RE1-SS/catalogue_delay/1/simple_data.csv,559255,origen no disponible,,
2776,TraceRCA all dataset recursive service-fault CSV windows,RE1-SS/catalogue_delay/2/data.csv,3538442,origen no disponible,,
2777,TraceRCA all dataset recursive service-fault CSV windows,RE1-SS/catalogue_delay/2/simple_data.csv,571093,origen no disponible,,
2778,TraceRCA all dataset recursive service-fault CSV windows,RE1-SS/catalogue_delay/3/data.csv,3546162,origen no disponible,,
2779,TraceRCA all dataset recursive service-fault CSV windows,RE1-SS/catalogue_delay/3/simple_data.csv,567791,origen no disponible,,
2780,TraceRCA all dataset recursive service-fault CSV windows,RE1-SS/catalogue_delay/4/data.csv,3551493,origen no disponible,,
2781,TraceRCA all dataset recursive service-fault CSV windows,RE1-SS/catalogue_delay/4/simple_data.csv,571714,origen no disponible,,
2782,TraceRCA all dataset recursive service-fault CSV windows,RE1-SS/catalogue_delay/5/data.csv,3536747,origen no disponible,,
2783,TraceRCA all dataset recursive service-fault CSV windows,RE1-SS/catalogue_delay/5/simple_data.csv,560884,origen no disponible,,
2784,TraceRCA all dataset recursive service-fault CSV windows,RE1-SS/catalogue_disk/1/data.csv,3380206,origen no disponible,,
2785,TraceRCA all dataset recursive service-fault CSV windows,RE1-SS/catalogue_disk/1/simple_data.csv,560491,origen no disponible,,
2786,TraceRCA all dataset recursive service-fault CSV windows,RE1-SS/catalogue_disk/2/data.csv,3385868,origen no disponible,,
2787,TraceRCA all dataset recursive service-fault CSV windows,RE1-SS/catalogue_disk/2/simple_data.csv,569126,origen no disponible,,
2788,TraceRCA all dataset recursive service-fault CSV windows,RE1-SS/catalogue_disk/3/data.csv,3135743,origen no disponible,,
2789,TraceRCA all dataset recursive service-fault CSV windows,RE1-SS/catalogue_disk/3/simple_data.csv,521458,origen no disponible,,
2790,TraceRCA all dataset recursive service-fault CSV windows,RE1-SS/catalogue_disk/4/data.csv,3118508,origen no disponible,,
2791,TraceRCA all dataset recursive service-fault CSV windows,RE1-SS/catalogue_disk/4/simple_data.csv,570446,origen no disponible,,
2792,TraceRCA all dataset recursive service-fault CSV windows,RE1-SS/catalogue_disk/5/data.csv,3394021,origen no disponible,,
2793,TraceRCA all dataset recursive service-fault CSV windows,RE1-SS/catalogue_disk/5/simple_data.csv,566002,origen no disponible,,
2794,TraceRCA all dataset recursive service-fault CSV windows,RE1-SS/catalogue_loss/1/data.csv,3546912,origen no disponible,,
2795,TraceRCA all dataset recursive service-fault CSV windows,RE1-SS/catalogue_loss/1/simple_data.csv,572849,origen no disponible,,
2796,TraceRCA all dataset recursive service-fault CSV windows,RE1-SS/catalogue_loss/2/data.csv,3534835,origen no disponible,,
2797,TraceRCA all dataset recursive service-fault CSV windows,RE1-SS/catalogue_loss/2/simple_data.csv,566105,origen no disponible,,
2798,TraceRCA all dataset recursive service-fault CSV windows,RE1-SS/catalogue_loss/3/data.csv,3527857,origen no disponible,,
2799,TraceRCA all dataset recursive service-fault CSV windows,RE1-SS/catalogue_loss/3/simple_data.csv,569659,origen no disponible,,
2800,TraceRCA all dataset recursive service-fault CSV windows,RE1-SS/catalogue_loss/4/data.csv,3533274,origen no disponible,,
2801,TraceRCA all dataset recursive service-fault CSV windows,RE1-SS/catalogue_loss/4/simple_data.csv,563199,origen no disponible,,
2802,TraceRCA all dataset recursive service-fault CSV windows,RE1-SS/catalogue_loss/5/data.csv,3532098,origen no disponible,,
2803,TraceRCA all dataset recursive service-fault CSV windows,RE1-SS/catalogue_loss/5/simple_data.csv,571646,origen no disponible,,
2804,TraceRCA all dataset recursive service-fault CSV windows,RE1-SS/catalogue_mem/1/data.csv,3530216,origen no disponible,,
2805,TraceRCA all dataset recursive service-fault CSV windows,RE1-SS/catalogue_mem/1/simple_data.csv,561895,origen no disponible,,
2806,TraceRCA all dataset recursive service-fault CSV windows,RE1-SS/catalogue_mem/2/data.csv,3535805,origen no disponible,,
2807,TraceRCA all dataset recursive service-fault CSV windows,RE1-SS/catalogue_mem/2/simple_data.csv,564302,origen no disponible,,
2808,TraceRCA all dataset recursive service-fault CSV windows,RE1-SS/catalogue_mem/3/data.csv,3554896,origen no disponible,,
2809,TraceRCA all dataset recursive service-fault CSV windows,RE1-SS/catalogue_mem/3/simple_data.csv,572861,origen no disponible,,
2810,TraceRCA all dataset recursive service-fault CSV windows,RE1-SS/catalogue_mem/4/data.csv,3518150,origen no disponible,,
2811,TraceRCA all dataset recursive service-fault CSV windows,RE1-SS/catalogue_mem/4/simple_data.csv,555912,origen no disponible,,
2812,TraceRCA all dataset recursive service-fault CSV windows,RE1-SS/catalogue_mem/5/data.csv,3548600,origen no disponible,,
2813,TraceRCA all dataset recursive service-fault CSV windows,RE1-SS/catalogue_mem/5/simple_data.csv,572659,origen no disponible,,
2814,TraceRCA all dataset recursive service-fault CSV windows,RE1-SS/orders_cpu/1/data.csv,3539298,origen no disponible,,
2815,TraceRCA all dataset recursive service-fault CSV windows,RE1-SS/orders_cpu/1/simple_data.csv,568774,origen no disponible,,
2816,TraceRCA all dataset recursive service-fault CSV windows,RE1-SS/orders_cpu/2/data.csv,3539029,origen no disponible,,
2817,TraceRCA all dataset recursive service-fault CSV windows,RE1-SS/orders_cpu/2/simple_data.csv,564442,origen no disponible,,
2818,TraceRCA all dataset recursive service-fault CSV windows,RE1-SS/orders_cpu/3/data.csv,3548349,origen no disponible,,
2819,TraceRCA all dataset recursive service-fault CSV windows,RE1-SS/orders_cpu/3/simple_data.csv,571472,origen no disponible,,
2820,TraceRCA all dataset recursive service-fault CSV windows,RE1-SS/orders_cpu/4/data.csv,3529035,origen no disponible,,
2821,TraceRCA all dataset recursive service-fault CSV windows,RE1-SS/orders_cpu/4/simple_data.csv,563115,origen no disponible,,
2822,TraceRCA all dataset recursive service-fault CSV windows,RE1-SS/orders_cpu/5/data.csv,3551799,origen no disponible,,
2823,TraceRCA all dataset recursive service-fault CSV windows,RE1-SS/orders_cpu/5/simple_data.csv,576044,origen no disponible,,
2824,TraceRCA all dataset recursive service-fault CSV windows,RE1-SS/orders_delay/1/data.csv,3503831,origen no disponible,,
2825,TraceRCA all dataset recursive service-fault CSV windows,RE1-SS/orders_delay/1/simple_data.csv,563696,origen no disponible,,
2826,TraceRCA all dataset recursive service-fault CSV windows,RE1-SS/orders_delay/2/data.csv,3483176,origen no disponible,,
2827,TraceRCA all dataset recursive service-fault CSV windows,RE1-SS/orders_delay/2/simple_data.csv,546270,origen no disponible,,
2828,TraceRCA all dataset recursive service-fault CSV windows,RE1-SS/orders_delay/3/data.csv,3508075,origen no disponible,,
2829,TraceRCA all dataset recursive service-fault CSV windows,RE1-SS/orders_delay/3/simple_data.csv,564793,origen no disponible,,
2830,TraceRCA all dataset recursive service-fault CSV windows,RE1-SS/orders_delay/4/data.csv,3496176,origen no disponible,,
2831,TraceRCA all dataset recursive service-fault CSV windows,RE1-SS/orders_delay/4/simple_data.csv,547766,origen no disponible,,
2832,TraceRCA all dataset recursive service-fault CSV windows,RE1-SS/orders_delay/5/data.csv,3509827,origen no disponible,,
2833,TraceRCA all dataset recursive service-fault CSV windows,RE1-SS/orders_delay/5/simple_data.csv,567757,origen no disponible,,
2834,TraceRCA all dataset recursive service-fault CSV windows,RE1-SS/orders_disk/1/data.csv,3386408,origen no disponible,,
2835,TraceRCA all dataset recursive service-fault CSV windows,RE1-SS/orders_disk/1/simple_data.csv,565318,origen no disponible,,
2836,TraceRCA all dataset recursive service-fault CSV windows,RE1-SS/orders_disk/2/data.csv,3398715,origen no disponible,,
2837,TraceRCA all dataset recursive service-fault CSV windows,RE1-SS/orders_disk/2/simple_data.csv,559249,origen no disponible,,
2838,TraceRCA all dataset recursive service-fault CSV windows,RE1-SS/orders_disk/3/data.csv,3389295,origen no disponible,,
2839,TraceRCA all dataset recursive service-fault CSV windows,RE1-SS/orders_disk/3/simple_data.csv,563827,origen no disponible,,
2840,TraceRCA all dataset recursive service-fault CSV windows,RE1-SS/orders_disk/4/data.csv,3397178,origen no disponible,,
2841,TraceRCA all dataset recursive service-fault CSV windows,RE1-SS/orders_disk/4/simple_data.csv,566787,origen no disponible,,
2842,TraceRCA all dataset recursive service-fault CSV windows,RE1-SS/orders_disk/5/data.csv,3384324,origen no disponible,,
2843,TraceRCA all dataset recursive service-fault CSV windows,RE1-SS/orders_disk/5/simple_data.csv,561572,origen no disponible,,
2844,TraceRCA all dataset recursive service-fault CSV windows,RE1-SS/orders_loss/1/data.csv,3556445,origen no disponible,,
2845,TraceRCA all dataset recursive service-fault CSV windows,RE1-SS/orders_loss/1/simple_data.csv,578671,origen no disponible,,
2846,TraceRCA all dataset recursive service-fault CSV windows,RE1-SS/orders_loss/2/data.csv,3539593,origen no disponible,,
2847,TraceRCA all dataset recursive service-fault CSV windows,RE1-SS/orders_loss/2/simple_data.csv,581935,origen no disponible,,
2848,TraceRCA all dataset recursive service-fault CSV windows,RE1-SS/orders_loss/3/data.csv,3559834,origen no disponible,,
2849,TraceRCA all dataset recursive service-fault CSV windows,RE1-SS/orders_loss/3/simple_data.csv,568740,origen no disponible,,
2850,TraceRCA all dataset recursive service-fault CSV windows,RE1-SS/orders_loss/4/data.csv,3520841,origen no disponible,,
2851,TraceRCA all dataset recursive service-fault CSV windows,RE1-SS/orders_loss/4/simple_data.csv,570330,origen no disponible,,
2852,TraceRCA all dataset recursive service-fault CSV windows,RE1-SS/orders_loss/5/data.csv,3530303,origen no disponible,,
2853,TraceRCA all dataset recursive service-fault CSV windows,RE1-SS/orders_loss/5/simple_data.csv,580664,origen no disponible,,
2854,TraceRCA all dataset recursive service-fault CSV windows,RE1-SS/orders_mem/1/data.csv,3532362,origen no disponible,,
2855,TraceRCA all dataset recursive service-fault CSV windows,RE1-SS/orders_mem/1/simple_data.csv,566156,origen no disponible,,
2856,TraceRCA all dataset recursive service-fault CSV windows,RE1-SS/orders_mem/2/data.csv,3539846,origen no disponible,,
2857,TraceRCA all dataset recursive service-fault CSV windows,RE1-SS/orders_mem/2/simple_data.csv,563845,origen no disponible,,
2858,TraceRCA all dataset recursive service-fault CSV windows,RE1-SS/orders_mem/3/data.csv,3544039,origen no disponible,,
2859,TraceRCA all dataset recursive service-fault CSV windows,RE1-SS/orders_mem/3/simple_data.csv,569236,origen no disponible,,
2860,TraceRCA all dataset recursive service-fault CSV windows,RE1-SS/orders_mem/4/data.csv,3533626,origen no disponible,,
2861,TraceRCA all dataset recursive service-fault CSV windows,RE1-SS/orders_mem/4/simple_data.csv,564292,origen no disponible,,
2862,TraceRCA all dataset recursive service-fault CSV windows,RE1-SS/orders_mem/5/data.csv,3522153,origen no disponible,,
2863,TraceRCA all dataset recursive service-fault CSV windows,RE1-SS/orders_mem/5/simple_data.csv,558805,origen no disponible,,
2864,TraceRCA all dataset recursive service-fault CSV windows,RE1-SS/payment_cpu/1/data.csv,3541576,origen no disponible,,
2865,TraceRCA all dataset recursive service-fault CSV windows,RE1-SS/payment_cpu/1/simple_data.csv,562861,origen no disponible,,
2866,TraceRCA all dataset recursive service-fault CSV windows,RE1-SS/payment_cpu/2/data.csv,3504856,origen no disponible,,
2867,TraceRCA all dataset recursive service-fault CSV windows,RE1-SS/payment_cpu/2/simple_data.csv,555279,origen no disponible,,
2868,TraceRCA all dataset recursive service-fault CSV windows,RE1-SS/payment_cpu/3/data.csv,3532384,origen no disponible,,
2869,TraceRCA all dataset recursive service-fault CSV windows,RE1-SS/payment_cpu/3/simple_data.csv,572096,origen no disponible,,
2870,TraceRCA all dataset recursive service-fault CSV windows,RE1-SS/payment_cpu/4/data.csv,3521471,origen no disponible,,
2871,TraceRCA all dataset recursive service-fault CSV windows,RE1-SS/payment_cpu/4/simple_data.csv,556626,origen no disponible,,
2872,TraceRCA all dataset recursive service-fault CSV windows,RE1-SS/payment_cpu/5/data.csv,3540416,origen no disponible,,
2873,TraceRCA all dataset recursive service-fault CSV windows,RE1-SS/payment_cpu/5/simple_data.csv,570821,origen no disponible,,
2874,TraceRCA all dataset recursive service-fault CSV windows,RE1-SS/payment_delay/1/data.csv,3514723,origen no disponible,,
2875,TraceRCA all dataset recursive service-fault CSV windows,RE1-SS/payment_delay/1/simple_data.csv,556776,origen no disponible,,
2876,TraceRCA all dataset recursive service-fault CSV windows,RE1-SS/payment_delay/2/data.csv,3513347,origen no disponible,,
2877,TraceRCA all dataset recursive service-fault CSV windows,RE1-SS/payment_delay/2/simple_data.csv,551823,origen no disponible,,
2878,TraceRCA all dataset recursive service-fault CSV windows,RE1-SS/payment_delay/3/data.csv,3525255,origen no disponible,,
2879,TraceRCA all dataset recursive service-fault CSV windows,RE1-SS/payment_delay/3/simple_data.csv,571481,origen no disponible,,
2880,TraceRCA all dataset recursive service-fault CSV windows,RE1-SS/payment_delay/4/data.csv,3520566,origen no disponible,,
2881,TraceRCA all dataset recursive service-fault CSV windows,RE1-SS/payment_delay/4/simple_data.csv,558722,origen no disponible,,
2882,TraceRCA all dataset recursive service-fault CSV windows,RE1-SS/payment_delay/5/data.csv,3530533,origen no disponible,,
2883,TraceRCA all dataset recursive service-fault CSV windows,RE1-SS/payment_delay/5/simple_data.csv,570308,origen no disponible,,
2884,TraceRCA all dataset recursive service-fault CSV windows,RE1-SS/payment_disk/1/data.csv,3381815,origen no disponible,,
2885,TraceRCA all dataset recursive service-fault CSV windows,RE1-SS/payment_disk/1/simple_data.csv,562466,origen no disponible,,
2886,TraceRCA all dataset recursive service-fault CSV windows,RE1-SS/payment_disk/2/data.csv,3390255,origen no disponible,,
2887,TraceRCA all dataset recursive service-fault CSV windows,RE1-SS/payment_disk/2/simple_data.csv,561787,origen no disponible,,
2888,TraceRCA all dataset recursive service-fault CSV windows,RE1-SS/payment_disk/3/data.csv,3342611,origen no disponible,,
2889,TraceRCA all dataset recursive service-fault CSV windows,RE1-SS/payment_disk/3/simple_data.csv,560404,origen no disponible,,
2890,TraceRCA all dataset recursive service-fault CSV windows,RE1-SS/payment_disk/4/data.csv,3382531,origen no disponible,,
2891,TraceRCA all dataset recursive service-fault CSV windows,RE1-SS/payment_disk/4/simple_data.csv,557803,origen no disponible,,
2892,TraceRCA all dataset recursive service-fault CSV windows,RE1-SS/payment_disk/5/data.csv,3396960,origen no disponible,,
2893,TraceRCA all dataset recursive service-fault CSV windows,RE1-SS/payment_disk/5/simple_data.csv,562258,origen no disponible,,
2894,TraceRCA all dataset recursive service-fault CSV windows,RE1-SS/payment_loss/1/data.csv,3533764,origen no disponible,,
2895,TraceRCA all dataset recursive service-fault CSV windows,RE1-SS/payment_loss/1/simple_data.csv,576214,origen no disponible,,
2896,TraceRCA all dataset recursive service-fault CSV windows,RE1-SS/payment_loss/2/data.csv,3547461,origen no disponible,,
2897,TraceRCA all dataset recursive service-fault CSV windows,RE1-SS/payment_loss/2/simple_data.csv,576865,origen no disponible,,
2898,TraceRCA all dataset recursive service-fault CSV windows,RE1-SS/payment_loss/3/data.csv,3507632,origen no disponible,,
2899,TraceRCA all dataset recursive service-fault CSV windows,RE1-SS/payment_loss/3/simple_data.csv,559646,origen no disponible,,
2900,TraceRCA all dataset recursive service-fault CSV windows,RE1-SS/payment_loss/4/data.csv,3551369,origen no disponible,,
2901,TraceRCA all dataset recursive service-fault CSV windows,RE1-SS/payment_loss/4/simple_data.csv,577944,origen no disponible,,
2902,TraceRCA all dataset recursive service-fault CSV windows,RE1-SS/payment_loss/5/data.csv,3539568,origen no disponible,,
2903,TraceRCA all dataset recursive service-fault CSV windows,RE1-SS/payment_loss/5/simple_data.csv,574463,origen no disponible,,
2904,TraceRCA all dataset recursive service-fault CSV windows,RE1-SS/payment_mem/1/data.csv,3567000,origen no disponible,,
2905,TraceRCA all dataset recursive service-fault CSV windows,RE1-SS/payment_mem/1/simple_data.csv,572566,origen no disponible,,
2906,TraceRCA all dataset recursive service-fault CSV windows,RE1-SS/payment_mem/2/data.csv,3521091,origen no disponible,,
2907,TraceRCA all dataset recursive service-fault CSV windows,RE1-SS/payment_mem/2/simple_data.csv,552923,origen no disponible,,
2908,TraceRCA all dataset recursive service-fault CSV windows,RE1-SS/payment_mem/3/data.csv,3544701,origen no disponible,,
2909,TraceRCA all dataset recursive service-fault CSV windows,RE1-SS/payment_mem/3/simple_data.csv,569816,origen no disponible,,
2910,TraceRCA all dataset recursive service-fault CSV windows,RE1-SS/payment_mem/4/data.csv,3540858,origen no disponible,,
2911,TraceRCA all dataset recursive service-fault CSV windows,RE1-SS/payment_mem/4/simple_data.csv,560078,origen no disponible,,
2912,TraceRCA all dataset recursive service-fault CSV windows,RE1-SS/payment_mem/5/data.csv,3547205,origen no disponible,,
2913,TraceRCA all dataset recursive service-fault CSV windows,RE1-SS/payment_mem/5/simple_data.csv,568670,origen no disponible,,
2914,TraceRCA all dataset recursive service-fault CSV windows,RE1-SS/user_cpu/1/data.csv,3532162,origen no disponible,,
2915,TraceRCA all dataset recursive service-fault CSV windows,RE1-SS/user_cpu/1/simple_data.csv,560719,origen no disponible,,
2916,TraceRCA all dataset recursive service-fault CSV windows,RE1-SS/user_cpu/2/data.csv,3528797,origen no disponible,,
2917,TraceRCA all dataset recursive service-fault CSV windows,RE1-SS/user_cpu/2/simple_data.csv,565404,origen no disponible,,
2918,TraceRCA all dataset recursive service-fault CSV windows,RE1-SS/user_cpu/3/data.csv,3535284,origen no disponible,,
2919,TraceRCA all dataset recursive service-fault CSV windows,RE1-SS/user_cpu/3/simple_data.csv,575878,origen no disponible,,
2920,TraceRCA all dataset recursive service-fault CSV windows,RE1-SS/user_cpu/4/data.csv,3548887,origen no disponible,,
2921,TraceRCA all dataset recursive service-fault CSV windows,RE1-SS/user_cpu/4/simple_data.csv,573425,origen no disponible,,
2922,TraceRCA all dataset recursive service-fault CSV windows,RE1-SS/user_cpu/5/data.csv,3518987,origen no disponible,,
2923,TraceRCA all dataset recursive service-fault CSV windows,RE1-SS/user_cpu/5/simple_data.csv,558565,origen no disponible,,
2924,TraceRCA all dataset recursive service-fault CSV windows,RE1-SS/user_delay/1/data.csv,3547497,origen no disponible,,
2925,TraceRCA all dataset recursive service-fault CSV windows,RE1-SS/user_delay/1/simple_data.csv,572912,origen no disponible,,
2926,TraceRCA all dataset recursive service-fault CSV windows,RE1-SS/user_delay/2/data.csv,3522264,origen no disponible,,
2927,TraceRCA all dataset recursive service-fault CSV windows,RE1-SS/user_delay/2/simple_data.csv,556143,origen no disponible,,
2928,TraceRCA all dataset recursive service-fault CSV windows,RE1-SS/user_delay/3/data.csv,3533861,origen no disponible,,
2929,TraceRCA all dataset recursive service-fault CSV windows,RE1-SS/user_delay/3/simple_data.csv,567840,origen no disponible,,
2930,TraceRCA all dataset recursive service-fault CSV windows,RE1-SS/user_delay/4/data.csv,3514244,origen no disponible,,
2931,TraceRCA all dataset recursive service-fault CSV windows,RE1-SS/user_delay/4/simple_data.csv,560889,origen no disponible,,
2932,TraceRCA all dataset recursive service-fault CSV windows,RE1-SS/user_delay/5/data.csv,3538581,origen no disponible,,
2933,TraceRCA all dataset recursive service-fault CSV windows,RE1-SS/user_delay/5/simple_data.csv,571141,origen no disponible,,
2934,TraceRCA all dataset recursive service-fault CSV windows,RE1-SS/user_disk/1/data.csv,3396866,origen no disponible,,
2935,TraceRCA all dataset recursive service-fault CSV windows,RE1-SS/user_disk/1/simple_data.csv,562552,origen no disponible,,
2936,TraceRCA all dataset recursive service-fault CSV windows,RE1-SS/user_disk/2/data.csv,3402925,origen no disponible,,
2937,TraceRCA all dataset recursive service-fault CSV windows,RE1-SS/user_disk/2/simple_data.csv,564054,origen no disponible,,
2938,TraceRCA all dataset recursive service-fault CSV windows,RE1-SS/user_disk/3/data.csv,3403385,origen no disponible,,
2939,TraceRCA all dataset recursive service-fault CSV windows,RE1-SS/user_disk/3/simple_data.csv,558672,origen no disponible,,
2940,TraceRCA all dataset recursive service-fault CSV windows,RE1-SS/user_disk/4/data.csv,3401620,origen no disponible,,
2941,TraceRCA all dataset recursive service-fault CSV windows,RE1-SS/user_disk/4/simple_data.csv,559808,origen no disponible,,
2942,TraceRCA all dataset recursive service-fault CSV windows,RE1-SS/user_disk/5/data.csv,3411593,origen no disponible,,
2943,TraceRCA all dataset recursive service-fault CSV windows,RE1-SS/user_disk/5/simple_data.csv,566954,origen no disponible,,
2944,TraceRCA all dataset recursive service-fault CSV windows,RE1-SS/user_loss/1/data.csv,3540900,origen no disponible,,
2945,TraceRCA all dataset recursive service-fault CSV windows,RE1-SS/user_loss/1/simple_data.csv,579452,origen no disponible,,
2946,TraceRCA all dataset recursive service-fault CSV windows,RE1-SS/user_loss/2/data.csv,3508079,origen no disponible,,
2947,TraceRCA all dataset recursive service-fault CSV windows,RE1-SS/user_loss/2/simple_data.csv,559638,origen no disponible,,
2948,TraceRCA all dataset recursive service-fault CSV windows,RE1-SS/user_loss/3/data.csv,3537960,origen no disponible,,
2949,TraceRCA all dataset recursive service-fault CSV windows,RE1-SS/user_loss/3/simple_data.csv,571826,origen no disponible,,
2950,TraceRCA all dataset recursive service-fault CSV windows,RE1-SS/user_loss/4/data.csv,3537218,origen no disponible,,
2951,TraceRCA all dataset recursive service-fault CSV windows,RE1-SS/user_loss/4/simple_data.csv,567519,origen no disponible,,
2952,TraceRCA all dataset recursive service-fault CSV windows,RE1-SS/user_loss/5/data.csv,3537666,origen no disponible,,
2953,TraceRCA all dataset recursive service-fault CSV windows,RE1-SS/user_loss/5/simple_data.csv,579407,origen no disponible,,
2954,TraceRCA all dataset recursive service-fault CSV windows,RE1-SS/user_mem/1/data.csv,3131041,origen no disponible,,
2955,TraceRCA all dataset recursive service-fault CSV windows,RE1-SS/user_mem/1/simple_data.csv,494337,origen no disponible,,
2956,TraceRCA all dataset recursive service-fault CSV windows,RE1-SS/user_mem/2/data.csv,3539288,origen no disponible,,
2957,TraceRCA all dataset recursive service-fault CSV windows,RE1-SS/user_mem/2/simple_data.csv,570879,origen no disponible,,
2958,TraceRCA all dataset recursive service-fault CSV windows,RE1-SS/user_mem/3/data.csv,3575085,origen no disponible,,
2959,TraceRCA all dataset recursive service-fault CSV windows,RE1-SS/user_mem/3/simple_data.csv,563874,origen no disponible,,
2960,TraceRCA all dataset recursive service-fault CSV windows,RE1-SS/user_mem/4/data.csv,3549508,origen no disponible,,
2961,TraceRCA all dataset recursive service-fault CSV windows,RE1-SS/user_mem/4/simple_data.csv,564924,origen no disponible,,
2962,TraceRCA all dataset recursive service-fault CSV windows,RE1-SS/user_mem/5/data.csv,3492862,origen no disponible,,
2963,TraceRCA all dataset recursive service-fault CSV windows,RE1-SS/user_mem/5/simple_data.csv,566421,origen no disponible,,
2964,TraceRCA all dataset recursive service-fault CSV windows,RE1-TT/ts-auth-service_cpu/1/data.csv,12776238,origen no disponible,,
2965,TraceRCA all dataset recursive service-fault CSV windows,RE1-TT/ts-auth-service_cpu/1/simple_data.csv,2820197,origen no disponible,,
2966,TraceRCA all dataset recursive service-fault CSV windows,RE1-TT/ts-auth-service_cpu/2/data.csv,12975490,origen no disponible,,
2967,TraceRCA all dataset recursive service-fault CSV windows,RE1-TT/ts-auth-service_cpu/2/simple_data.csv,2891154,origen no disponible,,
2968,TraceRCA all dataset recursive service-fault CSV windows,RE1-TT/ts-auth-service_cpu/3/data.csv,12635434,origen no disponible,,
2969,TraceRCA all dataset recursive service-fault CSV windows,RE1-TT/ts-auth-service_cpu/3/simple_data.csv,2797189,origen no disponible,,
2970,TraceRCA all dataset recursive service-fault CSV windows,RE1-TT/ts-auth-service_cpu/4/data.csv,11885037,origen no disponible,,
2971,TraceRCA all dataset recursive service-fault CSV windows,RE1-TT/ts-auth-service_cpu/4/simple_data.csv,2630468,origen no disponible,,
2972,TraceRCA all dataset recursive service-fault CSV windows,RE1-TT/ts-auth-service_cpu/5/data.csv,11868135,origen no disponible,,
2973,TraceRCA all dataset recursive service-fault CSV windows,RE1-TT/ts-auth-service_cpu/5/simple_data.csv,2624090,origen no disponible,,
2974,TraceRCA all dataset recursive service-fault CSV windows,RE1-TT/ts-auth-service_delay/1/data.csv,12798571,origen no disponible,,
2975,TraceRCA all dataset recursive service-fault CSV windows,RE1-TT/ts-auth-service_delay/1/simple_data.csv,2830409,origen no disponible,,
2976,TraceRCA all dataset recursive service-fault CSV windows,RE1-TT/ts-auth-service_delay/2/data.csv,12670438,origen no disponible,,
2977,TraceRCA all dataset recursive service-fault CSV windows,RE1-TT/ts-auth-service_delay/2/simple_data.csv,2794696,origen no disponible,,
2978,TraceRCA all dataset recursive service-fault CSV windows,RE1-TT/ts-auth-service_delay/3/data.csv,12589889,origen no disponible,,
2979,TraceRCA all dataset recursive service-fault CSV windows,RE1-TT/ts-auth-service_delay/3/simple_data.csv,2802008,origen no disponible,,
2980,TraceRCA all dataset recursive service-fault CSV windows,RE1-TT/ts-auth-service_delay/4/data.csv,11894689,origen no disponible,,
2981,TraceRCA all dataset recursive service-fault CSV windows,RE1-TT/ts-auth-service_delay/4/simple_data.csv,2638376,origen no disponible,,
2982,TraceRCA all dataset recursive service-fault CSV windows,RE1-TT/ts-auth-service_delay/5/data.csv,11871547,origen no disponible,,
2983,TraceRCA all dataset recursive service-fault CSV windows,RE1-TT/ts-auth-service_delay/5/simple_data.csv,2640572,origen no disponible,,
2984,TraceRCA all dataset recursive service-fault CSV windows,RE1-TT/ts-auth-service_disk/1/data.csv,12890637,origen no disponible,,
2985,TraceRCA all dataset recursive service-fault CSV windows,RE1-TT/ts-auth-service_disk/1/simple_data.csv,2196768,origen no disponible,,
2986,TraceRCA all dataset recursive service-fault CSV windows,RE1-TT/ts-auth-service_disk/2/data.csv,12984781,origen no disponible,,
2987,TraceRCA all dataset recursive service-fault CSV windows,RE1-TT/ts-auth-service_disk/2/simple_data.csv,2217358,origen no disponible,,
2988,TraceRCA all dataset recursive service-fault CSV windows,RE1-TT/ts-auth-service_disk/3/data.csv,12972490,origen no disponible,,
2989,TraceRCA all dataset recursive service-fault CSV windows,RE1-TT/ts-auth-service_disk/3/simple_data.csv,2218777,origen no disponible,,
2990,TraceRCA all dataset recursive service-fault CSV windows,RE1-TT/ts-auth-service_disk/4/data.csv,13054231,origen no disponible,,
2991,TraceRCA all dataset recursive service-fault CSV windows,RE1-TT/ts-auth-service_disk/4/simple_data.csv,2229735,origen no disponible,,
2992,TraceRCA all dataset recursive service-fault CSV windows,RE1-TT/ts-auth-service_disk/5/data.csv,12853257,origen no disponible,,
2993,TraceRCA all dataset recursive service-fault CSV windows,RE1-TT/ts-auth-service_disk/5/simple_data.csv,2194960,origen no disponible,,
2994,TraceRCA all dataset recursive service-fault CSV windows,RE1-TT/ts-auth-service_loss/1/data.csv,12768144,origen no disponible,,
2995,TraceRCA all dataset recursive service-fault CSV windows,RE1-TT/ts-auth-service_loss/1/simple_data.csv,2846591,origen no disponible,,
2996,TraceRCA all dataset recursive service-fault CSV windows,RE1-TT/ts-auth-service_loss/2/data.csv,12710275,origen no disponible,,
2997,TraceRCA all dataset recursive service-fault CSV windows,RE1-TT/ts-auth-service_loss/2/simple_data.csv,2809264,origen no disponible,,
2998,TraceRCA all dataset recursive service-fault CSV windows,RE1-TT/ts-auth-service_loss/3/data.csv,12634538,origen no disponible,,
2999,TraceRCA all dataset recursive service-fault CSV windows,RE1-TT/ts-auth-service_loss/3/simple_data.csv,2790442,origen no disponible,,
3000,TraceRCA all dataset recursive service-fault CSV windows,RE1-TT/ts-auth-service_loss/4/data.csv,12073409,origen no disponible,,
3001,TraceRCA all dataset recursive service-fault CSV windows,RE1-TT/ts-auth-service_loss/4/simple_data.csv,2648449,origen no disponible,,
3002,TraceRCA all dataset recursive service-fault CSV windows,RE1-TT/ts-auth-service_loss/5/data.csv,12008022,origen no disponible,,
3003,TraceRCA all dataset recursive service-fault CSV windows,RE1-TT/ts-auth-service_loss/5/simple_data.csv,2642517,origen no disponible,,
3004,TraceRCA all dataset recursive service-fault CSV windows,RE1-TT/ts-auth-service_mem/1/data.csv,12756884,origen no disponible,,
3005,TraceRCA all dataset recursive service-fault CSV windows,RE1-TT/ts-auth-service_mem/1/simple_data.csv,2824909,origen no disponible,,
3006,TraceRCA all dataset recursive service-fault CSV windows,RE1-TT/ts-auth-service_mem/2/data.csv,11992588,origen no disponible,,
3007,TraceRCA all dataset recursive service-fault CSV windows,RE1-TT/ts-auth-service_mem/2/simple_data.csv,2626987,origen no disponible,,
3008,TraceRCA all dataset recursive service-fault CSV windows,RE1-TT/ts-auth-service_mem/3/data.csv,12609267,origen no disponible,,
3009,TraceRCA all dataset recursive service-fault CSV windows,RE1-TT/ts-auth-service_mem/3/simple_data.csv,2808508,origen no disponible,,
3010,TraceRCA all dataset recursive service-fault CSV windows,RE1-TT/ts-auth-service_mem/4/data.csv,12083436,origen no disponible,,
3011,TraceRCA all dataset recursive service-fault CSV windows,RE1-TT/ts-auth-service_mem/4/simple_data.csv,2649534,origen no disponible,,
3012,TraceRCA all dataset recursive service-fault CSV windows,RE1-TT/ts-auth-service_mem/5/data.csv,11975042,origen no disponible,,
3013,TraceRCA all dataset recursive service-fault CSV windows,RE1-TT/ts-auth-service_mem/5/simple_data.csv,2627919,origen no disponible,,
3014,TraceRCA all dataset recursive service-fault CSV windows,RE1-TT/ts-order-service_cpu/1/data.csv,12913414,origen no disponible,,
3015,TraceRCA all dataset recursive service-fault CSV windows,RE1-TT/ts-order-service_cpu/1/simple_data.csv,2863005,origen no disponible,,
3016,TraceRCA all dataset recursive service-fault CSV windows,RE1-TT/ts-order-service_cpu/2/data.csv,12546424,origen no disponible,,
3017,TraceRCA all dataset recursive service-fault CSV windows,RE1-TT/ts-order-service_cpu/2/simple_data.csv,2757170,origen no disponible,,
3018,TraceRCA all dataset recursive service-fault CSV windows,RE1-TT/ts-order-service_cpu/3/data.csv,11938919,origen no disponible,,
3019,TraceRCA all dataset recursive service-fault CSV windows,RE1-TT/ts-order-service_cpu/3/simple_data.csv,2631853,origen no disponible,,
3020,TraceRCA all dataset recursive service-fault CSV windows,RE1-TT/ts-order-service_cpu/4/data.csv,11984885,origen no disponible,,
3021,TraceRCA all dataset recursive service-fault CSV windows,RE1-TT/ts-order-service_cpu/4/simple_data.csv,2637222,origen no disponible,,
3022,TraceRCA all dataset recursive service-fault CSV windows,RE1-TT/ts-order-service_cpu/5/data.csv,11981937,origen no disponible,,
3023,TraceRCA all dataset recursive service-fault CSV windows,RE1-TT/ts-order-service_cpu/5/simple_data.csv,2647349,origen no disponible,,
3024,TraceRCA all dataset recursive service-fault CSV windows,RE1-TT/ts-order-service_delay/1/data.csv,12859683,origen no disponible,,
3025,TraceRCA all dataset recursive service-fault CSV windows,RE1-TT/ts-order-service_delay/1/simple_data.csv,2855500,origen no disponible,,
3026,TraceRCA all dataset recursive service-fault CSV windows,RE1-TT/ts-order-service_delay/2/data.csv,12562025,origen no disponible,,
3027,TraceRCA all dataset recursive service-fault CSV windows,RE1-TT/ts-order-service_delay/2/simple_data.csv,2778992,origen no disponible,,
3028,TraceRCA all dataset recursive service-fault CSV windows,RE1-TT/ts-order-service_delay/3/data.csv,11951713,origen no disponible,,
3029,TraceRCA all dataset recursive service-fault CSV windows,RE1-TT/ts-order-service_delay/3/simple_data.csv,2652003,origen no disponible,,
3030,TraceRCA all dataset recursive service-fault CSV windows,RE1-TT/ts-order-service_delay/4/data.csv,11965421,origen no disponible,,
3031,TraceRCA all dataset recursive service-fault CSV windows,RE1-TT/ts-order-service_delay/4/simple_data.csv,2641237,origen no disponible,,
3032,TraceRCA all dataset recursive service-fault CSV windows,RE1-TT/ts-order-service_delay/5/data.csv,11938727,origen no disponible,,
3033,TraceRCA all dataset recursive service-fault CSV windows,RE1-TT/ts-order-service_delay/5/simple_data.csv,2640147,origen no disponible,,
3034,TraceRCA all dataset recursive service-fault CSV windows,RE1-TT/ts-order-service_disk/1/data.csv,13051749,origen no disponible,,
3035,TraceRCA all dataset recursive service-fault CSV windows,RE1-TT/ts-order-service_disk/1/simple_data.csv,2226913,origen no disponible,,
3036,TraceRCA all dataset recursive service-fault CSV windows,RE1-TT/ts-order-service_disk/2/data.csv,12911020,origen no disponible,,
3037,TraceRCA all dataset recursive service-fault CSV windows,RE1-TT/ts-order-service_disk/2/simple_data.csv,2217808,origen no disponible,,
3038,TraceRCA all dataset recursive service-fault CSV windows,RE1-TT/ts-order-service_disk/3/data.csv,13047544,origen no disponible,,
3039,TraceRCA all dataset recursive service-fault CSV windows,RE1-TT/ts-order-service_disk/3/simple_data.csv,2235887,origen no disponible,,
3040,TraceRCA all dataset recursive service-fault CSV windows,RE1-TT/ts-order-service_disk/4/data.csv,12915015,origen no disponible,,
3041,TraceRCA all dataset recursive service-fault CSV windows,RE1-TT/ts-order-service_disk/4/simple_data.csv,2207744,origen no disponible,,
3042,TraceRCA all dataset recursive service-fault CSV windows,RE1-TT/ts-order-service_disk/5/data.csv,13066160,origen no disponible,,
3043,TraceRCA all dataset recursive service-fault CSV windows,RE1-TT/ts-order-service_disk/5/simple_data.csv,2240392,origen no disponible,,
3044,TraceRCA all dataset recursive service-fault CSV windows,RE1-TT/ts-order-service_loss/1/data.csv,12833329,origen no disponible,,
3045,TraceRCA all dataset recursive service-fault CSV windows,RE1-TT/ts-order-service_loss/1/simple_data.csv,2876861,origen no disponible,,
3046,TraceRCA all dataset recursive service-fault CSV windows,RE1-TT/ts-order-service_loss/2/data.csv,12684971,origen no disponible,,
3047,TraceRCA all dataset recursive service-fault CSV windows,RE1-TT/ts-order-service_loss/2/simple_data.csv,2814900,origen no disponible,,
3048,TraceRCA all dataset recursive service-fault CSV windows,RE1-TT/ts-order-service_loss/3/data.csv,11961804,origen no disponible,,
3049,TraceRCA all dataset recursive service-fault CSV windows,RE1-TT/ts-order-service_loss/3/simple_data.csv,2634632,origen no disponible,,
3050,TraceRCA all dataset recursive service-fault CSV windows,RE1-TT/ts-order-service_loss/4/data.csv,12051953,origen no disponible,,
3051,TraceRCA all dataset recursive service-fault CSV windows,RE1-TT/ts-order-service_loss/4/simple_data.csv,2656698,origen no disponible,,
3052,TraceRCA all dataset recursive service-fault CSV windows,RE1-TT/ts-order-service_loss/5/data.csv,11984371,origen no disponible,,
3053,TraceRCA all dataset recursive service-fault CSV windows,RE1-TT/ts-order-service_loss/5/simple_data.csv,2638606,origen no disponible,,
3054,TraceRCA all dataset recursive service-fault CSV windows,RE1-TT/ts-order-service_mem/1/data.csv,12005119,origen no disponible,,
3055,TraceRCA all dataset recursive service-fault CSV windows,RE1-TT/ts-order-service_mem/1/simple_data.csv,2624725,origen no disponible,,
3056,TraceRCA all dataset recursive service-fault CSV windows,RE1-TT/ts-order-service_mem/2/data.csv,12004537,origen no disponible,,
3057,TraceRCA all dataset recursive service-fault CSV windows,RE1-TT/ts-order-service_mem/2/simple_data.csv,2627175,origen no disponible,,
3058,TraceRCA all dataset recursive service-fault CSV windows,RE1-TT/ts-order-service_mem/3/data.csv,11221892,origen no disponible,,
3059,TraceRCA all dataset recursive service-fault CSV windows,RE1-TT/ts-order-service_mem/3/simple_data.csv,2424936,origen no disponible,,
3060,TraceRCA all dataset recursive service-fault CSV windows,RE1-TT/ts-order-service_mem/4/data.csv,11965249,origen no disponible,,
3061,TraceRCA all dataset recursive service-fault CSV windows,RE1-TT/ts-order-service_mem/4/simple_data.csv,2618095,origen no disponible,,
3062,TraceRCA all dataset recursive service-fault CSV windows,RE1-TT/ts-order-service_mem/5/data.csv,12007872,origen no disponible,,
3063,TraceRCA all dataset recursive service-fault CSV windows,RE1-TT/ts-order-service_mem/5/simple_data.csv,2630292,origen no disponible,,
3064,TraceRCA all dataset recursive service-fault CSV windows,RE1-TT/ts-route-service_cpu/1/data.csv,12905389,origen no disponible,,
3065,TraceRCA all dataset recursive service-fault CSV windows,RE1-TT/ts-route-service_cpu/1/simple_data.csv,2866115,origen no disponible,,
3066,TraceRCA all dataset recursive service-fault CSV windows,RE1-TT/ts-route-service_cpu/2/data.csv,12718091,origen no disponible,,
3067,TraceRCA all dataset recursive service-fault CSV windows,RE1-TT/ts-route-service_cpu/2/simple_data.csv,2808042,origen no disponible,,
3068,TraceRCA all dataset recursive service-fault CSV windows,RE1-TT/ts-route-service_cpu/3/data.csv,12712937,origen no disponible,,
3069,TraceRCA all dataset recursive service-fault CSV windows,RE1-TT/ts-route-service_cpu/3/simple_data.csv,2801830,origen no disponible,,
3070,TraceRCA all dataset recursive service-fault CSV windows,RE1-TT/ts-route-service_cpu/4/data.csv,12043267,origen no disponible,,
3071,TraceRCA all dataset recursive service-fault CSV windows,RE1-TT/ts-route-service_cpu/4/simple_data.csv,2657330,origen no disponible,,
3072,TraceRCA all dataset recursive service-fault CSV windows,RE1-TT/ts-route-service_cpu/5/data.csv,11933846,origen no disponible,,
3073,TraceRCA all dataset recursive service-fault CSV windows,RE1-TT/ts-route-service_cpu/5/simple_data.csv,2629892,origen no disponible,,
3074,TraceRCA all dataset recursive service-fault CSV windows,RE1-TT/ts-route-service_delay/1/data.csv,12825892,origen no disponible,,
3075,TraceRCA all dataset recursive service-fault CSV windows,RE1-TT/ts-route-service_delay/1/simple_data.csv,2825120,origen no disponible,,
3076,TraceRCA all dataset recursive service-fault CSV windows,RE1-TT/ts-route-service_delay/2/data.csv,12683033,origen no disponible,,
3077,TraceRCA all dataset recursive service-fault CSV windows,RE1-TT/ts-route-service_delay/2/simple_data.csv,2810031,origen no disponible,,
3078,TraceRCA all dataset recursive service-fault CSV windows,RE1-TT/ts-route-service_delay/3/data.csv,12678367,origen no disponible,,
3079,TraceRCA all dataset recursive service-fault CSV windows,RE1-TT/ts-route-service_delay/3/simple_data.csv,2812819,origen no disponible,,
3080,TraceRCA all dataset recursive service-fault CSV windows,RE1-TT/ts-route-service_delay/4/data.csv,11940386,origen no disponible,,
3081,TraceRCA all dataset recursive service-fault CSV windows,RE1-TT/ts-route-service_delay/4/simple_data.csv,2628682,origen no disponible,,
3082,TraceRCA all dataset recursive service-fault CSV windows,RE1-TT/ts-route-service_delay/5/data.csv,11884396,origen no disponible,,
3083,TraceRCA all dataset recursive service-fault CSV windows,RE1-TT/ts-route-service_delay/5/simple_data.csv,2634633,origen no disponible,,
3084,TraceRCA all dataset recursive service-fault CSV windows,RE1-TT/ts-route-service_disk/1/data.csv,12958155,origen no disponible,,
3085,TraceRCA all dataset recursive service-fault CSV windows,RE1-TT/ts-route-service_disk/1/simple_data.csv,2193171,origen no disponible,,
3086,TraceRCA all dataset recursive service-fault CSV windows,RE1-TT/ts-route-service_disk/2/data.csv,12981689,origen no disponible,,
3087,TraceRCA all dataset recursive service-fault CSV windows,RE1-TT/ts-route-service_disk/2/simple_data.csv,2224926,origen no disponible,,
3088,TraceRCA all dataset recursive service-fault CSV windows,RE1-TT/ts-route-service_disk/3/data.csv,13039512,origen no disponible,,
3089,TraceRCA all dataset recursive service-fault CSV windows,RE1-TT/ts-route-service_disk/3/simple_data.csv,2235417,origen no disponible,,
3090,TraceRCA all dataset recursive service-fault CSV windows,RE1-TT/ts-route-service_disk/4/data.csv,12806155,origen no disponible,,
3091,TraceRCA all dataset recursive service-fault CSV windows,RE1-TT/ts-route-service_disk/4/simple_data.csv,2202406,origen no disponible,,
3092,TraceRCA all dataset recursive service-fault CSV windows,RE1-TT/ts-route-service_disk/5/data.csv,13018425,origen no disponible,,
3093,TraceRCA all dataset recursive service-fault CSV windows,RE1-TT/ts-route-service_disk/5/simple_data.csv,2223777,origen no disponible,,
3094,TraceRCA all dataset recursive service-fault CSV windows,RE1-TT/ts-route-service_loss/1/data.csv,11982900,origen no disponible,,
3095,TraceRCA all dataset recursive service-fault CSV windows,RE1-TT/ts-route-service_loss/1/simple_data.csv,2626586,origen no disponible,,
3096,TraceRCA all dataset recursive service-fault CSV windows,RE1-TT/ts-route-service_loss/2/data.csv,12805454,origen no disponible,,
3097,TraceRCA all dataset recursive service-fault CSV windows,RE1-TT/ts-route-service_loss/2/simple_data.csv,2833960,origen no disponible,,
3098,TraceRCA all dataset recursive service-fault CSV windows,RE1-TT/ts-route-service_loss/3/data.csv,12774304,origen no disponible,,
3099,TraceRCA all dataset recursive service-fault CSV windows,RE1-TT/ts-route-service_loss/3/simple_data.csv,2834163,origen no disponible,,
3100,TraceRCA all dataset recursive service-fault CSV windows,RE1-TT/ts-route-service_loss/4/data.csv,12060724,origen no disponible,,
3101,TraceRCA all dataset recursive service-fault CSV windows,RE1-TT/ts-route-service_loss/4/simple_data.csv,2649219,origen no disponible,,
3102,TraceRCA all dataset recursive service-fault CSV windows,RE1-TT/ts-route-service_loss/5/data.csv,11944220,origen no disponible,,
3103,TraceRCA all dataset recursive service-fault CSV windows,RE1-TT/ts-route-service_loss/5/simple_data.csv,2627404,origen no disponible,,
3104,TraceRCA all dataset recursive service-fault CSV windows,RE1-TT/ts-route-service_mem/1/data.csv,11999371,origen no disponible,,
3105,TraceRCA all dataset recursive service-fault CSV windows,RE1-TT/ts-route-service_mem/1/simple_data.csv,2627686,origen no disponible,,
3106,TraceRCA all dataset recursive service-fault CSV windows,RE1-TT/ts-route-service_mem/2/data.csv,12104585,origen no disponible,,
3107,TraceRCA all dataset recursive service-fault CSV windows,RE1-TT/ts-route-service_mem/2/simple_data.csv,2644953,origen no disponible,,
3108,TraceRCA all dataset recursive service-fault CSV windows,RE1-TT/ts-route-service_mem/3/data.csv,12014263,origen no disponible,,
3109,TraceRCA all dataset recursive service-fault CSV windows,RE1-TT/ts-route-service_mem/3/simple_data.csv,2627087,origen no disponible,,
3110,TraceRCA all dataset recursive service-fault CSV windows,RE1-TT/ts-route-service_mem/4/data.csv,12019425,origen no disponible,,
3111,TraceRCA all dataset recursive service-fault CSV windows,RE1-TT/ts-route-service_mem/4/simple_data.csv,2620390,origen no disponible,,
3112,TraceRCA all dataset recursive service-fault CSV windows,RE1-TT/ts-route-service_mem/5/data.csv,11947827,origen no disponible,,
3113,TraceRCA all dataset recursive service-fault CSV windows,RE1-TT/ts-route-service_mem/5/simple_data.csv,2621377,origen no disponible,,
3114,TraceRCA all dataset recursive service-fault CSV windows,RE1-TT/ts-train-service_cpu/1/data.csv,12901723,origen no disponible,,
3115,TraceRCA all dataset recursive service-fault CSV windows,RE1-TT/ts-train-service_cpu/1/simple_data.csv,2872668,origen no disponible,,
3116,TraceRCA all dataset recursive service-fault CSV windows,RE1-TT/ts-train-service_cpu/2/data.csv,12873265,origen no disponible,,
3117,TraceRCA all dataset recursive service-fault CSV windows,RE1-TT/ts-train-service_cpu/2/simple_data.csv,2863073,origen no disponible,,
3118,TraceRCA all dataset recursive service-fault CSV windows,RE1-TT/ts-train-service_cpu/3/data.csv,12679022,origen no disponible,,
3119,TraceRCA all dataset recursive service-fault CSV windows,RE1-TT/ts-train-service_cpu/3/simple_data.csv,2814573,origen no disponible,,
3120,TraceRCA all dataset recursive service-fault CSV windows,RE1-TT/ts-train-service_cpu/4/data.csv,11982586,origen no disponible,,
3121,TraceRCA all dataset recursive service-fault CSV windows,RE1-TT/ts-train-service_cpu/4/simple_data.csv,2640837,origen no disponible,,
3122,TraceRCA all dataset recursive service-fault CSV windows,RE1-TT/ts-train-service_cpu/5/data.csv,12098729,origen no disponible,,
3123,TraceRCA all dataset recursive service-fault CSV windows,RE1-TT/ts-train-service_cpu/5/simple_data.csv,2680744,origen no disponible,,
3124,TraceRCA all dataset recursive service-fault CSV windows,RE1-TT/ts-train-service_delay/1/data.csv,12811683,origen no disponible,,
3125,TraceRCA all dataset recursive service-fault CSV windows,RE1-TT/ts-train-service_delay/1/simple_data.csv,2853294,origen no disponible,,
3126,TraceRCA all dataset recursive service-fault CSV windows,RE1-TT/ts-train-service_delay/2/data.csv,12623200,origen no disponible,,
3127,TraceRCA all dataset recursive service-fault CSV windows,RE1-TT/ts-train-service_delay/2/simple_data.csv,2789828,origen no disponible,,
3128,TraceRCA all dataset recursive service-fault CSV windows,RE1-TT/ts-train-service_delay/3/data.csv,12605955,origen no disponible,,
3129,TraceRCA all dataset recursive service-fault CSV windows,RE1-TT/ts-train-service_delay/3/simple_data.csv,2809304,origen no disponible,,
3130,TraceRCA all dataset recursive service-fault CSV windows,RE1-TT/ts-train-service_delay/4/data.csv,11872055,origen no disponible,,
3131,TraceRCA all dataset recursive service-fault CSV windows,RE1-TT/ts-train-service_delay/4/simple_data.csv,2620238,origen no disponible,,
3132,TraceRCA all dataset recursive service-fault CSV windows,RE1-TT/ts-train-service_delay/5/data.csv,11820266,origen no disponible,,
3133,TraceRCA all dataset recursive service-fault CSV windows,RE1-TT/ts-train-service_delay/5/simple_data.csv,2613598,origen no disponible,,
3134,TraceRCA all dataset recursive service-fault CSV windows,RE1-TT/ts-train-service_disk/1/data.csv,12918761,origen no disponible,,
3135,TraceRCA all dataset recursive service-fault CSV windows,RE1-TT/ts-train-service_disk/1/simple_data.csv,2197252,origen no disponible,,
3136,TraceRCA all dataset recursive service-fault CSV windows,RE1-TT/ts-train-service_disk/2/data.csv,12834076,origen no disponible,,
3137,TraceRCA all dataset recursive service-fault CSV windows,RE1-TT/ts-train-service_disk/2/simple_data.csv,2192306,origen no disponible,,
3138,TraceRCA all dataset recursive service-fault CSV windows,RE1-TT/ts-train-service_disk/3/data.csv,12927490,origen no disponible,,
3139,TraceRCA all dataset recursive service-fault CSV windows,RE1-TT/ts-train-service_disk/3/simple_data.csv,2209351,origen no disponible,,
3140,TraceRCA all dataset recursive service-fault CSV windows,RE1-TT/ts-train-service_disk/4/data.csv,12750594,origen no disponible,,
3141,TraceRCA all dataset recursive service-fault CSV windows,RE1-TT/ts-train-service_disk/4/simple_data.csv,2182297,origen no disponible,,
3142,TraceRCA all dataset recursive service-fault CSV windows,RE1-TT/ts-train-service_disk/5/data.csv,12833269,origen no disponible,,
3143,TraceRCA all dataset recursive service-fault CSV windows,RE1-TT/ts-train-service_disk/5/simple_data.csv,2193564,origen no disponible,,
3144,TraceRCA all dataset recursive service-fault CSV windows,RE1-TT/ts-train-service_loss/1/data.csv,11913142,origen no disponible,,
3145,TraceRCA all dataset recursive service-fault CSV windows,RE1-TT/ts-train-service_loss/1/simple_data.csv,2625700,origen no disponible,,
3146,TraceRCA all dataset recursive service-fault CSV windows,RE1-TT/ts-train-service_loss/2/data.csv,12659468,origen no disponible,,
3147,TraceRCA all dataset recursive service-fault CSV windows,RE1-TT/ts-train-service_loss/2/simple_data.csv,2791287,origen no disponible,,
3148,TraceRCA all dataset recursive service-fault CSV windows,RE1-TT/ts-train-service_loss/3/data.csv,12741557,origen no disponible,,
3149,TraceRCA all dataset recursive service-fault CSV windows,RE1-TT/ts-train-service_loss/3/simple_data.csv,2821521,origen no disponible,,
3150,TraceRCA all dataset recursive service-fault CSV windows,RE1-TT/ts-train-service_loss/4/data.csv,11965365,origen no disponible,,
3151,TraceRCA all dataset recursive service-fault CSV windows,RE1-TT/ts-train-service_loss/4/simple_data.csv,2632009,origen no disponible,,
3152,TraceRCA all dataset recursive service-fault CSV windows,RE1-TT/ts-train-service_loss/5/data.csv,11917102,origen no disponible,,
3153,TraceRCA all dataset recursive service-fault CSV windows,RE1-TT/ts-train-service_loss/5/simple_data.csv,2617505,origen no disponible,,
3154,TraceRCA all dataset recursive service-fault CSV windows,RE1-TT/ts-train-service_mem/1/data.csv,12963938,origen no disponible,,
3155,TraceRCA all dataset recursive service-fault CSV windows,RE1-TT/ts-train-service_mem/1/simple_data.csv,2879099,origen no disponible,,
3156,TraceRCA all dataset recursive service-fault CSV windows,RE1-TT/ts-train-service_mem/2/data.csv,12841127,origen no disponible,,
3157,TraceRCA all dataset recursive service-fault CSV windows,RE1-TT/ts-train-service_mem/2/simple_data.csv,2845074,origen no disponible,,
3158,TraceRCA all dataset recursive service-fault CSV windows,RE1-TT/ts-train-service_mem/3/data.csv,12853349,origen no disponible,,
3159,TraceRCA all dataset recursive service-fault CSV windows,RE1-TT/ts-train-service_mem/3/simple_data.csv,2828793,origen no disponible,,
3160,TraceRCA all dataset recursive service-fault CSV windows,RE1-TT/ts-train-service_mem/4/data.csv,12080583,origen no disponible,,
3161,TraceRCA all dataset recursive service-fault CSV windows,RE1-TT/ts-train-service_mem/4/simple_data.csv,2638977,origen no disponible,,
3162,TraceRCA all dataset recursive service-fault CSV windows,RE1-TT/ts-train-service_mem/5/data.csv,12026458,origen no disponible,,
3163,TraceRCA all dataset recursive service-fault CSV windows,RE1-TT/ts-train-service_mem/5/simple_data.csv,2621172,origen no disponible,,
3164,TraceRCA all dataset recursive service-fault CSV windows,RE1-TT/ts-travel-service_cpu/1/data.csv,12924162,origen no disponible,,
3165,TraceRCA all dataset recursive service-fault CSV windows,RE1-TT/ts-travel-service_cpu/1/simple_data.csv,2899255,origen no disponible,,
3166,TraceRCA all dataset recursive service-fault CSV windows,RE1-TT/ts-travel-service_cpu/2/data.csv,12685793,origen no disponible,,
3167,TraceRCA all dataset recursive service-fault CSV windows,RE1-TT/ts-travel-service_cpu/2/simple_data.csv,2799960,origen no disponible,,
3168,TraceRCA all dataset recursive service-fault CSV windows,RE1-TT/ts-travel-service_cpu/3/data.csv,12702583,origen no disponible,,
3169,TraceRCA all dataset recursive service-fault CSV windows,RE1-TT/ts-travel-service_cpu/3/simple_data.csv,2827722,origen no disponible,,
3170,TraceRCA all dataset recursive service-fault CSV windows,RE1-TT/ts-travel-service_cpu/4/data.csv,11967120,origen no disponible,,
3171,TraceRCA all dataset recursive service-fault CSV windows,RE1-TT/ts-travel-service_cpu/4/simple_data.csv,2641542,origen no disponible,,
3172,TraceRCA all dataset recursive service-fault CSV windows,RE1-TT/ts-travel-service_cpu/5/data.csv,11897185,origen no disponible,,
3173,TraceRCA all dataset recursive service-fault CSV windows,RE1-TT/ts-travel-service_cpu/5/simple_data.csv,2628986,origen no disponible,,
3174,TraceRCA all dataset recursive service-fault CSV windows,RE1-TT/ts-travel-service_delay/1/data.csv,12756788,origen no disponible,,
3175,TraceRCA all dataset recursive service-fault CSV windows,RE1-TT/ts-travel-service_delay/1/simple_data.csv,2814945,origen no disponible,,
3176,TraceRCA all dataset recursive service-fault CSV windows,RE1-TT/ts-travel-service_delay/2/data.csv,11919282,origen no disponible,,
3177,TraceRCA all dataset recursive service-fault CSV windows,RE1-TT/ts-travel-service_delay/2/simple_data.csv,2617901,origen no disponible,,
3178,TraceRCA all dataset recursive service-fault CSV windows,RE1-TT/ts-travel-service_delay/3/data.csv,12230025,origen no disponible,,
3179,TraceRCA all dataset recursive service-fault CSV windows,RE1-TT/ts-travel-service_delay/3/simple_data.csv,2699307,origen no disponible,,
3180,TraceRCA all dataset recursive service-fault CSV windows,RE1-TT/ts-travel-service_delay/4/data.csv,11953742,origen no disponible,,
3181,TraceRCA all dataset recursive service-fault CSV windows,RE1-TT/ts-travel-service_delay/4/simple_data.csv,2636819,origen no disponible,,
3182,TraceRCA all dataset recursive service-fault CSV windows,RE1-TT/ts-travel-service_delay/5/data.csv,11803961,origen no disponible,,
3183,TraceRCA all dataset recursive service-fault CSV windows,RE1-TT/ts-travel-service_delay/5/simple_data.csv,2605036,origen no disponible,,
3184,TraceRCA all dataset recursive service-fault CSV windows,RE1-TT/ts-travel-service_disk/1/data.csv,12948269,origen no disponible,,
3185,TraceRCA all dataset recursive service-fault CSV windows,RE1-TT/ts-travel-service_disk/1/simple_data.csv,2208575,origen no disponible,,
3186,TraceRCA all dataset recursive service-fault CSV windows,RE1-TT/ts-travel-service_disk/2/data.csv,12944251,origen no disponible,,
3187,TraceRCA all dataset recursive service-fault CSV windows,RE1-TT/ts-travel-service_disk/2/simple_data.csv,2213332,origen no disponible,,
3188,TraceRCA all dataset recursive service-fault CSV windows,RE1-TT/ts-travel-service_disk/3/data.csv,12866839,origen no disponible,,
3189,TraceRCA all dataset recursive service-fault CSV windows,RE1-TT/ts-travel-service_disk/3/simple_data.csv,2195194,origen no disponible,,
3190,TraceRCA all dataset recursive service-fault CSV windows,RE1-TT/ts-travel-service_disk/4/data.csv,12868142,origen no disponible,,
3191,TraceRCA all dataset recursive service-fault CSV windows,RE1-TT/ts-travel-service_disk/4/simple_data.csv,2192002,origen no disponible,,
3192,TraceRCA all dataset recursive service-fault CSV windows,RE1-TT/ts-travel-service_disk/5/data.csv,12919085,origen no disponible,,
3193,TraceRCA all dataset recursive service-fault CSV windows,RE1-TT/ts-travel-service_disk/5/simple_data.csv,2193057,origen no disponible,,
3194,TraceRCA all dataset recursive service-fault CSV windows,RE1-TT/ts-travel-service_loss/1/data.csv,12818513,origen no disponible,,
3195,TraceRCA all dataset recursive service-fault CSV windows,RE1-TT/ts-travel-service_loss/1/simple_data.csv,2853471,origen no disponible,,
3196,TraceRCA all dataset recursive service-fault CSV windows,RE1-TT/ts-travel-service_loss/2/data.csv,11874580,origen no disponible,,
3197,TraceRCA all dataset recursive service-fault CSV windows,RE1-TT/ts-travel-service_loss/2/simple_data.csv,2628171,origen no disponible,,
3198,TraceRCA all dataset recursive service-fault CSV windows,RE1-TT/ts-travel-service_loss/3/data.csv,12070004,origen no disponible,,
3199,TraceRCA all dataset recursive service-fault CSV windows,RE1-TT/ts-travel-service_loss/3/simple_data.csv,2655603,origen no disponible,,
3200,TraceRCA all dataset recursive service-fault CSV windows,RE1-TT/ts-travel-service_loss/4/data.csv,12074103,origen no disponible,,
3201,TraceRCA all dataset recursive service-fault CSV windows,RE1-TT/ts-travel-service_loss/4/simple_data.csv,2658263,origen no disponible,,
3202,TraceRCA all dataset recursive service-fault CSV windows,RE1-TT/ts-travel-service_loss/5/data.csv,12003541,origen no disponible,,
3203,TraceRCA all dataset recursive service-fault CSV windows,RE1-TT/ts-travel-service_loss/5/simple_data.csv,2637402,origen no disponible,,
3204,TraceRCA all dataset recursive service-fault CSV windows,RE1-TT/ts-travel-service_mem/1/data.csv,13066256,origen no disponible,,
3205,TraceRCA all dataset recursive service-fault CSV windows,RE1-TT/ts-travel-service_mem/1/simple_data.csv,2887040,origen no disponible,,
3206,TraceRCA all dataset recursive service-fault CSV windows,RE1-TT/ts-travel-service_mem/2/data.csv,11882791,origen no disponible,,
3207,TraceRCA all dataset recursive service-fault CSV windows,RE1-TT/ts-travel-service_mem/2/simple_data.csv,2618065,origen no disponible,,
3208,TraceRCA all dataset recursive service-fault CSV windows,RE1-TT/ts-travel-service_mem/3/data.csv,11952379,origen no disponible,,
3209,TraceRCA all dataset recursive service-fault CSV windows,RE1-TT/ts-travel-service_mem/3/simple_data.csv,2631651,origen no disponible,,
3210,TraceRCA all dataset recursive service-fault CSV windows,RE1-TT/ts-travel-service_mem/4/data.csv,12027676,origen no disponible,,
3211,TraceRCA all dataset recursive service-fault CSV windows,RE1-TT/ts-travel-service_mem/4/simple_data.csv,2621832,origen no disponible,,
3212,TraceRCA all dataset recursive service-fault CSV windows,RE1-TT/ts-travel-service_mem/5/data.csv,12985880,origen no disponible,,
3213,TraceRCA all dataset recursive service-fault CSV windows,RE1-TT/ts-travel-service_mem/5/simple_data.csv,2870269,origen no disponible,,
3214,TraceRCA all dataset recursive service-fault CSV windows,RE2-OB/checkoutservice_cpu/1/logs.csv,23515107,origen no disponible,,
3215,TraceRCA all dataset recursive service-fault CSV windows,RE2-OB/checkoutservice_cpu/1/logts.csv,9951,origen no disponible,,
3216,TraceRCA all dataset recursive service-fault CSV windows,RE2-OB/checkoutservice_cpu/1/metrics.csv,6782127,origen no disponible,,
3217,TraceRCA all dataset recursive service-fault CSV windows,RE2-OB/checkoutservice_cpu/1/simple_metrics.csv,1188347,origen no disponible,,
3218,TraceRCA all dataset recursive service-fault CSV windows,RE2-OB/checkoutservice_cpu/1/traces.csv,71632229,origen no disponible,,
3219,TraceRCA all dataset recursive service-fault CSV windows,RE2-OB/checkoutservice_cpu/1/tracets_err.csv,8113,origen no disponible,,
3220,TraceRCA all dataset recursive service-fault CSV windows,RE2-OB/checkoutservice_cpu/1/tracets_lat.csv,4876,origen no disponible,,
3221,TraceRCA all dataset recursive service-fault CSV windows,RE2-OB/checkoutservice_cpu/2/logs.csv,9923146,origen no disponible,,
3222,TraceRCA all dataset recursive service-fault CSV windows,RE2-OB/checkoutservice_cpu/2/logts.csv,7290,origen no disponible,,
3223,TraceRCA all dataset recursive service-fault CSV windows,RE2-OB/checkoutservice_cpu/2/metrics.csv,4515490,origen no disponible,,
3224,TraceRCA all dataset recursive service-fault CSV windows,RE2-OB/checkoutservice_cpu/2/simple_metrics.csv,814487,origen no disponible,,
3225,TraceRCA all dataset recursive service-fault CSV windows,RE2-OB/checkoutservice_cpu/2/traces.csv,36547839,origen no disponible,,
3226,TraceRCA all dataset recursive service-fault CSV windows,RE2-OB/checkoutservice_cpu/2/tracets_err.csv,4479,origen no disponible,,
3227,TraceRCA all dataset recursive service-fault CSV windows,RE2-OB/checkoutservice_cpu/2/tracets_lat.csv,2839,origen no disponible,,
3228,TraceRCA all dataset recursive service-fault CSV windows,RE2-OB/checkoutservice_cpu/3/logs.csv,15985009,origen no disponible,,
3229,TraceRCA all dataset recursive service-fault CSV windows,RE2-OB/checkoutservice_cpu/3/logts.csv,9842,origen no disponible,,
3230,TraceRCA all dataset recursive service-fault CSV windows,RE2-OB/checkoutservice_cpu/3/metrics.csv,6855921,origen no disponible,,
3231,TraceRCA all dataset recursive service-fault CSV windows,RE2-OB/checkoutservice_cpu/3/simple_metrics.csv,1196602,origen no disponible,,
3232,TraceRCA all dataset recursive service-fault CSV windows,RE2-OB/checkoutservice_cpu/3/traces.csv,74594729,origen no disponible,,
3233,TraceRCA all dataset recursive service-fault CSV windows,RE2-OB/checkoutservice_cpu/3/tracets_err.csv,8098,origen no disponible,,
3234,TraceRCA all dataset recursive service-fault CSV windows,RE2-OB/checkoutservice_cpu/3/tracets_lat.csv,5964,origen no disponible,,
3235,TraceRCA all dataset recursive service-fault CSV windows,RE2-OB/checkoutservice_cpu/multi-source-data/logs.csv,23515107,origen no disponible,,
3236,TraceRCA all dataset recursive service-fault CSV windows,RE2-OB/checkoutservice_cpu/multi-source-data/logts.csv,9951,origen no disponible,,
3237,TraceRCA all dataset recursive service-fault CSV windows,RE2-OB/checkoutservice_cpu/multi-source-data/metrics.csv,1188347,origen no disponible,,
3238,TraceRCA all dataset recursive service-fault CSV windows,RE2-OB/checkoutservice_cpu/multi-source-data/traces.csv,71632229,origen no disponible,,
3239,TraceRCA all dataset recursive service-fault CSV windows,RE2-OB/checkoutservice_cpu/multi-source-data/tracets_err.csv,8113,origen no disponible,,
3240,TraceRCA all dataset recursive service-fault CSV windows,RE2-OB/checkoutservice_cpu/multi-source-data/tracets_lat.csv,4876,origen no disponible,,
3241,TraceRCA all dataset recursive service-fault CSV windows,RE2-OB/checkoutservice_delay/1/logs.csv,15964589,origen no disponible,,
3242,TraceRCA all dataset recursive service-fault CSV windows,RE2-OB/checkoutservice_delay/1/logts.csv,9956,origen no disponible,,
3243,TraceRCA all dataset recursive service-fault CSV windows,RE2-OB/checkoutservice_delay/1/metrics.csv,6841347,origen no disponible,,
3244,TraceRCA all dataset recursive service-fault CSV windows,RE2-OB/checkoutservice_delay/1/simple_metrics.csv,1192999,origen no disponible,,
3245,TraceRCA all dataset recursive service-fault CSV windows,RE2-OB/checkoutservice_delay/1/traces.csv,74050509,origen no disponible,,
3246,TraceRCA all dataset recursive service-fault CSV windows,RE2-OB/checkoutservice_delay/1/tracets_err.csv,8113,origen no disponible,,
3247,TraceRCA all dataset recursive service-fault CSV windows,RE2-OB/checkoutservice_delay/1/tracets_lat.csv,4982,origen no disponible,,
3248,TraceRCA all dataset recursive service-fault CSV windows,RE2-OB/checkoutservice_delay/2/logs.csv,15713333,origen no disponible,,
3249,TraceRCA all dataset recursive service-fault CSV windows,RE2-OB/checkoutservice_delay/2/logts.csv,9865,origen no disponible,,
3250,TraceRCA all dataset recursive service-fault CSV windows,RE2-OB/checkoutservice_delay/2/metrics.csv,6819562,origen no disponible,,
3251,TraceRCA all dataset recursive service-fault CSV windows,RE2-OB/checkoutservice_delay/2/simple_metrics.csv,1186203,origen no disponible,,
3252,TraceRCA all dataset recursive service-fault CSV windows,RE2-OB/checkoutservice_delay/2/traces.csv,73535767,origen no disponible,,
3253,TraceRCA all dataset recursive service-fault CSV windows,RE2-OB/checkoutservice_delay/2/tracets_err.csv,8113,origen no disponible,,
3254,TraceRCA all dataset recursive service-fault CSV windows,RE2-OB/checkoutservice_delay/2/tracets_lat.csv,4981,origen no disponible,,
3255,TraceRCA all dataset recursive service-fault CSV windows,RE2-OB/checkoutservice_delay/3/logs.csv,15881155,origen no disponible,,
3256,TraceRCA all dataset recursive service-fault CSV windows,RE2-OB/checkoutservice_delay/3/logts.csv,9930,origen no disponible,,
3257,TraceRCA all dataset recursive service-fault CSV windows,RE2-OB/checkoutservice_delay/3/metrics.csv,6800496,origen no disponible,,
3258,TraceRCA all dataset recursive service-fault CSV windows,RE2-OB/checkoutservice_delay/3/simple_metrics.csv,1176790,origen no disponible,,
3259,TraceRCA all dataset recursive service-fault CSV windows,RE2-OB/checkoutservice_delay/3/traces.csv,73979768,origen no disponible,,
3260,TraceRCA all dataset recursive service-fault CSV windows,RE2-OB/checkoutservice_delay/3/tracets_err.csv,8098,origen no disponible,,
3261,TraceRCA all dataset recursive service-fault CSV windows,RE2-OB/checkoutservice_delay/3/tracets_lat.csv,5952,origen no disponible,,
3262,TraceRCA all dataset recursive service-fault CSV windows,RE2-OB/checkoutservice_disk/1/logs.csv,23483015,origen no disponible,,
3263,TraceRCA all dataset recursive service-fault CSV windows,RE2-OB/checkoutservice_disk/1/logts.csv,9844,origen no disponible,,
3264,TraceRCA all dataset recursive service-fault CSV windows,RE2-OB/checkoutservice_disk/1/metrics.csv,6890673,origen no disponible,,
3265,TraceRCA all dataset recursive service-fault CSV windows,RE2-OB/checkoutservice_disk/1/simple_metrics.csv,1206969,origen no disponible,,
3266,TraceRCA all dataset recursive service-fault CSV windows,RE2-OB/checkoutservice_disk/1/traces.csv,71462981,origen no disponible,,
3267,TraceRCA all dataset recursive service-fault CSV windows,RE2-OB/checkoutservice_disk/1/tracets_err.csv,8034,origen no disponible,,
3268,TraceRCA all dataset recursive service-fault CSV windows,RE2-OB/checkoutservice_disk/1/tracets_lat.csv,4835,origen no disponible,,
3269,TraceRCA all dataset recursive service-fault CSV windows,RE2-OB/checkoutservice_disk/2/logs.csv,16103057,origen no disponible,,
3270,TraceRCA all dataset recursive service-fault CSV windows,RE2-OB/checkoutservice_disk/2/logts.csv,10000,origen no disponible,,
3271,TraceRCA all dataset recursive service-fault CSV windows,RE2-OB/checkoutservice_disk/2/metrics.csv,6745956,origen no disponible,,
3272,TraceRCA all dataset recursive service-fault CSV windows,RE2-OB/checkoutservice_disk/2/simple_metrics.csv,1191044,origen no disponible,,
3273,TraceRCA all dataset recursive service-fault CSV windows,RE2-OB/checkoutservice_disk/2/traces.csv,74451729,origen no disponible,,
3274,TraceRCA all dataset recursive service-fault CSV windows,RE2-OB/checkoutservice_disk/2/tracets_err.csv,8113,origen no disponible,,
3275,TraceRCA all dataset recursive service-fault CSV windows,RE2-OB/checkoutservice_disk/2/tracets_lat.csv,4984,origen no disponible,,
3276,TraceRCA all dataset recursive service-fault CSV windows,RE2-OB/checkoutservice_disk/3/logs.csv,16077847,origen no disponible,,
3277,TraceRCA all dataset recursive service-fault CSV windows,RE2-OB/checkoutservice_disk/3/logts.csv,9824,origen no disponible,,
3278,TraceRCA all dataset recursive service-fault CSV windows,RE2-OB/checkoutservice_disk/3/metrics.csv,6717135,origen no disponible,,
3279,TraceRCA all dataset recursive service-fault CSV windows,RE2-OB/checkoutservice_disk/3/simple_metrics.csv,1194915,origen no disponible,,
3280,TraceRCA all dataset recursive service-fault CSV windows,RE2-OB/checkoutservice_disk/3/traces.csv,74962770,origen no disponible,,
3281,TraceRCA all dataset recursive service-fault CSV windows,RE2-OB/checkoutservice_disk/3/tracets_err.csv,8065,origen no disponible,,
3282,TraceRCA all dataset recursive service-fault CSV windows,RE2-OB/checkoutservice_disk/3/tracets_lat.csv,8052,origen no disponible,,
3283,TraceRCA all dataset recursive service-fault CSV windows,RE2-OB/checkoutservice_loss/1/logs.csv,23114730,origen no disponible,,
3284,TraceRCA all dataset recursive service-fault CSV windows,RE2-OB/checkoutservice_loss/1/logts.csv,11839,origen no disponible,,
3285,TraceRCA all dataset recursive service-fault CSV windows,RE2-OB/checkoutservice_loss/1/metrics.csv,6775872,origen no disponible,,
3286,TraceRCA all dataset recursive service-fault CSV windows,RE2-OB/checkoutservice_loss/1/simple_metrics.csv,1186082,origen no disponible,,
3287,TraceRCA all dataset recursive service-fault CSV windows,RE2-OB/checkoutservice_loss/1/traces.csv,70507878,origen no disponible,,
3288,TraceRCA all dataset recursive service-fault CSV windows,RE2-OB/checkoutservice_loss/1/tracets_err.csv,8111,origen no disponible,,
3289,TraceRCA all dataset recursive service-fault CSV windows,RE2-OB/checkoutservice_loss/1/tracets_lat.csv,5788,origen no disponible,,
3290,TraceRCA all dataset recursive service-fault CSV windows,RE2-OB/checkoutservice_loss/2/logs.csv,15877888,origen no disponible,,
3291,TraceRCA all dataset recursive service-fault CSV windows,RE2-OB/checkoutservice_loss/2/logts.csv,9854,origen no disponible,,
3292,TraceRCA all dataset recursive service-fault CSV windows,RE2-OB/checkoutservice_loss/2/metrics.csv,6814208,origen no disponible,,
3293,TraceRCA all dataset recursive service-fault CSV windows,RE2-OB/checkoutservice_loss/2/simple_metrics.csv,1192186,origen no disponible,,
3294,TraceRCA all dataset recursive service-fault CSV windows,RE2-OB/checkoutservice_loss/2/traces.csv,74202523,origen no disponible,,
3295,TraceRCA all dataset recursive service-fault CSV windows,RE2-OB/checkoutservice_loss/2/tracets_err.csv,8098,origen no disponible,,
3296,TraceRCA all dataset recursive service-fault CSV windows,RE2-OB/checkoutservice_loss/2/tracets_lat.csv,5848,origen no disponible,,
3297,TraceRCA all dataset recursive service-fault CSV windows,RE2-OB/checkoutservice_loss/3/logs.csv,15866241,origen no disponible,,
3298,TraceRCA all dataset recursive service-fault CSV windows,RE2-OB/checkoutservice_loss/3/logts.csv,10977,origen no disponible,,
3299,TraceRCA all dataset recursive service-fault CSV windows,RE2-OB/checkoutservice_loss/3/metrics.csv,6635146,origen no disponible,,
3300,TraceRCA all dataset recursive service-fault CSV windows,RE2-OB/checkoutservice_loss/3/simple_metrics.csv,1187327,origen no disponible,,
3301,TraceRCA all dataset recursive service-fault CSV windows,RE2-OB/checkoutservice_loss/3/traces.csv,73551307,origen no disponible,,
3302,TraceRCA all dataset recursive service-fault CSV windows,RE2-OB/checkoutservice_loss/3/tracets_err.csv,8098,origen no disponible,,
3303,TraceRCA all dataset recursive service-fault CSV windows,RE2-OB/checkoutservice_loss/3/tracets_lat.csv,6038,origen no disponible,,
3304,TraceRCA all dataset recursive service-fault CSV windows,RE2-OB/checkoutservice_mem/1/logs.csv,24494482,origen no disponible,,
3305,TraceRCA all dataset recursive service-fault CSV windows,RE2-OB/checkoutservice_mem/1/logts.csv,9965,origen no disponible,,
3306,TraceRCA all dataset recursive service-fault CSV windows,RE2-OB/checkoutservice_mem/1/metrics.csv,6797485,origen no disponible,,
3307,TraceRCA all dataset recursive service-fault CSV windows,RE2-OB/checkoutservice_mem/1/simple_metrics.csv,1186175,origen no disponible,,
3308,TraceRCA all dataset recursive service-fault CSV windows,RE2-OB/checkoutservice_mem/1/traces.csv,74180251,origen no disponible,,
3309,TraceRCA all dataset recursive service-fault CSV windows,RE2-OB/checkoutservice_mem/1/tracets_err.csv,8113,origen no disponible,,
3310,TraceRCA all dataset recursive service-fault CSV windows,RE2-OB/checkoutservice_mem/1/tracets_lat.csv,4868,origen no disponible,,
3311,TraceRCA all dataset recursive service-fault CSV windows,RE2-OB/checkoutservice_mem/2/logs.csv,11022943,origen no disponible,,
3312,TraceRCA all dataset recursive service-fault CSV windows,RE2-OB/checkoutservice_mem/2/logts.csv,7715,origen no disponible,,
3313,TraceRCA all dataset recursive service-fault CSV windows,RE2-OB/checkoutservice_mem/2/metrics.csv,5048726,origen no disponible,,
3314,TraceRCA all dataset recursive service-fault CSV windows,RE2-OB/checkoutservice_mem/2/simple_metrics.csv,886053,origen no disponible,,
3315,TraceRCA all dataset recursive service-fault CSV windows,RE2-OB/checkoutservice_mem/2/traces.csv,59766022,origen no disponible,,
3316,TraceRCA all dataset recursive service-fault CSV windows,RE2-OB/checkoutservice_mem/2/tracets_err.csv,6534,origen no disponible,,
3317,TraceRCA all dataset recursive service-fault CSV windows,RE2-OB/checkoutservice_mem/2/tracets_lat.csv,4061,origen no disponible,,
3318,TraceRCA all dataset recursive service-fault CSV windows,RE2-OB/checkoutservice_mem/3/logs.csv,16019940,origen no disponible,,
3319,TraceRCA all dataset recursive service-fault CSV windows,RE2-OB/checkoutservice_mem/3/logts.csv,9875,origen no disponible,,
3320,TraceRCA all dataset recursive service-fault CSV windows,RE2-OB/checkoutservice_mem/3/metrics.csv,6893110,origen no disponible,,
3321,TraceRCA all dataset recursive service-fault CSV windows,RE2-OB/checkoutservice_mem/3/simple_metrics.csv,1210102,origen no disponible,,
3322,TraceRCA all dataset recursive service-fault CSV windows,RE2-OB/checkoutservice_mem/3/traces.csv,74582606,origen no disponible,,
3323,TraceRCA all dataset recursive service-fault CSV windows,RE2-OB/checkoutservice_mem/3/tracets_err.csv,8098,origen no disponible,,
3324,TraceRCA all dataset recursive service-fault CSV windows,RE2-OB/checkoutservice_mem/3/tracets_lat.csv,5931,origen no disponible,,
3325,TraceRCA all dataset recursive service-fault CSV windows,RE2-OB/checkoutservice_socket/1/logs.csv,15878281,origen no disponible,,
3326,TraceRCA all dataset recursive service-fault CSV windows,RE2-OB/checkoutservice_socket/1/logts.csv,9925,origen no disponible,,
3327,TraceRCA all dataset recursive service-fault CSV windows,RE2-OB/checkoutservice_socket/1/metrics.csv,6875263,origen no disponible,,
3328,TraceRCA all dataset recursive service-fault CSV windows,RE2-OB/checkoutservice_socket/1/simple_metrics.csv,1191574,origen no disponible,,
3329,TraceRCA all dataset recursive service-fault CSV windows,RE2-OB/checkoutservice_socket/1/traces.csv,73855091,origen no disponible,,
3330,TraceRCA all dataset recursive service-fault CSV windows,RE2-OB/checkoutservice_socket/1/tracets_err.csv,8095,origen no disponible,,
3331,TraceRCA all dataset recursive service-fault CSV windows,RE2-OB/checkoutservice_socket/1/tracets_lat.csv,6132,origen no disponible,,
3332,TraceRCA all dataset recursive service-fault CSV windows,RE2-OB/checkoutservice_socket/2/logs.csv,15888474,origen no disponible,,
3333,TraceRCA all dataset recursive service-fault CSV windows,RE2-OB/checkoutservice_socket/2/logts.csv,9985,origen no disponible,,
3334,TraceRCA all dataset recursive service-fault CSV windows,RE2-OB/checkoutservice_socket/2/metrics.csv,6867658,origen no disponible,,
3335,TraceRCA all dataset recursive service-fault CSV windows,RE2-OB/checkoutservice_socket/2/simple_metrics.csv,1191262,origen no disponible,,
3336,TraceRCA all dataset recursive service-fault CSV windows,RE2-OB/checkoutservice_socket/2/traces.csv,73946903,origen no disponible,,
3337,TraceRCA all dataset recursive service-fault CSV windows,RE2-OB/checkoutservice_socket/2/tracets_err.csv,8113,origen no disponible,,
3338,TraceRCA all dataset recursive service-fault CSV windows,RE2-OB/checkoutservice_socket/2/tracets_lat.csv,4993,origen no disponible,,
3339,TraceRCA all dataset recursive service-fault CSV windows,RE2-OB/checkoutservice_socket/3/logs.csv,16047245,origen no disponible,,
3340,TraceRCA all dataset recursive service-fault CSV windows,RE2-OB/checkoutservice_socket/3/logts.csv,9910,origen no disponible,,
3341,TraceRCA all dataset recursive service-fault CSV windows,RE2-OB/checkoutservice_socket/3/metrics.csv,6864671,origen no disponible,,
3342,TraceRCA all dataset recursive service-fault CSV windows,RE2-OB/checkoutservice_socket/3/simple_metrics.csv,1195100,origen no disponible,,
3343,TraceRCA all dataset recursive service-fault CSV windows,RE2-OB/checkoutservice_socket/3/traces.csv,74608170,origen no disponible,,
3344,TraceRCA all dataset recursive service-fault CSV windows,RE2-OB/checkoutservice_socket/3/tracets_err.csv,8113,origen no disponible,,
3345,TraceRCA all dataset recursive service-fault CSV windows,RE2-OB/checkoutservice_socket/3/tracets_lat.csv,5002,origen no disponible,,
3346,TraceRCA all dataset recursive service-fault CSV windows,RE2-OB/currencyservice_cpu/1/logs.csv,15763352,origen no disponible,,
3347,TraceRCA all dataset recursive service-fault CSV windows,RE2-OB/currencyservice_cpu/1/logts.csv,9928,origen no disponible,,
3348,TraceRCA all dataset recursive service-fault CSV windows,RE2-OB/currencyservice_cpu/1/metrics.csv,6862362,origen no disponible,,
3349,TraceRCA all dataset recursive service-fault CSV windows,RE2-OB/currencyservice_cpu/1/simple_metrics.csv,1193340,origen no disponible,,
3350,TraceRCA all dataset recursive service-fault CSV windows,RE2-OB/currencyservice_cpu/1/traces.csv,73388958,origen no disponible,,
3351,TraceRCA all dataset recursive service-fault CSV windows,RE2-OB/currencyservice_cpu/1/tracets_err.csv,8113,origen no disponible,,
3352,TraceRCA all dataset recursive service-fault CSV windows,RE2-OB/currencyservice_cpu/1/tracets_lat.csv,4871,origen no disponible,,
3353,TraceRCA all dataset recursive service-fault CSV windows,RE2-OB/currencyservice_cpu/2/logs.csv,15707051,origen no disponible,,
3354,TraceRCA all dataset recursive service-fault CSV windows,RE2-OB/currencyservice_cpu/2/logts.csv,9901,origen no disponible,,
3355,TraceRCA all dataset recursive service-fault CSV windows,RE2-OB/currencyservice_cpu/2/metrics.csv,6832794,origen no disponible,,
3356,TraceRCA all dataset recursive service-fault CSV windows,RE2-OB/currencyservice_cpu/2/simple_metrics.csv,1181432,origen no disponible,,
3357,TraceRCA all dataset recursive service-fault CSV windows,RE2-OB/currencyservice_cpu/2/traces.csv,73264458,origen no disponible,,
3358,TraceRCA all dataset recursive service-fault CSV windows,RE2-OB/currencyservice_cpu/2/tracets_err.csv,8113,origen no disponible,,
3359,TraceRCA all dataset recursive service-fault CSV windows,RE2-OB/currencyservice_cpu/2/tracets_lat.csv,4865,origen no disponible,,
3360,TraceRCA all dataset recursive service-fault CSV windows,RE2-OB/currencyservice_cpu/3/logs.csv,15832352,origen no disponible,,
3361,TraceRCA all dataset recursive service-fault CSV windows,RE2-OB/currencyservice_cpu/3/logts.csv,9886,origen no disponible,,
3362,TraceRCA all dataset recursive service-fault CSV windows,RE2-OB/currencyservice_cpu/3/metrics.csv,6845346,origen no disponible,,
3363,TraceRCA all dataset recursive service-fault CSV windows,RE2-OB/currencyservice_cpu/3/simple_metrics.csv,1192228,origen no disponible,,
3364,TraceRCA all dataset recursive service-fault CSV windows,RE2-OB/currencyservice_cpu/3/traces.csv,73799339,origen no disponible,,
3365,TraceRCA all dataset recursive service-fault CSV windows,RE2-OB/currencyservice_cpu/3/tracets_err.csv,8095,origen no disponible,,
3366,TraceRCA all dataset recursive service-fault CSV windows,RE2-OB/currencyservice_cpu/3/tracets_lat.csv,6008,origen no disponible,,
3367,TraceRCA all dataset recursive service-fault CSV windows,RE2-OB/currencyservice_delay/1/logs.csv,14553345,origen no disponible,,
3368,TraceRCA all dataset recursive service-fault CSV windows,RE2-OB/currencyservice_delay/1/logts.csv,9845,origen no disponible,,
3369,TraceRCA all dataset recursive service-fault CSV windows,RE2-OB/currencyservice_delay/1/metrics.csv,6837311,origen no disponible,,
3370,TraceRCA all dataset recursive service-fault CSV windows,RE2-OB/currencyservice_delay/1/simple_metrics.csv,1190133,origen no disponible,,
3371,TraceRCA all dataset recursive service-fault CSV windows,RE2-OB/currencyservice_delay/1/traces.csv,70123628,origen no disponible,,
3372,TraceRCA all dataset recursive service-fault CSV windows,RE2-OB/currencyservice_delay/1/tracets_err.csv,8113,origen no disponible,,
3373,TraceRCA all dataset recursive service-fault CSV windows,RE2-OB/currencyservice_delay/1/tracets_lat.csv,4885,origen no disponible,,
3374,TraceRCA all dataset recursive service-fault CSV windows,RE2-OB/currencyservice_delay/2/logs.csv,10842741,origen no disponible,,
3375,TraceRCA all dataset recursive service-fault CSV windows,RE2-OB/currencyservice_delay/2/logts.csv,9100,origen no disponible,,
3376,TraceRCA all dataset recursive service-fault CSV windows,RE2-OB/currencyservice_delay/2/metrics.csv,6830998,origen no disponible,,
3377,TraceRCA all dataset recursive service-fault CSV windows,RE2-OB/currencyservice_delay/2/simple_metrics.csv,1186247,origen no disponible,,
3378,TraceRCA all dataset recursive service-fault CSV windows,RE2-OB/currencyservice_delay/2/traces.csv,70520200,origen no disponible,,
3379,TraceRCA all dataset recursive service-fault CSV windows,RE2-OB/currencyservice_delay/2/tracets_err.csv,8113,origen no disponible,,
3380,TraceRCA all dataset recursive service-fault CSV windows,RE2-OB/currencyservice_delay/2/tracets_lat.csv,4893,origen no disponible,,
3381,TraceRCA all dataset recursive service-fault CSV windows,RE2-OB/currencyservice_delay/3/logs.csv,10717405,origen no disponible,,
3382,TraceRCA all dataset recursive service-fault CSV windows,RE2-OB/currencyservice_delay/3/logts.csv,9045,origen no disponible,,
3383,TraceRCA all dataset recursive service-fault CSV windows,RE2-OB/currencyservice_delay/3/metrics.csv,6848546,origen no disponible,,
3384,TraceRCA all dataset recursive service-fault CSV windows,RE2-OB/currencyservice_delay/3/simple_metrics.csv,1196330,origen no disponible,,
3385,TraceRCA all dataset recursive service-fault CSV windows,RE2-OB/currencyservice_delay/3/traces.csv,69288233,origen no disponible,,
3386,TraceRCA all dataset recursive service-fault CSV windows,RE2-OB/currencyservice_delay/3/tracets_err.csv,8113,origen no disponible,,
3387,TraceRCA all dataset recursive service-fault CSV windows,RE2-OB/currencyservice_delay/3/tracets_lat.csv,4897,origen no disponible,,
3388,TraceRCA all dataset recursive service-fault CSV windows,RE2-OB/currencyservice_disk/1/logs.csv,21629878,origen no disponible,,
3389,TraceRCA all dataset recursive service-fault CSV windows,RE2-OB/currencyservice_disk/1/logts.csv,9788,origen no disponible,,
3390,TraceRCA all dataset recursive service-fault CSV windows,RE2-OB/currencyservice_disk/1/metrics.csv,6861684,origen no disponible,,
3391,TraceRCA all dataset recursive service-fault CSV windows,RE2-OB/currencyservice_disk/1/simple_metrics.csv,1196943,origen no disponible,,
3392,TraceRCA all dataset recursive service-fault CSV windows,RE2-OB/currencyservice_disk/1/traces.csv,66046489,origen no disponible,,
3393,TraceRCA all dataset recursive service-fault CSV windows,RE2-OB/currencyservice_disk/1/tracets_err.csv,8113,origen no disponible,,
3394,TraceRCA all dataset recursive service-fault CSV windows,RE2-OB/currencyservice_disk/1/tracets_lat.csv,4957,origen no disponible,,
3395,TraceRCA all dataset recursive service-fault CSV windows,RE2-OB/currencyservice_disk/2/logs.csv,15544167,origen no disponible,,
3396,TraceRCA all dataset recursive service-fault CSV windows,RE2-OB/currencyservice_disk/2/logts.csv,9909,origen no disponible,,
3397,TraceRCA all dataset recursive service-fault CSV windows,RE2-OB/currencyservice_disk/2/metrics.csv,6947350,origen no disponible,,
3398,TraceRCA all dataset recursive service-fault CSV windows,RE2-OB/currencyservice_disk/2/simple_metrics.csv,1211609,origen no disponible,,
3399,TraceRCA all dataset recursive service-fault CSV windows,RE2-OB/currencyservice_disk/2/traces.csv,72400661,origen no disponible,,
3400,TraceRCA all dataset recursive service-fault CSV windows,RE2-OB/currencyservice_disk/2/tracets_err.csv,8110,origen no disponible,,
3401,TraceRCA all dataset recursive service-fault CSV windows,RE2-OB/currencyservice_disk/2/tracets_lat.csv,5131,origen no disponible,,
3402,TraceRCA all dataset recursive service-fault CSV windows,RE2-OB/currencyservice_disk/3/logs.csv,15780107,origen no disponible,,
3403,TraceRCA all dataset recursive service-fault CSV windows,RE2-OB/currencyservice_disk/3/logts.csv,9921,origen no disponible,,
3404,TraceRCA all dataset recursive service-fault CSV windows,RE2-OB/currencyservice_disk/3/metrics.csv,6937045,origen no disponible,,
3405,TraceRCA all dataset recursive service-fault CSV windows,RE2-OB/currencyservice_disk/3/simple_metrics.csv,1206385,origen no disponible,,
3406,TraceRCA all dataset recursive service-fault CSV windows,RE2-OB/currencyservice_disk/3/traces.csv,73718434,origen no disponible,,
3407,TraceRCA all dataset recursive service-fault CSV windows,RE2-OB/currencyservice_disk/3/tracets_err.csv,8113,origen no disponible,,
3408,TraceRCA all dataset recursive service-fault CSV windows,RE2-OB/currencyservice_disk/3/tracets_lat.csv,4940,origen no disponible,,
3409,TraceRCA all dataset recursive service-fault CSV windows,RE2-OB/currencyservice_loss/1/logs.csv,18152000,origen no disponible,,
3410,TraceRCA all dataset recursive service-fault CSV windows,RE2-OB/currencyservice_loss/1/logts.csv,12978,origen no disponible,,
3411,TraceRCA all dataset recursive service-fault CSV windows,RE2-OB/currencyservice_loss/1/metrics.csv,6689440,origen no disponible,,
3412,TraceRCA all dataset recursive service-fault CSV windows,RE2-OB/currencyservice_loss/1/simple_metrics.csv,1157622,origen no disponible,,
3413,TraceRCA all dataset recursive service-fault CSV windows,RE2-OB/currencyservice_loss/1/traces.csv,52172256,origen no disponible,,
3414,TraceRCA all dataset recursive service-fault CSV windows,RE2-OB/currencyservice_loss/1/tracets_err.csv,8011,origen no disponible,,
3415,TraceRCA all dataset recursive service-fault CSV windows,RE2-OB/currencyservice_loss/1/tracets_lat.csv,6231,origen no disponible,,
3416,TraceRCA all dataset recursive service-fault CSV windows,RE2-OB/currencyservice_loss/2/logs.csv,11516793,origen no disponible,,
3417,TraceRCA all dataset recursive service-fault CSV windows,RE2-OB/currencyservice_loss/2/logts.csv,10615,origen no disponible,,
3418,TraceRCA all dataset recursive service-fault CSV windows,RE2-OB/currencyservice_loss/2/metrics.csv,6884296,origen no disponible,,
3419,TraceRCA all dataset recursive service-fault CSV windows,RE2-OB/currencyservice_loss/2/simple_metrics.csv,1204924,origen no disponible,,
3420,TraceRCA all dataset recursive service-fault CSV windows,RE2-OB/currencyservice_loss/2/traces.csv,66728349,origen no disponible,,
3421,TraceRCA all dataset recursive service-fault CSV windows,RE2-OB/currencyservice_loss/2/tracets_err.csv,8116,origen no disponible,,
3422,TraceRCA all dataset recursive service-fault CSV windows,RE2-OB/currencyservice_loss/2/tracets_lat.csv,4943,origen no disponible,,
3423,TraceRCA all dataset recursive service-fault CSV windows,RE2-OB/currencyservice_loss/3/logs.csv,13862620,origen no disponible,,
3424,TraceRCA all dataset recursive service-fault CSV windows,RE2-OB/currencyservice_loss/3/logts.csv,10515,origen no disponible,,
3425,TraceRCA all dataset recursive service-fault CSV windows,RE2-OB/currencyservice_loss/3/metrics.csv,6827209,origen no disponible,,
3426,TraceRCA all dataset recursive service-fault CSV windows,RE2-OB/currencyservice_loss/3/simple_metrics.csv,1190266,origen no disponible,,
3427,TraceRCA all dataset recursive service-fault CSV windows,RE2-OB/currencyservice_loss/3/traces.csv,64755796,origen no disponible,,
3428,TraceRCA all dataset recursive service-fault CSV windows,RE2-OB/currencyservice_loss/3/tracets_err.csv,8099,origen no disponible,,
3429,TraceRCA all dataset recursive service-fault CSV windows,RE2-OB/currencyservice_loss/3/tracets_lat.csv,6067,origen no disponible,,
3430,TraceRCA all dataset recursive service-fault CSV windows,RE2-OB/currencyservice_mem/1/logs.csv,22720244,origen no disponible,,
3431,TraceRCA all dataset recursive service-fault CSV windows,RE2-OB/currencyservice_mem/1/logts.csv,9871,origen no disponible,,
3432,TraceRCA all dataset recursive service-fault CSV windows,RE2-OB/currencyservice_mem/1/metrics.csv,6733833,origen no disponible,,
3433,TraceRCA all dataset recursive service-fault CSV windows,RE2-OB/currencyservice_mem/1/simple_metrics.csv,1174390,origen no disponible,,
3434,TraceRCA all dataset recursive service-fault CSV windows,RE2-OB/currencyservice_mem/1/traces.csv,69289671,origen no disponible,,
3435,TraceRCA all dataset recursive service-fault CSV windows,RE2-OB/currencyservice_mem/1/tracets_err.csv,8098,origen no disponible,,
3436,TraceRCA all dataset recursive service-fault CSV windows,RE2-OB/currencyservice_mem/1/tracets_lat.csv,5949,origen no disponible,,
3437,TraceRCA all dataset recursive service-fault CSV windows,RE2-OB/currencyservice_mem/2/logs.csv,15175391,origen no disponible,,
3438,TraceRCA all dataset recursive service-fault CSV windows,RE2-OB/currencyservice_mem/2/logts.csv,10265,origen no disponible,,
3439,TraceRCA all dataset recursive service-fault CSV windows,RE2-OB/currencyservice_mem/2/metrics.csv,6672810,origen no disponible,,
3440,TraceRCA all dataset recursive service-fault CSV windows,RE2-OB/currencyservice_mem/2/simple_metrics.csv,1201335,origen no disponible,,
3441,TraceRCA all dataset recursive service-fault CSV windows,RE2-OB/currencyservice_mem/2/traces.csv,70752566,origen no disponible,,
3442,TraceRCA all dataset recursive service-fault CSV windows,RE2-OB/currencyservice_mem/2/tracets_err.csv,8119,origen no disponible,,
3443,TraceRCA all dataset recursive service-fault CSV windows,RE2-OB/currencyservice_mem/2/tracets_lat.csv,4976,origen no disponible,,
3444,TraceRCA all dataset recursive service-fault CSV windows,RE2-OB/currencyservice_mem/3/logs.csv,15142840,origen no disponible,,
3445,TraceRCA all dataset recursive service-fault CSV windows,RE2-OB/currencyservice_mem/3/logts.csv,10319,origen no disponible,,
3446,TraceRCA all dataset recursive service-fault CSV windows,RE2-OB/currencyservice_mem/3/metrics.csv,6851496,origen no disponible,,
3447,TraceRCA all dataset recursive service-fault CSV windows,RE2-OB/currencyservice_mem/3/simple_metrics.csv,1195621,origen no disponible,,
3448,TraceRCA all dataset recursive service-fault CSV windows,RE2-OB/currencyservice_mem/3/traces.csv,70370974,origen no disponible,,
3449,TraceRCA all dataset recursive service-fault CSV windows,RE2-OB/currencyservice_mem/3/tracets_err.csv,8124,origen no disponible,,
3450,TraceRCA all dataset recursive service-fault CSV windows,RE2-OB/currencyservice_mem/3/tracets_lat.csv,4985,origen no disponible,,
3451,TraceRCA all dataset recursive service-fault CSV windows,RE2-OB/currencyservice_socket/1/logs.csv,24433159,origen no disponible,,
3452,TraceRCA all dataset recursive service-fault CSV windows,RE2-OB/currencyservice_socket/1/logts.csv,9958,origen no disponible,,
3453,TraceRCA all dataset recursive service-fault CSV windows,RE2-OB/currencyservice_socket/1/metrics.csv,6764424,origen no disponible,,
3454,TraceRCA all dataset recursive service-fault CSV windows,RE2-OB/currencyservice_socket/1/simple_metrics.csv,1182545,origen no disponible,,
3455,TraceRCA all dataset recursive service-fault CSV windows,RE2-OB/currencyservice_socket/1/traces.csv,74266150,origen no disponible,,
3456,TraceRCA all dataset recursive service-fault CSV windows,RE2-OB/currencyservice_socket/1/tracets_err.csv,8092,origen no disponible,,
3457,TraceRCA all dataset recursive service-fault CSV windows,RE2-OB/currencyservice_socket/1/tracets_lat.csv,6314,origen no disponible,,
3458,TraceRCA all dataset recursive service-fault CSV windows,RE2-OB/currencyservice_socket/2/logs.csv,15640016,origen no disponible,,
3459,TraceRCA all dataset recursive service-fault CSV windows,RE2-OB/currencyservice_socket/2/logts.csv,9860,origen no disponible,,
3460,TraceRCA all dataset recursive service-fault CSV windows,RE2-OB/currencyservice_socket/2/metrics.csv,6862767,origen no disponible,,
3461,TraceRCA all dataset recursive service-fault CSV windows,RE2-OB/currencyservice_socket/2/simple_metrics.csv,1197046,origen no disponible,,
3462,TraceRCA all dataset recursive service-fault CSV windows,RE2-OB/currencyservice_socket/2/traces.csv,73087672,origen no disponible,,
3463,TraceRCA all dataset recursive service-fault CSV windows,RE2-OB/currencyservice_socket/2/tracets_err.csv,8113,origen no disponible,,
3464,TraceRCA all dataset recursive service-fault CSV windows,RE2-OB/currencyservice_socket/2/tracets_lat.csv,4908,origen no disponible,,
3465,TraceRCA all dataset recursive service-fault CSV windows,RE2-OB/currencyservice_socket/3/logs.csv,15662682,origen no disponible,,
3466,TraceRCA all dataset recursive service-fault CSV windows,RE2-OB/currencyservice_socket/3/logts.csv,9923,origen no disponible,,
3467,TraceRCA all dataset recursive service-fault CSV windows,RE2-OB/currencyservice_socket/3/metrics.csv,6863879,origen no disponible,,
3468,TraceRCA all dataset recursive service-fault CSV windows,RE2-OB/currencyservice_socket/3/simple_metrics.csv,1198404,origen no disponible,,
3469,TraceRCA all dataset recursive service-fault CSV windows,RE2-OB/currencyservice_socket/3/traces.csv,72796826,origen no disponible,,
3470,TraceRCA all dataset recursive service-fault CSV windows,RE2-OB/currencyservice_socket/3/tracets_err.csv,8113,origen no disponible,,
3471,TraceRCA all dataset recursive service-fault CSV windows,RE2-OB/currencyservice_socket/3/tracets_lat.csv,4953,origen no disponible,,
3472,TraceRCA all dataset recursive service-fault CSV windows,RE2-OB/emailservice_cpu/1/logs.csv,23450993,origen no disponible,,
3473,TraceRCA all dataset recursive service-fault CSV windows,RE2-OB/emailservice_cpu/1/logts.csv,9842,origen no disponible,,
3474,TraceRCA all dataset recursive service-fault CSV windows,RE2-OB/emailservice_cpu/1/metrics.csv,6805056,origen no disponible,,
3475,TraceRCA all dataset recursive service-fault CSV windows,RE2-OB/emailservice_cpu/1/simple_metrics.csv,1190756,origen no disponible,,
3476,TraceRCA all dataset recursive service-fault CSV windows,RE2-OB/emailservice_cpu/1/traces.csv,71713904,origen no disponible,,
3477,TraceRCA all dataset recursive service-fault CSV windows,RE2-OB/emailservice_cpu/1/tracets_err.csv,8034,origen no disponible,,
3478,TraceRCA all dataset recursive service-fault CSV windows,RE2-OB/emailservice_cpu/1/tracets_lat.csv,4837,origen no disponible,,
3479,TraceRCA all dataset recursive service-fault CSV windows,RE2-OB/emailservice_cpu/2/logs.csv,16132746,origen no disponible,,
3480,TraceRCA all dataset recursive service-fault CSV windows,RE2-OB/emailservice_cpu/2/logts.csv,9950,origen no disponible,,
3481,TraceRCA all dataset recursive service-fault CSV windows,RE2-OB/emailservice_cpu/2/metrics.csv,6865812,origen no disponible,,
3482,TraceRCA all dataset recursive service-fault CSV windows,RE2-OB/emailservice_cpu/2/simple_metrics.csv,1200685,origen no disponible,,
3483,TraceRCA all dataset recursive service-fault CSV windows,RE2-OB/emailservice_cpu/2/traces.csv,74931944,origen no disponible,,
3484,TraceRCA all dataset recursive service-fault CSV windows,RE2-OB/emailservice_cpu/2/tracets_err.csv,8095,origen no disponible,,
3485,TraceRCA all dataset recursive service-fault CSV windows,RE2-OB/emailservice_cpu/2/tracets_lat.csv,6158,origen no disponible,,
3486,TraceRCA all dataset recursive service-fault CSV windows,RE2-OB/emailservice_cpu/3/logs.csv,16207736,origen no disponible,,
3487,TraceRCA all dataset recursive service-fault CSV windows,RE2-OB/emailservice_cpu/3/logts.csv,9875,origen no disponible,,
3488,TraceRCA all dataset recursive service-fault CSV windows,RE2-OB/emailservice_cpu/3/metrics.csv,6881479,origen no disponible,,
3489,TraceRCA all dataset recursive service-fault CSV windows,RE2-OB/emailservice_cpu/3/simple_metrics.csv,1199994,origen no disponible,,
3490,TraceRCA all dataset recursive service-fault CSV windows,RE2-OB/emailservice_cpu/3/traces.csv,75404122,origen no disponible,,
3491,TraceRCA all dataset recursive service-fault CSV windows,RE2-OB/emailservice_cpu/3/tracets_err.csv,8113,origen no disponible,,
3492,TraceRCA all dataset recursive service-fault CSV windows,RE2-OB/emailservice_cpu/3/tracets_lat.csv,5000,origen no disponible,,
3493,TraceRCA all dataset recursive service-fault CSV windows,RE2-OB/emailservice_delay/1/logs.csv,15964154,origen no disponible,,
3494,TraceRCA all dataset recursive service-fault CSV windows,RE2-OB/emailservice_delay/1/logts.csv,9899,origen no disponible,,
3495,TraceRCA all dataset recursive service-fault CSV windows,RE2-OB/emailservice_delay/1/metrics.csv,6672693,origen no disponible,,
3496,TraceRCA all dataset recursive service-fault CSV windows,RE2-OB/emailservice_delay/1/simple_metrics.csv,1197117,origen no disponible,,
3497,TraceRCA all dataset recursive service-fault CSV windows,RE2-OB/emailservice_delay/1/traces.csv,74202625,origen no disponible,,
3498,TraceRCA all dataset recursive service-fault CSV windows,RE2-OB/emailservice_delay/1/tracets_err.csv,8113,origen no disponible,,
3499,TraceRCA all dataset recursive service-fault CSV windows,RE2-OB/emailservice_delay/1/tracets_lat.csv,5006,origen no disponible,,
3500,TraceRCA all dataset recursive service-fault CSV windows,RE2-OB/emailservice_delay/2/logs.csv,16004463,origen no disponible,,
3501,TraceRCA all dataset recursive service-fault CSV windows,RE2-OB/emailservice_delay/2/logts.csv,9928,origen no disponible,,
3502,TraceRCA all dataset recursive service-fault CSV windows,RE2-OB/emailservice_delay/2/metrics.csv,6677814,origen no disponible,,
3503,TraceRCA all dataset recursive service-fault CSV windows,RE2-OB/emailservice_delay/2/simple_metrics.csv,1200056,origen no disponible,,
3504,TraceRCA all dataset recursive service-fault CSV windows,RE2-OB/emailservice_delay/2/traces.csv,74175433,origen no disponible,,
3505,TraceRCA all dataset recursive service-fault CSV windows,RE2-OB/emailservice_delay/2/tracets_err.csv,8113,origen no disponible,,
3506,TraceRCA all dataset recursive service-fault CSV windows,RE2-OB/emailservice_delay/2/tracets_lat.csv,5007,origen no disponible,,
3507,TraceRCA all dataset recursive service-fault CSV windows,RE2-OB/emailservice_delay/3/logs.csv,16032575,origen no disponible,,
3508,TraceRCA all dataset recursive service-fault CSV windows,RE2-OB/emailservice_delay/3/logts.csv,9922,origen no disponible,,
3509,TraceRCA all dataset recursive service-fault CSV windows,RE2-OB/emailservice_delay/3/metrics.csv,6684494,origen no disponible,,
3510,TraceRCA all dataset recursive service-fault CSV windows,RE2-OB/emailservice_delay/3/simple_metrics.csv,1206319,origen no disponible,,
3511,TraceRCA all dataset recursive service-fault CSV windows,RE2-OB/emailservice_delay/3/traces.csv,74424979,origen no disponible,,
3512,TraceRCA all dataset recursive service-fault CSV windows,RE2-OB/emailservice_delay/3/tracets_err.csv,8113,origen no disponible,,
3513,TraceRCA all dataset recursive service-fault CSV windows,RE2-OB/emailservice_delay/3/tracets_lat.csv,5004,origen no disponible,,
3514,TraceRCA all dataset recursive service-fault CSV windows,RE2-OB/emailservice_disk/1/logs.csv,23126827,origen no disponible,,
3515,TraceRCA all dataset recursive service-fault CSV windows,RE2-OB/emailservice_disk/1/logts.csv,9853,origen no disponible,,
3516,TraceRCA all dataset recursive service-fault CSV windows,RE2-OB/emailservice_disk/1/metrics.csv,6895187,origen no disponible,,
3517,TraceRCA all dataset recursive service-fault CSV windows,RE2-OB/emailservice_disk/1/simple_metrics.csv,1204531,origen no disponible,,
3518,TraceRCA all dataset recursive service-fault CSV windows,RE2-OB/emailservice_disk/1/traces.csv,70719745,origen no disponible,,
3519,TraceRCA all dataset recursive service-fault CSV windows,RE2-OB/emailservice_disk/1/tracets_err.csv,8113,origen no disponible,,
3520,TraceRCA all dataset recursive service-fault CSV windows,RE2-OB/emailservice_disk/1/tracets_lat.csv,4885,origen no disponible,,
3521,TraceRCA all dataset recursive service-fault CSV windows,RE2-OB/emailservice_disk/2/logs.csv,16124336,origen no disponible,,
3522,TraceRCA all dataset recursive service-fault CSV windows,RE2-OB/emailservice_disk/2/logts.csv,9904,origen no disponible,,
3523,TraceRCA all dataset recursive service-fault CSV windows,RE2-OB/emailservice_disk/2/metrics.csv,7015502,origen no disponible,,
3524,TraceRCA all dataset recursive service-fault CSV windows,RE2-OB/emailservice_disk/2/simple_metrics.csv,1213638,origen no disponible,,
3525,TraceRCA all dataset recursive service-fault CSV windows,RE2-OB/emailservice_disk/2/traces.csv,74813646,origen no disponible,,
3526,TraceRCA all dataset recursive service-fault CSV windows,RE2-OB/emailservice_disk/2/tracets_err.csv,8110,origen no disponible,,
3527,TraceRCA all dataset recursive service-fault CSV windows,RE2-OB/emailservice_disk/2/tracets_lat.csv,5198,origen no disponible,,
3528,TraceRCA all dataset recursive service-fault CSV windows,RE2-OB/emailservice_disk/3/logs.csv,14567483,origen no disponible,,
3529,TraceRCA all dataset recursive service-fault CSV windows,RE2-OB/emailservice_disk/3/logts.csv,9094,origen no disponible,,
3530,TraceRCA all dataset recursive service-fault CSV windows,RE2-OB/emailservice_disk/3/metrics.csv,6784738,origen no disponible,,
3531,TraceRCA all dataset recursive service-fault CSV windows,RE2-OB/emailservice_disk/3/simple_metrics.csv,1224807,origen no disponible,,
3532,TraceRCA all dataset recursive service-fault CSV windows,RE2-OB/emailservice_disk/3/traces.csv,67547937,origen no disponible,,
3533,TraceRCA all dataset recursive service-fault CSV windows,RE2-OB/emailservice_disk/3/tracets_err.csv,7402,origen no disponible,,
3534,TraceRCA all dataset recursive service-fault CSV windows,RE2-OB/emailservice_disk/3/tracets_lat.csv,4566,origen no disponible,,
3535,TraceRCA all dataset recursive service-fault CSV windows,RE2-OB/emailservice_loss/1/logs.csv,23254297,origen no disponible,,
3536,TraceRCA all dataset recursive service-fault CSV windows,RE2-OB/emailservice_loss/1/logts.csv,10939,origen no disponible,,
3537,TraceRCA all dataset recursive service-fault CSV windows,RE2-OB/emailservice_loss/1/metrics.csv,6777308,origen no disponible,,
3538,TraceRCA all dataset recursive service-fault CSV windows,RE2-OB/emailservice_loss/1/simple_metrics.csv,1189907,origen no disponible,,
3539,TraceRCA all dataset recursive service-fault CSV windows,RE2-OB/emailservice_loss/1/traces.csv,70611006,origen no disponible,,
3540,TraceRCA all dataset recursive service-fault CSV windows,RE2-OB/emailservice_loss/1/tracets_err.csv,8123,origen no disponible,,
3541,TraceRCA all dataset recursive service-fault CSV windows,RE2-OB/emailservice_loss/1/tracets_lat.csv,4878,origen no disponible,,
3542,TraceRCA all dataset recursive service-fault CSV windows,RE2-OB/emailservice_loss/2/logs.csv,16054244,origen no disponible,,
3543,TraceRCA all dataset recursive service-fault CSV windows,RE2-OB/emailservice_loss/2/logts.csv,10962,origen no disponible,,
3544,TraceRCA all dataset recursive service-fault CSV windows,RE2-OB/emailservice_loss/2/metrics.csv,6693749,origen no disponible,,
3545,TraceRCA all dataset recursive service-fault CSV windows,RE2-OB/emailservice_loss/2/simple_metrics.csv,1207105,origen no disponible,,
3546,TraceRCA all dataset recursive service-fault CSV windows,RE2-OB/emailservice_loss/2/traces.csv,74940766,origen no disponible,,
3547,TraceRCA all dataset recursive service-fault CSV windows,RE2-OB/emailservice_loss/2/tracets_err.csv,8122,origen no disponible,,
3548,TraceRCA all dataset recursive service-fault CSV windows,RE2-OB/emailservice_loss/2/tracets_lat.csv,5007,origen no disponible,,
3549,TraceRCA all dataset recursive service-fault CSV windows,RE2-OB/emailservice_loss/3/logs.csv,15897882,origen no disponible,,
3550,TraceRCA all dataset recursive service-fault CSV windows,RE2-OB/emailservice_loss/3/logts.csv,11010,origen no disponible,,
3551,TraceRCA all dataset recursive service-fault CSV windows,RE2-OB/emailservice_loss/3/metrics.csv,6681017,origen no disponible,,
3552,TraceRCA all dataset recursive service-fault CSV windows,RE2-OB/emailservice_loss/3/simple_metrics.csv,1204222,origen no disponible,,
3553,TraceRCA all dataset recursive service-fault CSV windows,RE2-OB/emailservice_loss/3/traces.csv,73632866,origen no disponible,,
3554,TraceRCA all dataset recursive service-fault CSV windows,RE2-OB/emailservice_loss/3/tracets_err.csv,8117,origen no disponible,,
3555,TraceRCA all dataset recursive service-fault CSV windows,RE2-OB/emailservice_loss/3/tracets_lat.csv,5001,origen no disponible,,
3556,TraceRCA all dataset recursive service-fault CSV windows,RE2-OB/emailservice_mem/1/logs.csv,24317664,origen no disponible,,
3557,TraceRCA all dataset recursive service-fault CSV windows,RE2-OB/emailservice_mem/1/logts.csv,9793,origen no disponible,,
3558,TraceRCA all dataset recursive service-fault CSV windows,RE2-OB/emailservice_mem/1/metrics.csv,6775175,origen no disponible,,
3559,TraceRCA all dataset recursive service-fault CSV windows,RE2-OB/emailservice_mem/1/simple_metrics.csv,1183805,origen no disponible,,
3560,TraceRCA all dataset recursive service-fault CSV windows,RE2-OB/emailservice_mem/1/traces.csv,73947368,origen no disponible,,
3561,TraceRCA all dataset recursive service-fault CSV windows,RE2-OB/emailservice_mem/1/tracets_err.csv,8034,origen no disponible,,
3562,TraceRCA all dataset recursive service-fault CSV windows,RE2-OB/emailservice_mem/1/tracets_lat.csv,4929,origen no disponible,,
3563,TraceRCA all dataset recursive service-fault CSV windows,RE2-OB/emailservice_mem/2/logs.csv,15976065,origen no disponible,,
3564,TraceRCA all dataset recursive service-fault CSV windows,RE2-OB/emailservice_mem/2/logts.csv,9921,origen no disponible,,
3565,TraceRCA all dataset recursive service-fault CSV windows,RE2-OB/emailservice_mem/2/metrics.csv,6884382,origen no disponible,,
3566,TraceRCA all dataset recursive service-fault CSV windows,RE2-OB/emailservice_mem/2/simple_metrics.csv,1198133,origen no disponible,,
3567,TraceRCA all dataset recursive service-fault CSV windows,RE2-OB/emailservice_mem/2/traces.csv,74178959,origen no disponible,,
3568,TraceRCA all dataset recursive service-fault CSV windows,RE2-OB/emailservice_mem/2/tracets_err.csv,8113,origen no disponible,,
3569,TraceRCA all dataset recursive service-fault CSV windows,RE2-OB/emailservice_mem/2/tracets_lat.csv,5026,origen no disponible,,
3570,TraceRCA all dataset recursive service-fault CSV windows,RE2-OB/emailservice_mem/3/logs.csv,15892222,origen no disponible,,
3571,TraceRCA all dataset recursive service-fault CSV windows,RE2-OB/emailservice_mem/3/logts.csv,9908,origen no disponible,,
3572,TraceRCA all dataset recursive service-fault CSV windows,RE2-OB/emailservice_mem/3/metrics.csv,6929079,origen no disponible,,
3573,TraceRCA all dataset recursive service-fault CSV windows,RE2-OB/emailservice_mem/3/simple_metrics.csv,1204291,origen no disponible,,
3574,TraceRCA all dataset recursive service-fault CSV windows,RE2-OB/emailservice_mem/3/traces.csv,72289943,origen no disponible,,
3575,TraceRCA all dataset recursive service-fault CSV windows,RE2-OB/emailservice_mem/3/tracets_err.csv,8110,origen no disponible,,
3576,TraceRCA all dataset recursive service-fault CSV windows,RE2-OB/emailservice_mem/3/tracets_lat.csv,5220,origen no disponible,,
3577,TraceRCA all dataset recursive service-fault CSV windows,RE2-OB/emailservice_socket/1/logs.csv,16067292,origen no disponible,,
3578,TraceRCA all dataset recursive service-fault CSV windows,RE2-OB/emailservice_socket/1/logts.csv,9810,origen no disponible,,
3579,TraceRCA all dataset recursive service-fault CSV windows,RE2-OB/emailservice_socket/1/metrics.csv,6692091,origen no disponible,,
3580,TraceRCA all dataset recursive service-fault CSV windows,RE2-OB/emailservice_socket/1/simple_metrics.csv,1202324,origen no disponible,,
3581,TraceRCA all dataset recursive service-fault CSV windows,RE2-OB/emailservice_socket/1/traces.csv,74667322,origen no disponible,,
3582,TraceRCA all dataset recursive service-fault CSV windows,RE2-OB/emailservice_socket/1/tracets_err.csv,8034,origen no disponible,,
3583,TraceRCA all dataset recursive service-fault CSV windows,RE2-OB/emailservice_socket/1/tracets_lat.csv,4960,origen no disponible,,
3584,TraceRCA all dataset recursive service-fault CSV windows,RE2-OB/emailservice_socket/2/logs.csv,16177718,origen no disponible,,
3585,TraceRCA all dataset recursive service-fault CSV windows,RE2-OB/emailservice_socket/2/logts.csv,9955,origen no disponible,,
3586,TraceRCA all dataset recursive service-fault CSV windows,RE2-OB/emailservice_socket/2/metrics.csv,6691275,origen no disponible,,
3587,TraceRCA all dataset recursive service-fault CSV windows,RE2-OB/emailservice_socket/2/simple_metrics.csv,1201473,origen no disponible,,
3588,TraceRCA all dataset recursive service-fault CSV windows,RE2-OB/emailservice_socket/2/traces.csv,75032955,origen no disponible,,
3589,TraceRCA all dataset recursive service-fault CSV windows,RE2-OB/emailservice_socket/2/tracets_err.csv,8113,origen no disponible,,
3590,TraceRCA all dataset recursive service-fault CSV windows,RE2-OB/emailservice_socket/2/tracets_lat.csv,5001,origen no disponible,,
3591,TraceRCA all dataset recursive service-fault CSV windows,RE2-OB/emailservice_socket/3/logs.csv,15955716,origen no disponible,,
3592,TraceRCA all dataset recursive service-fault CSV windows,RE2-OB/emailservice_socket/3/logts.csv,9961,origen no disponible,,
3593,TraceRCA all dataset recursive service-fault CSV windows,RE2-OB/emailservice_socket/3/metrics.csv,6673271,origen no disponible,,
3594,TraceRCA all dataset recursive service-fault CSV windows,RE2-OB/emailservice_socket/3/simple_metrics.csv,1193313,origen no disponible,,
3595,TraceRCA all dataset recursive service-fault CSV windows,RE2-OB/emailservice_socket/3/traces.csv,74311795,origen no disponible,,
3596,TraceRCA all dataset recursive service-fault CSV windows,RE2-OB/emailservice_socket/3/tracets_err.csv,8113,origen no disponible,,
3597,TraceRCA all dataset recursive service-fault CSV windows,RE2-OB/emailservice_socket/3/tracets_lat.csv,5020,origen no disponible,,
3598,TraceRCA all dataset recursive service-fault CSV windows,RE2-OB/productcatalogservice_cpu/1/logs.csv,23559067,origen no disponible,,
3599,TraceRCA all dataset recursive service-fault CSV windows,RE2-OB/productcatalogservice_cpu/1/logts.csv,9889,origen no disponible,,
3600,TraceRCA all dataset recursive service-fault CSV windows,RE2-OB/productcatalogservice_cpu/1/metrics.csv,6755553,origen no disponible,,
3601,TraceRCA all dataset recursive service-fault CSV windows,RE2-OB/productcatalogservice_cpu/1/simple_metrics.csv,1172614,origen no disponible,,
3602,TraceRCA all dataset recursive service-fault CSV windows,RE2-OB/productcatalogservice_cpu/1/traces.csv,71844304,origen no disponible,,
3603,TraceRCA all dataset recursive service-fault CSV windows,RE2-OB/productcatalogservice_cpu/1/tracets_err.csv,8113,origen no disponible,,
3604,TraceRCA all dataset recursive service-fault CSV windows,RE2-OB/productcatalogservice_cpu/1/tracets_lat.csv,4991,origen no disponible,,
3605,TraceRCA all dataset recursive service-fault CSV windows,RE2-OB/productcatalogservice_cpu/2/logs.csv,15678366,origen no disponible,,
3606,TraceRCA all dataset recursive service-fault CSV windows,RE2-OB/productcatalogservice_cpu/2/logts.csv,9854,origen no disponible,,
3607,TraceRCA all dataset recursive service-fault CSV windows,RE2-OB/productcatalogservice_cpu/2/metrics.csv,6789988,origen no disponible,,
3608,TraceRCA all dataset recursive service-fault CSV windows,RE2-OB/productcatalogservice_cpu/2/simple_metrics.csv,1180172,origen no disponible,,
3609,TraceRCA all dataset recursive service-fault CSV windows,RE2-OB/productcatalogservice_cpu/2/traces.csv,73149430,origen no disponible,,
3610,TraceRCA all dataset recursive service-fault CSV windows,RE2-OB/productcatalogservice_cpu/2/tracets_err.csv,8113,origen no disponible,,
3611,TraceRCA all dataset recursive service-fault CSV windows,RE2-OB/productcatalogservice_cpu/2/tracets_lat.csv,5058,origen no disponible,,
3612,TraceRCA all dataset recursive service-fault CSV windows,RE2-OB/productcatalogservice_cpu/3/logs.csv,15895064,origen no disponible,,
3613,TraceRCA all dataset recursive service-fault CSV windows,RE2-OB/productcatalogservice_cpu/3/logts.csv,9916,origen no disponible,,
3614,TraceRCA all dataset recursive service-fault CSV windows,RE2-OB/productcatalogservice_cpu/3/metrics.csv,6789902,origen no disponible,,
3615,TraceRCA all dataset recursive service-fault CSV windows,RE2-OB/productcatalogservice_cpu/3/simple_metrics.csv,1179749,origen no disponible,,
3616,TraceRCA all dataset recursive service-fault CSV windows,RE2-OB/productcatalogservice_cpu/3/traces.csv,74016432,origen no disponible,,
3617,TraceRCA all dataset recursive service-fault CSV windows,RE2-OB/productcatalogservice_cpu/3/tracets_err.csv,8113,origen no disponible,,
3618,TraceRCA all dataset recursive service-fault CSV windows,RE2-OB/productcatalogservice_cpu/3/tracets_lat.csv,5072,origen no disponible,,
3619,TraceRCA all dataset recursive service-fault CSV windows,RE2-OB/productcatalogservice_delay/1/logs.csv,21931253,origen no disponible,,
3620,TraceRCA all dataset recursive service-fault CSV windows,RE2-OB/productcatalogservice_delay/1/logts.csv,9821,origen no disponible,,
3621,TraceRCA all dataset recursive service-fault CSV windows,RE2-OB/productcatalogservice_delay/1/metrics.csv,6753317,origen no disponible,,
3622,TraceRCA all dataset recursive service-fault CSV windows,RE2-OB/productcatalogservice_delay/1/simple_metrics.csv,1151563,origen no disponible,,
3623,TraceRCA all dataset recursive service-fault CSV windows,RE2-OB/productcatalogservice_delay/1/traces.csv,66783420,origen no disponible,,
3624,TraceRCA all dataset recursive service-fault CSV windows,RE2-OB/productcatalogservice_delay/1/tracets_err.csv,8113,origen no disponible,,
3625,TraceRCA all dataset recursive service-fault CSV windows,RE2-OB/productcatalogservice_delay/1/tracets_lat.csv,4954,origen no disponible,,
3626,TraceRCA all dataset recursive service-fault CSV windows,RE2-OB/productcatalogservice_delay/2/logs.csv,14267452,origen no disponible,,
3627,TraceRCA all dataset recursive service-fault CSV windows,RE2-OB/productcatalogservice_delay/2/logts.csv,9833,origen no disponible,,
3628,TraceRCA all dataset recursive service-fault CSV windows,RE2-OB/productcatalogservice_delay/2/metrics.csv,6799139,origen no disponible,,
3629,TraceRCA all dataset recursive service-fault CSV windows,RE2-OB/productcatalogservice_delay/2/simple_metrics.csv,1170313,origen no disponible,,
3630,TraceRCA all dataset recursive service-fault CSV windows,RE2-OB/productcatalogservice_delay/2/traces.csv,66668551,origen no disponible,,
3631,TraceRCA all dataset recursive service-fault CSV windows,RE2-OB/productcatalogservice_delay/2/tracets_err.csv,8113,origen no disponible,,
3632,TraceRCA all dataset recursive service-fault CSV windows,RE2-OB/productcatalogservice_delay/2/tracets_lat.csv,4939,origen no disponible,,
3633,TraceRCA all dataset recursive service-fault CSV windows,RE2-OB/productcatalogservice_delay/3/logs.csv,14313673,origen no disponible,,
3634,TraceRCA all dataset recursive service-fault CSV windows,RE2-OB/productcatalogservice_delay/3/logts.csv,9800,origen no disponible,,
3635,TraceRCA all dataset recursive service-fault CSV windows,RE2-OB/productcatalogservice_delay/3/metrics.csv,6774604,origen no disponible,,
3636,TraceRCA all dataset recursive service-fault CSV windows,RE2-OB/productcatalogservice_delay/3/simple_metrics.csv,1167251,origen no disponible,,
3637,TraceRCA all dataset recursive service-fault CSV windows,RE2-OB/productcatalogservice_delay/3/traces.csv,66881504,origen no disponible,,
3638,TraceRCA all dataset recursive service-fault CSV windows,RE2-OB/productcatalogservice_delay/3/tracets_err.csv,8107,origen no disponible,,
3639,TraceRCA all dataset recursive service-fault CSV windows,RE2-OB/productcatalogservice_delay/3/tracets_lat.csv,5324,origen no disponible,,
3640,TraceRCA all dataset recursive service-fault CSV windows,RE2-OB/productcatalogservice_disk/1/logs.csv,22998711,origen no disponible,,
3641,TraceRCA all dataset recursive service-fault CSV windows,RE2-OB/productcatalogservice_disk/1/logts.csv,9845,origen no disponible,,
3642,TraceRCA all dataset recursive service-fault CSV windows,RE2-OB/productcatalogservice_disk/1/metrics.csv,6881570,origen no disponible,,
3643,TraceRCA all dataset recursive service-fault CSV windows,RE2-OB/productcatalogservice_disk/1/simple_metrics.csv,1195576,origen no disponible,,
3644,TraceRCA all dataset recursive service-fault CSV windows,RE2-OB/productcatalogservice_disk/1/traces.csv,70101148,origen no disponible,,
3645,TraceRCA all dataset recursive service-fault CSV windows,RE2-OB/productcatalogservice_disk/1/tracets_err.csv,8113,origen no disponible,,
3646,TraceRCA all dataset recursive service-fault CSV windows,RE2-OB/productcatalogservice_disk/1/tracets_lat.csv,5054,origen no disponible,,
3647,TraceRCA all dataset recursive service-fault CSV windows,RE2-OB/productcatalogservice_disk/2/logs.csv,15792501,origen no disponible,,
3648,TraceRCA all dataset recursive service-fault CSV windows,RE2-OB/productcatalogservice_disk/2/logts.csv,9899,origen no disponible,,
3649,TraceRCA all dataset recursive service-fault CSV windows,RE2-OB/productcatalogservice_disk/2/metrics.csv,6901688,origen no disponible,,
3650,TraceRCA all dataset recursive service-fault CSV windows,RE2-OB/productcatalogservice_disk/2/simple_metrics.csv,1199836,origen no disponible,,
3651,TraceRCA all dataset recursive service-fault CSV windows,RE2-OB/productcatalogservice_disk/2/traces.csv,73595661,origen no disponible,,
3652,TraceRCA all dataset recursive service-fault CSV windows,RE2-OB/productcatalogservice_disk/2/tracets_err.csv,8098,origen no disponible,,
3653,TraceRCA all dataset recursive service-fault CSV windows,RE2-OB/productcatalogservice_disk/2/tracets_lat.csv,6026,origen no disponible,,
3654,TraceRCA all dataset recursive service-fault CSV windows,RE2-OB/productcatalogservice_disk/3/logs.csv,15735606,origen no disponible,,
3655,TraceRCA all dataset recursive service-fault CSV windows,RE2-OB/productcatalogservice_disk/3/logts.csv,9965,origen no disponible,,
3656,TraceRCA all dataset recursive service-fault CSV windows,RE2-OB/productcatalogservice_disk/3/metrics.csv,6722221,origen no disponible,,
3657,TraceRCA all dataset recursive service-fault CSV windows,RE2-OB/productcatalogservice_disk/3/simple_metrics.csv,1195912,origen no disponible,,
3658,TraceRCA all dataset recursive service-fault CSV windows,RE2-OB/productcatalogservice_disk/3/traces.csv,73121908,origen no disponible,,
3659,TraceRCA all dataset recursive service-fault CSV windows,RE2-OB/productcatalogservice_disk/3/tracets_err.csv,8095,origen no disponible,,
3660,TraceRCA all dataset recursive service-fault CSV windows,RE2-OB/productcatalogservice_disk/3/tracets_lat.csv,6209,origen no disponible,,
3661,TraceRCA all dataset recursive service-fault CSV windows,RE2-OB/productcatalogservice_loss/1/logs.csv,16101311,origen no disponible,,
3662,TraceRCA all dataset recursive service-fault CSV windows,RE2-OB/productcatalogservice_loss/1/logts.csv,18380,origen no disponible,,
3663,TraceRCA all dataset recursive service-fault CSV windows,RE2-OB/productcatalogservice_loss/1/metrics.csv,6715677,origen no disponible,,
3664,TraceRCA all dataset recursive service-fault CSV windows,RE2-OB/productcatalogservice_loss/1/simple_metrics.csv,1152729,origen no disponible,,
3665,TraceRCA all dataset recursive service-fault CSV windows,RE2-OB/productcatalogservice_loss/1/traces.csv,46491167,origen no disponible,,
3666,TraceRCA all dataset recursive service-fault CSV windows,RE2-OB/productcatalogservice_loss/1/tracets_err.csv,7876,origen no disponible,,
3667,TraceRCA all dataset recursive service-fault CSV windows,RE2-OB/productcatalogservice_loss/1/tracets_lat.csv,6076,origen no disponible,,
3668,TraceRCA all dataset recursive service-fault CSV windows,RE2-OB/productcatalogservice_loss/2/logs.csv,10859725,origen no disponible,,
3669,TraceRCA all dataset recursive service-fault CSV windows,RE2-OB/productcatalogservice_loss/2/logts.csv,18584,origen no disponible,,
3670,TraceRCA all dataset recursive service-fault CSV windows,RE2-OB/productcatalogservice_loss/2/metrics.csv,6704757,origen no disponible,,
3671,TraceRCA all dataset recursive service-fault CSV windows,RE2-OB/productcatalogservice_loss/2/simple_metrics.csv,1149954,origen no disponible,,
3672,TraceRCA all dataset recursive service-fault CSV windows,RE2-OB/productcatalogservice_loss/2/traces.csv,47490813,origen no disponible,,
3673,TraceRCA all dataset recursive service-fault CSV windows,RE2-OB/productcatalogservice_loss/2/tracets_err.csv,8026,origen no disponible,,
3674,TraceRCA all dataset recursive service-fault CSV windows,RE2-OB/productcatalogservice_loss/2/tracets_lat.csv,6561,origen no disponible,,
3675,TraceRCA all dataset recursive service-fault CSV windows,RE2-OB/productcatalogservice_loss/3/logs.csv,13247331,origen no disponible,,
3676,TraceRCA all dataset recursive service-fault CSV windows,RE2-OB/productcatalogservice_loss/3/logts.csv,18682,origen no disponible,,
3677,TraceRCA all dataset recursive service-fault CSV windows,RE2-OB/productcatalogservice_loss/3/metrics.csv,6759570,origen no disponible,,
3678,TraceRCA all dataset recursive service-fault CSV windows,RE2-OB/productcatalogservice_loss/3/simple_metrics.csv,1188736,origen no disponible,,
3679,TraceRCA all dataset recursive service-fault CSV windows,RE2-OB/productcatalogservice_loss/3/traces.csv,60989802,origen no disponible,,
3680,TraceRCA all dataset recursive service-fault CSV windows,RE2-OB/productcatalogservice_loss/3/tracets_err.csv,8110,origen no disponible,,
3681,TraceRCA all dataset recursive service-fault CSV windows,RE2-OB/productcatalogservice_loss/3/tracets_lat.csv,6071,origen no disponible,,
3682,TraceRCA all dataset recursive service-fault CSV windows,RE2-OB/productcatalogservice_mem/1/logs.csv,19052585,origen no disponible,,
3683,TraceRCA all dataset recursive service-fault CSV windows,RE2-OB/productcatalogservice_mem/1/logts.csv,10830,origen no disponible,,
3684,TraceRCA all dataset recursive service-fault CSV windows,RE2-OB/productcatalogservice_mem/1/metrics.csv,6810764,origen no disponible,,
3685,TraceRCA all dataset recursive service-fault CSV windows,RE2-OB/productcatalogservice_mem/1/simple_metrics.csv,1181179,origen no disponible,,
3686,TraceRCA all dataset recursive service-fault CSV windows,RE2-OB/productcatalogservice_mem/1/traces.csv,57984329,origen no disponible,,
3687,TraceRCA all dataset recursive service-fault CSV windows,RE2-OB/productcatalogservice_mem/1/tracets_err.csv,8117,origen no disponible,,
3688,TraceRCA all dataset recursive service-fault CSV windows,RE2-OB/productcatalogservice_mem/1/tracets_lat.csv,4994,origen no disponible,,
3689,TraceRCA all dataset recursive service-fault CSV windows,RE2-OB/productcatalogservice_mem/2/logs.csv,14480339,origen no disponible,,
3690,TraceRCA all dataset recursive service-fault CSV windows,RE2-OB/productcatalogservice_mem/2/logts.csv,10239,origen no disponible,,
3691,TraceRCA all dataset recursive service-fault CSV windows,RE2-OB/productcatalogservice_mem/2/metrics.csv,6822445,origen no disponible,,
3692,TraceRCA all dataset recursive service-fault CSV windows,RE2-OB/productcatalogservice_mem/2/simple_metrics.csv,1184578,origen no disponible,,
3693,TraceRCA all dataset recursive service-fault CSV windows,RE2-OB/productcatalogservice_mem/2/traces.csv,58620448,origen no disponible,,
3694,TraceRCA all dataset recursive service-fault CSV windows,RE2-OB/productcatalogservice_mem/2/tracets_err.csv,8119,origen no disponible,,
3695,TraceRCA all dataset recursive service-fault CSV windows,RE2-OB/productcatalogservice_mem/2/tracets_lat.csv,5007,origen no disponible,,
3696,TraceRCA all dataset recursive service-fault CSV windows,RE2-OB/productcatalogservice_mem/3/logs.csv,13957900,origen no disponible,,
3697,TraceRCA all dataset recursive service-fault CSV windows,RE2-OB/productcatalogservice_mem/3/logts.csv,10171,origen no disponible,,
3698,TraceRCA all dataset recursive service-fault CSV windows,RE2-OB/productcatalogservice_mem/3/metrics.csv,6801981,origen no disponible,,
3699,TraceRCA all dataset recursive service-fault CSV windows,RE2-OB/productcatalogservice_mem/3/simple_metrics.csv,1181415,origen no disponible,,
3700,TraceRCA all dataset recursive service-fault CSV windows,RE2-OB/productcatalogservice_mem/3/traces.csv,50473904,origen no disponible,,
3701,TraceRCA all dataset recursive service-fault CSV windows,RE2-OB/productcatalogservice_mem/3/tracets_err.csv,8099,origen no disponible,,
3702,TraceRCA all dataset recursive service-fault CSV windows,RE2-OB/productcatalogservice_mem/3/tracets_lat.csv,5951,origen no disponible,,
3703,TraceRCA all dataset recursive service-fault CSV windows,RE2-OB/productcatalogservice_socket/1/logs.csv,23088553,origen no disponible,,
3704,TraceRCA all dataset recursive service-fault CSV windows,RE2-OB/productcatalogservice_socket/1/logts.csv,9883,origen no disponible,,
3705,TraceRCA all dataset recursive service-fault CSV windows,RE2-OB/productcatalogservice_socket/1/metrics.csv,6805768,origen no disponible,,
3706,TraceRCA all dataset recursive service-fault CSV windows,RE2-OB/productcatalogservice_socket/1/simple_metrics.csv,1177863,origen no disponible,,
3707,TraceRCA all dataset recursive service-fault CSV windows,RE2-OB/productcatalogservice_socket/1/traces.csv,70139371,origen no disponible,,
3708,TraceRCA all dataset recursive service-fault CSV windows,RE2-OB/productcatalogservice_socket/1/tracets_err.csv,8113,origen no disponible,,
3709,TraceRCA all dataset recursive service-fault CSV windows,RE2-OB/productcatalogservice_socket/1/tracets_lat.csv,5017,origen no disponible,,
3710,TraceRCA all dataset recursive service-fault CSV windows,RE2-OB/productcatalogservice_socket/2/logs.csv,15858798,origen no disponible,,
3711,TraceRCA all dataset recursive service-fault CSV windows,RE2-OB/productcatalogservice_socket/2/logts.csv,9904,origen no disponible,,
3712,TraceRCA all dataset recursive service-fault CSV windows,RE2-OB/productcatalogservice_socket/2/metrics.csv,6836337,origen no disponible,,
3713,TraceRCA all dataset recursive service-fault CSV windows,RE2-OB/productcatalogservice_socket/2/simple_metrics.csv,1178924,origen no disponible,,
3714,TraceRCA all dataset recursive service-fault CSV windows,RE2-OB/productcatalogservice_socket/2/traces.csv,73531982,origen no disponible,,
3715,TraceRCA all dataset recursive service-fault CSV windows,RE2-OB/productcatalogservice_socket/2/tracets_err.csv,8113,origen no disponible,,
3716,TraceRCA all dataset recursive service-fault CSV windows,RE2-OB/productcatalogservice_socket/2/tracets_lat.csv,5057,origen no disponible,,
3717,TraceRCA all dataset recursive service-fault CSV windows,RE2-OB/productcatalogservice_socket/3/logs.csv,16019527,origen no disponible,,
3718,TraceRCA all dataset recursive service-fault CSV windows,RE2-OB/productcatalogservice_socket/3/logts.csv,9935,origen no disponible,,
3719,TraceRCA all dataset recursive service-fault CSV windows,RE2-OB/productcatalogservice_socket/3/metrics.csv,6847997,origen no disponible,,
3720,TraceRCA all dataset recursive service-fault CSV windows,RE2-OB/productcatalogservice_socket/3/simple_metrics.csv,1188682,origen no disponible,,
3721,TraceRCA all dataset recursive service-fault CSV windows,RE2-OB/productcatalogservice_socket/3/traces.csv,74437777,origen no disponible,,
3722,TraceRCA all dataset recursive service-fault CSV windows,RE2-OB/productcatalogservice_socket/3/tracets_err.csv,8113,origen no disponible,,
3723,TraceRCA all dataset recursive service-fault CSV windows,RE2-OB/productcatalogservice_socket/3/tracets_lat.csv,5042,origen no disponible,,
3724,TraceRCA all dataset recursive service-fault CSV windows,RE2-OB/recommendationservice_cpu/1/logs.csv,23494355,origen no disponible,,
3725,TraceRCA all dataset recursive service-fault CSV windows,RE2-OB/recommendationservice_cpu/1/logts.csv,9930,origen no disponible,,
3726,TraceRCA all dataset recursive service-fault CSV windows,RE2-OB/recommendationservice_cpu/1/metrics.csv,6985441,origen no disponible,,
3727,TraceRCA all dataset recursive service-fault CSV windows,RE2-OB/recommendationservice_cpu/1/simple_metrics.csv,1175812,origen no disponible,,
3728,TraceRCA all dataset recursive service-fault CSV windows,RE2-OB/recommendationservice_cpu/1/traces.csv,71444501,origen no disponible,,
3729,TraceRCA all dataset recursive service-fault CSV windows,RE2-OB/recommendationservice_cpu/1/tracets_err.csv,8113,origen no disponible,,
3730,TraceRCA all dataset recursive service-fault CSV windows,RE2-OB/recommendationservice_cpu/1/tracets_lat.csv,4945,origen no disponible,,
3731,TraceRCA all dataset recursive service-fault CSV windows,RE2-OB/recommendationservice_cpu/2/logs.csv,15949246,origen no disponible,,
3732,TraceRCA all dataset recursive service-fault CSV windows,RE2-OB/recommendationservice_cpu/2/logts.csv,9921,origen no disponible,,
3733,TraceRCA all dataset recursive service-fault CSV windows,RE2-OB/recommendationservice_cpu/2/metrics.csv,6832051,origen no disponible,,
3734,TraceRCA all dataset recursive service-fault CSV windows,RE2-OB/recommendationservice_cpu/2/simple_metrics.csv,1198204,origen no disponible,,
3735,TraceRCA all dataset recursive service-fault CSV windows,RE2-OB/recommendationservice_cpu/2/traces.csv,74221872,origen no disponible,,
3736,TraceRCA all dataset recursive service-fault CSV windows,RE2-OB/recommendationservice_cpu/2/tracets_err.csv,8113,origen no disponible,,
3737,TraceRCA all dataset recursive service-fault CSV windows,RE2-OB/recommendationservice_cpu/2/tracets_lat.csv,5049,origen no disponible,,
3738,TraceRCA all dataset recursive service-fault CSV windows,RE2-OB/recommendationservice_cpu/3/logs.csv,16094074,origen no disponible,,
3739,TraceRCA all dataset recursive service-fault CSV windows,RE2-OB/recommendationservice_cpu/3/logts.csv,9977,origen no disponible,,
3740,TraceRCA all dataset recursive service-fault CSV windows,RE2-OB/recommendationservice_cpu/3/metrics.csv,6816400,origen no disponible,,
3741,TraceRCA all dataset recursive service-fault CSV windows,RE2-OB/recommendationservice_cpu/3/simple_metrics.csv,1192606,origen no disponible,,
3742,TraceRCA all dataset recursive service-fault CSV windows,RE2-OB/recommendationservice_cpu/3/traces.csv,74958217,origen no disponible,,
3743,TraceRCA all dataset recursive service-fault CSV windows,RE2-OB/recommendationservice_cpu/3/tracets_err.csv,8095,origen no disponible,,
3744,TraceRCA all dataset recursive service-fault CSV windows,RE2-OB/recommendationservice_cpu/3/tracets_lat.csv,6206,origen no disponible,,
3745,TraceRCA all dataset recursive service-fault CSV windows,RE2-OB/recommendationservice_delay/1/logs.csv,23622771,origen no disponible,,
3746,TraceRCA all dataset recursive service-fault CSV windows,RE2-OB/recommendationservice_delay/1/logts.csv,9855,origen no disponible,,
3747,TraceRCA all dataset recursive service-fault CSV windows,RE2-OB/recommendationservice_delay/1/metrics.csv,6813652,origen no disponible,,
3748,TraceRCA all dataset recursive service-fault CSV windows,RE2-OB/recommendationservice_delay/1/simple_metrics.csv,1186109,origen no disponible,,
3749,TraceRCA all dataset recursive service-fault CSV windows,RE2-OB/recommendationservice_delay/1/traces.csv,71971092,origen no disponible,,
3750,TraceRCA all dataset recursive service-fault CSV windows,RE2-OB/recommendationservice_delay/1/tracets_err.csv,8113,origen no disponible,,
3751,TraceRCA all dataset recursive service-fault CSV windows,RE2-OB/recommendationservice_delay/1/tracets_lat.csv,4996,origen no disponible,,
3752,TraceRCA all dataset recursive service-fault CSV windows,RE2-OB/recommendationservice_delay/2/logs.csv,15578867,origen no disponible,,
3753,TraceRCA all dataset recursive service-fault CSV windows,RE2-OB/recommendationservice_delay/2/logts.csv,9827,origen no disponible,,
3754,TraceRCA all dataset recursive service-fault CSV windows,RE2-OB/recommendationservice_delay/2/metrics.csv,6817771,origen no disponible,,
3755,TraceRCA all dataset recursive service-fault CSV windows,RE2-OB/recommendationservice_delay/2/simple_metrics.csv,1187345,origen no disponible,,
3756,TraceRCA all dataset recursive service-fault CSV windows,RE2-OB/recommendationservice_delay/2/traces.csv,72418457,origen no disponible,,
3757,TraceRCA all dataset recursive service-fault CSV windows,RE2-OB/recommendationservice_delay/2/tracets_err.csv,8034,origen no disponible,,
3758,TraceRCA all dataset recursive service-fault CSV windows,RE2-OB/recommendationservice_delay/2/tracets_lat.csv,4946,origen no disponible,,
3759,TraceRCA all dataset recursive service-fault CSV windows,RE2-OB/recommendationservice_delay/3/logs.csv,15628178,origen no disponible,,
3760,TraceRCA all dataset recursive service-fault CSV windows,RE2-OB/recommendationservice_delay/3/logts.csv,9926,origen no disponible,,
3761,TraceRCA all dataset recursive service-fault CSV windows,RE2-OB/recommendationservice_delay/3/metrics.csv,6814027,origen no disponible,,
3762,TraceRCA all dataset recursive service-fault CSV windows,RE2-OB/recommendationservice_delay/3/simple_metrics.csv,1187182,origen no disponible,,
3763,TraceRCA all dataset recursive service-fault CSV windows,RE2-OB/recommendationservice_delay/3/traces.csv,72528746,origen no disponible,,
3764,TraceRCA all dataset recursive service-fault CSV windows,RE2-OB/recommendationservice_delay/3/tracets_err.csv,8098,origen no disponible,,
3765,TraceRCA all dataset recursive service-fault CSV windows,RE2-OB/recommendationservice_delay/3/tracets_lat.csv,5950,origen no disponible,,
3766,TraceRCA all dataset recursive service-fault CSV windows,RE2-OB/recommendationservice_disk/1/logs.csv,23333765,origen no disponible,,
3767,TraceRCA all dataset recursive service-fault CSV windows,RE2-OB/recommendationservice_disk/1/logts.csv,9911,origen no disponible,,
3768,TraceRCA all dataset recursive service-fault CSV windows,RE2-OB/recommendationservice_disk/1/metrics.csv,6875577,origen no disponible,,
3769,TraceRCA all dataset recursive service-fault CSV windows,RE2-OB/recommendationservice_disk/1/simple_metrics.csv,1192608,origen no disponible,,
3770,TraceRCA all dataset recursive service-fault CSV windows,RE2-OB/recommendationservice_disk/1/traces.csv,71519359,origen no disponible,,
3771,TraceRCA all dataset recursive service-fault CSV windows,RE2-OB/recommendationservice_disk/1/tracets_err.csv,8113,origen no disponible,,
3772,TraceRCA all dataset recursive service-fault CSV windows,RE2-OB/recommendationservice_disk/1/tracets_lat.csv,4939,origen no disponible,,
3773,TraceRCA all dataset recursive service-fault CSV windows,RE2-OB/recommendationservice_disk/2/logs.csv,15907595,origen no disponible,,
3774,TraceRCA all dataset recursive service-fault CSV windows,RE2-OB/recommendationservice_disk/2/logts.csv,9931,origen no disponible,,
3775,TraceRCA all dataset recursive service-fault CSV windows,RE2-OB/recommendationservice_disk/2/metrics.csv,6923218,origen no disponible,,
3776,TraceRCA all dataset recursive service-fault CSV windows,RE2-OB/recommendationservice_disk/2/simple_metrics.csv,1205678,origen no disponible,,
3777,TraceRCA all dataset recursive service-fault CSV windows,RE2-OB/recommendationservice_disk/2/traces.csv,73835072,origen no disponible,,
3778,TraceRCA all dataset recursive service-fault CSV windows,RE2-OB/recommendationservice_disk/2/tracets_err.csv,8098,origen no disponible,,
3779,TraceRCA all dataset recursive service-fault CSV windows,RE2-OB/recommendationservice_disk/2/tracets_lat.csv,6015,origen no disponible,,
3780,TraceRCA all dataset recursive service-fault CSV windows,RE2-OB/recommendationservice_disk/3/logs.csv,16062773,origen no disponible,,
3781,TraceRCA all dataset recursive service-fault CSV windows,RE2-OB/recommendationservice_disk/3/logts.csv,9961,origen no disponible,,
3782,TraceRCA all dataset recursive service-fault CSV windows,RE2-OB/recommendationservice_disk/3/metrics.csv,6924767,origen no disponible,,
3783,TraceRCA all dataset recursive service-fault CSV windows,RE2-OB/recommendationservice_disk/3/simple_metrics.csv,1213594,origen no disponible,,
3784,TraceRCA all dataset recursive service-fault CSV windows,RE2-OB/recommendationservice_disk/3/traces.csv,74858815,origen no disponible,,
3785,TraceRCA all dataset recursive service-fault CSV windows,RE2-OB/recommendationservice_disk/3/tracets_err.csv,8107,origen no disponible,,
3786,TraceRCA all dataset recursive service-fault CSV windows,RE2-OB/recommendationservice_disk/3/tracets_lat.csv,5454,origen no disponible,,
3787,TraceRCA all dataset recursive service-fault CSV windows,RE2-OB/recommendationservice_loss/1/logs.csv,20211054,origen no disponible,,
3788,TraceRCA all dataset recursive service-fault CSV windows,RE2-OB/recommendationservice_loss/1/logts.csv,17031,origen no disponible,,
3789,TraceRCA all dataset recursive service-fault CSV windows,RE2-OB/recommendationservice_loss/1/metrics.csv,6428511,origen no disponible,,
3790,TraceRCA all dataset recursive service-fault CSV windows,RE2-OB/recommendationservice_loss/1/simple_metrics.csv,1129561,origen no disponible,,
3791,TraceRCA all dataset recursive service-fault CSV windows,RE2-OB/recommendationservice_loss/1/traces.csv,54439755,origen no disponible,,
3792,TraceRCA all dataset recursive service-fault CSV windows,RE2-OB/recommendationservice_loss/1/tracets_err.csv,8244,origen no disponible,,
3793,TraceRCA all dataset recursive service-fault CSV windows,RE2-OB/recommendationservice_loss/1/tracets_lat.csv,4927,origen no disponible,,
3794,TraceRCA all dataset recursive service-fault CSV windows,RE2-OB/recommendationservice_loss/2/logs.csv,15061491,origen no disponible,,
3795,TraceRCA all dataset recursive service-fault CSV windows,RE2-OB/recommendationservice_loss/2/logts.csv,11310,origen no disponible,,
3796,TraceRCA all dataset recursive service-fault CSV windows,RE2-OB/recommendationservice_loss/2/metrics.csv,6842240,origen no disponible,,
3797,TraceRCA all dataset recursive service-fault CSV windows,RE2-OB/recommendationservice_loss/2/simple_metrics.csv,1193652,origen no disponible,,
3798,TraceRCA all dataset recursive service-fault CSV windows,RE2-OB/recommendationservice_loss/2/traces.csv,67681893,origen no disponible,,
3799,TraceRCA all dataset recursive service-fault CSV windows,RE2-OB/recommendationservice_loss/2/tracets_err.csv,8132,origen no disponible,,
3800,TraceRCA all dataset recursive service-fault CSV windows,RE2-OB/recommendationservice_loss/2/tracets_lat.csv,5998,origen no disponible,,
3801,TraceRCA all dataset recursive service-fault CSV windows,RE2-OB/recommendationservice_loss/3/logs.csv,14796177,origen no disponible,,
3802,TraceRCA all dataset recursive service-fault CSV windows,RE2-OB/recommendationservice_loss/3/logts.csv,11357,origen no disponible,,
3803,TraceRCA all dataset recursive service-fault CSV windows,RE2-OB/recommendationservice_loss/3/metrics.csv,6576062,origen no disponible,,
3804,TraceRCA all dataset recursive service-fault CSV windows,RE2-OB/recommendationservice_loss/3/simple_metrics.csv,1164717,origen no disponible,,
3805,TraceRCA all dataset recursive service-fault CSV windows,RE2-OB/recommendationservice_loss/3/traces.csv,66376410,origen no disponible,,
3806,TraceRCA all dataset recursive service-fault CSV windows,RE2-OB/recommendationservice_loss/3/tracets_err.csv,8147,origen no disponible,,
3807,TraceRCA all dataset recursive service-fault CSV windows,RE2-OB/recommendationservice_loss/3/tracets_lat.csv,5001,origen no disponible,,
3808,TraceRCA all dataset recursive service-fault CSV windows,RE2-OB/recommendationservice_mem/1/logs.csv,23954642,origen no disponible,,
3809,TraceRCA all dataset recursive service-fault CSV windows,RE2-OB/recommendationservice_mem/1/logts.csv,9920,origen no disponible,,
3810,TraceRCA all dataset recursive service-fault CSV windows,RE2-OB/recommendationservice_mem/1/metrics.csv,6775625,origen no disponible,,
3811,TraceRCA all dataset recursive service-fault CSV windows,RE2-OB/recommendationservice_mem/1/simple_metrics.csv,1167934,origen no disponible,,
3812,TraceRCA all dataset recursive service-fault CSV windows,RE2-OB/recommendationservice_mem/1/traces.csv,72903752,origen no disponible,,
3813,TraceRCA all dataset recursive service-fault CSV windows,RE2-OB/recommendationservice_mem/1/tracets_err.csv,8113,origen no disponible,,
3814,TraceRCA all dataset recursive service-fault CSV windows,RE2-OB/recommendationservice_mem/1/tracets_lat.csv,5058,origen no disponible,,
3815,TraceRCA all dataset recursive service-fault CSV windows,RE2-OB/recommendationservice_mem/2/logs.csv,15499641,origen no disponible,,
3816,TraceRCA all dataset recursive service-fault CSV windows,RE2-OB/recommendationservice_mem/2/logts.csv,9857,origen no disponible,,
3817,TraceRCA all dataset recursive service-fault CSV windows,RE2-OB/recommendationservice_mem/2/metrics.csv,6840261,origen no disponible,,
3818,TraceRCA all dataset recursive service-fault CSV windows,RE2-OB/recommendationservice_mem/2/simple_metrics.csv,1202326,origen no disponible,,
3819,TraceRCA all dataset recursive service-fault CSV windows,RE2-OB/recommendationservice_mem/2/traces.csv,72162308,origen no disponible,,
3820,TraceRCA all dataset recursive service-fault CSV windows,RE2-OB/recommendationservice_mem/2/tracets_err.csv,8113,origen no disponible,,
3821,TraceRCA all dataset recursive service-fault CSV windows,RE2-OB/recommendationservice_mem/2/tracets_lat.csv,5080,origen no disponible,,
3822,TraceRCA all dataset recursive service-fault CSV windows,RE2-OB/recommendationservice_mem/3/logs.csv,15441588,origen no disponible,,
3823,TraceRCA all dataset recursive service-fault CSV windows,RE2-OB/recommendationservice_mem/3/logts.csv,9870,origen no disponible,,
3824,TraceRCA all dataset recursive service-fault CSV windows,RE2-OB/recommendationservice_mem/3/metrics.csv,6821194,origen no disponible,,
3825,TraceRCA all dataset recursive service-fault CSV windows,RE2-OB/recommendationservice_mem/3/simple_metrics.csv,1196919,origen no disponible,,
3826,TraceRCA all dataset recursive service-fault CSV windows,RE2-OB/recommendationservice_mem/3/traces.csv,72099195,origen no disponible,,
3827,TraceRCA all dataset recursive service-fault CSV windows,RE2-OB/recommendationservice_mem/3/tracets_err.csv,8110,origen no disponible,,
3828,TraceRCA all dataset recursive service-fault CSV windows,RE2-OB/recommendationservice_mem/3/tracets_lat.csv,5272,origen no disponible,,
3829,TraceRCA all dataset recursive service-fault CSV windows,RE2-OB/recommendationservice_socket/1/logs.csv,18067514,origen no disponible,,
3830,TraceRCA all dataset recursive service-fault CSV windows,RE2-OB/recommendationservice_socket/1/logts.csv,9314,origen no disponible,,
3831,TraceRCA all dataset recursive service-fault CSV windows,RE2-OB/recommendationservice_socket/1/metrics.csv,6846588,origen no disponible,,
3832,TraceRCA all dataset recursive service-fault CSV windows,RE2-OB/recommendationservice_socket/1/simple_metrics.csv,1183565,origen no disponible,,
3833,TraceRCA all dataset recursive service-fault CSV windows,RE2-OB/recommendationservice_socket/1/traces.csv,55518033,origen no disponible,,
3834,TraceRCA all dataset recursive service-fault CSV windows,RE2-OB/recommendationservice_socket/1/tracets_err.csv,8107,origen no disponible,,
3835,TraceRCA all dataset recursive service-fault CSV windows,RE2-OB/recommendationservice_socket/1/tracets_lat.csv,5358,origen no disponible,,
3836,TraceRCA all dataset recursive service-fault CSV windows,RE2-OB/recommendationservice_socket/2/logs.csv,16003048,origen no disponible,,
3837,TraceRCA all dataset recursive service-fault CSV windows,RE2-OB/recommendationservice_socket/2/logts.csv,9891,origen no disponible,,
3838,TraceRCA all dataset recursive service-fault CSV windows,RE2-OB/recommendationservice_socket/2/metrics.csv,6826576,origen no disponible,,
3839,TraceRCA all dataset recursive service-fault CSV windows,RE2-OB/recommendationservice_socket/2/simple_metrics.csv,1192337,origen no disponible,,
3840,TraceRCA all dataset recursive service-fault CSV windows,RE2-OB/recommendationservice_socket/2/traces.csv,74474848,origen no disponible,,
3841,TraceRCA all dataset recursive service-fault CSV windows,RE2-OB/recommendationservice_socket/2/tracets_err.csv,8113,origen no disponible,,
3842,TraceRCA all dataset recursive service-fault CSV windows,RE2-OB/recommendationservice_socket/2/tracets_lat.csv,5033,origen no disponible,,
3843,TraceRCA all dataset recursive service-fault CSV windows,RE2-OB/recommendationservice_socket/3/logs.csv,15910965,origen no disponible,,
3844,TraceRCA all dataset recursive service-fault CSV windows,RE2-OB/recommendationservice_socket/3/logts.csv,9895,origen no disponible,,
3845,TraceRCA all dataset recursive service-fault CSV windows,RE2-OB/recommendationservice_socket/3/metrics.csv,6828865,origen no disponible,,
3846,TraceRCA all dataset recursive service-fault CSV windows,RE2-OB/recommendationservice_socket/3/simple_metrics.csv,1193585,origen no disponible,,
3847,TraceRCA all dataset recursive service-fault CSV windows,RE2-OB/recommendationservice_socket/3/traces.csv,74363912,origen no disponible,,
3848,TraceRCA all dataset recursive service-fault CSV windows,RE2-OB/recommendationservice_socket/3/tracets_err.csv,8113,origen no disponible,,
3849,TraceRCA all dataset recursive service-fault CSV windows,RE2-OB/recommendationservice_socket/3/tracets_lat.csv,5021,origen no disponible,,
3850,TraceRCA all dataset recursive service-fault CSV windows,RE2-SS/carts_cpu/1/logs.csv,17534710,origen no disponible,,
3851,TraceRCA all dataset recursive service-fault CSV windows,RE2-SS/carts_cpu/1/logts.csv,16093,origen no disponible,,
3852,TraceRCA all dataset recursive service-fault CSV windows,RE2-SS/carts_cpu/1/metrics.csv,6792025,origen no disponible,,
3853,TraceRCA all dataset recursive service-fault CSV windows,RE2-SS/carts_cpu/1/simple_metrics.csv,1235477,origen no disponible,,
3854,TraceRCA all dataset recursive service-fault CSV windows,RE2-SS/carts_cpu/2/logs.csv,17494082,origen no disponible,,
3855,TraceRCA all dataset recursive service-fault CSV windows,RE2-SS/carts_cpu/2/logts.csv,18169,origen no disponible,,
3856,TraceRCA all dataset recursive service-fault CSV windows,RE2-SS/carts_cpu/2/metrics.csv,6766225,origen no disponible,,
3857,TraceRCA all dataset recursive service-fault CSV windows,RE2-SS/carts_cpu/2/simple_metrics.csv,1250223,origen no disponible,,
3858,TraceRCA all dataset recursive service-fault CSV windows,RE2-SS/carts_cpu/3/logs.csv,17625434,origen no disponible,,
3859,TraceRCA all dataset recursive service-fault CSV windows,RE2-SS/carts_cpu/3/logts.csv,16141,origen no disponible,,
3860,TraceRCA all dataset recursive service-fault CSV windows,RE2-SS/carts_cpu/3/metrics.csv,6729269,origen no disponible,,
3861,TraceRCA all dataset recursive service-fault CSV windows,RE2-SS/carts_cpu/3/simple_metrics.csv,1248438,origen no disponible,,
3862,TraceRCA all dataset recursive service-fault CSV windows,RE2-SS/carts_delay/1/logs.csv,16805214,origen no disponible,,
3863,TraceRCA all dataset recursive service-fault CSV windows,RE2-SS/carts_delay/1/logts.csv,16270,origen no disponible,,
3864,TraceRCA all dataset recursive service-fault CSV windows,RE2-SS/carts_delay/1/metrics.csv,6795920,origen no disponible,,
3865,TraceRCA all dataset recursive service-fault CSV windows,RE2-SS/carts_delay/1/simple_metrics.csv,1241516,origen no disponible,,
3866,TraceRCA all dataset recursive service-fault CSV windows,RE2-SS/carts_delay/2/logs.csv,16845142,origen no disponible,,
3867,TraceRCA all dataset recursive service-fault CSV windows,RE2-SS/carts_delay/2/logts.csv,16001,origen no disponible,,
3868,TraceRCA all dataset recursive service-fault CSV windows,RE2-SS/carts_delay/2/metrics.csv,6697233,origen no disponible,,
3869,TraceRCA all dataset recursive service-fault CSV windows,RE2-SS/carts_delay/2/simple_metrics.csv,1202708,origen no disponible,,
3870,TraceRCA all dataset recursive service-fault CSV windows,RE2-SS/carts_delay/3/logs.csv,16687902,origen no disponible,,
3871,TraceRCA all dataset recursive service-fault CSV windows,RE2-SS/carts_delay/3/logts.csv,15957,origen no disponible,,
3872,TraceRCA all dataset recursive service-fault CSV windows,RE2-SS/carts_delay/3/metrics.csv,6713407,origen no disponible,,
3873,TraceRCA all dataset recursive service-fault CSV windows,RE2-SS/carts_delay/3/simple_metrics.csv,1203280,origen no disponible,,
3874,TraceRCA all dataset recursive service-fault CSV windows,RE2-SS/carts_disk/1/logs.csv,17790632,origen no disponible,,
3875,TraceRCA all dataset recursive service-fault CSV windows,RE2-SS/carts_disk/1/logts.csv,15701,origen no disponible,,
3876,TraceRCA all dataset recursive service-fault CSV windows,RE2-SS/carts_disk/1/metrics.csv,6895114,origen no disponible,,
3877,TraceRCA all dataset recursive service-fault CSV windows,RE2-SS/carts_disk/1/simple_metrics.csv,1262935,origen no disponible,,
3878,TraceRCA all dataset recursive service-fault CSV windows,RE2-SS/carts_disk/2/logs.csv,17703383,origen no disponible,,
3879,TraceRCA all dataset recursive service-fault CSV windows,RE2-SS/carts_disk/2/logts.csv,16063,origen no disponible,,
3880,TraceRCA all dataset recursive service-fault CSV windows,RE2-SS/carts_disk/2/metrics.csv,6806184,origen no disponible,,
3881,TraceRCA all dataset recursive service-fault CSV windows,RE2-SS/carts_disk/2/simple_metrics.csv,1251623,origen no disponible,,
3882,TraceRCA all dataset recursive service-fault CSV windows,RE2-SS/carts_disk/3/logs.csv,17664723,origen no disponible,,
3883,TraceRCA all dataset recursive service-fault CSV windows,RE2-SS/carts_disk/3/logts.csv,16330,origen no disponible,,
3884,TraceRCA all dataset recursive service-fault CSV windows,RE2-SS/carts_disk/3/metrics.csv,6816322,origen no disponible,,
3885,TraceRCA all dataset recursive service-fault CSV windows,RE2-SS/carts_disk/3/simple_metrics.csv,1253107,origen no disponible,,
3886,TraceRCA all dataset recursive service-fault CSV windows,RE2-SS/carts_loss/1/logs.csv,17094255,origen no disponible,,
3887,TraceRCA all dataset recursive service-fault CSV windows,RE2-SS/carts_loss/1/logts.csv,17677,origen no disponible,,
3888,TraceRCA all dataset recursive service-fault CSV windows,RE2-SS/carts_loss/1/metrics.csv,6795313,origen no disponible,,
3889,TraceRCA all dataset recursive service-fault CSV windows,RE2-SS/carts_loss/1/simple_metrics.csv,1246264,origen no disponible,,
3890,TraceRCA all dataset recursive service-fault CSV windows,RE2-SS/carts_loss/2/logs.csv,17177589,origen no disponible,,
3891,TraceRCA all dataset recursive service-fault CSV windows,RE2-SS/carts_loss/2/logts.csv,16456,origen no disponible,,
3892,TraceRCA all dataset recursive service-fault CSV windows,RE2-SS/carts_loss/2/metrics.csv,6776684,origen no disponible,,
3893,TraceRCA all dataset recursive service-fault CSV windows,RE2-SS/carts_loss/2/simple_metrics.csv,1245483,origen no disponible,,
3894,TraceRCA all dataset recursive service-fault CSV windows,RE2-SS/carts_loss/3/logs.csv,17032905,origen no disponible,,
3895,TraceRCA all dataset recursive service-fault CSV windows,RE2-SS/carts_loss/3/logts.csv,16647,origen no disponible,,
3896,TraceRCA all dataset recursive service-fault CSV windows,RE2-SS/carts_loss/3/metrics.csv,6739697,origen no disponible,,
3897,TraceRCA all dataset recursive service-fault CSV windows,RE2-SS/carts_loss/3/simple_metrics.csv,1252257,origen no disponible,,
3898,TraceRCA all dataset recursive service-fault CSV windows,RE2-SS/carts_mem/1/logs.csv,17758185,origen no disponible,,
3899,TraceRCA all dataset recursive service-fault CSV windows,RE2-SS/carts_mem/1/logts.csv,16409,origen no disponible,,
3900,TraceRCA all dataset recursive service-fault CSV windows,RE2-SS/carts_mem/1/metrics.csv,6884369,origen no disponible,,
3901,TraceRCA all dataset recursive service-fault CSV windows,RE2-SS/carts_mem/1/simple_metrics.csv,1255380,origen no disponible,,
3902,TraceRCA all dataset recursive service-fault CSV windows,RE2-SS/carts_mem/2/logs.csv,17430320,origen no disponible,,
3903,TraceRCA all dataset recursive service-fault CSV windows,RE2-SS/carts_mem/2/logts.csv,15658,origen no disponible,,
3904,TraceRCA all dataset recursive service-fault CSV windows,RE2-SS/carts_mem/2/metrics.csv,6717447,origen no disponible,,
3905,TraceRCA all dataset recursive service-fault CSV windows,RE2-SS/carts_mem/2/simple_metrics.csv,1232059,origen no disponible,,
3906,TraceRCA all dataset recursive service-fault CSV windows,RE2-SS/carts_mem/3/logs.csv,17507063,origen no disponible,,
3907,TraceRCA all dataset recursive service-fault CSV windows,RE2-SS/carts_mem/3/logts.csv,16125,origen no disponible,,
3908,TraceRCA all dataset recursive service-fault CSV windows,RE2-SS/carts_mem/3/metrics.csv,6831163,origen no disponible,,
3909,TraceRCA all dataset recursive service-fault CSV windows,RE2-SS/carts_mem/3/simple_metrics.csv,1249197,origen no disponible,,
3910,TraceRCA all dataset recursive service-fault CSV windows,RE2-SS/carts_socket/1/logs.csv,20972758,origen no disponible,,
3911,TraceRCA all dataset recursive service-fault CSV windows,RE2-SS/carts_socket/1/logts.csv,16056,origen no disponible,,
3912,TraceRCA all dataset recursive service-fault CSV windows,RE2-SS/carts_socket/1/metrics.csv,6722661,origen no disponible,,
3913,TraceRCA all dataset recursive service-fault CSV windows,RE2-SS/carts_socket/1/simple_metrics.csv,1246660,origen no disponible,,
3914,TraceRCA all dataset recursive service-fault CSV windows,RE2-SS/carts_socket/2/logs.csv,17507366,origen no disponible,,
3915,TraceRCA all dataset recursive service-fault CSV windows,RE2-SS/carts_socket/2/logts.csv,16146,origen no disponible,,
3916,TraceRCA all dataset recursive service-fault CSV windows,RE2-SS/carts_socket/2/metrics.csv,6796321,origen no disponible,,
3917,TraceRCA all dataset recursive service-fault CSV windows,RE2-SS/carts_socket/2/simple_metrics.csv,1247390,origen no disponible,,
3918,TraceRCA all dataset recursive service-fault CSV windows,RE2-SS/carts_socket/3/logs.csv,17426300,origen no disponible,,
3919,TraceRCA all dataset recursive service-fault CSV windows,RE2-SS/carts_socket/3/logts.csv,16075,origen no disponible,,
3920,TraceRCA all dataset recursive service-fault CSV windows,RE2-SS/carts_socket/3/metrics.csv,6769738,origen no disponible,,
3921,TraceRCA all dataset recursive service-fault CSV windows,RE2-SS/carts_socket/3/simple_metrics.csv,1235837,origen no disponible,,
3922,TraceRCA all dataset recursive service-fault CSV windows,RE2-SS/catalogue_cpu/1/logs.csv,15721599,origen no disponible,,
3923,TraceRCA all dataset recursive service-fault CSV windows,RE2-SS/catalogue_cpu/1/logts.csv,17684,origen no disponible,,
3924,TraceRCA all dataset recursive service-fault CSV windows,RE2-SS/catalogue_cpu/1/metrics.csv,6603783,origen no disponible,,
3925,TraceRCA all dataset recursive service-fault CSV windows,RE2-SS/catalogue_cpu/1/simple_metrics.csv,1190518,origen no disponible,,
3926,TraceRCA all dataset recursive service-fault CSV windows,RE2-SS/catalogue_cpu/2/logs.csv,15031303,origen no disponible,,
3927,TraceRCA all dataset recursive service-fault CSV windows,RE2-SS/catalogue_cpu/2/logts.csv,16970,origen no disponible,,
3928,TraceRCA all dataset recursive service-fault CSV windows,RE2-SS/catalogue_cpu/2/metrics.csv,6643336,origen no disponible,,
3929,TraceRCA all dataset recursive service-fault CSV windows,RE2-SS/catalogue_cpu/2/simple_metrics.csv,1199864,origen no disponible,,
3930,TraceRCA all dataset recursive service-fault CSV windows,RE2-SS/catalogue_cpu/3/logs.csv,17601287,origen no disponible,,
3931,TraceRCA all dataset recursive service-fault CSV windows,RE2-SS/catalogue_cpu/3/logts.csv,15743,origen no disponible,,
3932,TraceRCA all dataset recursive service-fault CSV windows,RE2-SS/catalogue_cpu/3/metrics.csv,6802768,origen no disponible,,
3933,TraceRCA all dataset recursive service-fault CSV windows,RE2-SS/catalogue_cpu/3/simple_metrics.csv,1241382,origen no disponible,,
3934,TraceRCA all dataset recursive service-fault CSV windows,RE2-SS/catalogue_delay/1/logs.csv,22556229,origen no disponible,,
3935,TraceRCA all dataset recursive service-fault CSV windows,RE2-SS/catalogue_delay/1/logts.csv,15946,origen no disponible,,
3936,TraceRCA all dataset recursive service-fault CSV windows,RE2-SS/catalogue_delay/1/metrics.csv,6703199,origen no disponible,,
3937,TraceRCA all dataset recursive service-fault CSV windows,RE2-SS/catalogue_delay/1/simple_metrics.csv,1238930,origen no disponible,,
3938,TraceRCA all dataset recursive service-fault CSV windows,RE2-SS/catalogue_delay/2/logs.csv,17138504,origen no disponible,,
3939,TraceRCA all dataset recursive service-fault CSV windows,RE2-SS/catalogue_delay/2/logts.csv,15674,origen no disponible,,
3940,TraceRCA all dataset recursive service-fault CSV windows,RE2-SS/catalogue_delay/2/metrics.csv,6718722,origen no disponible,,
3941,TraceRCA all dataset recursive service-fault CSV windows,RE2-SS/catalogue_delay/2/simple_metrics.csv,1217387,origen no disponible,,
3942,TraceRCA all dataset recursive service-fault CSV windows,RE2-SS/catalogue_delay/3/logs.csv,15898202,origen no disponible,,
3943,TraceRCA all dataset recursive service-fault CSV windows,RE2-SS/catalogue_delay/3/logts.csv,26452,origen no disponible,,
3944,TraceRCA all dataset recursive service-fault CSV windows,RE2-SS/catalogue_delay/3/metrics.csv,6754926,origen no disponible,,
3945,TraceRCA all dataset recursive service-fault CSV windows,RE2-SS/catalogue_delay/3/simple_metrics.csv,1236760,origen no disponible,,
3946,TraceRCA all dataset recursive service-fault CSV windows,RE2-SS/catalogue_disk/1/logs.csv,21037800,origen no disponible,,
3947,TraceRCA all dataset recursive service-fault CSV windows,RE2-SS/catalogue_disk/1/logts.csv,15742,origen no disponible,,
3948,TraceRCA all dataset recursive service-fault CSV windows,RE2-SS/catalogue_disk/1/metrics.csv,6697815,origen no disponible,,
3949,TraceRCA all dataset recursive service-fault CSV windows,RE2-SS/catalogue_disk/1/simple_metrics.csv,1226647,origen no disponible,,
3950,TraceRCA all dataset recursive service-fault CSV windows,RE2-SS/catalogue_disk/2/logs.csv,17507038,origen no disponible,,
3951,TraceRCA all dataset recursive service-fault CSV windows,RE2-SS/catalogue_disk/2/logts.csv,16047,origen no disponible,,
3952,TraceRCA all dataset recursive service-fault CSV windows,RE2-SS/catalogue_disk/2/metrics.csv,6902915,origen no disponible,,
3953,TraceRCA all dataset recursive service-fault CSV windows,RE2-SS/catalogue_disk/2/simple_metrics.csv,1250573,origen no disponible,,
3954,TraceRCA all dataset recursive service-fault CSV windows,RE2-SS/catalogue_disk/3/logs.csv,17551812,origen no disponible,,
3955,TraceRCA all dataset recursive service-fault CSV windows,RE2-SS/catalogue_disk/3/logts.csv,16490,origen no disponible,,
3956,TraceRCA all dataset recursive service-fault CSV windows,RE2-SS/catalogue_disk/3/metrics.csv,6886879,origen no disponible,,
3957,TraceRCA all dataset recursive service-fault CSV windows,RE2-SS/catalogue_disk/3/simple_metrics.csv,1265569,origen no disponible,,
3958,TraceRCA all dataset recursive service-fault CSV windows,RE2-SS/catalogue_loss/1/logs.csv,11308900,origen no disponible,,
3959,TraceRCA all dataset recursive service-fault CSV windows,RE2-SS/catalogue_loss/1/logts.csv,26074,origen no disponible,,
3960,TraceRCA all dataset recursive service-fault CSV windows,RE2-SS/catalogue_loss/1/metrics.csv,6435448,origen no disponible,,
3961,TraceRCA all dataset recursive service-fault CSV windows,RE2-SS/catalogue_loss/1/simple_metrics.csv,1155146,origen no disponible,,
3962,TraceRCA all dataset recursive service-fault CSV windows,RE2-SS/catalogue_loss/2/logs.csv,11784289,origen no disponible,,
3963,TraceRCA all dataset recursive service-fault CSV windows,RE2-SS/catalogue_loss/2/logts.csv,27207,origen no disponible,,
3964,TraceRCA all dataset recursive service-fault CSV windows,RE2-SS/catalogue_loss/2/metrics.csv,6495782,origen no disponible,,
3965,TraceRCA all dataset recursive service-fault CSV windows,RE2-SS/catalogue_loss/2/simple_metrics.csv,1179123,origen no disponible,,
3966,TraceRCA all dataset recursive service-fault CSV windows,RE2-SS/catalogue_loss/3/logs.csv,12139865,origen no disponible,,
3967,TraceRCA all dataset recursive service-fault CSV windows,RE2-SS/catalogue_loss/3/logts.csv,26676,origen no disponible,,
3968,TraceRCA all dataset recursive service-fault CSV windows,RE2-SS/catalogue_loss/3/metrics.csv,6529276,origen no disponible,,
3969,TraceRCA all dataset recursive service-fault CSV windows,RE2-SS/catalogue_loss/3/simple_metrics.csv,1186981,origen no disponible,,
3970,TraceRCA all dataset recursive service-fault CSV windows,RE2-SS/catalogue_mem/1/logs.csv,17524588,origen no disponible,,
3971,TraceRCA all dataset recursive service-fault CSV windows,RE2-SS/catalogue_mem/1/logts.csv,16260,origen no disponible,,
3972,TraceRCA all dataset recursive service-fault CSV windows,RE2-SS/catalogue_mem/1/metrics.csv,6845038,origen no disponible,,
3973,TraceRCA all dataset recursive service-fault CSV windows,RE2-SS/catalogue_mem/1/simple_metrics.csv,1252809,origen no disponible,,
3974,TraceRCA all dataset recursive service-fault CSV windows,RE2-SS/catalogue_mem/2/logs.csv,17514337,origen no disponible,,
3975,TraceRCA all dataset recursive service-fault CSV windows,RE2-SS/catalogue_mem/2/logts.csv,16295,origen no disponible,,
3976,TraceRCA all dataset recursive service-fault CSV windows,RE2-SS/catalogue_mem/2/metrics.csv,6817902,origen no disponible,,
3977,TraceRCA all dataset recursive service-fault CSV windows,RE2-SS/catalogue_mem/2/simple_metrics.csv,1244968,origen no disponible,,
3978,TraceRCA all dataset recursive service-fault CSV windows,RE2-SS/catalogue_mem/3/logs.csv,17442092,origen no disponible,,
3979,TraceRCA all dataset recursive service-fault CSV windows,RE2-SS/catalogue_mem/3/logts.csv,15833,origen no disponible,,
3980,TraceRCA all dataset recursive service-fault CSV windows,RE2-SS/catalogue_mem/3/metrics.csv,6820776,origen no disponible,,
3981,TraceRCA all dataset recursive service-fault CSV windows,RE2-SS/catalogue_mem/3/simple_metrics.csv,1241908,origen no disponible,,
3982,TraceRCA all dataset recursive service-fault CSV windows,RE2-SS/catalogue_socket/1/logs.csv,22833546,origen no disponible,,
3983,TraceRCA all dataset recursive service-fault CSV windows,RE2-SS/catalogue_socket/1/logts.csv,16048,origen no disponible,,
3984,TraceRCA all dataset recursive service-fault CSV windows,RE2-SS/catalogue_socket/1/metrics.csv,6702841,origen no disponible,,
3985,TraceRCA all dataset recursive service-fault CSV windows,RE2-SS/catalogue_socket/1/simple_metrics.csv,1228099,origen no disponible,,
3986,TraceRCA all dataset recursive service-fault CSV windows,RE2-SS/catalogue_socket/2/logs.csv,17760779,origen no disponible,,
3987,TraceRCA all dataset recursive service-fault CSV windows,RE2-SS/catalogue_socket/2/logts.csv,16484,origen no disponible,,
3988,TraceRCA all dataset recursive service-fault CSV windows,RE2-SS/catalogue_socket/2/metrics.csv,6836897,origen no disponible,,
3989,TraceRCA all dataset recursive service-fault CSV windows,RE2-SS/catalogue_socket/2/simple_metrics.csv,1242913,origen no disponible,,
3990,TraceRCA all dataset recursive service-fault CSV windows,RE2-SS/catalogue_socket/3/logs.csv,17511072,origen no disponible,,
3991,TraceRCA all dataset recursive service-fault CSV windows,RE2-SS/catalogue_socket/3/logts.csv,16040,origen no disponible,,
3992,TraceRCA all dataset recursive service-fault CSV windows,RE2-SS/catalogue_socket/3/metrics.csv,6819298,origen no disponible,,
3993,TraceRCA all dataset recursive service-fault CSV windows,RE2-SS/catalogue_socket/3/simple_metrics.csv,1240058,origen no disponible,,
3994,TraceRCA all dataset recursive service-fault CSV windows,RE2-SS/orders_cpu/1/logs.csv,17501676,origen no disponible,,
3995,TraceRCA all dataset recursive service-fault CSV windows,RE2-SS/orders_cpu/1/logts.csv,15897,origen no disponible,,
3996,TraceRCA all dataset recursive service-fault CSV windows,RE2-SS/orders_cpu/1/metrics.csv,6746987,origen no disponible,,
3997,TraceRCA all dataset recursive service-fault CSV windows,RE2-SS/orders_cpu/1/simple_metrics.csv,1226242,origen no disponible,,
3998,TraceRCA all dataset recursive service-fault CSV windows,RE2-SS/orders_cpu/2/logs.csv,17500892,origen no disponible,,
3999,TraceRCA all dataset recursive service-fault CSV windows,RE2-SS/orders_cpu/2/logts.csv,16139,origen no disponible,,
4000,TraceRCA all dataset recursive service-fault CSV windows,RE2-SS/orders_cpu/2/metrics.csv,6736337,origen no disponible,,
4001,TraceRCA all dataset recursive service-fault CSV windows,RE2-SS/orders_cpu/2/simple_metrics.csv,1257677,origen no disponible,,
4002,TraceRCA all dataset recursive service-fault CSV windows,RE2-SS/orders_cpu/3/logs.csv,17576912,origen no disponible,,
4003,TraceRCA all dataset recursive service-fault CSV windows,RE2-SS/orders_cpu/3/logts.csv,15862,origen no disponible,,
4004,TraceRCA all dataset recursive service-fault CSV windows,RE2-SS/orders_cpu/3/metrics.csv,6771943,origen no disponible,,
4005,TraceRCA all dataset recursive service-fault CSV windows,RE2-SS/orders_cpu/3/simple_metrics.csv,1251592,origen no disponible,,
4006,TraceRCA all dataset recursive service-fault CSV windows,RE2-SS/orders_delay/1/logs.csv,24379564,origen no disponible,,
4007,TraceRCA all dataset recursive service-fault CSV windows,RE2-SS/orders_delay/1/logts.csv,16097,origen no disponible,,
4008,TraceRCA all dataset recursive service-fault CSV windows,RE2-SS/orders_delay/1/metrics.csv,6750384,origen no disponible,,
4009,TraceRCA all dataset recursive service-fault CSV windows,RE2-SS/orders_delay/1/simple_metrics.csv,1242644,origen no disponible,,
4010,TraceRCA all dataset recursive service-fault CSV windows,RE2-SS/orders_delay/2/logs.csv,17552594,origen no disponible,,
4011,TraceRCA all dataset recursive service-fault CSV windows,RE2-SS/orders_delay/2/logts.csv,16723,origen no disponible,,
4012,TraceRCA all dataset recursive service-fault CSV windows,RE2-SS/orders_delay/2/metrics.csv,6682981,origen no disponible,,
4013,TraceRCA all dataset recursive service-fault CSV windows,RE2-SS/orders_delay/2/simple_metrics.csv,1223397,origen no disponible,,
4014,TraceRCA all dataset recursive service-fault CSV windows,RE2-SS/orders_delay/3/logs.csv,17360016,origen no disponible,,
4015,TraceRCA all dataset recursive service-fault CSV windows,RE2-SS/orders_delay/3/logts.csv,16725,origen no disponible,,
4016,TraceRCA all dataset recursive service-fault CSV windows,RE2-SS/orders_delay/3/metrics.csv,6652514,origen no disponible,,
4017,TraceRCA all dataset recursive service-fault CSV windows,RE2-SS/orders_delay/3/simple_metrics.csv,1223758,origen no disponible,,
4018,TraceRCA all dataset recursive service-fault CSV windows,RE2-SS/orders_disk/1/logs.csv,14201670,origen no disponible,,
4019,TraceRCA all dataset recursive service-fault CSV windows,RE2-SS/orders_disk/1/logts.csv,123916,origen no disponible,,
4020,TraceRCA all dataset recursive service-fault CSV windows,RE2-SS/orders_disk/1/metrics.csv,5764341,origen no disponible,,
4021,TraceRCA all dataset recursive service-fault CSV windows,RE2-SS/orders_disk/1/simple_metrics.csv,1128825,origen no disponible,,
4022,TraceRCA all dataset recursive service-fault CSV windows,RE2-SS/orders_disk/2/logs.csv,17766694,origen no disponible,,
4023,TraceRCA all dataset recursive service-fault CSV windows,RE2-SS/orders_disk/2/logts.csv,25746,origen no disponible,,
4024,TraceRCA all dataset recursive service-fault CSV windows,RE2-SS/orders_disk/2/metrics.csv,6843709,origen no disponible,,
4025,TraceRCA all dataset recursive service-fault CSV windows,RE2-SS/orders_disk/2/simple_metrics.csv,1250064,origen no disponible,,
4026,TraceRCA all dataset recursive service-fault CSV windows,RE2-SS/orders_disk/3/logs.csv,17515715,origen no disponible,,
4027,TraceRCA all dataset recursive service-fault CSV windows,RE2-SS/orders_disk/3/logts.csv,16490,origen no disponible,,
4028,TraceRCA all dataset recursive service-fault CSV windows,RE2-SS/orders_disk/3/metrics.csv,6915967,origen no disponible,,
4029,TraceRCA all dataset recursive service-fault CSV windows,RE2-SS/orders_disk/3/simple_metrics.csv,1257785,origen no disponible,,
4030,TraceRCA all dataset recursive service-fault CSV windows,RE2-SS/orders_loss/1/logs.csv,17803979,origen no disponible,,
4031,TraceRCA all dataset recursive service-fault CSV windows,RE2-SS/orders_loss/1/logts.csv,19033,origen no disponible,,
4032,TraceRCA all dataset recursive service-fault CSV windows,RE2-SS/orders_loss/1/metrics.csv,6650804,origen no disponible,,
4033,TraceRCA all dataset recursive service-fault CSV windows,RE2-SS/orders_loss/1/simple_metrics.csv,1226533,origen no disponible,,
4034,TraceRCA all dataset recursive service-fault CSV windows,RE2-SS/orders_loss/2/logs.csv,17553976,origen no disponible,,
4035,TraceRCA all dataset recursive service-fault CSV windows,RE2-SS/orders_loss/2/logts.csv,16973,origen no disponible,,
4036,TraceRCA all dataset recursive service-fault CSV windows,RE2-SS/orders_loss/2/metrics.csv,6652074,origen no disponible,,
4037,TraceRCA all dataset recursive service-fault CSV windows,RE2-SS/orders_loss/2/simple_metrics.csv,1233935,origen no disponible,,
4038,TraceRCA all dataset recursive service-fault CSV windows,RE2-SS/orders_loss/3/logs.csv,17690696,origen no disponible,,
4039,TraceRCA all dataset recursive service-fault CSV windows,RE2-SS/orders_loss/3/logts.csv,16939,origen no disponible,,
4040,TraceRCA all dataset recursive service-fault CSV windows,RE2-SS/orders_loss/3/metrics.csv,6641669,origen no disponible,,
4041,TraceRCA all dataset recursive service-fault CSV windows,RE2-SS/orders_loss/3/simple_metrics.csv,1237878,origen no disponible,,
4042,TraceRCA all dataset recursive service-fault CSV windows,RE2-SS/orders_mem/1/logs.csv,17463483,origen no disponible,,
4043,TraceRCA all dataset recursive service-fault CSV windows,RE2-SS/orders_mem/1/logts.csv,18741,origen no disponible,,
4044,TraceRCA all dataset recursive service-fault CSV windows,RE2-SS/orders_mem/1/metrics.csv,6833633,origen no disponible,,
4045,TraceRCA all dataset recursive service-fault CSV windows,RE2-SS/orders_mem/1/simple_metrics.csv,1237516,origen no disponible,,
4046,TraceRCA all dataset recursive service-fault CSV windows,RE2-SS/orders_mem/2/logs.csv,17529909,origen no disponible,,
4047,TraceRCA all dataset recursive service-fault CSV windows,RE2-SS/orders_mem/2/logts.csv,18793,origen no disponible,,
4048,TraceRCA all dataset recursive service-fault CSV windows,RE2-SS/orders_mem/2/metrics.csv,6768139,origen no disponible,,
4049,TraceRCA all dataset recursive service-fault CSV windows,RE2-SS/orders_mem/2/simple_metrics.csv,1247910,origen no disponible,,
4050,TraceRCA all dataset recursive service-fault CSV windows,RE2-SS/orders_mem/3/logs.csv,17539715,origen no disponible,,
4051,TraceRCA all dataset recursive service-fault CSV windows,RE2-SS/orders_mem/3/logts.csv,16027,origen no disponible,,
4052,TraceRCA all dataset recursive service-fault CSV windows,RE2-SS/orders_mem/3/metrics.csv,6786188,origen no disponible,,
4053,TraceRCA all dataset recursive service-fault CSV windows,RE2-SS/orders_mem/3/simple_metrics.csv,1242299,origen no disponible,,
4054,TraceRCA all dataset recursive service-fault CSV windows,RE2-SS/orders_socket/1/logs.csv,24448878,origen no disponible,,
4055,TraceRCA all dataset recursive service-fault CSV windows,RE2-SS/orders_socket/1/logts.csv,19960,origen no disponible,,
4056,TraceRCA all dataset recursive service-fault CSV windows,RE2-SS/orders_socket/1/metrics.csv,6755691,origen no disponible,,
4057,TraceRCA all dataset recursive service-fault CSV windows,RE2-SS/orders_socket/1/simple_metrics.csv,1253752,origen no disponible,,
4058,TraceRCA all dataset recursive service-fault CSV windows,RE2-SS/orders_socket/2/logs.csv,17538709,origen no disponible,,
4059,TraceRCA all dataset recursive service-fault CSV windows,RE2-SS/orders_socket/2/logts.csv,16129,origen no disponible,,
4060,TraceRCA all dataset recursive service-fault CSV windows,RE2-SS/orders_socket/2/metrics.csv,6766593,origen no disponible,,
4061,TraceRCA all dataset recursive service-fault CSV windows,RE2-SS/orders_socket/2/simple_metrics.csv,1246488,origen no disponible,,
4062,TraceRCA all dataset recursive service-fault CSV windows,RE2-SS/orders_socket/3/logs.csv,17435083,origen no disponible,,
4063,TraceRCA all dataset recursive service-fault CSV windows,RE2-SS/orders_socket/3/logts.csv,17960,origen no disponible,,
4064,TraceRCA all dataset recursive service-fault CSV windows,RE2-SS/orders_socket/3/metrics.csv,6753007,origen no disponible,,
4065,TraceRCA all dataset recursive service-fault CSV windows,RE2-SS/orders_socket/3/simple_metrics.csv,1243867,origen no disponible,,
4066,TraceRCA all dataset recursive service-fault CSV windows,RE2-SS/payment_cpu/1/logs.csv,17599415,origen no disponible,,
4067,TraceRCA all dataset recursive service-fault CSV windows,RE2-SS/payment_cpu/1/logts.csv,16406,origen no disponible,,
4068,TraceRCA all dataset recursive service-fault CSV windows,RE2-SS/payment_cpu/1/metrics.csv,6740886,origen no disponible,,
4069,TraceRCA all dataset recursive service-fault CSV windows,RE2-SS/payment_cpu/1/simple_metrics.csv,1237938,origen no disponible,,
4070,TraceRCA all dataset recursive service-fault CSV windows,RE2-SS/payment_cpu/2/logs.csv,17484072,origen no disponible,,
4071,TraceRCA all dataset recursive service-fault CSV windows,RE2-SS/payment_cpu/2/logts.csv,16066,origen no disponible,,
4072,TraceRCA all dataset recursive service-fault CSV windows,RE2-SS/payment_cpu/2/metrics.csv,6786641,origen no disponible,,
4073,TraceRCA all dataset recursive service-fault CSV windows,RE2-SS/payment_cpu/2/simple_metrics.csv,1246856,origen no disponible,,
4074,TraceRCA all dataset recursive service-fault CSV windows,RE2-SS/payment_cpu/3/logs.csv,17569347,origen no disponible,,
4075,TraceRCA all dataset recursive service-fault CSV windows,RE2-SS/payment_cpu/3/logts.csv,16114,origen no disponible,,
4076,TraceRCA all dataset recursive service-fault CSV windows,RE2-SS/payment_cpu/3/metrics.csv,6792271,origen no disponible,,
4077,TraceRCA all dataset recursive service-fault CSV windows,RE2-SS/payment_cpu/3/simple_metrics.csv,1252141,origen no disponible,,
4078,TraceRCA all dataset recursive service-fault CSV windows,RE2-SS/payment_delay/1/logs.csv,25031029,origen no disponible,,
4079,TraceRCA all dataset recursive service-fault CSV windows,RE2-SS/payment_delay/1/logts.csv,16004,origen no disponible,,
4080,TraceRCA all dataset recursive service-fault CSV windows,RE2-SS/payment_delay/1/metrics.csv,6728848,origen no disponible,,
4081,TraceRCA all dataset recursive service-fault CSV windows,RE2-SS/payment_delay/1/simple_metrics.csv,1242113,origen no disponible,,
4082,TraceRCA all dataset recursive service-fault CSV windows,RE2-SS/payment_delay/2/logs.csv,17649127,origen no disponible,,
4083,TraceRCA all dataset recursive service-fault CSV windows,RE2-SS/payment_delay/2/logts.csv,16353,origen no disponible,,
4084,TraceRCA all dataset recursive service-fault CSV windows,RE2-SS/payment_delay/2/metrics.csv,6725913,origen no disponible,,
4085,TraceRCA all dataset recursive service-fault CSV windows,RE2-SS/payment_delay/2/simple_metrics.csv,1218081,origen no disponible,,
4086,TraceRCA all dataset recursive service-fault CSV windows,RE2-SS/payment_delay/3/logs.csv,17555242,origen no disponible,,
4087,TraceRCA all dataset recursive service-fault CSV windows,RE2-SS/payment_delay/3/logts.csv,16008,origen no disponible,,
4088,TraceRCA all dataset recursive service-fault CSV windows,RE2-SS/payment_delay/3/metrics.csv,6774267,origen no disponible,,
4089,TraceRCA all dataset recursive service-fault CSV windows,RE2-SS/payment_delay/3/simple_metrics.csv,1223450,origen no disponible,,
4090,TraceRCA all dataset recursive service-fault CSV windows,RE2-SS/payment_disk/1/logs.csv,25243600,origen no disponible,,
4091,TraceRCA all dataset recursive service-fault CSV windows,RE2-SS/payment_disk/1/logts.csv,16559,origen no disponible,,
4092,TraceRCA all dataset recursive service-fault CSV windows,RE2-SS/payment_disk/1/metrics.csv,6839118,origen no disponible,,
4093,TraceRCA all dataset recursive service-fault CSV windows,RE2-SS/payment_disk/1/simple_metrics.csv,1256794,origen no disponible,,
4094,TraceRCA all dataset recursive service-fault CSV windows,RE2-SS/payment_disk/2/logs.csv,17529097,origen no disponible,,
4095,TraceRCA all dataset recursive service-fault CSV windows,RE2-SS/payment_disk/2/logts.csv,16289,origen no disponible,,
4096,TraceRCA all dataset recursive service-fault CSV windows,RE2-SS/payment_disk/2/metrics.csv,6885007,origen no disponible,,
4097,TraceRCA all dataset recursive service-fault CSV windows,RE2-SS/payment_disk/2/simple_metrics.csv,1262733,origen no disponible,,
4098,TraceRCA all dataset recursive service-fault CSV windows,RE2-SS/payment_disk/3/logs.csv,17433676,origen no disponible,,
4099,TraceRCA all dataset recursive service-fault CSV windows,RE2-SS/payment_disk/3/logts.csv,16502,origen no disponible,,
4100,TraceRCA all dataset recursive service-fault CSV windows,RE2-SS/payment_disk/3/metrics.csv,6879533,origen no disponible,,
4101,TraceRCA all dataset recursive service-fault CSV windows,RE2-SS/payment_disk/3/simple_metrics.csv,1268615,origen no disponible,,
4102,TraceRCA all dataset recursive service-fault CSV windows,RE2-SS/payment_loss/1/logs.csv,18142038,origen no disponible,,
4103,TraceRCA all dataset recursive service-fault CSV windows,RE2-SS/payment_loss/1/logts.csv,19877,origen no disponible,,
4104,TraceRCA all dataset recursive service-fault CSV windows,RE2-SS/payment_loss/1/metrics.csv,6702278,origen no disponible,,
4105,TraceRCA all dataset recursive service-fault CSV windows,RE2-SS/payment_loss/1/simple_metrics.csv,1226000,origen no disponible,,
4106,TraceRCA all dataset recursive service-fault CSV windows,RE2-SS/payment_loss/2/logs.csv,17727540,origen no disponible,,
4107,TraceRCA all dataset recursive service-fault CSV windows,RE2-SS/payment_loss/2/logts.csv,16996,origen no disponible,,
4108,TraceRCA all dataset recursive service-fault CSV windows,RE2-SS/payment_loss/2/metrics.csv,6703395,origen no disponible,,
4109,TraceRCA all dataset recursive service-fault CSV windows,RE2-SS/payment_loss/2/simple_metrics.csv,1234412,origen no disponible,,
4110,TraceRCA all dataset recursive service-fault CSV windows,RE2-SS/payment_loss/3/logs.csv,17918210,origen no disponible,,
4111,TraceRCA all dataset recursive service-fault CSV windows,RE2-SS/payment_loss/3/logts.csv,18251,origen no disponible,,
4112,TraceRCA all dataset recursive service-fault CSV windows,RE2-SS/payment_loss/3/metrics.csv,6718394,origen no disponible,,
4113,TraceRCA all dataset recursive service-fault CSV windows,RE2-SS/payment_loss/3/simple_metrics.csv,1229160,origen no disponible,,
4114,TraceRCA all dataset recursive service-fault CSV windows,RE2-SS/payment_mem/1/logs.csv,17670320,origen no disponible,,
4115,TraceRCA all dataset recursive service-fault CSV windows,RE2-SS/payment_mem/1/logts.csv,22899,origen no disponible,,
4116,TraceRCA all dataset recursive service-fault CSV windows,RE2-SS/payment_mem/1/metrics.csv,6840928,origen no disponible,,
4117,TraceRCA all dataset recursive service-fault CSV windows,RE2-SS/payment_mem/1/simple_metrics.csv,1260380,origen no disponible,,
4118,TraceRCA all dataset recursive service-fault CSV windows,RE2-SS/payment_mem/2/logs.csv,17453911,origen no disponible,,
4119,TraceRCA all dataset recursive service-fault CSV windows,RE2-SS/payment_mem/2/logts.csv,16277,origen no disponible,,
4120,TraceRCA all dataset recursive service-fault CSV windows,RE2-SS/payment_mem/2/metrics.csv,6759626,origen no disponible,,
4121,TraceRCA all dataset recursive service-fault CSV windows,RE2-SS/payment_mem/2/simple_metrics.csv,1244996,origen no disponible,,
4122,TraceRCA all dataset recursive service-fault CSV windows,RE2-SS/payment_mem/3/logs.csv,17633790,origen no disponible,,
4123,TraceRCA all dataset recursive service-fault CSV windows,RE2-SS/payment_mem/3/logts.csv,18819,origen no disponible,,
4124,TraceRCA all dataset recursive service-fault CSV windows,RE2-SS/payment_mem/3/metrics.csv,6751658,origen no disponible,,
4125,TraceRCA all dataset recursive service-fault CSV windows,RE2-SS/payment_mem/3/simple_metrics.csv,1241096,origen no disponible,,
4126,TraceRCA all dataset recursive service-fault CSV windows,RE2-SS/payment_socket/1/logs.csv,24473527,origen no disponible,,
4127,TraceRCA all dataset recursive service-fault CSV windows,RE2-SS/payment_socket/1/logts.csv,16074,origen no disponible,,
4128,TraceRCA all dataset recursive service-fault CSV windows,RE2-SS/payment_socket/1/metrics.csv,6778974,origen no disponible,,
4129,TraceRCA all dataset recursive service-fault CSV windows,RE2-SS/payment_socket/1/simple_metrics.csv,1248678,origen no disponible,,
4130,TraceRCA all dataset recursive service-fault CSV windows,RE2-SS/payment_socket/2/logs.csv,17512521,origen no disponible,,
4131,TraceRCA all dataset recursive service-fault CSV windows,RE2-SS/payment_socket/2/logts.csv,16216,origen no disponible,,
4132,TraceRCA all dataset recursive service-fault CSV windows,RE2-SS/payment_socket/2/metrics.csv,6799874,origen no disponible,,
4133,TraceRCA all dataset recursive service-fault CSV windows,RE2-SS/payment_socket/2/simple_metrics.csv,1247611,origen no disponible,,
4134,TraceRCA all dataset recursive service-fault CSV windows,RE2-SS/payment_socket/3/logs.csv,17666006,origen no disponible,,
4135,TraceRCA all dataset recursive service-fault CSV windows,RE2-SS/payment_socket/3/logts.csv,16115,origen no disponible,,
4136,TraceRCA all dataset recursive service-fault CSV windows,RE2-SS/payment_socket/3/metrics.csv,6752423,origen no disponible,,
4137,TraceRCA all dataset recursive service-fault CSV windows,RE2-SS/payment_socket/3/simple_metrics.csv,1238423,origen no disponible,,
4138,TraceRCA all dataset recursive service-fault CSV windows,RE2-SS/user_cpu/1/logs.csv,15822272,origen no disponible,,
4139,TraceRCA all dataset recursive service-fault CSV windows,RE2-SS/user_cpu/1/logts.csv,17589,origen no disponible,,
4140,TraceRCA all dataset recursive service-fault CSV windows,RE2-SS/user_cpu/1/metrics.csv,6610139,origen no disponible,,
4141,TraceRCA all dataset recursive service-fault CSV windows,RE2-SS/user_cpu/1/simple_metrics.csv,1201738,origen no disponible,,
4142,TraceRCA all dataset recursive service-fault CSV windows,RE2-SS/user_cpu/2/logs.csv,15453319,origen no disponible,,
4143,TraceRCA all dataset recursive service-fault CSV windows,RE2-SS/user_cpu/2/logts.csv,17475,origen no disponible,,
4144,TraceRCA all dataset recursive service-fault CSV windows,RE2-SS/user_cpu/2/metrics.csv,6575376,origen no disponible,,
4145,TraceRCA all dataset recursive service-fault CSV windows,RE2-SS/user_cpu/2/simple_metrics.csv,1189170,origen no disponible,,
4146,TraceRCA all dataset recursive service-fault CSV windows,RE2-SS/user_cpu/3/logs.csv,17479343,origen no disponible,,
4147,TraceRCA all dataset recursive service-fault CSV windows,RE2-SS/user_cpu/3/logts.csv,15892,origen no disponible,,
4148,TraceRCA all dataset recursive service-fault CSV windows,RE2-SS/user_cpu/3/metrics.csv,6740196,origen no disponible,,
4149,TraceRCA all dataset recursive service-fault CSV windows,RE2-SS/user_cpu/3/simple_metrics.csv,1246397,origen no disponible,,
4150,TraceRCA all dataset recursive service-fault CSV windows,RE2-SS/user_delay/1/logs.csv,23962916,origen no disponible,,
4151,TraceRCA all dataset recursive service-fault CSV windows,RE2-SS/user_delay/1/logts.csv,15801,origen no disponible,,
4152,TraceRCA all dataset recursive service-fault CSV windows,RE2-SS/user_delay/1/metrics.csv,6765175,origen no disponible,,
4153,TraceRCA all dataset recursive service-fault CSV windows,RE2-SS/user_delay/1/simple_metrics.csv,1244324,origen no disponible,,
4154,TraceRCA all dataset recursive service-fault CSV windows,RE2-SS/user_delay/2/logs.csv,17072092,origen no disponible,,
4155,TraceRCA all dataset recursive service-fault CSV windows,RE2-SS/user_delay/2/logts.csv,16488,origen no disponible,,
4156,TraceRCA all dataset recursive service-fault CSV windows,RE2-SS/user_delay/2/metrics.csv,6766172,origen no disponible,,
4157,TraceRCA all dataset recursive service-fault CSV windows,RE2-SS/user_delay/2/simple_metrics.csv,1227592,origen no disponible,,
4158,TraceRCA all dataset recursive service-fault CSV windows,RE2-SS/user_delay/3/logs.csv,16933764,origen no disponible,,
4159,TraceRCA all dataset recursive service-fault CSV windows,RE2-SS/user_delay/3/logts.csv,16434,origen no disponible,,
4160,TraceRCA all dataset recursive service-fault CSV windows,RE2-SS/user_delay/3/metrics.csv,6730697,origen no disponible,,
4161,TraceRCA all dataset recursive service-fault CSV windows,RE2-SS/user_delay/3/simple_metrics.csv,1214663,origen no disponible,,
4162,TraceRCA all dataset recursive service-fault CSV windows,RE2-SS/user_disk/1/logs.csv,23097063,origen no disponible,,
4163,TraceRCA all dataset recursive service-fault CSV windows,RE2-SS/user_disk/1/logts.csv,26440,origen no disponible,,
4164,TraceRCA all dataset recursive service-fault CSV windows,RE2-SS/user_disk/1/metrics.csv,6788940,origen no disponible,,
4165,TraceRCA all dataset recursive service-fault CSV windows,RE2-SS/user_disk/1/simple_metrics.csv,1239897,origen no disponible,,
4166,TraceRCA all dataset recursive service-fault CSV windows,RE2-SS/user_disk/2/logs.csv,17489247,origen no disponible,,
4167,TraceRCA all dataset recursive service-fault CSV windows,RE2-SS/user_disk/2/logts.csv,17288,origen no disponible,,
4168,TraceRCA all dataset recursive service-fault CSV windows,RE2-SS/user_disk/2/metrics.csv,6846483,origen no disponible,,
4169,TraceRCA all dataset recursive service-fault CSV windows,RE2-SS/user_disk/2/simple_metrics.csv,1258254,origen no disponible,,
4170,TraceRCA all dataset recursive service-fault CSV windows,RE2-SS/user_disk/3/logs.csv,17552842,origen no disponible,,
4171,TraceRCA all dataset recursive service-fault CSV windows,RE2-SS/user_disk/3/logts.csv,17167,origen no disponible,,
4172,TraceRCA all dataset recursive service-fault CSV windows,RE2-SS/user_disk/3/metrics.csv,6824715,origen no disponible,,
4173,TraceRCA all dataset recursive service-fault CSV windows,RE2-SS/user_disk/3/simple_metrics.csv,1257120,origen no disponible,,
4174,TraceRCA all dataset recursive service-fault CSV windows,RE2-SS/user_loss/1/logs.csv,10690201,origen no disponible,,
4175,TraceRCA all dataset recursive service-fault CSV windows,RE2-SS/user_loss/1/logts.csv,25930,origen no disponible,,
4176,TraceRCA all dataset recursive service-fault CSV windows,RE2-SS/user_loss/1/metrics.csv,6371667,origen no disponible,,
4177,TraceRCA all dataset recursive service-fault CSV windows,RE2-SS/user_loss/1/simple_metrics.csv,1139717,origen no disponible,,
4178,TraceRCA all dataset recursive service-fault CSV windows,RE2-SS/user_loss/2/logs.csv,11699961,origen no disponible,,
4179,TraceRCA all dataset recursive service-fault CSV windows,RE2-SS/user_loss/2/logts.csv,27135,origen no disponible,,
4180,TraceRCA all dataset recursive service-fault CSV windows,RE2-SS/user_loss/2/metrics.csv,6527832,origen no disponible,,
4181,TraceRCA all dataset recursive service-fault CSV windows,RE2-SS/user_loss/2/simple_metrics.csv,1167713,origen no disponible,,
4182,TraceRCA all dataset recursive service-fault CSV windows,RE2-SS/user_loss/3/logs.csv,13217190,origen no disponible,,
4183,TraceRCA all dataset recursive service-fault CSV windows,RE2-SS/user_loss/3/logts.csv,26956,origen no disponible,,
4184,TraceRCA all dataset recursive service-fault CSV windows,RE2-SS/user_loss/3/metrics.csv,6622527,origen no disponible,,
4185,TraceRCA all dataset recursive service-fault CSV windows,RE2-SS/user_loss/3/simple_metrics.csv,1198420,origen no disponible,,
4186,TraceRCA all dataset recursive service-fault CSV windows,RE2-SS/user_mem/1/logs.csv,17623079,origen no disponible,,
4187,TraceRCA all dataset recursive service-fault CSV windows,RE2-SS/user_mem/1/logts.csv,16095,origen no disponible,,
4188,TraceRCA all dataset recursive service-fault CSV windows,RE2-SS/user_mem/1/metrics.csv,6824802,origen no disponible,,
4189,TraceRCA all dataset recursive service-fault CSV windows,RE2-SS/user_mem/1/simple_metrics.csv,1245204,origen no disponible,,
4190,TraceRCA all dataset recursive service-fault CSV windows,RE2-SS/user_mem/2/logs.csv,17412909,origen no disponible,,
4191,TraceRCA all dataset recursive service-fault CSV windows,RE2-SS/user_mem/2/logts.csv,17095,origen no disponible,,
4192,TraceRCA all dataset recursive service-fault CSV windows,RE2-SS/user_mem/2/metrics.csv,6798258,origen no disponible,,
4193,TraceRCA all dataset recursive service-fault CSV windows,RE2-SS/user_mem/2/simple_metrics.csv,1245408,origen no disponible,,
4194,TraceRCA all dataset recursive service-fault CSV windows,RE2-SS/user_mem/3/logs.csv,17380294,origen no disponible,,
4195,TraceRCA all dataset recursive service-fault CSV windows,RE2-SS/user_mem/3/logts.csv,16217,origen no disponible,,
4196,TraceRCA all dataset recursive service-fault CSV windows,RE2-SS/user_mem/3/metrics.csv,6800423,origen no disponible,,
4197,TraceRCA all dataset recursive service-fault CSV windows,RE2-SS/user_mem/3/simple_metrics.csv,1251450,origen no disponible,,
4198,TraceRCA all dataset recursive service-fault CSV windows,RE2-SS/user_socket/1/logs.csv,24909503,origen no disponible,,
4199,TraceRCA all dataset recursive service-fault CSV windows,RE2-SS/user_socket/1/logts.csv,17345,origen no disponible,,
4200,TraceRCA all dataset recursive service-fault CSV windows,RE2-SS/user_socket/1/metrics.csv,6796222,origen no disponible,,
4201,TraceRCA all dataset recursive service-fault CSV windows,RE2-SS/user_socket/1/simple_metrics.csv,1249851,origen no disponible,,
4202,TraceRCA all dataset recursive service-fault CSV windows,RE2-SS/user_socket/2/logs.csv,17347415,origen no disponible,,
4203,TraceRCA all dataset recursive service-fault CSV windows,RE2-SS/user_socket/2/logts.csv,16635,origen no disponible,,
4204,TraceRCA all dataset recursive service-fault CSV windows,RE2-SS/user_socket/2/metrics.csv,6863275,origen no disponible,,
4205,TraceRCA all dataset recursive service-fault CSV windows,RE2-SS/user_socket/2/simple_metrics.csv,1247773,origen no disponible,,
4206,TraceRCA all dataset recursive service-fault CSV windows,RE2-SS/user_socket/3/logs.csv,17499612,origen no disponible,,
4207,TraceRCA all dataset recursive service-fault CSV windows,RE2-SS/user_socket/3/logts.csv,15890,origen no disponible,,
4208,TraceRCA all dataset recursive service-fault CSV windows,RE2-SS/user_socket/3/metrics.csv,6849094,origen no disponible,,
4209,TraceRCA all dataset recursive service-fault CSV windows,RE2-SS/user_socket/3/simple_metrics.csv,1253218,origen no disponible,,
4210,TraceRCA all dataset recursive service-fault CSV windows,RE2-TT/ts-auth-service_cpu/1/logs.csv,181151448,origen no disponible,,
4211,TraceRCA all dataset recursive service-fault CSV windows,RE2-TT/ts-auth-service_cpu/1/logts.csv,43577,origen no disponible,,
4212,TraceRCA all dataset recursive service-fault CSV windows,RE2-TT/ts-auth-service_cpu/1/metrics.csv,26832487,origen no disponible,,
4213,TraceRCA all dataset recursive service-fault CSV windows,RE2-TT/ts-auth-service_cpu/1/simple_metrics.csv,6220997,origen no disponible,,
4214,TraceRCA all dataset recursive service-fault CSV windows,RE2-TT/ts-auth-service_cpu/1/traces.csv,174262891,origen no disponible,,
4215,TraceRCA all dataset recursive service-fault CSV windows,RE2-TT/ts-auth-service_cpu/1/tracets_err.csv,68572,origen no disponible,,
4216,TraceRCA all dataset recursive service-fault CSV windows,RE2-TT/ts-auth-service_cpu/1/tracets_lat.csv,54063,origen no disponible,,
4217,TraceRCA all dataset recursive service-fault CSV windows,RE2-TT/ts-auth-service_cpu/2/logs.csv,136672054,origen no disponible,,
4218,TraceRCA all dataset recursive service-fault CSV windows,RE2-TT/ts-auth-service_cpu/2/logts.csv,46209,origen no disponible,,
4219,TraceRCA all dataset recursive service-fault CSV windows,RE2-TT/ts-auth-service_cpu/2/metrics.csv,26706371,origen no disponible,,
4220,TraceRCA all dataset recursive service-fault CSV windows,RE2-TT/ts-auth-service_cpu/2/simple_metrics.csv,6202457,origen no disponible,,
4221,TraceRCA all dataset recursive service-fault CSV windows,RE2-TT/ts-auth-service_cpu/2/traces.csv,128259258,origen no disponible,,
4222,TraceRCA all dataset recursive service-fault CSV windows,RE2-TT/ts-auth-service_cpu/2/tracets_err.csv,68722,origen no disponible,,
4223,TraceRCA all dataset recursive service-fault CSV windows,RE2-TT/ts-auth-service_cpu/2/tracets_lat.csv,47271,origen no disponible,,
4224,TraceRCA all dataset recursive service-fault CSV windows,RE2-TT/ts-auth-service_cpu/3/logs.csv,160204681,origen no disponible,,
4225,TraceRCA all dataset recursive service-fault CSV windows,RE2-TT/ts-auth-service_cpu/3/logts.csv,42505,origen no disponible,,
4226,TraceRCA all dataset recursive service-fault CSV windows,RE2-TT/ts-auth-service_cpu/3/metrics.csv,26779228,origen no disponible,,
4227,TraceRCA all dataset recursive service-fault CSV windows,RE2-TT/ts-auth-service_cpu/3/simple_metrics.csv,6208546,origen no disponible,,
4228,TraceRCA all dataset recursive service-fault CSV windows,RE2-TT/ts-auth-service_cpu/3/traces.csv,137201604,origen no disponible,,
4229,TraceRCA all dataset recursive service-fault CSV windows,RE2-TT/ts-auth-service_cpu/3/tracets_err.csv,68758,origen no disponible,,
4230,TraceRCA all dataset recursive service-fault CSV windows,RE2-TT/ts-auth-service_cpu/3/tracets_lat.csv,49126,origen no disponible,,
4231,TraceRCA all dataset recursive service-fault CSV windows,RE2-TT/ts-auth-service_delay/1/logs.csv,69432659,origen no disponible,,
4232,TraceRCA all dataset recursive service-fault CSV windows,RE2-TT/ts-auth-service_delay/1/logts.csv,44285,origen no disponible,,
4233,TraceRCA all dataset recursive service-fault CSV windows,RE2-TT/ts-auth-service_delay/1/metrics.csv,26904724,origen no disponible,,
4234,TraceRCA all dataset recursive service-fault CSV windows,RE2-TT/ts-auth-service_delay/1/simple_metrics.csv,6217193,origen no disponible,,
4235,TraceRCA all dataset recursive service-fault CSV windows,RE2-TT/ts-auth-service_delay/1/traces.csv,175380764,origen no disponible,,
4236,TraceRCA all dataset recursive service-fault CSV windows,RE2-TT/ts-auth-service_delay/1/tracets_err.csv,72954,origen no disponible,,
4237,TraceRCA all dataset recursive service-fault CSV windows,RE2-TT/ts-auth-service_delay/1/tracets_lat.csv,53718,origen no disponible,,
4238,TraceRCA all dataset recursive service-fault CSV windows,RE2-TT/ts-auth-service_delay/2/logs.csv,83751200,origen no disponible,,
4239,TraceRCA all dataset recursive service-fault CSV windows,RE2-TT/ts-auth-service_delay/2/logts.csv,41925,origen no disponible,,
4240,TraceRCA all dataset recursive service-fault CSV windows,RE2-TT/ts-auth-service_delay/2/metrics.csv,27002907,origen no disponible,,
4241,TraceRCA all dataset recursive service-fault CSV windows,RE2-TT/ts-auth-service_delay/2/simple_metrics.csv,6214817,origen no disponible,,
4242,TraceRCA all dataset recursive service-fault CSV windows,RE2-TT/ts-auth-service_delay/2/traces.csv,100328191,origen no disponible,,
4243,TraceRCA all dataset recursive service-fault CSV windows,RE2-TT/ts-auth-service_delay/2/tracets_err.csv,67131,origen no disponible,,
4244,TraceRCA all dataset recursive service-fault CSV windows,RE2-TT/ts-auth-service_delay/2/tracets_lat.csv,53884,origen no disponible,,
4245,TraceRCA all dataset recursive service-fault CSV windows,RE2-TT/ts-auth-service_delay/3/logs.csv,86998733,origen no disponible,,
4246,TraceRCA all dataset recursive service-fault CSV windows,RE2-TT/ts-auth-service_delay/3/logts.csv,42047,origen no disponible,,
4247,TraceRCA all dataset recursive service-fault CSV windows,RE2-TT/ts-auth-service_delay/3/metrics.csv,26936028,origen no disponible,,
4248,TraceRCA all dataset recursive service-fault CSV windows,RE2-TT/ts-auth-service_delay/3/simple_metrics.csv,6232269,origen no disponible,,
4249,TraceRCA all dataset recursive service-fault CSV windows,RE2-TT/ts-auth-service_delay/3/traces.csv,103200517,origen no disponible,,
4250,TraceRCA all dataset recursive service-fault CSV windows,RE2-TT/ts-auth-service_delay/3/tracets_err.csv,66899,origen no disponible,,
4251,TraceRCA all dataset recursive service-fault CSV windows,RE2-TT/ts-auth-service_delay/3/tracets_lat.csv,51157,origen no disponible,,
4252,TraceRCA all dataset recursive service-fault CSV windows,RE2-TT/ts-auth-service_disk/1/logs.csv,98232998,origen no disponible,,
4253,TraceRCA all dataset recursive service-fault CSV windows,RE2-TT/ts-auth-service_disk/1/logts.csv,49391,origen no disponible,,
4254,TraceRCA all dataset recursive service-fault CSV windows,RE2-TT/ts-auth-service_disk/1/metrics.csv,26984327,origen no disponible,,
4255,TraceRCA all dataset recursive service-fault CSV windows,RE2-TT/ts-auth-service_disk/1/simple_metrics.csv,6203755,origen no disponible,,
4256,TraceRCA all dataset recursive service-fault CSV windows,RE2-TT/ts-auth-service_disk/1/traces.csv,106190659,origen no disponible,,
4257,TraceRCA all dataset recursive service-fault CSV windows,RE2-TT/ts-auth-service_disk/1/tracets_err.csv,67387,origen no disponible,,
4258,TraceRCA all dataset recursive service-fault CSV windows,RE2-TT/ts-auth-service_disk/1/tracets_lat.csv,53269,origen no disponible,,
4259,TraceRCA all dataset recursive service-fault CSV windows,RE2-TT/ts-auth-service_disk/2/logs.csv,85128513,origen no disponible,,
4260,TraceRCA all dataset recursive service-fault CSV windows,RE2-TT/ts-auth-service_disk/2/logts.csv,42340,origen no disponible,,
4261,TraceRCA all dataset recursive service-fault CSV windows,RE2-TT/ts-auth-service_disk/2/metrics.csv,26934710,origen no disponible,,
4262,TraceRCA all dataset recursive service-fault CSV windows,RE2-TT/ts-auth-service_disk/2/simple_metrics.csv,6184401,origen no disponible,,
4263,TraceRCA all dataset recursive service-fault CSV windows,RE2-TT/ts-auth-service_disk/2/traces.csv,100052147,origen no disponible,,
4264,TraceRCA all dataset recursive service-fault CSV windows,RE2-TT/ts-auth-service_disk/2/tracets_err.csv,67536,origen no disponible,,
4265,TraceRCA all dataset recursive service-fault CSV windows,RE2-TT/ts-auth-service_disk/2/tracets_lat.csv,49283,origen no disponible,,
4266,TraceRCA all dataset recursive service-fault CSV windows,RE2-TT/ts-auth-service_disk/3/logs.csv,117306111,origen no disponible,,
4267,TraceRCA all dataset recursive service-fault CSV windows,RE2-TT/ts-auth-service_disk/3/logts.csv,42272,origen no disponible,,
4268,TraceRCA all dataset recursive service-fault CSV windows,RE2-TT/ts-auth-service_disk/3/metrics.csv,26895300,origen no disponible,,
4269,TraceRCA all dataset recursive service-fault CSV windows,RE2-TT/ts-auth-service_disk/3/simple_metrics.csv,6205531,origen no disponible,,
4270,TraceRCA all dataset recursive service-fault CSV windows,RE2-TT/ts-auth-service_disk/3/traces.csv,114741842,origen no disponible,,
4271,TraceRCA all dataset recursive service-fault CSV windows,RE2-TT/ts-auth-service_disk/3/tracets_err.csv,68425,origen no disponible,,
4272,TraceRCA all dataset recursive service-fault CSV windows,RE2-TT/ts-auth-service_disk/3/tracets_lat.csv,54552,origen no disponible,,
4273,TraceRCA all dataset recursive service-fault CSV windows,RE2-TT/ts-auth-service_loss/1/logs.csv,163019611,origen no disponible,,
4274,TraceRCA all dataset recursive service-fault CSV windows,RE2-TT/ts-auth-service_loss/1/logts.csv,44526,origen no disponible,,
4275,TraceRCA all dataset recursive service-fault CSV windows,RE2-TT/ts-auth-service_loss/1/metrics.csv,26777942,origen no disponible,,
4276,TraceRCA all dataset recursive service-fault CSV windows,RE2-TT/ts-auth-service_loss/1/simple_metrics.csv,6205438,origen no disponible,,
4277,TraceRCA all dataset recursive service-fault CSV windows,RE2-TT/ts-auth-service_loss/1/traces.csv,146794316,origen no disponible,,
4278,TraceRCA all dataset recursive service-fault CSV windows,RE2-TT/ts-auth-service_loss/1/tracets_err.csv,68551,origen no disponible,,
4279,TraceRCA all dataset recursive service-fault CSV windows,RE2-TT/ts-auth-service_loss/1/tracets_lat.csv,55946,origen no disponible,,
4280,TraceRCA all dataset recursive service-fault CSV windows,RE2-TT/ts-auth-service_loss/2/logs.csv,118961492,origen no disponible,,
4281,TraceRCA all dataset recursive service-fault CSV windows,RE2-TT/ts-auth-service_loss/2/logts.csv,41891,origen no disponible,,
4282,TraceRCA all dataset recursive service-fault CSV windows,RE2-TT/ts-auth-service_loss/2/metrics.csv,27038341,origen no disponible,,
4283,TraceRCA all dataset recursive service-fault CSV windows,RE2-TT/ts-auth-service_loss/2/simple_metrics.csv,6236648,origen no disponible,,
4284,TraceRCA all dataset recursive service-fault CSV windows,RE2-TT/ts-auth-service_loss/2/traces.csv,118385584,origen no disponible,,
4285,TraceRCA all dataset recursive service-fault CSV windows,RE2-TT/ts-auth-service_loss/2/tracets_err.csv,68689,origen no disponible,,
4286,TraceRCA all dataset recursive service-fault CSV windows,RE2-TT/ts-auth-service_loss/2/tracets_lat.csv,49154,origen no disponible,,
4287,TraceRCA all dataset recursive service-fault CSV windows,RE2-TT/ts-auth-service_loss/3/logs.csv,146952444,origen no disponible,,
4288,TraceRCA all dataset recursive service-fault CSV windows,RE2-TT/ts-auth-service_loss/3/logts.csv,41700,origen no disponible,,
4289,TraceRCA all dataset recursive service-fault CSV windows,RE2-TT/ts-auth-service_loss/3/metrics.csv,26794038,origen no disponible,,
4290,TraceRCA all dataset recursive service-fault CSV windows,RE2-TT/ts-auth-service_loss/3/simple_metrics.csv,6225368,origen no disponible,,
4291,TraceRCA all dataset recursive service-fault CSV windows,RE2-TT/ts-auth-service_loss/3/traces.csv,94078275,origen no disponible,,
4292,TraceRCA all dataset recursive service-fault CSV windows,RE2-TT/ts-auth-service_loss/3/tracets_err.csv,72954,origen no disponible,,
4293,TraceRCA all dataset recursive service-fault CSV windows,RE2-TT/ts-auth-service_loss/3/tracets_lat.csv,57697,origen no disponible,,
4294,TraceRCA all dataset recursive service-fault CSV windows,RE2-TT/ts-auth-service_mem/1/logs.csv,194098003,origen no disponible,,
4295,TraceRCA all dataset recursive service-fault CSV windows,RE2-TT/ts-auth-service_mem/1/logts.csv,42081,origen no disponible,,
4296,TraceRCA all dataset recursive service-fault CSV windows,RE2-TT/ts-auth-service_mem/1/metrics.csv,26864285,origen no disponible,,
4297,TraceRCA all dataset recursive service-fault CSV windows,RE2-TT/ts-auth-service_mem/1/simple_metrics.csv,6242457,origen no disponible,,
4298,TraceRCA all dataset recursive service-fault CSV windows,RE2-TT/ts-auth-service_mem/1/traces.csv,165926163,origen no disponible,,
4299,TraceRCA all dataset recursive service-fault CSV windows,RE2-TT/ts-auth-service_mem/1/tracets_err.csv,68533,origen no disponible,,
4300,TraceRCA all dataset recursive service-fault CSV windows,RE2-TT/ts-auth-service_mem/1/tracets_lat.csv,53671,origen no disponible,,
4301,TraceRCA all dataset recursive service-fault CSV windows,RE2-TT/ts-auth-service_mem/2/logs.csv,171548384,origen no disponible,,
4302,TraceRCA all dataset recursive service-fault CSV windows,RE2-TT/ts-auth-service_mem/2/logts.csv,50331,origen no disponible,,
4303,TraceRCA all dataset recursive service-fault CSV windows,RE2-TT/ts-auth-service_mem/2/metrics.csv,26819411,origen no disponible,,
4304,TraceRCA all dataset recursive service-fault CSV windows,RE2-TT/ts-auth-service_mem/2/simple_metrics.csv,6231078,origen no disponible,,
4305,TraceRCA all dataset recursive service-fault CSV windows,RE2-TT/ts-auth-service_mem/2/traces.csv,171608204,origen no disponible,,
4306,TraceRCA all dataset recursive service-fault CSV windows,RE2-TT/ts-auth-service_mem/2/tracets_err.csv,68059,origen no disponible,,
4307,TraceRCA all dataset recursive service-fault CSV windows,RE2-TT/ts-auth-service_mem/2/tracets_lat.csv,50083,origen no disponible,,
4308,TraceRCA all dataset recursive service-fault CSV windows,RE2-TT/ts-auth-service_mem/3/logs.csv,80675815,origen no disponible,,
4309,TraceRCA all dataset recursive service-fault CSV windows,RE2-TT/ts-auth-service_mem/3/logts.csv,42305,origen no disponible,,
4310,TraceRCA all dataset recursive service-fault CSV windows,RE2-TT/ts-auth-service_mem/3/metrics.csv,26972282,origen no disponible,,
4311,TraceRCA all dataset recursive service-fault CSV windows,RE2-TT/ts-auth-service_mem/3/simple_metrics.csv,6187608,origen no disponible,,
4312,TraceRCA all dataset recursive service-fault CSV windows,RE2-TT/ts-auth-service_mem/3/traces.csv,95152767,origen no disponible,,
4313,TraceRCA all dataset recursive service-fault CSV windows,RE2-TT/ts-auth-service_mem/3/tracets_err.csv,67248,origen no disponible,,
4314,TraceRCA all dataset recursive service-fault CSV windows,RE2-TT/ts-auth-service_mem/3/tracets_lat.csv,51891,origen no disponible,,
4315,TraceRCA all dataset recursive service-fault CSV windows,RE2-TT/ts-auth-service_socket/1/logs.csv,132796158,origen no disponible,,
4316,TraceRCA all dataset recursive service-fault CSV windows,RE2-TT/ts-auth-service_socket/1/logts.csv,41685,origen no disponible,,
4317,TraceRCA all dataset recursive service-fault CSV windows,RE2-TT/ts-auth-service_socket/1/metrics.csv,26835672,origen no disponible,,
4318,TraceRCA all dataset recursive service-fault CSV windows,RE2-TT/ts-auth-service_socket/1/simple_metrics.csv,6197585,origen no disponible,,
4319,TraceRCA all dataset recursive service-fault CSV windows,RE2-TT/ts-auth-service_socket/1/traces.csv,126918737,origen no disponible,,
4320,TraceRCA all dataset recursive service-fault CSV windows,RE2-TT/ts-auth-service_socket/1/tracets_err.csv,68929,origen no disponible,,
4321,TraceRCA all dataset recursive service-fault CSV windows,RE2-TT/ts-auth-service_socket/1/tracets_lat.csv,46184,origen no disponible,,
4322,TraceRCA all dataset recursive service-fault CSV windows,RE2-TT/ts-auth-service_socket/2/logs.csv,112940518,origen no disponible,,
4323,TraceRCA all dataset recursive service-fault CSV windows,RE2-TT/ts-auth-service_socket/2/logts.csv,41897,origen no disponible,,
4324,TraceRCA all dataset recursive service-fault CSV windows,RE2-TT/ts-auth-service_socket/2/metrics.csv,26767647,origen no disponible,,
4325,TraceRCA all dataset recursive service-fault CSV windows,RE2-TT/ts-auth-service_socket/2/simple_metrics.csv,6162834,origen no disponible,,
4326,TraceRCA all dataset recursive service-fault CSV windows,RE2-TT/ts-auth-service_socket/2/traces.csv,114442734,origen no disponible,,
4327,TraceRCA all dataset recursive service-fault CSV windows,RE2-TT/ts-auth-service_socket/2/tracets_err.csv,68464,origen no disponible,,
4328,TraceRCA all dataset recursive service-fault CSV windows,RE2-TT/ts-auth-service_socket/2/tracets_lat.csv,52448,origen no disponible,,
4329,TraceRCA all dataset recursive service-fault CSV windows,RE2-TT/ts-auth-service_socket/3/logs.csv,180031936,origen no disponible,,
4330,TraceRCA all dataset recursive service-fault CSV windows,RE2-TT/ts-auth-service_socket/3/logts.csv,43424,origen no disponible,,
4331,TraceRCA all dataset recursive service-fault CSV windows,RE2-TT/ts-auth-service_socket/3/metrics.csv,26785479,origen no disponible,,
4332,TraceRCA all dataset recursive service-fault CSV windows,RE2-TT/ts-auth-service_socket/3/simple_metrics.csv,6224490,origen no disponible,,
4333,TraceRCA all dataset recursive service-fault CSV windows,RE2-TT/ts-auth-service_socket/3/traces.csv,144692435,origen no disponible,,
4334,TraceRCA all dataset recursive service-fault CSV windows,RE2-TT/ts-auth-service_socket/3/tracets_err.csv,68869,origen no disponible,,
4335,TraceRCA all dataset recursive service-fault CSV windows,RE2-TT/ts-auth-service_socket/3/tracets_lat.csv,45754,origen no disponible,,
4336,TraceRCA all dataset recursive service-fault CSV windows,RE2-TT/ts-order-service_cpu/1/logs.csv,81638958,origen no disponible,,
4337,TraceRCA all dataset recursive service-fault CSV windows,RE2-TT/ts-order-service_cpu/1/logts.csv,44025,origen no disponible,,
4338,TraceRCA all dataset recursive service-fault CSV windows,RE2-TT/ts-order-service_cpu/1/metrics.csv,26979675,origen no disponible,,
4339,TraceRCA all dataset recursive service-fault CSV windows,RE2-TT/ts-order-service_cpu/1/simple_metrics.csv,6187657,origen no disponible,,
4340,TraceRCA all dataset recursive service-fault CSV windows,RE2-TT/ts-order-service_cpu/1/traces.csv,96611916,origen no disponible,,
4341,TraceRCA all dataset recursive service-fault CSV windows,RE2-TT/ts-order-service_cpu/1/tracets_err.csv,67281,origen no disponible,,
4342,TraceRCA all dataset recursive service-fault CSV windows,RE2-TT/ts-order-service_cpu/1/tracets_lat.csv,50442,origen no disponible,,
4343,TraceRCA all dataset recursive service-fault CSV windows,RE2-TT/ts-order-service_cpu/2/logs.csv,120480029,origen no disponible,,
4344,TraceRCA all dataset recursive service-fault CSV windows,RE2-TT/ts-order-service_cpu/2/logts.csv,42379,origen no disponible,,
4345,TraceRCA all dataset recursive service-fault CSV windows,RE2-TT/ts-order-service_cpu/2/metrics.csv,26803221,origen no disponible,,
4346,TraceRCA all dataset recursive service-fault CSV windows,RE2-TT/ts-order-service_cpu/2/simple_metrics.csv,6239729,origen no disponible,,
4347,TraceRCA all dataset recursive service-fault CSV windows,RE2-TT/ts-order-service_cpu/2/traces.csv,124237930,origen no disponible,,
4348,TraceRCA all dataset recursive service-fault CSV windows,RE2-TT/ts-order-service_cpu/2/tracets_err.csv,68752,origen no disponible,,
4349,TraceRCA all dataset recursive service-fault CSV windows,RE2-TT/ts-order-service_cpu/2/tracets_lat.csv,49233,origen no disponible,,
4350,TraceRCA all dataset recursive service-fault CSV windows,RE2-TT/ts-order-service_cpu/3/logs.csv,145912939,origen no disponible,,
4351,TraceRCA all dataset recursive service-fault CSV windows,RE2-TT/ts-order-service_cpu/3/logts.csv,44117,origen no disponible,,
4352,TraceRCA all dataset recursive service-fault CSV windows,RE2-TT/ts-order-service_cpu/3/metrics.csv,26752856,origen no disponible,,
4353,TraceRCA all dataset recursive service-fault CSV windows,RE2-TT/ts-order-service_cpu/3/simple_metrics.csv,6227684,origen no disponible,,
4354,TraceRCA all dataset recursive service-fault CSV windows,RE2-TT/ts-order-service_cpu/3/traces.csv,129659891,origen no disponible,,
4355,TraceRCA all dataset recursive service-fault CSV windows,RE2-TT/ts-order-service_cpu/3/tracets_err.csv,65685,origen no disponible,,
4356,TraceRCA all dataset recursive service-fault CSV windows,RE2-TT/ts-order-service_cpu/3/tracets_lat.csv,51443,origen no disponible,,
4357,TraceRCA all dataset recursive service-fault CSV windows,RE2-TT/ts-order-service_delay/1/logs.csv,39065823,origen no disponible,,
4358,TraceRCA all dataset recursive service-fault CSV windows,RE2-TT/ts-order-service_delay/1/logts.csv,32523,origen no disponible,,
4359,TraceRCA all dataset recursive service-fault CSV windows,RE2-TT/ts-order-service_delay/1/metrics.csv,26748564,origen no disponible,,
4360,TraceRCA all dataset recursive service-fault CSV windows,RE2-TT/ts-order-service_delay/1/simple_metrics.csv,6191814,origen no disponible,,
4361,TraceRCA all dataset recursive service-fault CSV windows,RE2-TT/ts-order-service_delay/1/traces.csv,118314569,origen no disponible,,
4362,TraceRCA all dataset recursive service-fault CSV windows,RE2-TT/ts-order-service_delay/1/tracets_err.csv,59407,origen no disponible,,
4363,TraceRCA all dataset recursive service-fault CSV windows,RE2-TT/ts-order-service_delay/1/tracets_lat.csv,51853,origen no disponible,,
4364,TraceRCA all dataset recursive service-fault CSV windows,RE2-TT/ts-order-service_delay/2/logs.csv,13706314,origen no disponible,,
4365,TraceRCA all dataset recursive service-fault CSV windows,RE2-TT/ts-order-service_delay/2/logts.csv,12139,origen no disponible,,
4366,TraceRCA all dataset recursive service-fault CSV windows,RE2-TT/ts-order-service_delay/2/metrics.csv,25640182,origen no disponible,,
4367,TraceRCA all dataset recursive service-fault CSV windows,RE2-TT/ts-order-service_delay/2/simple_metrics.csv,5818799,origen no disponible,,
4368,TraceRCA all dataset recursive service-fault CSV windows,RE2-TT/ts-order-service_delay/2/traces.csv,18824990,origen no disponible,,
4369,TraceRCA all dataset recursive service-fault CSV windows,RE2-TT/ts-order-service_delay/2/tracets_err.csv,34191,origen no disponible,,
4370,TraceRCA all dataset recursive service-fault CSV windows,RE2-TT/ts-order-service_delay/2/tracets_lat.csv,26822,origen no disponible,,
4371,TraceRCA all dataset recursive service-fault CSV windows,RE2-TT/ts-order-service_delay/3/logs.csv,13976819,origen no disponible,,
4372,TraceRCA all dataset recursive service-fault CSV windows,RE2-TT/ts-order-service_delay/3/logts.csv,11715,origen no disponible,,
4373,TraceRCA all dataset recursive service-fault CSV windows,RE2-TT/ts-order-service_delay/3/metrics.csv,25362143,origen no disponible,,
4374,TraceRCA all dataset recursive service-fault CSV windows,RE2-TT/ts-order-service_delay/3/simple_metrics.csv,5821428,origen no disponible,,
4375,TraceRCA all dataset recursive service-fault CSV windows,RE2-TT/ts-order-service_delay/3/traces.csv,19168344,origen no disponible,,
4376,TraceRCA all dataset recursive service-fault CSV windows,RE2-TT/ts-order-service_delay/3/tracets_err.csv,34239,origen no disponible,,
4377,TraceRCA all dataset recursive service-fault CSV windows,RE2-TT/ts-order-service_delay/3/tracets_lat.csv,24345,origen no disponible,,
4378,TraceRCA all dataset recursive service-fault CSV windows,RE2-TT/ts-order-service_disk/1/logs.csv,193577971,origen no disponible,,
4379,TraceRCA all dataset recursive service-fault CSV windows,RE2-TT/ts-order-service_disk/1/logts.csv,72841,origen no disponible,,
4380,TraceRCA all dataset recursive service-fault CSV windows,RE2-TT/ts-order-service_disk/1/metrics.csv,26793464,origen no disponible,,
4381,TraceRCA all dataset recursive service-fault CSV windows,RE2-TT/ts-order-service_disk/1/simple_metrics.csv,6224942,origen no disponible,,
4382,TraceRCA all dataset recursive service-fault CSV windows,RE2-TT/ts-order-service_disk/1/traces.csv,160817037,origen no disponible,,
4383,TraceRCA all dataset recursive service-fault CSV windows,RE2-TT/ts-order-service_disk/1/tracets_err.csv,68185,origen no disponible,,
4384,TraceRCA all dataset recursive service-fault CSV windows,RE2-TT/ts-order-service_disk/1/tracets_lat.csv,58142,origen no disponible,,
4385,TraceRCA all dataset recursive service-fault CSV windows,RE2-TT/ts-order-service_disk/2/logs.csv,14075404,origen no disponible,,
4386,TraceRCA all dataset recursive service-fault CSV windows,RE2-TT/ts-order-service_disk/2/logts.csv,11939,origen no disponible,,
4387,TraceRCA all dataset recursive service-fault CSV windows,RE2-TT/ts-order-service_disk/2/metrics.csv,25553891,origen no disponible,,
4388,TraceRCA all dataset recursive service-fault CSV windows,RE2-TT/ts-order-service_disk/2/simple_metrics.csv,5828473,origen no disponible,,
4389,TraceRCA all dataset recursive service-fault CSV windows,RE2-TT/ts-order-service_disk/2/traces.csv,19193219,origen no disponible,,
4390,TraceRCA all dataset recursive service-fault CSV windows,RE2-TT/ts-order-service_disk/2/tracets_err.csv,34206,origen no disponible,,
4391,TraceRCA all dataset recursive service-fault CSV windows,RE2-TT/ts-order-service_disk/2/tracets_lat.csv,25864,origen no disponible,,
4392,TraceRCA all dataset recursive service-fault CSV windows,RE2-TT/ts-order-service_disk/3/logs.csv,14210731,origen no disponible,,
4393,TraceRCA all dataset recursive service-fault CSV windows,RE2-TT/ts-order-service_disk/3/logts.csv,11728,origen no disponible,,
4394,TraceRCA all dataset recursive service-fault CSV windows,RE2-TT/ts-order-service_disk/3/metrics.csv,25260335,origen no disponible,,
4395,TraceRCA all dataset recursive service-fault CSV windows,RE2-TT/ts-order-service_disk/3/simple_metrics.csv,5807045,origen no disponible,,
4396,TraceRCA all dataset recursive service-fault CSV windows,RE2-TT/ts-order-service_disk/3/traces.csv,19335577,origen no disponible,,
4397,TraceRCA all dataset recursive service-fault CSV windows,RE2-TT/ts-order-service_disk/3/tracets_err.csv,34128,origen no disponible,,
4398,TraceRCA all dataset recursive service-fault CSV windows,RE2-TT/ts-order-service_disk/3/tracets_lat.csv,25403,origen no disponible,,
4399,TraceRCA all dataset recursive service-fault CSV windows,RE2-TT/ts-order-service_loss/1/logs.csv,163847763,origen no disponible,,
4400,TraceRCA all dataset recursive service-fault CSV windows,RE2-TT/ts-order-service_loss/1/logts.csv,43754,origen no disponible,,
4401,TraceRCA all dataset recursive service-fault CSV windows,RE2-TT/ts-order-service_loss/1/metrics.csv,26921547,origen no disponible,,
4402,TraceRCA all dataset recursive service-fault CSV windows,RE2-TT/ts-order-service_loss/1/simple_metrics.csv,6260713,origen no disponible,,
4403,TraceRCA all dataset recursive service-fault CSV windows,RE2-TT/ts-order-service_loss/1/traces.csv,196831673,origen no disponible,,
4404,TraceRCA all dataset recursive service-fault CSV windows,RE2-TT/ts-order-service_loss/1/tracets_err.csv,68575,origen no disponible,,
4405,TraceRCA all dataset recursive service-fault CSV windows,RE2-TT/ts-order-service_loss/1/tracets_lat.csv,56986,origen no disponible,,
4406,TraceRCA all dataset recursive service-fault CSV windows,RE2-TT/ts-order-service_loss/2/logs.csv,14104991,origen no disponible,,
4407,TraceRCA all dataset recursive service-fault CSV windows,RE2-TT/ts-order-service_loss/2/logts.csv,11721,origen no disponible,,
4408,TraceRCA all dataset recursive service-fault CSV windows,RE2-TT/ts-order-service_loss/2/metrics.csv,25224551,origen no disponible,,
4409,TraceRCA all dataset recursive service-fault CSV windows,RE2-TT/ts-order-service_loss/2/simple_metrics.csv,5791006,origen no disponible,,
4410,TraceRCA all dataset recursive service-fault CSV windows,RE2-TT/ts-order-service_loss/2/traces.csv,19333120,origen no disponible,,
4411,TraceRCA all dataset recursive service-fault CSV windows,RE2-TT/ts-order-service_loss/2/tracets_err.csv,34182,origen no disponible,,
4412,TraceRCA all dataset recursive service-fault CSV windows,RE2-TT/ts-order-service_loss/2/tracets_lat.csv,25452,origen no disponible,,
4413,TraceRCA all dataset recursive service-fault CSV windows,RE2-TT/ts-order-service_loss/3/logs.csv,14146517,origen no disponible,,
4414,TraceRCA all dataset recursive service-fault CSV windows,RE2-TT/ts-order-service_loss/3/logts.csv,11616,origen no disponible,,
4415,TraceRCA all dataset recursive service-fault CSV windows,RE2-TT/ts-order-service_loss/3/metrics.csv,25243846,origen no disponible,,
4416,TraceRCA all dataset recursive service-fault CSV windows,RE2-TT/ts-order-service_loss/3/simple_metrics.csv,5769391,origen no disponible,,
4417,TraceRCA all dataset recursive service-fault CSV windows,RE2-TT/ts-order-service_loss/3/traces.csv,19345952,origen no disponible,,
4418,TraceRCA all dataset recursive service-fault CSV windows,RE2-TT/ts-order-service_loss/3/tracets_err.csv,33968,origen no disponible,,
4419,TraceRCA all dataset recursive service-fault CSV windows,RE2-TT/ts-order-service_loss/3/tracets_lat.csv,20528,origen no disponible,,
4420,TraceRCA all dataset recursive service-fault CSV windows,RE2-TT/ts-order-service_mem/1/logs.csv,77358587,origen no disponible,,
4421,TraceRCA all dataset recursive service-fault CSV windows,RE2-TT/ts-order-service_mem/1/logts.csv,42083,origen no disponible,,
4422,TraceRCA all dataset recursive service-fault CSV windows,RE2-TT/ts-order-service_mem/1/metrics.csv,27072064,origen no disponible,,
4423,TraceRCA all dataset recursive service-fault CSV windows,RE2-TT/ts-order-service_mem/1/simple_metrics.csv,6224345,origen no disponible,,
4424,TraceRCA all dataset recursive service-fault CSV windows,RE2-TT/ts-order-service_mem/1/traces.csv,93759035,origen no disponible,,
4425,TraceRCA all dataset recursive service-fault CSV windows,RE2-TT/ts-order-service_mem/1/tracets_err.csv,67566,origen no disponible,,
4426,TraceRCA all dataset recursive service-fault CSV windows,RE2-TT/ts-order-service_mem/1/tracets_lat.csv,49072,origen no disponible,,
4427,TraceRCA all dataset recursive service-fault CSV windows,RE2-TT/ts-order-service_mem/2/logs.csv,84787588,origen no disponible,,
4428,TraceRCA all dataset recursive service-fault CSV windows,RE2-TT/ts-order-service_mem/2/logts.csv,42729,origen no disponible,,
4429,TraceRCA all dataset recursive service-fault CSV windows,RE2-TT/ts-order-service_mem/2/metrics.csv,27024518,origen no disponible,,
4430,TraceRCA all dataset recursive service-fault CSV windows,RE2-TT/ts-order-service_mem/2/simple_metrics.csv,6211696,origen no disponible,,
4431,TraceRCA all dataset recursive service-fault CSV windows,RE2-TT/ts-order-service_mem/2/traces.csv,100714345,origen no disponible,,
4432,TraceRCA all dataset recursive service-fault CSV windows,RE2-TT/ts-order-service_mem/2/tracets_err.csv,67722,origen no disponible,,
4433,TraceRCA all dataset recursive service-fault CSV windows,RE2-TT/ts-order-service_mem/2/tracets_lat.csv,49840,origen no disponible,,
4434,TraceRCA all dataset recursive service-fault CSV windows,RE2-TT/ts-order-service_mem/3/logs.csv,103188737,origen no disponible,,
4435,TraceRCA all dataset recursive service-fault CSV windows,RE2-TT/ts-order-service_mem/3/logts.csv,41817,origen no disponible,,
4436,TraceRCA all dataset recursive service-fault CSV windows,RE2-TT/ts-order-service_mem/3/metrics.csv,26886059,origen no disponible,,
4437,TraceRCA all dataset recursive service-fault CSV windows,RE2-TT/ts-order-service_mem/3/simple_metrics.csv,6214205,origen no disponible,,
4438,TraceRCA all dataset recursive service-fault CSV windows,RE2-TT/ts-order-service_mem/3/traces.csv,108001990,origen no disponible,,
4439,TraceRCA all dataset recursive service-fault CSV windows,RE2-TT/ts-order-service_mem/3/tracets_err.csv,68275,origen no disponible,,
4440,TraceRCA all dataset recursive service-fault CSV windows,RE2-TT/ts-order-service_mem/3/tracets_lat.csv,55506,origen no disponible,,
4441,TraceRCA all dataset recursive service-fault CSV windows,RE2-TT/ts-order-service_socket/1/logs.csv,174357185,origen no disponible,,
4442,TraceRCA all dataset recursive service-fault CSV windows,RE2-TT/ts-order-service_socket/1/logts.csv,43785,origen no disponible,,
4443,TraceRCA all dataset recursive service-fault CSV windows,RE2-TT/ts-order-service_socket/1/metrics.csv,26878127,origen no disponible,,
4444,TraceRCA all dataset recursive service-fault CSV windows,RE2-TT/ts-order-service_socket/1/simple_metrics.csv,6240439,origen no disponible,,
4445,TraceRCA all dataset recursive service-fault CSV windows,RE2-TT/ts-order-service_socket/1/traces.csv,183404591,origen no disponible,,
4446,TraceRCA all dataset recursive service-fault CSV windows,RE2-TT/ts-order-service_socket/1/tracets_err.csv,69119,origen no disponible,,
4447,TraceRCA all dataset recursive service-fault CSV windows,RE2-TT/ts-order-service_socket/1/tracets_lat.csv,47065,origen no disponible,,
4448,TraceRCA all dataset recursive service-fault CSV windows,RE2-TT/ts-order-service_socket/2/logs.csv,13790269,origen no disponible,,
4449,TraceRCA all dataset recursive service-fault CSV windows,RE2-TT/ts-order-service_socket/2/logts.csv,11713,origen no disponible,,
4450,TraceRCA all dataset recursive service-fault CSV windows,RE2-TT/ts-order-service_socket/2/metrics.csv,25303728,origen no disponible,,
4451,TraceRCA all dataset recursive service-fault CSV windows,RE2-TT/ts-order-service_socket/2/simple_metrics.csv,5780917,origen no disponible,,
4452,TraceRCA all dataset recursive service-fault CSV windows,RE2-TT/ts-order-service_socket/2/traces.csv,18903609,origen no disponible,,
4453,TraceRCA all dataset recursive service-fault CSV windows,RE2-TT/ts-order-service_socket/2/tracets_err.csv,34146,origen no disponible,,
4454,TraceRCA all dataset recursive service-fault CSV windows,RE2-TT/ts-order-service_socket/2/tracets_lat.csv,25804,origen no disponible,,
4455,TraceRCA all dataset recursive service-fault CSV windows,RE2-TT/ts-order-service_socket/3/logs.csv,174718319,origen no disponible,,
4456,TraceRCA all dataset recursive service-fault CSV windows,RE2-TT/ts-order-service_socket/3/logts.csv,46861,origen no disponible,,
4457,TraceRCA all dataset recursive service-fault CSV windows,RE2-TT/ts-order-service_socket/3/metrics.csv,26738376,origen no disponible,,
4458,TraceRCA all dataset recursive service-fault CSV windows,RE2-TT/ts-order-service_socket/3/simple_metrics.csv,6186037,origen no disponible,,
4459,TraceRCA all dataset recursive service-fault CSV windows,RE2-TT/ts-order-service_socket/3/traces.csv,148795006,origen no disponible,,
4460,TraceRCA all dataset recursive service-fault CSV windows,RE2-TT/ts-order-service_socket/3/tracets_err.csv,68734,origen no disponible,,
4461,TraceRCA all dataset recursive service-fault CSV windows,RE2-TT/ts-order-service_socket/3/tracets_lat.csv,51979,origen no disponible,,
4462,TraceRCA all dataset recursive service-fault CSV windows,RE2-TT/ts-route-service_cpu/1/logs.csv,122709574,origen no disponible,,
4463,TraceRCA all dataset recursive service-fault CSV windows,RE2-TT/ts-route-service_cpu/1/logts.csv,45581,origen no disponible,,
4464,TraceRCA all dataset recursive service-fault CSV windows,RE2-TT/ts-route-service_cpu/1/metrics.csv,26572478,origen no disponible,,
4465,TraceRCA all dataset recursive service-fault CSV windows,RE2-TT/ts-route-service_cpu/1/simple_metrics.csv,6164487,origen no disponible,,
4466,TraceRCA all dataset recursive service-fault CSV windows,RE2-TT/ts-route-service_cpu/1/traces.csv,116142608,origen no disponible,,
4467,TraceRCA all dataset recursive service-fault CSV windows,RE2-TT/ts-route-service_cpu/1/tracets_err.csv,68452,origen no disponible,,
4468,TraceRCA all dataset recursive service-fault CSV windows,RE2-TT/ts-route-service_cpu/1/tracets_lat.csv,53865,origen no disponible,,
4469,TraceRCA all dataset recursive service-fault CSV windows,RE2-TT/ts-route-service_cpu/2/logs.csv,14033130,origen no disponible,,
4470,TraceRCA all dataset recursive service-fault CSV windows,RE2-TT/ts-route-service_cpu/2/logts.csv,12146,origen no disponible,,
4471,TraceRCA all dataset recursive service-fault CSV windows,RE2-TT/ts-route-service_cpu/2/metrics.csv,25602236,origen no disponible,,
4472,TraceRCA all dataset recursive service-fault CSV windows,RE2-TT/ts-route-service_cpu/2/simple_metrics.csv,5856617,origen no disponible,,
4473,TraceRCA all dataset recursive service-fault CSV windows,RE2-TT/ts-route-service_cpu/2/traces.csv,19226739,origen no disponible,,
4474,TraceRCA all dataset recursive service-fault CSV windows,RE2-TT/ts-route-service_cpu/2/tracets_err.csv,34209,origen no disponible,,
4475,TraceRCA all dataset recursive service-fault CSV windows,RE2-TT/ts-route-service_cpu/2/tracets_lat.csv,23943,origen no disponible,,
4476,TraceRCA all dataset recursive service-fault CSV windows,RE2-TT/ts-route-service_cpu/3/logs.csv,14032679,origen no disponible,,
4477,TraceRCA all dataset recursive service-fault CSV windows,RE2-TT/ts-route-service_cpu/3/logts.csv,27883,origen no disponible,,
4478,TraceRCA all dataset recursive service-fault CSV windows,RE2-TT/ts-route-service_cpu/3/metrics.csv,25283597,origen no disponible,,
4479,TraceRCA all dataset recursive service-fault CSV windows,RE2-TT/ts-route-service_cpu/3/simple_metrics.csv,5833432,origen no disponible,,
4480,TraceRCA all dataset recursive service-fault CSV windows,RE2-TT/ts-route-service_cpu/3/traces.csv,19210401,origen no disponible,,
4481,TraceRCA all dataset recursive service-fault CSV windows,RE2-TT/ts-route-service_cpu/3/tracets_err.csv,34125,origen no disponible,,
4482,TraceRCA all dataset recursive service-fault CSV windows,RE2-TT/ts-route-service_cpu/3/tracets_lat.csv,26372,origen no disponible,,
4483,TraceRCA all dataset recursive service-fault CSV windows,RE2-TT/ts-route-service_delay/1/logs.csv,135014188,origen no disponible,,
4484,TraceRCA all dataset recursive service-fault CSV windows,RE2-TT/ts-route-service_delay/1/logts.csv,44368,origen no disponible,,
4485,TraceRCA all dataset recursive service-fault CSV windows,RE2-TT/ts-route-service_delay/1/metrics.csv,26656614,origen no disponible,,
4486,TraceRCA all dataset recursive service-fault CSV windows,RE2-TT/ts-route-service_delay/1/simple_metrics.csv,6177961,origen no disponible,,
4487,TraceRCA all dataset recursive service-fault CSV windows,RE2-TT/ts-route-service_delay/1/traces.csv,119800460,origen no disponible,,
4488,TraceRCA all dataset recursive service-fault CSV windows,RE2-TT/ts-route-service_delay/1/tracets_err.csv,68503,origen no disponible,,
4489,TraceRCA all dataset recursive service-fault CSV windows,RE2-TT/ts-route-service_delay/1/tracets_lat.csv,49907,origen no disponible,,
4490,TraceRCA all dataset recursive service-fault CSV windows,RE2-TT/ts-route-service_delay/2/logs.csv,126717618,origen no disponible,,
4491,TraceRCA all dataset recursive service-fault CSV windows,RE2-TT/ts-route-service_delay/2/logts.csv,41758,origen no disponible,,
4492,TraceRCA all dataset recursive service-fault CSV windows,RE2-TT/ts-route-service_delay/2/metrics.csv,26666706,origen no disponible,,
4493,TraceRCA all dataset recursive service-fault CSV windows,RE2-TT/ts-route-service_delay/2/simple_metrics.csv,6189909,origen no disponible,,
4494,TraceRCA all dataset recursive service-fault CSV windows,RE2-TT/ts-route-service_delay/2/traces.csv,113610152,origen no disponible,,
4495,TraceRCA all dataset recursive service-fault CSV windows,RE2-TT/ts-route-service_delay/2/tracets_err.csv,68635,origen no disponible,,
4496,TraceRCA all dataset recursive service-fault CSV windows,RE2-TT/ts-route-service_delay/2/tracets_lat.csv,52034,origen no disponible,,
4497,TraceRCA all dataset recursive service-fault CSV windows,RE2-TT/ts-route-service_delay/3/logs.csv,149904207,origen no disponible,,
4498,TraceRCA all dataset recursive service-fault CSV windows,RE2-TT/ts-route-service_delay/3/logts.csv,41698,origen no disponible,,
4499,TraceRCA all dataset recursive service-fault CSV windows,RE2-TT/ts-route-service_delay/3/metrics.csv,26654378,origen no disponible,,
4500,TraceRCA all dataset recursive service-fault CSV windows,RE2-TT/ts-route-service_delay/3/simple_metrics.csv,6184567,origen no disponible,,
4501,TraceRCA all dataset recursive service-fault CSV windows,RE2-TT/ts-route-service_delay/3/traces.csv,132288563,origen no disponible,,
4502,TraceRCA all dataset recursive service-fault CSV windows,RE2-TT/ts-route-service_delay/3/tracets_err.csv,68341,origen no disponible,,
4503,TraceRCA all dataset recursive service-fault CSV windows,RE2-TT/ts-route-service_delay/3/tracets_lat.csv,59346,origen no disponible,,
4504,TraceRCA all dataset recursive service-fault CSV windows,RE2-TT/ts-route-service_disk/1/logs.csv,70280918,origen no disponible,,
4505,TraceRCA all dataset recursive service-fault CSV windows,RE2-TT/ts-route-service_disk/1/logts.csv,52093,origen no disponible,,
4506,TraceRCA all dataset recursive service-fault CSV windows,RE2-TT/ts-route-service_disk/1/metrics.csv,26870488,origen no disponible,,
4507,TraceRCA all dataset recursive service-fault CSV windows,RE2-TT/ts-route-service_disk/1/simple_metrics.csv,6238842,origen no disponible,,
4508,TraceRCA all dataset recursive service-fault CSV windows,RE2-TT/ts-route-service_disk/1/traces.csv,200311086,origen no disponible,,
4509,TraceRCA all dataset recursive service-fault CSV windows,RE2-TT/ts-route-service_disk/1/tracets_err.csv,66140,origen no disponible,,
4510,TraceRCA all dataset recursive service-fault CSV windows,RE2-TT/ts-route-service_disk/1/tracets_lat.csv,51138,origen no disponible,,
4511,TraceRCA all dataset recursive service-fault CSV windows,RE2-TT/ts-route-service_disk/2/logs.csv,144721281,origen no disponible,,
4512,TraceRCA all dataset recursive service-fault CSV windows,RE2-TT/ts-route-service_disk/2/logts.csv,41726,origen no disponible,,
4513,TraceRCA all dataset recursive service-fault CSV windows,RE2-TT/ts-route-service_disk/2/metrics.csv,26682616,origen no disponible,,
4514,TraceRCA all dataset recursive service-fault CSV windows,RE2-TT/ts-route-service_disk/2/simple_metrics.csv,6218319,origen no disponible,,
4515,TraceRCA all dataset recursive service-fault CSV windows,RE2-TT/ts-route-service_disk/2/traces.csv,49733669,origen no disponible,,
4516,TraceRCA all dataset recursive service-fault CSV windows,RE2-TT/ts-route-service_disk/2/tracets_err.csv,71983,origen no disponible,,
4517,TraceRCA all dataset recursive service-fault CSV windows,RE2-TT/ts-route-service_disk/2/tracets_lat.csv,57410,origen no disponible,,
4518,TraceRCA all dataset recursive service-fault CSV windows,RE2-TT/ts-route-service_disk/3/logs.csv,66877563,origen no disponible,,
4519,TraceRCA all dataset recursive service-fault CSV windows,RE2-TT/ts-route-service_disk/3/logts.csv,42541,origen no disponible,,
4520,TraceRCA all dataset recursive service-fault CSV windows,RE2-TT/ts-route-service_disk/3/metrics.csv,26783685,origen no disponible,,
4521,TraceRCA all dataset recursive service-fault CSV windows,RE2-TT/ts-route-service_disk/3/simple_metrics.csv,6168030,origen no disponible,,
4522,TraceRCA all dataset recursive service-fault CSV windows,RE2-TT/ts-route-service_disk/3/traces.csv,83642445,origen no disponible,,
4523,TraceRCA all dataset recursive service-fault CSV windows,RE2-TT/ts-route-service_disk/3/tracets_err.csv,67302,origen no disponible,,
4524,TraceRCA all dataset recursive service-fault CSV windows,RE2-TT/ts-route-service_disk/3/tracets_lat.csv,52772,origen no disponible,,
4525,TraceRCA all dataset recursive service-fault CSV windows,RE2-TT/ts-route-service_loss/1/logs.csv,52303367,origen no disponible,,
4526,TraceRCA all dataset recursive service-fault CSV windows,RE2-TT/ts-route-service_loss/1/logts.csv,41584,origen no disponible,,
4527,TraceRCA all dataset recursive service-fault CSV windows,RE2-TT/ts-route-service_loss/1/metrics.csv,26789001,origen no disponible,,
4528,TraceRCA all dataset recursive service-fault CSV windows,RE2-TT/ts-route-service_loss/1/simple_metrics.csv,6233713,origen no disponible,,
4529,TraceRCA all dataset recursive service-fault CSV windows,RE2-TT/ts-route-service_loss/1/traces.csv,182037370,origen no disponible,,
4530,TraceRCA all dataset recursive service-fault CSV windows,RE2-TT/ts-route-service_loss/1/tracets_err.csv,68915,origen no disponible,,
4531,TraceRCA all dataset recursive service-fault CSV windows,RE2-TT/ts-route-service_loss/1/tracets_lat.csv,52309,origen no disponible,,
4532,TraceRCA all dataset recursive service-fault CSV windows,RE2-TT/ts-route-service_loss/2/logs.csv,185254065,origen no disponible,,
4533,TraceRCA all dataset recursive service-fault CSV windows,RE2-TT/ts-route-service_loss/2/logts.csv,41339,origen no disponible,,
4534,TraceRCA all dataset recursive service-fault CSV windows,RE2-TT/ts-route-service_loss/2/metrics.csv,26717973,origen no disponible,,
4535,TraceRCA all dataset recursive service-fault CSV windows,RE2-TT/ts-route-service_loss/2/simple_metrics.csv,6213228,origen no disponible,,
4536,TraceRCA all dataset recursive service-fault CSV windows,RE2-TT/ts-route-service_loss/2/traces.csv,133432325,origen no disponible,,
4537,TraceRCA all dataset recursive service-fault CSV windows,RE2-TT/ts-route-service_loss/2/tracets_err.csv,72577,origen no disponible,,
4538,TraceRCA all dataset recursive service-fault CSV windows,RE2-TT/ts-route-service_loss/2/tracets_lat.csv,51540,origen no disponible,,
4539,TraceRCA all dataset recursive service-fault CSV windows,RE2-TT/ts-route-service_loss/3/logs.csv,79339631,origen no disponible,,
4540,TraceRCA all dataset recursive service-fault CSV windows,RE2-TT/ts-route-service_loss/3/logts.csv,42088,origen no disponible,,
4541,TraceRCA all dataset recursive service-fault CSV windows,RE2-TT/ts-route-service_loss/3/metrics.csv,26987017,origen no disponible,,
4542,TraceRCA all dataset recursive service-fault CSV windows,RE2-TT/ts-route-service_loss/3/simple_metrics.csv,6214767,origen no disponible,,
4543,TraceRCA all dataset recursive service-fault CSV windows,RE2-TT/ts-route-service_loss/3/traces.csv,96179912,origen no disponible,,
4544,TraceRCA all dataset recursive service-fault CSV windows,RE2-TT/ts-route-service_loss/3/tracets_err.csv,67251,origen no disponible,,
4545,TraceRCA all dataset recursive service-fault CSV windows,RE2-TT/ts-route-service_loss/3/tracets_lat.csv,58601,origen no disponible,,
4546,TraceRCA all dataset recursive service-fault CSV windows,RE2-TT/ts-route-service_mem/1/logs.csv,113216172,origen no disponible,,
4547,TraceRCA all dataset recursive service-fault CSV windows,RE2-TT/ts-route-service_mem/1/logts.csv,50409,origen no disponible,,
4548,TraceRCA all dataset recursive service-fault CSV windows,RE2-TT/ts-route-service_mem/1/metrics.csv,26815394,origen no disponible,,
4549,TraceRCA all dataset recursive service-fault CSV windows,RE2-TT/ts-route-service_mem/1/simple_metrics.csv,6237352,origen no disponible,,
4550,TraceRCA all dataset recursive service-fault CSV windows,RE2-TT/ts-route-service_mem/1/traces.csv,105371106,origen no disponible,,
4551,TraceRCA all dataset recursive service-fault CSV windows,RE2-TT/ts-route-service_mem/1/tracets_err.csv,68833,origen no disponible,,
4552,TraceRCA all dataset recursive service-fault CSV windows,RE2-TT/ts-route-service_mem/1/tracets_lat.csv,52094,origen no disponible,,
4553,TraceRCA all dataset recursive service-fault CSV windows,RE2-TT/ts-route-service_mem/2/logs.csv,80963525,origen no disponible,,
4554,TraceRCA all dataset recursive service-fault CSV windows,RE2-TT/ts-route-service_mem/2/logts.csv,44051,origen no disponible,,
4555,TraceRCA all dataset recursive service-fault CSV windows,RE2-TT/ts-route-service_mem/2/metrics.csv,27025326,origen no disponible,,
4556,TraceRCA all dataset recursive service-fault CSV windows,RE2-TT/ts-route-service_mem/2/simple_metrics.csv,6225781,origen no disponible,,
4557,TraceRCA all dataset recursive service-fault CSV windows,RE2-TT/ts-route-service_mem/2/traces.csv,97100801,origen no disponible,,
4558,TraceRCA all dataset recursive service-fault CSV windows,RE2-TT/ts-route-service_mem/2/tracets_err.csv,67504,origen no disponible,,
4559,TraceRCA all dataset recursive service-fault CSV windows,RE2-TT/ts-route-service_mem/2/tracets_lat.csv,54497,origen no disponible,,
4560,TraceRCA all dataset recursive service-fault CSV windows,RE2-TT/ts-route-service_mem/3/logs.csv,109469095,origen no disponible,,
4561,TraceRCA all dataset recursive service-fault CSV windows,RE2-TT/ts-route-service_mem/3/logts.csv,42022,origen no disponible,,
4562,TraceRCA all dataset recursive service-fault CSV windows,RE2-TT/ts-route-service_mem/3/metrics.csv,26828050,origen no disponible,,
4563,TraceRCA all dataset recursive service-fault CSV windows,RE2-TT/ts-route-service_mem/3/simple_metrics.csv,6212577,origen no disponible,,
4564,TraceRCA all dataset recursive service-fault CSV windows,RE2-TT/ts-route-service_mem/3/traces.csv,112372790,origen no disponible,,
4565,TraceRCA all dataset recursive service-fault CSV windows,RE2-TT/ts-route-service_mem/3/tracets_err.csv,68389,origen no disponible,,
4566,TraceRCA all dataset recursive service-fault CSV windows,RE2-TT/ts-route-service_mem/3/tracets_lat.csv,57013,origen no disponible,,
4567,TraceRCA all dataset recursive service-fault CSV windows,RE2-TT/ts-route-service_socket/1/logs.csv,67906232,origen no disponible,,
4568,TraceRCA all dataset recursive service-fault CSV windows,RE2-TT/ts-route-service_socket/1/logts.csv,43987,origen no disponible,,
4569,TraceRCA all dataset recursive service-fault CSV windows,RE2-TT/ts-route-service_socket/1/metrics.csv,26970954,origen no disponible,,
4570,TraceRCA all dataset recursive service-fault CSV windows,RE2-TT/ts-route-service_socket/1/simple_metrics.csv,6249672,origen no disponible,,
4571,TraceRCA all dataset recursive service-fault CSV windows,RE2-TT/ts-route-service_socket/1/traces.csv,233353404,origen no disponible,,
4572,TraceRCA all dataset recursive service-fault CSV windows,RE2-TT/ts-route-service_socket/1/tracets_err.csv,68728,origen no disponible,,
4573,TraceRCA all dataset recursive service-fault CSV windows,RE2-TT/ts-route-service_socket/1/tracets_lat.csv,57356,origen no disponible,,
4574,TraceRCA all dataset recursive service-fault CSV windows,RE2-TT/ts-route-service_socket/2/logs.csv,82729269,origen no disponible,,
4575,TraceRCA all dataset recursive service-fault CSV windows,RE2-TT/ts-route-service_socket/2/logts.csv,41948,origen no disponible,,
4576,TraceRCA all dataset recursive service-fault CSV windows,RE2-TT/ts-route-service_socket/2/metrics.csv,27045016,origen no disponible,,
4577,TraceRCA all dataset recursive service-fault CSV windows,RE2-TT/ts-route-service_socket/2/simple_metrics.csv,6216736,origen no disponible,,
4578,TraceRCA all dataset recursive service-fault CSV windows,RE2-TT/ts-route-service_socket/2/traces.csv,100663654,origen no disponible,,
4579,TraceRCA all dataset recursive service-fault CSV windows,RE2-TT/ts-route-service_socket/2/tracets_err.csv,67347,origen no disponible,,
4580,TraceRCA all dataset recursive service-fault CSV windows,RE2-TT/ts-route-service_socket/2/tracets_lat.csv,53435,origen no disponible,,
4581,TraceRCA all dataset recursive service-fault CSV windows,RE2-TT/ts-route-service_socket/3/logs.csv,110997131,origen no disponible,,
4582,TraceRCA all dataset recursive service-fault CSV windows,RE2-TT/ts-route-service_socket/3/logts.csv,42313,origen no disponible,,
4583,TraceRCA all dataset recursive service-fault CSV windows,RE2-TT/ts-route-service_socket/3/metrics.csv,26846620,origen no disponible,,
4584,TraceRCA all dataset recursive service-fault CSV windows,RE2-TT/ts-route-service_socket/3/simple_metrics.csv,6200220,origen no disponible,,
4585,TraceRCA all dataset recursive service-fault CSV windows,RE2-TT/ts-route-service_socket/3/traces.csv,117959557,origen no disponible,,
4586,TraceRCA all dataset recursive service-fault CSV windows,RE2-TT/ts-route-service_socket/3/tracets_err.csv,68386,origen no disponible,,
4587,TraceRCA all dataset recursive service-fault CSV windows,RE2-TT/ts-route-service_socket/3/tracets_lat.csv,54190,origen no disponible,,
4588,TraceRCA all dataset recursive service-fault CSV windows,RE2-TT/ts-train-service_cpu/1/logs.csv,189853483,origen no disponible,,
4589,TraceRCA all dataset recursive service-fault CSV windows,RE2-TT/ts-train-service_cpu/1/logts.csv,46208,origen no disponible,,
4590,TraceRCA all dataset recursive service-fault CSV windows,RE2-TT/ts-train-service_cpu/1/metrics.csv,26859059,origen no disponible,,
4591,TraceRCA all dataset recursive service-fault CSV windows,RE2-TT/ts-train-service_cpu/1/simple_metrics.csv,6226635,origen no disponible,,
4592,TraceRCA all dataset recursive service-fault CSV windows,RE2-TT/ts-train-service_cpu/1/traces.csv,160711076,origen no disponible,,
4593,TraceRCA all dataset recursive service-fault CSV windows,RE2-TT/ts-train-service_cpu/1/tracets_err.csv,68479,origen no disponible,,
4594,TraceRCA all dataset recursive service-fault CSV windows,RE2-TT/ts-train-service_cpu/1/tracets_lat.csv,54054,origen no disponible,,
4595,TraceRCA all dataset recursive service-fault CSV windows,RE2-TT/ts-train-service_cpu/2/logs.csv,129237150,origen no disponible,,
4596,TraceRCA all dataset recursive service-fault CSV windows,RE2-TT/ts-train-service_cpu/2/logts.csv,49393,origen no disponible,,
4597,TraceRCA all dataset recursive service-fault CSV windows,RE2-TT/ts-train-service_cpu/2/metrics.csv,26690478,origen no disponible,,
4598,TraceRCA all dataset recursive service-fault CSV windows,RE2-TT/ts-train-service_cpu/2/simple_metrics.csv,6227694,origen no disponible,,
4599,TraceRCA all dataset recursive service-fault CSV windows,RE2-TT/ts-train-service_cpu/2/traces.csv,123493532,origen no disponible,,
4600,TraceRCA all dataset recursive service-fault CSV windows,RE2-TT/ts-train-service_cpu/2/tracets_err.csv,68602,origen no disponible,,
4601,TraceRCA all dataset recursive service-fault CSV windows,RE2-TT/ts-train-service_cpu/2/tracets_lat.csv,56201,origen no disponible,,
4602,TraceRCA all dataset recursive service-fault CSV windows,RE2-TT/ts-train-service_cpu/3/logs.csv,158964925,origen no disponible,,
4603,TraceRCA all dataset recursive service-fault CSV windows,RE2-TT/ts-train-service_cpu/3/logts.csv,44304,origen no disponible,,
4604,TraceRCA all dataset recursive service-fault CSV windows,RE2-TT/ts-train-service_cpu/3/metrics.csv,26792711,origen no disponible,,
4605,TraceRCA all dataset recursive service-fault CSV windows,RE2-TT/ts-train-service_cpu/3/simple_metrics.csv,6241789,origen no disponible,,
4606,TraceRCA all dataset recursive service-fault CSV windows,RE2-TT/ts-train-service_cpu/3/traces.csv,143711217,origen no disponible,,
4607,TraceRCA all dataset recursive service-fault CSV windows,RE2-TT/ts-train-service_cpu/3/tracets_err.csv,68911,origen no disponible,,
4608,TraceRCA all dataset recursive service-fault CSV windows,RE2-TT/ts-train-service_cpu/3/tracets_lat.csv,44408,origen no disponible,,
4609,TraceRCA all dataset recursive service-fault CSV windows,RE2-TT/ts-train-service_delay/1/logs.csv,165863026,origen no disponible,,
4610,TraceRCA all dataset recursive service-fault CSV windows,RE2-TT/ts-train-service_delay/1/logts.csv,43558,origen no disponible,,
4611,TraceRCA all dataset recursive service-fault CSV windows,RE2-TT/ts-train-service_delay/1/metrics.csv,26710391,origen no disponible,,
4612,TraceRCA all dataset recursive service-fault CSV windows,RE2-TT/ts-train-service_delay/1/simple_metrics.csv,6192766,origen no disponible,,
4613,TraceRCA all dataset recursive service-fault CSV windows,RE2-TT/ts-train-service_delay/1/traces.csv,152554591,origen no disponible,,
4614,TraceRCA all dataset recursive service-fault CSV windows,RE2-TT/ts-train-service_delay/1/tracets_err.csv,68167,origen no disponible,,
4615,TraceRCA all dataset recursive service-fault CSV windows,RE2-TT/ts-train-service_delay/1/tracets_lat.csv,48578,origen no disponible,,
4616,TraceRCA all dataset recursive service-fault CSV windows,RE2-TT/ts-train-service_delay/2/logs.csv,99110133,origen no disponible,,
4617,TraceRCA all dataset recursive service-fault CSV windows,RE2-TT/ts-train-service_delay/2/logts.csv,42002,origen no disponible,,
4618,TraceRCA all dataset recursive service-fault CSV windows,RE2-TT/ts-train-service_delay/2/metrics.csv,26613108,origen no disponible,,
4619,TraceRCA all dataset recursive service-fault CSV windows,RE2-TT/ts-train-service_delay/2/simple_metrics.csv,6145364,origen no disponible,,
4620,TraceRCA all dataset recursive service-fault CSV windows,RE2-TT/ts-train-service_delay/2/traces.csv,102573560,origen no disponible,,
4621,TraceRCA all dataset recursive service-fault CSV windows,RE2-TT/ts-train-service_delay/2/tracets_err.csv,68110,origen no disponible,,
4622,TraceRCA all dataset recursive service-fault CSV windows,RE2-TT/ts-train-service_delay/2/tracets_lat.csv,59998,origen no disponible,,
4623,TraceRCA all dataset recursive service-fault CSV windows,RE2-TT/ts-train-service_delay/3/logs.csv,126920844,origen no disponible,,
4624,TraceRCA all dataset recursive service-fault CSV windows,RE2-TT/ts-train-service_delay/3/logts.csv,41762,origen no disponible,,
4625,TraceRCA all dataset recursive service-fault CSV windows,RE2-TT/ts-train-service_delay/3/metrics.csv,26739830,origen no disponible,,
4626,TraceRCA all dataset recursive service-fault CSV windows,RE2-TT/ts-train-service_delay/3/simple_metrics.csv,6185886,origen no disponible,,
4627,TraceRCA all dataset recursive service-fault CSV windows,RE2-TT/ts-train-service_delay/3/traces.csv,121105172,origen no disponible,,
4628,TraceRCA all dataset recursive service-fault CSV windows,RE2-TT/ts-train-service_delay/3/tracets_err.csv,68359,origen no disponible,,
4629,TraceRCA all dataset recursive service-fault CSV windows,RE2-TT/ts-train-service_delay/3/tracets_lat.csv,58569,origen no disponible,,
4630,TraceRCA all dataset recursive service-fault CSV windows,RE2-TT/ts-train-service_disk/1/logs.csv,118468666,origen no disponible,,
4631,TraceRCA all dataset recursive service-fault CSV windows,RE2-TT/ts-train-service_disk/1/logts.csv,41704,origen no disponible,,
4632,TraceRCA all dataset recursive service-fault CSV windows,RE2-TT/ts-train-service_disk/1/metrics.csv,26766607,origen no disponible,,
4633,TraceRCA all dataset recursive service-fault CSV windows,RE2-TT/ts-train-service_disk/1/simple_metrics.csv,6221398,origen no disponible,,
4634,TraceRCA all dataset recursive service-fault CSV windows,RE2-TT/ts-train-service_disk/1/traces.csv,118932109,origen no disponible,,
4635,TraceRCA all dataset recursive service-fault CSV windows,RE2-TT/ts-train-service_disk/1/tracets_err.csv,68572,origen no disponible,,
4636,TraceRCA all dataset recursive service-fault CSV windows,RE2-TT/ts-train-service_disk/1/tracets_lat.csv,55970,origen no disponible,,
4637,TraceRCA all dataset recursive service-fault CSV windows,RE2-TT/ts-train-service_disk/2/logs.csv,147268734,origen no disponible,,
4638,TraceRCA all dataset recursive service-fault CSV windows,RE2-TT/ts-train-service_disk/2/logts.csv,41710,origen no disponible,,
4639,TraceRCA all dataset recursive service-fault CSV windows,RE2-TT/ts-train-service_disk/2/metrics.csv,26789289,origen no disponible,,
4640,TraceRCA all dataset recursive service-fault CSV windows,RE2-TT/ts-train-service_disk/2/simple_metrics.csv,6239931,origen no disponible,,
4641,TraceRCA all dataset recursive service-fault CSV windows,RE2-TT/ts-train-service_disk/2/traces.csv,132709101,origen no disponible,,
4642,TraceRCA all dataset recursive service-fault CSV windows,RE2-TT/ts-train-service_disk/2/tracets_err.csv,68875,origen no disponible,,
4643,TraceRCA all dataset recursive service-fault CSV windows,RE2-TT/ts-train-service_disk/2/tracets_lat.csv,46603,origen no disponible,,
4644,TraceRCA all dataset recursive service-fault CSV windows,RE2-TT/ts-train-service_disk/3/logs.csv,178822282,origen no disponible,,
4645,TraceRCA all dataset recursive service-fault CSV windows,RE2-TT/ts-train-service_disk/3/logts.csv,43214,origen no disponible,,
4646,TraceRCA all dataset recursive service-fault CSV windows,RE2-TT/ts-train-service_disk/3/metrics.csv,26840142,origen no disponible,,
4647,TraceRCA all dataset recursive service-fault CSV windows,RE2-TT/ts-train-service_disk/3/simple_metrics.csv,6250685,origen no disponible,,
4648,TraceRCA all dataset recursive service-fault CSV windows,RE2-TT/ts-train-service_disk/3/traces.csv,153808759,origen no disponible,,
4649,TraceRCA all dataset recursive service-fault CSV windows,RE2-TT/ts-train-service_disk/3/tracets_err.csv,68566,origen no disponible,,
4650,TraceRCA all dataset recursive service-fault CSV windows,RE2-TT/ts-train-service_disk/3/tracets_lat.csv,50033,origen no disponible,,
4651,TraceRCA all dataset recursive service-fault CSV windows,RE2-TT/ts-train-service_loss/1/logs.csv,183013055,origen no disponible,,
4652,TraceRCA all dataset recursive service-fault CSV windows,RE2-TT/ts-train-service_loss/1/logts.csv,47447,origen no disponible,,
4653,TraceRCA all dataset recursive service-fault CSV windows,RE2-TT/ts-train-service_loss/1/metrics.csv,26760667,origen no disponible,,
4654,TraceRCA all dataset recursive service-fault CSV windows,RE2-TT/ts-train-service_loss/1/simple_metrics.csv,6229213,origen no disponible,,
4655,TraceRCA all dataset recursive service-fault CSV windows,RE2-TT/ts-train-service_loss/1/traces.csv,156764766,origen no disponible,,
4656,TraceRCA all dataset recursive service-fault CSV windows,RE2-TT/ts-train-service_loss/1/tracets_err.csv,68548,origen no disponible,,
4657,TraceRCA all dataset recursive service-fault CSV windows,RE2-TT/ts-train-service_loss/1/tracets_lat.csv,55707,origen no disponible,,
4658,TraceRCA all dataset recursive service-fault CSV windows,RE2-TT/ts-train-service_loss/2/logs.csv,163727857,origen no disponible,,
4659,TraceRCA all dataset recursive service-fault CSV windows,RE2-TT/ts-train-service_loss/2/logts.csv,44848,origen no disponible,,
4660,TraceRCA all dataset recursive service-fault CSV windows,RE2-TT/ts-train-service_loss/2/metrics.csv,26819283,origen no disponible,,
4661,TraceRCA all dataset recursive service-fault CSV windows,RE2-TT/ts-train-service_loss/2/simple_metrics.csv,6221196,origen no disponible,,
4662,TraceRCA all dataset recursive service-fault CSV windows,RE2-TT/ts-train-service_loss/2/traces.csv,150788558,origen no disponible,,
4663,TraceRCA all dataset recursive service-fault CSV windows,RE2-TT/ts-train-service_loss/2/tracets_err.csv,68494,origen no disponible,,
4664,TraceRCA all dataset recursive service-fault CSV windows,RE2-TT/ts-train-service_loss/2/tracets_lat.csv,54608,origen no disponible,,
4665,TraceRCA all dataset recursive service-fault CSV windows,RE2-TT/ts-train-service_loss/3/logs.csv,182219090,origen no disponible,,
4666,TraceRCA all dataset recursive service-fault CSV windows,RE2-TT/ts-train-service_loss/3/logts.csv,43925,origen no disponible,,
4667,TraceRCA all dataset recursive service-fault CSV windows,RE2-TT/ts-train-service_loss/3/metrics.csv,26804739,origen no disponible,,
4668,TraceRCA all dataset recursive service-fault CSV windows,RE2-TT/ts-train-service_loss/3/simple_metrics.csv,6224127,origen no disponible,,
4669,TraceRCA all dataset recursive service-fault CSV windows,RE2-TT/ts-train-service_loss/3/traces.csv,158927647,origen no disponible,,
4670,TraceRCA all dataset recursive service-fault CSV windows,RE2-TT/ts-train-service_loss/3/tracets_err.csv,68485,origen no disponible,,
4671,TraceRCA all dataset recursive service-fault CSV windows,RE2-TT/ts-train-service_loss/3/tracets_lat.csv,53743,origen no disponible,,
4672,TraceRCA all dataset recursive service-fault CSV windows,RE2-TT/ts-train-service_mem/1/logs.csv,82158606,origen no disponible,,
4673,TraceRCA all dataset recursive service-fault CSV windows,RE2-TT/ts-train-service_mem/1/logts.csv,42990,origen no disponible,,
4674,TraceRCA all dataset recursive service-fault CSV windows,RE2-TT/ts-train-service_mem/1/metrics.csv,26889945,origen no disponible,,
4675,TraceRCA all dataset recursive service-fault CSV windows,RE2-TT/ts-train-service_mem/1/simple_metrics.csv,6232275,origen no disponible,,
4676,TraceRCA all dataset recursive service-fault CSV windows,RE2-TT/ts-train-service_mem/1/traces.csv,98928511,origen no disponible,,
4677,TraceRCA all dataset recursive service-fault CSV windows,RE2-TT/ts-train-service_mem/1/tracets_err.csv,67509,origen no disponible,,
4678,TraceRCA all dataset recursive service-fault CSV windows,RE2-TT/ts-train-service_mem/1/tracets_lat.csv,48473,origen no disponible,,
4679,TraceRCA all dataset recursive service-fault CSV windows,RE2-TT/ts-train-service_mem/2/logs.csv,78116167,origen no disponible,,
4680,TraceRCA all dataset recursive service-fault CSV windows,RE2-TT/ts-train-service_mem/2/logts.csv,44003,origen no disponible,,
4681,TraceRCA all dataset recursive service-fault CSV windows,RE2-TT/ts-train-service_mem/2/metrics.csv,26807825,origen no disponible,,
4682,TraceRCA all dataset recursive service-fault CSV windows,RE2-TT/ts-train-service_mem/2/simple_metrics.csv,6241717,origen no disponible,,
4683,TraceRCA all dataset recursive service-fault CSV windows,RE2-TT/ts-train-service_mem/2/traces.csv,96200126,origen no disponible,,
4684,TraceRCA all dataset recursive service-fault CSV windows,RE2-TT/ts-train-service_mem/2/tracets_err.csv,67236,origen no disponible,,
4685,TraceRCA all dataset recursive service-fault CSV windows,RE2-TT/ts-train-service_mem/2/tracets_lat.csv,53622,origen no disponible,,
4686,TraceRCA all dataset recursive service-fault CSV windows,RE2-TT/ts-train-service_mem/3/logs.csv,114472914,origen no disponible,,
4687,TraceRCA all dataset recursive service-fault CSV windows,RE2-TT/ts-train-service_mem/3/logts.csv,41698,origen no disponible,,
4688,TraceRCA all dataset recursive service-fault CSV windows,RE2-TT/ts-train-service_mem/3/metrics.csv,26677725,origen no disponible,,
4689,TraceRCA all dataset recursive service-fault CSV windows,RE2-TT/ts-train-service_mem/3/simple_metrics.csv,6242897,origen no disponible,,
4690,TraceRCA all dataset recursive service-fault CSV windows,RE2-TT/ts-train-service_mem/3/traces.csv,115653980,origen no disponible,,
4691,TraceRCA all dataset recursive service-fault CSV windows,RE2-TT/ts-train-service_mem/3/tracets_err.csv,68557,origen no disponible,,
4692,TraceRCA all dataset recursive service-fault CSV windows,RE2-TT/ts-train-service_mem/3/tracets_lat.csv,53887,origen no disponible,,
4693,TraceRCA all dataset recursive service-fault CSV windows,RE2-TT/ts-train-service_socket/1/logs.csv,28965797,origen no disponible,,
4694,TraceRCA all dataset recursive service-fault CSV windows,RE2-TT/ts-train-service_socket/1/logts.csv,19252,origen no disponible,,
4695,TraceRCA all dataset recursive service-fault CSV windows,RE2-TT/ts-train-service_socket/1/metrics.csv,26883421,origen no disponible,,
4696,TraceRCA all dataset recursive service-fault CSV windows,RE2-TT/ts-train-service_socket/1/simple_metrics.csv,6248807,origen no disponible,,
4697,TraceRCA all dataset recursive service-fault CSV windows,RE2-TT/ts-train-service_socket/1/traces.csv,58032383,origen no disponible,,
4698,TraceRCA all dataset recursive service-fault CSV windows,RE2-TT/ts-train-service_socket/1/tracets_err.csv,38407,origen no disponible,,
4699,TraceRCA all dataset recursive service-fault CSV windows,RE2-TT/ts-train-service_socket/1/tracets_lat.csv,38327,origen no disponible,,
4700,TraceRCA all dataset recursive service-fault CSV windows,RE2-TT/ts-train-service_socket/2/logs.csv,202258338,origen no disponible,,
4701,TraceRCA all dataset recursive service-fault CSV windows,RE2-TT/ts-train-service_socket/2/logts.csv,47778,origen no disponible,,
4702,TraceRCA all dataset recursive service-fault CSV windows,RE2-TT/ts-train-service_socket/2/metrics.csv,26831134,origen no disponible,,
4703,TraceRCA all dataset recursive service-fault CSV windows,RE2-TT/ts-train-service_socket/2/simple_metrics.csv,6244948,origen no disponible,,
4704,TraceRCA all dataset recursive service-fault CSV windows,RE2-TT/ts-train-service_socket/2/traces.csv,168551985,origen no disponible,,
4705,TraceRCA all dataset recursive service-fault CSV windows,RE2-TT/ts-train-service_socket/2/tracets_err.csv,68585,origen no disponible,,
4706,TraceRCA all dataset recursive service-fault CSV windows,RE2-TT/ts-train-service_socket/2/tracets_lat.csv,54907,origen no disponible,,
4707,TraceRCA all dataset recursive service-fault CSV windows,RE2-TT/ts-train-service_socket/3/logs.csv,84256443,origen no disponible,,
4708,TraceRCA all dataset recursive service-fault CSV windows,RE2-TT/ts-train-service_socket/3/logts.csv,42558,origen no disponible,,
4709,TraceRCA all dataset recursive service-fault CSV windows,RE2-TT/ts-train-service_socket/3/metrics.csv,26798092,origen no disponible,,
4710,TraceRCA all dataset recursive service-fault CSV windows,RE2-TT/ts-train-service_socket/3/simple_metrics.csv,6220585,origen no disponible,,
4711,TraceRCA all dataset recursive service-fault CSV windows,RE2-TT/ts-train-service_socket/3/traces.csv,101294585,origen no disponible,,
4712,TraceRCA all dataset recursive service-fault CSV windows,RE2-TT/ts-train-service_socket/3/tracets_err.csv,67611,origen no disponible,,
4713,TraceRCA all dataset recursive service-fault CSV windows,RE2-TT/ts-train-service_socket/3/tracets_lat.csv,57007,origen no disponible,,
4714,TraceRCA all dataset recursive service-fault CSV windows,RE2-TT/ts-travel-service_cpu/1/logs.csv,91568193,origen no disponible,,
4715,TraceRCA all dataset recursive service-fault CSV windows,RE2-TT/ts-travel-service_cpu/1/logts.csv,42062,origen no disponible,,
4716,TraceRCA all dataset recursive service-fault CSV windows,RE2-TT/ts-travel-service_cpu/1/metrics.csv,26715753,origen no disponible,,
4717,TraceRCA all dataset recursive service-fault CSV windows,RE2-TT/ts-travel-service_cpu/1/simple_metrics.csv,6201183,origen no disponible,,
4718,TraceRCA all dataset recursive service-fault CSV windows,RE2-TT/ts-travel-service_cpu/1/traces.csv,112201985,origen no disponible,,
4719,TraceRCA all dataset recursive service-fault CSV windows,RE2-TT/ts-travel-service_cpu/1/tracets_err.csv,67617,origen no disponible,,
4720,TraceRCA all dataset recursive service-fault CSV windows,RE2-TT/ts-travel-service_cpu/1/tracets_lat.csv,52308,origen no disponible,,
4721,TraceRCA all dataset recursive service-fault CSV windows,RE2-TT/ts-travel-service_cpu/2/logs.csv,130825964,origen no disponible,,
4722,TraceRCA all dataset recursive service-fault CSV windows,RE2-TT/ts-travel-service_cpu/2/logts.csv,44625,origen no disponible,,
4723,TraceRCA all dataset recursive service-fault CSV windows,RE2-TT/ts-travel-service_cpu/2/metrics.csv,26750051,origen no disponible,,
4724,TraceRCA all dataset recursive service-fault CSV windows,RE2-TT/ts-travel-service_cpu/2/simple_metrics.csv,6231084,origen no disponible,,
4725,TraceRCA all dataset recursive service-fault CSV windows,RE2-TT/ts-travel-service_cpu/2/traces.csv,121927194,origen no disponible,,
4726,TraceRCA all dataset recursive service-fault CSV windows,RE2-TT/ts-travel-service_cpu/2/tracets_err.csv,68665,origen no disponible,,
4727,TraceRCA all dataset recursive service-fault CSV windows,RE2-TT/ts-travel-service_cpu/2/tracets_lat.csv,53066,origen no disponible,,
4728,TraceRCA all dataset recursive service-fault CSV windows,RE2-TT/ts-travel-service_cpu/3/logs.csv,166727655,origen no disponible,,
4729,TraceRCA all dataset recursive service-fault CSV windows,RE2-TT/ts-travel-service_cpu/3/logts.csv,42545,origen no disponible,,
4730,TraceRCA all dataset recursive service-fault CSV windows,RE2-TT/ts-travel-service_cpu/3/metrics.csv,26818931,origen no disponible,,
4731,TraceRCA all dataset recursive service-fault CSV windows,RE2-TT/ts-travel-service_cpu/3/simple_metrics.csv,6229259,origen no disponible,,
4732,TraceRCA all dataset recursive service-fault CSV windows,RE2-TT/ts-travel-service_cpu/3/traces.csv,122100325,origen no disponible,,
4733,TraceRCA all dataset recursive service-fault CSV windows,RE2-TT/ts-travel-service_cpu/3/tracets_err.csv,72513,origen no disponible,,
4734,TraceRCA all dataset recursive service-fault CSV windows,RE2-TT/ts-travel-service_cpu/3/tracets_lat.csv,51291,origen no disponible,,
4735,TraceRCA all dataset recursive service-fault CSV windows,RE2-TT/ts-travel-service_delay/1/logs.csv,171415415,origen no disponible,,
4736,TraceRCA all dataset recursive service-fault CSV windows,RE2-TT/ts-travel-service_delay/1/logts.csv,45088,origen no disponible,,
4737,TraceRCA all dataset recursive service-fault CSV windows,RE2-TT/ts-travel-service_delay/1/metrics.csv,26766227,origen no disponible,,
4738,TraceRCA all dataset recursive service-fault CSV windows,RE2-TT/ts-travel-service_delay/1/simple_metrics.csv,6186083,origen no disponible,,
4739,TraceRCA all dataset recursive service-fault CSV windows,RE2-TT/ts-travel-service_delay/1/traces.csv,141752014,origen no disponible,,
4740,TraceRCA all dataset recursive service-fault CSV windows,RE2-TT/ts-travel-service_delay/1/tracets_err.csv,68728,origen no disponible,,
4741,TraceRCA all dataset recursive service-fault CSV windows,RE2-TT/ts-travel-service_delay/1/tracets_lat.csv,51044,origen no disponible,,
4742,TraceRCA all dataset recursive service-fault CSV windows,RE2-TT/ts-travel-service_delay/2/logs.csv,142042769,origen no disponible,,
4743,TraceRCA all dataset recursive service-fault CSV windows,RE2-TT/ts-travel-service_delay/2/logts.csv,43644,origen no disponible,,
4744,TraceRCA all dataset recursive service-fault CSV windows,RE2-TT/ts-travel-service_delay/2/metrics.csv,26764606,origen no disponible,,
4745,TraceRCA all dataset recursive service-fault CSV windows,RE2-TT/ts-travel-service_delay/2/simple_metrics.csv,6200524,origen no disponible,,
4746,TraceRCA all dataset recursive service-fault CSV windows,RE2-TT/ts-travel-service_delay/2/traces.csv,126087891,origen no disponible,,
4747,TraceRCA all dataset recursive service-fault CSV windows,RE2-TT/ts-travel-service_delay/2/tracets_err.csv,68779,origen no disponible,,
4748,TraceRCA all dataset recursive service-fault CSV windows,RE2-TT/ts-travel-service_delay/2/tracets_lat.csv,54958,origen no disponible,,
4749,TraceRCA all dataset recursive service-fault CSV windows,RE2-TT/ts-travel-service_delay/3/logs.csv,167620443,origen no disponible,,
4750,TraceRCA all dataset recursive service-fault CSV windows,RE2-TT/ts-travel-service_delay/3/logts.csv,45593,origen no disponible,,
4751,TraceRCA all dataset recursive service-fault CSV windows,RE2-TT/ts-travel-service_delay/3/metrics.csv,26823412,origen no disponible,,
4752,TraceRCA all dataset recursive service-fault CSV windows,RE2-TT/ts-travel-service_delay/3/simple_metrics.csv,6218861,origen no disponible,,
4753,TraceRCA all dataset recursive service-fault CSV windows,RE2-TT/ts-travel-service_delay/3/traces.csv,144650187,origen no disponible,,
4754,TraceRCA all dataset recursive service-fault CSV windows,RE2-TT/ts-travel-service_delay/3/tracets_err.csv,67972,origen no disponible,,
4755,TraceRCA all dataset recursive service-fault CSV windows,RE2-TT/ts-travel-service_delay/3/tracets_lat.csv,49674,origen no disponible,,
4756,TraceRCA all dataset recursive service-fault CSV windows,RE2-TT/ts-travel-service_disk/1/logs.csv,159021184,origen no disponible,,
4757,TraceRCA all dataset recursive service-fault CSV windows,RE2-TT/ts-travel-service_disk/1/logts.csv,50051,origen no disponible,,
4758,TraceRCA all dataset recursive service-fault CSV windows,RE2-TT/ts-travel-service_disk/1/metrics.csv,26876236,origen no disponible,,
4759,TraceRCA all dataset recursive service-fault CSV windows,RE2-TT/ts-travel-service_disk/1/simple_metrics.csv,6221099,origen no disponible,,
4760,TraceRCA all dataset recursive service-fault CSV windows,RE2-TT/ts-travel-service_disk/1/traces.csv,137258172,origen no disponible,,
4761,TraceRCA all dataset recursive service-fault CSV windows,RE2-TT/ts-travel-service_disk/1/tracets_err.csv,68241,origen no disponible,,
4762,TraceRCA all dataset recursive service-fault CSV windows,RE2-TT/ts-travel-service_disk/1/tracets_lat.csv,58156,origen no disponible,,
4763,TraceRCA all dataset recursive service-fault CSV windows,RE2-TT/ts-travel-service_disk/2/logs.csv,14148753,origen no disponible,,
4764,TraceRCA all dataset recursive service-fault CSV windows,RE2-TT/ts-travel-service_disk/2/logts.csv,12056,origen no disponible,,
4765,TraceRCA all dataset recursive service-fault CSV windows,RE2-TT/ts-travel-service_disk/2/metrics.csv,25691790,origen no disponible,,
4766,TraceRCA all dataset recursive service-fault CSV windows,RE2-TT/ts-travel-service_disk/2/simple_metrics.csv,5955944,origen no disponible,,
4767,TraceRCA all dataset recursive service-fault CSV windows,RE2-TT/ts-travel-service_disk/2/traces.csv,25438518,origen no disponible,,
4768,TraceRCA all dataset recursive service-fault CSV windows,RE2-TT/ts-travel-service_disk/2/tracets_err.csv,36053,origen no disponible,,
4769,TraceRCA all dataset recursive service-fault CSV windows,RE2-TT/ts-travel-service_disk/2/tracets_lat.csv,26069,origen no disponible,,
4770,TraceRCA all dataset recursive service-fault CSV windows,RE2-TT/ts-travel-service_disk/3/logs.csv,14270087,origen no disponible,,
4771,TraceRCA all dataset recursive service-fault CSV windows,RE2-TT/ts-travel-service_disk/3/logts.csv,34876,origen no disponible,,
4772,TraceRCA all dataset recursive service-fault CSV windows,RE2-TT/ts-travel-service_disk/3/metrics.csv,25702303,origen no disponible,,
4773,TraceRCA all dataset recursive service-fault CSV windows,RE2-TT/ts-travel-service_disk/3/simple_metrics.csv,5969867,origen no disponible,,
4774,TraceRCA all dataset recursive service-fault CSV windows,RE2-TT/ts-travel-service_disk/3/traces.csv,25333134,origen no disponible,,
4775,TraceRCA all dataset recursive service-fault CSV windows,RE2-TT/ts-travel-service_disk/3/tracets_err.csv,34095,origen no disponible,,
4776,TraceRCA all dataset recursive service-fault CSV windows,RE2-TT/ts-travel-service_disk/3/tracets_lat.csv,29051,origen no disponible,,
4777,TraceRCA all dataset recursive service-fault CSV windows,RE2-TT/ts-travel-service_loss/1/logs.csv,129678782,origen no disponible,,
4778,TraceRCA all dataset recursive service-fault CSV windows,RE2-TT/ts-travel-service_loss/1/logts.csv,42482,origen no disponible,,
4779,TraceRCA all dataset recursive service-fault CSV windows,RE2-TT/ts-travel-service_loss/1/metrics.csv,26722345,origen no disponible,,
4780,TraceRCA all dataset recursive service-fault CSV windows,RE2-TT/ts-travel-service_loss/1/simple_metrics.csv,6196163,origen no disponible,,
4781,TraceRCA all dataset recursive service-fault CSV windows,RE2-TT/ts-travel-service_loss/1/traces.csv,134361533,origen no disponible,,
4782,TraceRCA all dataset recursive service-fault CSV windows,RE2-TT/ts-travel-service_loss/1/tracets_err.csv,68380,origen no disponible,,
4783,TraceRCA all dataset recursive service-fault CSV windows,RE2-TT/ts-travel-service_loss/1/tracets_lat.csv,54620,origen no disponible,,
4784,TraceRCA all dataset recursive service-fault CSV windows,RE2-TT/ts-travel-service_loss/2/logs.csv,201434143,origen no disponible,,
4785,TraceRCA all dataset recursive service-fault CSV windows,RE2-TT/ts-travel-service_loss/2/logts.csv,43776,origen no disponible,,
4786,TraceRCA all dataset recursive service-fault CSV windows,RE2-TT/ts-travel-service_loss/2/metrics.csv,26918471,origen no disponible,,
4787,TraceRCA all dataset recursive service-fault CSV windows,RE2-TT/ts-travel-service_loss/2/simple_metrics.csv,6270745,origen no disponible,,
4788,TraceRCA all dataset recursive service-fault CSV windows,RE2-TT/ts-travel-service_loss/2/traces.csv,184796249,origen no disponible,,
4789,TraceRCA all dataset recursive service-fault CSV windows,RE2-TT/ts-travel-service_loss/2/tracets_err.csv,68698,origen no disponible,,
4790,TraceRCA all dataset recursive service-fault CSV windows,RE2-TT/ts-travel-service_loss/2/tracets_lat.csv,53096,origen no disponible,,
4791,TraceRCA all dataset recursive service-fault CSV windows,RE2-TT/ts-travel-service_loss/3/logs.csv,163155897,origen no disponible,,
4792,TraceRCA all dataset recursive service-fault CSV windows,RE2-TT/ts-travel-service_loss/3/logts.csv,42316,origen no disponible,,
4793,TraceRCA all dataset recursive service-fault CSV windows,RE2-TT/ts-travel-service_loss/3/metrics.csv,26749773,origen no disponible,,
4794,TraceRCA all dataset recursive service-fault CSV windows,RE2-TT/ts-travel-service_loss/3/simple_metrics.csv,6214195,origen no disponible,,
4795,TraceRCA all dataset recursive service-fault CSV windows,RE2-TT/ts-travel-service_loss/3/traces.csv,155855010,origen no disponible,,
4796,TraceRCA all dataset recursive service-fault CSV windows,RE2-TT/ts-travel-service_loss/3/tracets_err.csv,68383,origen no disponible,,
4797,TraceRCA all dataset recursive service-fault CSV windows,RE2-TT/ts-travel-service_loss/3/tracets_lat.csv,42521,origen no disponible,,
4798,TraceRCA all dataset recursive service-fault CSV windows,RE2-TT/ts-travel-service_mem/1/logs.csv,131876749,origen no disponible,,
4799,TraceRCA all dataset recursive service-fault CSV windows,RE2-TT/ts-travel-service_mem/1/logts.csv,42115,origen no disponible,,
4800,TraceRCA all dataset recursive service-fault CSV windows,RE2-TT/ts-travel-service_mem/1/metrics.csv,26796459,origen no disponible,,
4801,TraceRCA all dataset recursive service-fault CSV windows,RE2-TT/ts-travel-service_mem/1/simple_metrics.csv,6221494,origen no disponible,,
4802,TraceRCA all dataset recursive service-fault CSV windows,RE2-TT/ts-travel-service_mem/1/traces.csv,126156946,origen no disponible,,
4803,TraceRCA all dataset recursive service-fault CSV windows,RE2-TT/ts-travel-service_mem/1/tracets_err.csv,68305,origen no disponible,,
4804,TraceRCA all dataset recursive service-fault CSV windows,RE2-TT/ts-travel-service_mem/1/tracets_lat.csv,42639,origen no disponible,,
4805,TraceRCA all dataset recursive service-fault CSV windows,RE2-TT/ts-travel-service_mem/2/logs.csv,151176053,origen no disponible,,
4806,TraceRCA all dataset recursive service-fault CSV windows,RE2-TT/ts-travel-service_mem/2/logts.csv,50475,origen no disponible,,
4807,TraceRCA all dataset recursive service-fault CSV windows,RE2-TT/ts-travel-service_mem/2/metrics.csv,26715090,origen no disponible,,
4808,TraceRCA all dataset recursive service-fault CSV windows,RE2-TT/ts-travel-service_mem/2/simple_metrics.csv,6208091,origen no disponible,,
4809,TraceRCA all dataset recursive service-fault CSV windows,RE2-TT/ts-travel-service_mem/2/traces.csv,135424031,origen no disponible,,
4810,TraceRCA all dataset recursive service-fault CSV windows,RE2-TT/ts-travel-service_mem/2/tracets_err.csv,68764,origen no disponible,,
4811,TraceRCA all dataset recursive service-fault CSV windows,RE2-TT/ts-travel-service_mem/2/tracets_lat.csv,49617,origen no disponible,,
4812,TraceRCA all dataset recursive service-fault CSV windows,RE2-TT/ts-travel-service_mem/3/logs.csv,73040246,origen no disponible,,
4813,TraceRCA all dataset recursive service-fault CSV windows,RE2-TT/ts-travel-service_mem/3/logts.csv,42009,origen no disponible,,
4814,TraceRCA all dataset recursive service-fault CSV windows,RE2-TT/ts-travel-service_mem/3/metrics.csv,26666213,origen no disponible,,
4815,TraceRCA all dataset recursive service-fault CSV windows,RE2-TT/ts-travel-service_mem/3/simple_metrics.csv,6170118,origen no disponible,,
4816,TraceRCA all dataset recursive service-fault CSV windows,RE2-TT/ts-travel-service_mem/3/traces.csv,90359678,origen no disponible,,
4817,TraceRCA all dataset recursive service-fault CSV windows,RE2-TT/ts-travel-service_mem/3/tracets_err.csv,67161,origen no disponible,,
4818,TraceRCA all dataset recursive service-fault CSV windows,RE2-TT/ts-travel-service_mem/3/tracets_lat.csv,55225,origen no disponible,,
4819,TraceRCA all dataset recursive service-fault CSV windows,RE2-TT/ts-travel-service_socket/1/logs.csv,14306370,origen no disponible,,
4820,TraceRCA all dataset recursive service-fault CSV windows,RE2-TT/ts-travel-service_socket/1/logts.csv,29400,origen no disponible,,
4821,TraceRCA all dataset recursive service-fault CSV windows,RE2-TT/ts-travel-service_socket/1/metrics.csv,25683531,origen no disponible,,
4822,TraceRCA all dataset recursive service-fault CSV windows,RE2-TT/ts-travel-service_socket/1/simple_metrics.csv,5950713,origen no disponible,,
4823,TraceRCA all dataset recursive service-fault CSV windows,RE2-TT/ts-travel-service_socket/1/traces.csv,24902853,origen no disponible,,
4824,TraceRCA all dataset recursive service-fault CSV windows,RE2-TT/ts-travel-service_socket/1/tracets_err.csv,34236,origen no disponible,,
4825,TraceRCA all dataset recursive service-fault CSV windows,RE2-TT/ts-travel-service_socket/1/tracets_lat.csv,23380,origen no disponible,,
4826,TraceRCA all dataset recursive service-fault CSV windows,RE2-TT/ts-travel-service_socket/2/logs.csv,85229290,origen no disponible,,
4827,TraceRCA all dataset recursive service-fault CSV windows,RE2-TT/ts-travel-service_socket/2/logts.csv,42826,origen no disponible,,
4828,TraceRCA all dataset recursive service-fault CSV windows,RE2-TT/ts-travel-service_socket/2/metrics.csv,27071444,origen no disponible,,
4829,TraceRCA all dataset recursive service-fault CSV windows,RE2-TT/ts-travel-service_socket/2/simple_metrics.csv,6225192,origen no disponible,,
4830,TraceRCA all dataset recursive service-fault CSV windows,RE2-TT/ts-travel-service_socket/2/traces.csv,103064443,origen no disponible,,
4831,TraceRCA all dataset recursive service-fault CSV windows,RE2-TT/ts-travel-service_socket/2/tracets_err.csv,67629,origen no disponible,,
4832,TraceRCA all dataset recursive service-fault CSV windows,RE2-TT/ts-travel-service_socket/2/tracets_lat.csv,50047,origen no disponible,,
4833,TraceRCA all dataset recursive service-fault CSV windows,RE2-TT/ts-travel-service_socket/3/logs.csv,118510766,origen no disponible,,
4834,TraceRCA all dataset recursive service-fault CSV windows,RE2-TT/ts-travel-service_socket/3/logts.csv,41954,origen no disponible,,
4835,TraceRCA all dataset recursive service-fault CSV windows,RE2-TT/ts-travel-service_socket/3/metrics.csv,26845434,origen no disponible,,
4836,TraceRCA all dataset recursive service-fault CSV windows,RE2-TT/ts-travel-service_socket/3/simple_metrics.csv,6202943,origen no disponible,,
4837,TraceRCA all dataset recursive service-fault CSV windows,RE2-TT/ts-travel-service_socket/3/traces.csv,120086935,origen no disponible,,
4838,TraceRCA all dataset recursive service-fault CSV windows,RE2-TT/ts-travel-service_socket/3/tracets_err.csv,68383,origen no disponible,,
4839,TraceRCA all dataset recursive service-fault CSV windows,RE2-TT/ts-travel-service_socket/3/tracets_lat.csv,54813,origen no disponible,,
4840,TraceRCA all dataset recursive service-fault CSV windows,RE3-OB/adservice_f3/1/logs.csv,11129186,origen no disponible,,
4841,TraceRCA all dataset recursive service-fault CSV windows,RE3-OB/adservice_f3/1/metrics.csv,6241421,origen no disponible,,
4842,TraceRCA all dataset recursive service-fault CSV windows,RE3-OB/adservice_f3/1/simple_metrics.csv,1130519,origen no disponible,,
4843,TraceRCA all dataset recursive service-fault CSV windows,RE3-OB/adservice_f3/1/traces.csv,29613484,origen no disponible,,
4844,TraceRCA all dataset recursive service-fault CSV windows,RE3-OB/adservice_f3/2/logs.csv,10891470,origen no disponible,,
4845,TraceRCA all dataset recursive service-fault CSV windows,RE3-OB/adservice_f3/2/metrics.csv,6516944,origen no disponible,,
4846,TraceRCA all dataset recursive service-fault CSV windows,RE3-OB/adservice_f3/2/simple_metrics.csv,1195528,origen no disponible,,
4847,TraceRCA all dataset recursive service-fault CSV windows,RE3-OB/adservice_f3/2/traces.csv,29030059,origen no disponible,,
4848,TraceRCA all dataset recursive service-fault CSV windows,RE3-OB/adservice_f3/3/logs.csv,10888016,origen no disponible,,
4849,TraceRCA all dataset recursive service-fault CSV windows,RE3-OB/adservice_f3/3/metrics.csv,6471651,origen no disponible,,
4850,TraceRCA all dataset recursive service-fault CSV windows,RE3-OB/adservice_f3/3/simple_metrics.csv,1178810,origen no disponible,,
4851,TraceRCA all dataset recursive service-fault CSV windows,RE3-OB/adservice_f3/3/traces.csv,29311339,origen no disponible,,
4852,TraceRCA all dataset recursive service-fault CSV windows,RE3-OB/adservice_f4/1/logs.csv,14060930,origen no disponible,,
4853,TraceRCA all dataset recursive service-fault CSV windows,RE3-OB/adservice_f4/1/metrics.csv,6226453,origen no disponible,,
4854,TraceRCA all dataset recursive service-fault CSV windows,RE3-OB/adservice_f4/1/simple_metrics.csv,1129536,origen no disponible,,
4855,TraceRCA all dataset recursive service-fault CSV windows,RE3-OB/adservice_f4/1/traces.csv,29461704,origen no disponible,,
4856,TraceRCA all dataset recursive service-fault CSV windows,RE3-OB/adservice_f4/2/logs.csv,14090072,origen no disponible,,
4857,TraceRCA all dataset recursive service-fault CSV windows,RE3-OB/adservice_f4/2/metrics.csv,6232078,origen no disponible,,
4858,TraceRCA all dataset recursive service-fault CSV windows,RE3-OB/adservice_f4/2/simple_metrics.csv,1136706,origen no disponible,,
4859,TraceRCA all dataset recursive service-fault CSV windows,RE3-OB/adservice_f4/2/traces.csv,29514817,origen no disponible,,
4860,TraceRCA all dataset recursive service-fault CSV windows,RE3-OB/adservice_f4/3/logs.csv,14021566,origen no disponible,,
4861,TraceRCA all dataset recursive service-fault CSV windows,RE3-OB/adservice_f4/3/metrics.csv,6195363,origen no disponible,,
4862,TraceRCA all dataset recursive service-fault CSV windows,RE3-OB/adservice_f4/3/simple_metrics.csv,1113285,origen no disponible,,
4863,TraceRCA all dataset recursive service-fault CSV windows,RE3-OB/adservice_f4/3/traces.csv,29704442,origen no disponible,,
4864,TraceRCA all dataset recursive service-fault CSV windows,RE3-OB/adservice_f5/1/logs.csv,10867881,origen no disponible,,
4865,TraceRCA all dataset recursive service-fault CSV windows,RE3-OB/adservice_f5/1/metrics.csv,6071492,origen no disponible,,
4866,TraceRCA all dataset recursive service-fault CSV windows,RE3-OB/adservice_f5/1/simple_metrics.csv,1086992,origen no disponible,,
4867,TraceRCA all dataset recursive service-fault CSV windows,RE3-OB/adservice_f5/1/traces.csv,29152903,origen no disponible,,
4868,TraceRCA all dataset recursive service-fault CSV windows,RE3-OB/adservice_f5/2/logs.csv,11062349,origen no disponible,,
4869,TraceRCA all dataset recursive service-fault CSV windows,RE3-OB/adservice_f5/2/metrics.csv,6105761,origen no disponible,,
4870,TraceRCA all dataset recursive service-fault CSV windows,RE3-OB/adservice_f5/2/simple_metrics.csv,1098759,origen no disponible,,
4871,TraceRCA all dataset recursive service-fault CSV windows,RE3-OB/adservice_f5/2/traces.csv,29405561,origen no disponible,,
4872,TraceRCA all dataset recursive service-fault CSV windows,RE3-OB/adservice_f5/3/logs.csv,10959206,origen no disponible,,
4873,TraceRCA all dataset recursive service-fault CSV windows,RE3-OB/adservice_f5/3/metrics.csv,6088066,origen no disponible,,
4874,TraceRCA all dataset recursive service-fault CSV windows,RE3-OB/adservice_f5/3/simple_metrics.csv,1090291,origen no disponible,,
4875,TraceRCA all dataset recursive service-fault CSV windows,RE3-OB/adservice_f5/3/traces.csv,29352154,origen no disponible,,
4876,TraceRCA all dataset recursive service-fault CSV windows,RE3-OB/cartservice_f1/1/logs.csv,10450087,origen no disponible,,
4877,TraceRCA all dataset recursive service-fault CSV windows,RE3-OB/cartservice_f1/1/metrics.csv,6213508,origen no disponible,,
4878,TraceRCA all dataset recursive service-fault CSV windows,RE3-OB/cartservice_f1/1/simple_metrics.csv,1125627,origen no disponible,,
4879,TraceRCA all dataset recursive service-fault CSV windows,RE3-OB/cartservice_f1/1/traces.csv,26648179,origen no disponible,,
4880,TraceRCA all dataset recursive service-fault CSV windows,RE3-OB/cartservice_f1/2/logs.csv,10688890,origen no disponible,,
4881,TraceRCA all dataset recursive service-fault CSV windows,RE3-OB/cartservice_f1/2/metrics.csv,6260492,origen no disponible,,
4882,TraceRCA all dataset recursive service-fault CSV windows,RE3-OB/cartservice_f1/2/simple_metrics.csv,1143157,origen no disponible,,
4883,TraceRCA all dataset recursive service-fault CSV windows,RE3-OB/cartservice_f1/2/traces.csv,27043007,origen no disponible,,
4884,TraceRCA all dataset recursive service-fault CSV windows,RE3-OB/cartservice_f1/3/logs.csv,10611724,origen no disponible,,
4885,TraceRCA all dataset recursive service-fault CSV windows,RE3-OB/cartservice_f1/3/metrics.csv,6227530,origen no disponible,,
4886,TraceRCA all dataset recursive service-fault CSV windows,RE3-OB/cartservice_f1/3/simple_metrics.csv,1123198,origen no disponible,,
4887,TraceRCA all dataset recursive service-fault CSV windows,RE3-OB/cartservice_f1/3/traces.csv,27029001,origen no disponible,,
4888,TraceRCA all dataset recursive service-fault CSV windows,RE3-OB/currencyservice_f1/1/logs.csv,9465033,origen no disponible,,
4889,TraceRCA all dataset recursive service-fault CSV windows,RE3-OB/currencyservice_f1/1/metrics.csv,5911142,origen no disponible,,
4890,TraceRCA all dataset recursive service-fault CSV windows,RE3-OB/currencyservice_f1/1/simple_metrics.csv,1071585,origen no disponible,,
4891,TraceRCA all dataset recursive service-fault CSV windows,RE3-OB/currencyservice_f1/1/traces.csv,20777630,origen no disponible,,
4892,TraceRCA all dataset recursive service-fault CSV windows,RE3-OB/currencyservice_f1/2/logs.csv,9770644,origen no disponible,,
4893,TraceRCA all dataset recursive service-fault CSV windows,RE3-OB/currencyservice_f1/2/metrics.csv,5960002,origen no disponible,,
4894,TraceRCA all dataset recursive service-fault CSV windows,RE3-OB/currencyservice_f1/2/simple_metrics.csv,1082112,origen no disponible,,
4895,TraceRCA all dataset recursive service-fault CSV windows,RE3-OB/currencyservice_f1/2/traces.csv,21292767,origen no disponible,,
4896,TraceRCA all dataset recursive service-fault CSV windows,RE3-OB/currencyservice_f1/3/logs.csv,9477956,origen no disponible,,
4897,TraceRCA all dataset recursive service-fault CSV windows,RE3-OB/currencyservice_f1/3/metrics.csv,5980441,origen no disponible,,
4898,TraceRCA all dataset recursive service-fault CSV windows,RE3-OB/currencyservice_f1/3/simple_metrics.csv,1079379,origen no disponible,,
4899,TraceRCA all dataset recursive service-fault CSV windows,RE3-OB/currencyservice_f1/3/traces.csv,20896329,origen no disponible,,
4900,TraceRCA all dataset recursive service-fault CSV windows,RE3-OB/emailservice_f1/1/logs.csv,11106711,origen no disponible,,
4901,TraceRCA all dataset recursive service-fault CSV windows,RE3-OB/emailservice_f1/1/metrics.csv,6100723,origen no disponible,,
4902,TraceRCA all dataset recursive service-fault CSV windows,RE3-OB/emailservice_f1/1/simple_metrics.csv,1100791,origen no disponible,,
4903,TraceRCA all dataset recursive service-fault CSV windows,RE3-OB/emailservice_f1/1/traces.csv,29538448,origen no disponible,,
4904,TraceRCA all dataset recursive service-fault CSV windows,RE3-OB/emailservice_f1/2/logs.csv,11087755,origen no disponible,,
4905,TraceRCA all dataset recursive service-fault CSV windows,RE3-OB/emailservice_f1/2/metrics.csv,6153919,origen no disponible,,
4906,TraceRCA all dataset recursive service-fault CSV windows,RE3-OB/emailservice_f1/2/simple_metrics.csv,1110152,origen no disponible,,
4907,TraceRCA all dataset recursive service-fault CSV windows,RE3-OB/emailservice_f1/2/traces.csv,29293022,origen no disponible,,
4908,TraceRCA all dataset recursive service-fault CSV windows,RE3-OB/emailservice_f1/3/logs.csv,10856695,origen no disponible,,
4909,TraceRCA all dataset recursive service-fault CSV windows,RE3-OB/emailservice_f1/3/metrics.csv,6133273,origen no disponible,,
4910,TraceRCA all dataset recursive service-fault CSV windows,RE3-OB/emailservice_f1/3/simple_metrics.csv,1101817,origen no disponible,,
4911,TraceRCA all dataset recursive service-fault CSV windows,RE3-OB/emailservice_f1/3/traces.csv,29100843,origen no disponible,,
4912,TraceRCA all dataset recursive service-fault CSV windows,RE3-OB/emailservice_f2/1/logs.csv,11261085,origen no disponible,,
4913,TraceRCA all dataset recursive service-fault CSV windows,RE3-OB/emailservice_f2/1/metrics.csv,6104721,origen no disponible,,
4914,TraceRCA all dataset recursive service-fault CSV windows,RE3-OB/emailservice_f2/1/simple_metrics.csv,1095715,origen no disponible,,
4915,TraceRCA all dataset recursive service-fault CSV windows,RE3-OB/emailservice_f2/1/traces.csv,29814345,origen no disponible,,
4916,TraceRCA all dataset recursive service-fault CSV windows,RE3-OB/emailservice_f2/2/logs.csv,11129463,origen no disponible,,
4917,TraceRCA all dataset recursive service-fault CSV windows,RE3-OB/emailservice_f2/2/metrics.csv,6113894,origen no disponible,,
4918,TraceRCA all dataset recursive service-fault CSV windows,RE3-OB/emailservice_f2/2/simple_metrics.csv,1098281,origen no disponible,,
4919,TraceRCA all dataset recursive service-fault CSV windows,RE3-OB/emailservice_f2/2/traces.csv,29492719,origen no disponible,,
4920,TraceRCA all dataset recursive service-fault CSV windows,RE3-OB/emailservice_f2/3/logs.csv,11062719,origen no disponible,,
4921,TraceRCA all dataset recursive service-fault CSV windows,RE3-OB/emailservice_f2/3/metrics.csv,6130269,origen no disponible,,
4922,TraceRCA all dataset recursive service-fault CSV windows,RE3-OB/emailservice_f2/3/simple_metrics.csv,1102822,origen no disponible,,
4923,TraceRCA all dataset recursive service-fault CSV windows,RE3-OB/emailservice_f2/3/traces.csv,29245286,origen no disponible,,
4924,TraceRCA all dataset recursive service-fault CSV windows,RE3-OB/emailservice_f3/1/logs.csv,11031970,origen no disponible,,
4925,TraceRCA all dataset recursive service-fault CSV windows,RE3-OB/emailservice_f3/1/metrics.csv,6199844,origen no disponible,,
4926,TraceRCA all dataset recursive service-fault CSV windows,RE3-OB/emailservice_f3/1/simple_metrics.csv,1132705,origen no disponible,,
4927,TraceRCA all dataset recursive service-fault CSV windows,RE3-OB/emailservice_f3/1/traces.csv,29101311,origen no disponible,,
4928,TraceRCA all dataset recursive service-fault CSV windows,RE3-OB/emailservice_f3/2/logs.csv,11256178,origen no disponible,,
4929,TraceRCA all dataset recursive service-fault CSV windows,RE3-OB/emailservice_f3/2/metrics.csv,6244628,origen no disponible,,
4930,TraceRCA all dataset recursive service-fault CSV windows,RE3-OB/emailservice_f3/2/simple_metrics.csv,1141651,origen no disponible,,
4931,TraceRCA all dataset recursive service-fault CSV windows,RE3-OB/emailservice_f3/2/traces.csv,29828158,origen no disponible,,
4932,TraceRCA all dataset recursive service-fault CSV windows,RE3-OB/emailservice_f3/3/logs.csv,11277006,origen no disponible,,
4933,TraceRCA all dataset recursive service-fault CSV windows,RE3-OB/emailservice_f3/3/metrics.csv,6211177,origen no disponible,,
4934,TraceRCA all dataset recursive service-fault CSV windows,RE3-OB/emailservice_f3/3/simple_metrics.csv,1131541,origen no disponible,,
4935,TraceRCA all dataset recursive service-fault CSV windows,RE3-OB/emailservice_f3/3/traces.csv,30056325,origen no disponible,,
4936,TraceRCA all dataset recursive service-fault CSV windows,RE3-OB/emailservice_f4/1/logs.csv,11155671,origen no disponible,,
4937,TraceRCA all dataset recursive service-fault CSV windows,RE3-OB/emailservice_f4/1/metrics.csv,6186831,origen no disponible,,
4938,TraceRCA all dataset recursive service-fault CSV windows,RE3-OB/emailservice_f4/1/simple_metrics.csv,1115611,origen no disponible,,
4939,TraceRCA all dataset recursive service-fault CSV windows,RE3-OB/emailservice_f4/1/traces.csv,29638708,origen no disponible,,
4940,TraceRCA all dataset recursive service-fault CSV windows,RE3-OB/emailservice_f4/2/logs.csv,11331024,origen no disponible,,
4941,TraceRCA all dataset recursive service-fault CSV windows,RE3-OB/emailservice_f4/2/metrics.csv,6207292,origen no disponible,,
4942,TraceRCA all dataset recursive service-fault CSV windows,RE3-OB/emailservice_f4/2/simple_metrics.csv,1117233,origen no disponible,,
4943,TraceRCA all dataset recursive service-fault CSV windows,RE3-OB/emailservice_f4/2/traces.csv,29961976,origen no disponible,,
4944,TraceRCA all dataset recursive service-fault CSV windows,RE3-OB/emailservice_f4/3/logs.csv,10979721,origen no disponible,,
4945,TraceRCA all dataset recursive service-fault CSV windows,RE3-OB/emailservice_f4/3/metrics.csv,6220166,origen no disponible,,
4946,TraceRCA all dataset recursive service-fault CSV windows,RE3-OB/emailservice_f4/3/simple_metrics.csv,1127793,origen no disponible,,
4947,TraceRCA all dataset recursive service-fault CSV windows,RE3-OB/emailservice_f4/3/traces.csv,29234446,origen no disponible,,
4948,TraceRCA all dataset recursive service-fault CSV windows,RE3-OB/emailservice_f5/1/logs.csv,11109908,origen no disponible,,
4949,TraceRCA all dataset recursive service-fault CSV windows,RE3-OB/emailservice_f5/1/metrics.csv,6083591,origen no disponible,,
4950,TraceRCA all dataset recursive service-fault CSV windows,RE3-OB/emailservice_f5/1/simple_metrics.csv,1092361,origen no disponible,,
4951,TraceRCA all dataset recursive service-fault CSV windows,RE3-OB/emailservice_f5/1/traces.csv,29382714,origen no disponible,,
4952,TraceRCA all dataset recursive service-fault CSV windows,RE3-OB/emailservice_f5/2/logs.csv,11185746,origen no disponible,,
4953,TraceRCA all dataset recursive service-fault CSV windows,RE3-OB/emailservice_f5/2/metrics.csv,6111163,origen no disponible,,
4954,TraceRCA all dataset recursive service-fault CSV windows,RE3-OB/emailservice_f5/2/simple_metrics.csv,1090887,origen no disponible,,
4955,TraceRCA all dataset recursive service-fault CSV windows,RE3-OB/emailservice_f5/2/traces.csv,29689543,origen no disponible,,
4956,TraceRCA all dataset recursive service-fault CSV windows,RE3-OB/emailservice_f5/3/logs.csv,11101256,origen no disponible,,
4957,TraceRCA all dataset recursive service-fault CSV windows,RE3-OB/emailservice_f5/3/metrics.csv,6121875,origen no disponible,,
4958,TraceRCA all dataset recursive service-fault CSV windows,RE3-OB/emailservice_f5/3/simple_metrics.csv,1104826,origen no disponible,,
4959,TraceRCA all dataset recursive service-fault CSV windows,RE3-OB/emailservice_f5/3/traces.csv,29396833,origen no disponible,,
4960,TraceRCA all dataset recursive service-fault CSV windows,RE3-SS/carts_f1/1/logs.csv,24129399,origen no disponible,,
4961,TraceRCA all dataset recursive service-fault CSV windows,RE3-SS/carts_f1/1/metrics.csv,6692029,origen no disponible,,
4962,TraceRCA all dataset recursive service-fault CSV windows,RE3-SS/carts_f1/1/simple_metrics.csv,1259774,origen no disponible,,
4963,TraceRCA all dataset recursive service-fault CSV windows,RE3-SS/carts_f1/2/logs.csv,24206155,origen no disponible,,
4964,TraceRCA all dataset recursive service-fault CSV windows,RE3-SS/carts_f1/2/metrics.csv,6691702,origen no disponible,,
4965,TraceRCA all dataset recursive service-fault CSV windows,RE3-SS/carts_f1/2/simple_metrics.csv,1264386,origen no disponible,,
4966,TraceRCA all dataset recursive service-fault CSV windows,RE3-SS/carts_f1/3/logs.csv,24240653,origen no disponible,,
4967,TraceRCA all dataset recursive service-fault CSV windows,RE3-SS/carts_f1/3/metrics.csv,6943125,origen no disponible,,
4968,TraceRCA all dataset recursive service-fault CSV windows,RE3-SS/carts_f1/3/simple_metrics.csv,1313056,origen no disponible,,
4969,TraceRCA all dataset recursive service-fault CSV windows,RE3-SS/carts_f1/3/traces.csv,116,origen no disponible,,
4970,TraceRCA all dataset recursive service-fault CSV windows,RE3-SS/carts_f1/4/logs.csv,24306296,origen no disponible,,
4971,TraceRCA all dataset recursive service-fault CSV windows,RE3-SS/carts_f1/4/metrics.csv,6861536,origen no disponible,,
4972,TraceRCA all dataset recursive service-fault CSV windows,RE3-SS/carts_f1/4/simple_metrics.csv,1291509,origen no disponible,,
4973,TraceRCA all dataset recursive service-fault CSV windows,RE3-SS/carts_f3/1/logs.csv,24030783,origen no disponible,,
4974,TraceRCA all dataset recursive service-fault CSV windows,RE3-SS/carts_f3/1/metrics.csv,6616842,origen no disponible,,
4975,TraceRCA all dataset recursive service-fault CSV windows,RE3-SS/carts_f3/1/simple_metrics.csv,1239050,origen no disponible,,
4976,TraceRCA all dataset recursive service-fault CSV windows,RE3-SS/carts_f3/2/logs.csv,24055776,origen no disponible,,
4977,TraceRCA all dataset recursive service-fault CSV windows,RE3-SS/carts_f3/2/metrics.csv,6622748,origen no disponible,,
4978,TraceRCA all dataset recursive service-fault CSV windows,RE3-SS/carts_f3/2/simple_metrics.csv,1241980,origen no disponible,,
4979,TraceRCA all dataset recursive service-fault CSV windows,RE3-SS/carts_f3/3/logs.csv,24180531,origen no disponible,,
4980,TraceRCA all dataset recursive service-fault CSV windows,RE3-SS/carts_f3/3/metrics.csv,6729724,origen no disponible,,
4981,TraceRCA all dataset recursive service-fault CSV windows,RE3-SS/carts_f3/3/simple_metrics.csv,1262101,origen no disponible,,
4982,TraceRCA all dataset recursive service-fault CSV windows,RE3-SS/carts_f3/3/traces.csv,116,origen no disponible,,
4983,TraceRCA all dataset recursive service-fault CSV windows,RE3-SS/carts_f3/4/logs.csv,24238750,origen no disponible,,
4984,TraceRCA all dataset recursive service-fault CSV windows,RE3-SS/carts_f3/4/metrics.csv,6797139,origen no disponible,,
4985,TraceRCA all dataset recursive service-fault CSV windows,RE3-SS/carts_f3/4/simple_metrics.csv,1289306,origen no disponible,,
4986,TraceRCA all dataset recursive service-fault CSV windows,RE3-SS/carts_f4/1/logs.csv,24241385,origen no disponible,,
4987,TraceRCA all dataset recursive service-fault CSV windows,RE3-SS/carts_f4/1/metrics.csv,6612593,origen no disponible,,
4988,TraceRCA all dataset recursive service-fault CSV windows,RE3-SS/carts_f4/1/simple_metrics.csv,1242427,origen no disponible,,
4989,TraceRCA all dataset recursive service-fault CSV windows,RE3-SS/carts_f4/2/logs.csv,24348284,origen no disponible,,
4990,TraceRCA all dataset recursive service-fault CSV windows,RE3-SS/carts_f4/2/metrics.csv,6615607,origen no disponible,,
4991,TraceRCA all dataset recursive service-fault CSV windows,RE3-SS/carts_f4/2/simple_metrics.csv,1243193,origen no disponible,,
4992,TraceRCA all dataset recursive service-fault CSV windows,RE3-SS/carts_f4/3/logs.csv,24195212,origen no disponible,,
4993,TraceRCA all dataset recursive service-fault CSV windows,RE3-SS/carts_f4/3/metrics.csv,6710260,origen no disponible,,
4994,TraceRCA all dataset recursive service-fault CSV windows,RE3-SS/carts_f4/3/simple_metrics.csv,1252994,origen no disponible,,
4995,TraceRCA all dataset recursive service-fault CSV windows,RE3-SS/carts_f4/3/traces.csv,116,origen no disponible,,
4996,TraceRCA all dataset recursive service-fault CSV windows,RE3-SS/carts_f4/4/logs.csv,24333271,origen no disponible,,
4997,TraceRCA all dataset recursive service-fault CSV windows,RE3-SS/carts_f4/4/metrics.csv,6772064,origen no disponible,,
4998,TraceRCA all dataset recursive service-fault CSV windows,RE3-SS/carts_f4/4/simple_metrics.csv,1279210,origen no disponible,,
4999,TraceRCA all dataset recursive service-fault CSV windows,RE3-SS/front-end_f1/1/logs.csv,24394598,origen no disponible,,
5000,TraceRCA all dataset recursive service-fault CSV windows,RE3-SS/front-end_f1/1/metrics.csv,6567991,origen no disponible,,
5001,TraceRCA all dataset recursive service-fault CSV windows,RE3-SS/front-end_f1/1/simple_metrics.csv,1247730,origen no disponible,,
5002,TraceRCA all dataset recursive service-fault CSV windows,RE3-SS/front-end_f1/2/logs.csv,24383648,origen no disponible,,
5003,TraceRCA all dataset recursive service-fault CSV windows,RE3-SS/front-end_f1/2/metrics.csv,6574688,origen no disponible,,
5004,TraceRCA all dataset recursive service-fault CSV windows,RE3-SS/front-end_f1/2/simple_metrics.csv,1246352,origen no disponible,,
5005,TraceRCA all dataset recursive service-fault CSV windows,RE3-SS/front-end_f1/3/logs.csv,24198988,origen no disponible,,
5006,TraceRCA all dataset recursive service-fault CSV windows,RE3-SS/front-end_f1/3/metrics.csv,6645678,origen no disponible,,
5007,TraceRCA all dataset recursive service-fault CSV windows,RE3-SS/front-end_f1/3/simple_metrics.csv,1249718,origen no disponible,,
5008,TraceRCA all dataset recursive service-fault CSV windows,RE3-SS/front-end_f1/3/traces.csv,116,origen no disponible,,
5009,TraceRCA all dataset recursive service-fault CSV windows,RE3-SS/front-end_f2/1/logs.csv,24479433,origen no disponible,,
5010,TraceRCA all dataset recursive service-fault CSV windows,RE3-SS/front-end_f2/1/metrics.csv,6582057,origen no disponible,,
5011,TraceRCA all dataset recursive service-fault CSV windows,RE3-SS/front-end_f2/1/simple_metrics.csv,1247260,origen no disponible,,
5012,TraceRCA all dataset recursive service-fault CSV windows,RE3-SS/front-end_f2/2/logs.csv,24539441,origen no disponible,,
5013,TraceRCA all dataset recursive service-fault CSV windows,RE3-SS/front-end_f2/2/metrics.csv,6603285,origen no disponible,,
5014,TraceRCA all dataset recursive service-fault CSV windows,RE3-SS/front-end_f2/2/simple_metrics.csv,1254584,origen no disponible,,
5015,TraceRCA all dataset recursive service-fault CSV windows,RE3-SS/front-end_f2/3/logs.csv,24745515,origen no disponible,,
5016,TraceRCA all dataset recursive service-fault CSV windows,RE3-SS/front-end_f2/3/metrics.csv,6643055,origen no disponible,,
5017,TraceRCA all dataset recursive service-fault CSV windows,RE3-SS/front-end_f2/3/simple_metrics.csv,1252591,origen no disponible,,
5018,TraceRCA all dataset recursive service-fault CSV windows,RE3-SS/front-end_f2/3/traces.csv,116,origen no disponible,,
5019,TraceRCA all dataset recursive service-fault CSV windows,RE3-SS/front-end_f3/1/logs.csv,13193383,origen no disponible,,
5020,TraceRCA all dataset recursive service-fault CSV windows,RE3-SS/front-end_f3/1/metrics.csv,6227093,origen no disponible,,
5021,TraceRCA all dataset recursive service-fault CSV windows,RE3-SS/front-end_f3/1/simple_metrics.csv,1154366,origen no disponible,,
5022,TraceRCA all dataset recursive service-fault CSV windows,RE3-SS/front-end_f3/1/traces.csv,116,origen no disponible,,
5023,TraceRCA all dataset recursive service-fault CSV windows,RE3-SS/front-end_f3/2/logs.csv,13358994,origen no disponible,,
5024,TraceRCA all dataset recursive service-fault CSV windows,RE3-SS/front-end_f3/2/metrics.csv,6189244,origen no disponible,,
5025,TraceRCA all dataset recursive service-fault CSV windows,RE3-SS/front-end_f3/2/simple_metrics.csv,1152461,origen no disponible,,
5026,TraceRCA all dataset recursive service-fault CSV windows,RE3-SS/front-end_f3/2/traces.csv,116,origen no disponible,,
5027,TraceRCA all dataset recursive service-fault CSV windows,RE3-SS/front-end_f3/3/logs.csv,13463362,origen no disponible,,
5028,TraceRCA all dataset recursive service-fault CSV windows,RE3-SS/front-end_f3/3/metrics.csv,6180775,origen no disponible,,
5029,TraceRCA all dataset recursive service-fault CSV windows,RE3-SS/front-end_f3/3/simple_metrics.csv,1144437,origen no disponible,,
5030,TraceRCA all dataset recursive service-fault CSV windows,RE3-SS/front-end_f3/3/traces.csv,116,origen no disponible,,
5031,TraceRCA all dataset recursive service-fault CSV windows,RE3-SS/orders_f1/1/logs.csv,32317325,origen no disponible,,
5032,TraceRCA all dataset recursive service-fault CSV windows,RE3-SS/orders_f1/1/metrics.csv,6579179,origen no disponible,,
5033,TraceRCA all dataset recursive service-fault CSV windows,RE3-SS/orders_f1/1/simple_metrics.csv,1240372,origen no disponible,,
5034,TraceRCA all dataset recursive service-fault CSV windows,RE3-SS/orders_f1/1/traces.csv,116,origen no disponible,,
5035,TraceRCA all dataset recursive service-fault CSV windows,RE3-SS/orders_f1/2/logs.csv,32265565,origen no disponible,,
5036,TraceRCA all dataset recursive service-fault CSV windows,RE3-SS/orders_f1/2/metrics.csv,6564084,origen no disponible,,
5037,TraceRCA all dataset recursive service-fault CSV windows,RE3-SS/orders_f1/2/simple_metrics.csv,1237376,origen no disponible,,
5038,TraceRCA all dataset recursive service-fault CSV windows,RE3-SS/orders_f1/2/traces.csv,116,origen no disponible,,
5039,TraceRCA all dataset recursive service-fault CSV windows,RE3-SS/orders_f1/3/logs.csv,32331580,origen no disponible,,
5040,TraceRCA all dataset recursive service-fault CSV windows,RE3-SS/orders_f1/3/metrics.csv,6573962,origen no disponible,,
5041,TraceRCA all dataset recursive service-fault CSV windows,RE3-SS/orders_f1/3/simple_metrics.csv,1226541,origen no disponible,,
5042,TraceRCA all dataset recursive service-fault CSV windows,RE3-SS/orders_f1/3/traces.csv,116,origen no disponible,,
5043,TraceRCA all dataset recursive service-fault CSV windows,RE3-SS/orders_f3/1/logs.csv,21886478,origen no disponible,,
5044,TraceRCA all dataset recursive service-fault CSV windows,RE3-SS/orders_f3/1/metrics.csv,6598588,origen no disponible,,
5045,TraceRCA all dataset recursive service-fault CSV windows,RE3-SS/orders_f3/1/simple_metrics.csv,1246876,origen no disponible,,
5046,TraceRCA all dataset recursive service-fault CSV windows,RE3-SS/orders_f3/2/logs.csv,21944128,origen no disponible,,
5047,TraceRCA all dataset recursive service-fault CSV windows,RE3-SS/orders_f3/2/metrics.csv,6571846,origen no disponible,,
5048,TraceRCA all dataset recursive service-fault CSV windows,RE3-SS/orders_f3/2/simple_metrics.csv,1246315,origen no disponible,,
5049,TraceRCA all dataset recursive service-fault CSV windows,RE3-SS/orders_f3/3/logs.csv,22020708,origen no disponible,,
5050,TraceRCA all dataset recursive service-fault CSV windows,RE3-SS/orders_f3/3/metrics.csv,6605268,origen no disponible,,
5051,TraceRCA all dataset recursive service-fault CSV windows,RE3-SS/orders_f3/3/simple_metrics.csv,1241584,origen no disponible,,
5052,TraceRCA all dataset recursive service-fault CSV windows,RE3-SS/orders_f3/3/traces.csv,116,origen no disponible,,
5053,TraceRCA all dataset recursive service-fault CSV windows,RE3-SS/orders_f4/1/logs.csv,14326682,origen no disponible,,
5054,TraceRCA all dataset recursive service-fault CSV windows,RE3-SS/orders_f4/1/metrics.csv,6335325,origen no disponible,,
5055,TraceRCA all dataset recursive service-fault CSV windows,RE3-SS/orders_f4/1/simple_metrics.csv,1187042,origen no disponible,,
5056,TraceRCA all dataset recursive service-fault CSV windows,RE3-SS/orders_f4/2/logs.csv,11446304,origen no disponible,,
5057,TraceRCA all dataset recursive service-fault CSV windows,RE3-SS/orders_f4/2/metrics.csv,6203094,origen no disponible,,
5058,TraceRCA all dataset recursive service-fault CSV windows,RE3-SS/orders_f4/2/simple_metrics.csv,1156045,origen no disponible,,
5059,TraceRCA all dataset recursive service-fault CSV windows,RE3-SS/orders_f4/3/logs.csv,14331253,origen no disponible,,
5060,TraceRCA all dataset recursive service-fault CSV windows,RE3-SS/orders_f4/3/metrics.csv,6396449,origen no disponible,,
5061,TraceRCA all dataset recursive service-fault CSV windows,RE3-SS/orders_f4/3/simple_metrics.csv,1189181,origen no disponible,,
5062,TraceRCA all dataset recursive service-fault CSV windows,RE3-SS/orders_f4/3/traces.csv,116,origen no disponible,,
5063,TraceRCA all dataset recursive service-fault CSV windows,RE3-TT/ts-auth-service_f1/1/logs.csv,13629073,origen no disponible,,
5064,TraceRCA all dataset recursive service-fault CSV windows,RE3-TT/ts-auth-service_f1/1/metrics.csv,21419712,origen no disponible,,
5065,TraceRCA all dataset recursive service-fault CSV windows,RE3-TT/ts-auth-service_f1/1/simple_metrics.csv,5564217,origen no disponible,,
5066,TraceRCA all dataset recursive service-fault CSV windows,RE3-TT/ts-auth-service_f1/1/traces.csv,13511389,origen no disponible,,
5067,TraceRCA all dataset recursive service-fault CSV windows,RE3-TT/ts-auth-service_f1/2/logs.csv,13138341,origen no disponible,,
5068,TraceRCA all dataset recursive service-fault CSV windows,RE3-TT/ts-auth-service_f1/2/metrics.csv,21462266,origen no disponible,,
5069,TraceRCA all dataset recursive service-fault CSV windows,RE3-TT/ts-auth-service_f1/2/simple_metrics.csv,5559562,origen no disponible,,
5070,TraceRCA all dataset recursive service-fault CSV windows,RE3-TT/ts-auth-service_f1/2/traces.csv,13185572,origen no disponible,,
5071,TraceRCA all dataset recursive service-fault CSV windows,RE3-TT/ts-auth-service_f1/3/logs.csv,14346621,origen no disponible,,
5072,TraceRCA all dataset recursive service-fault CSV windows,RE3-TT/ts-auth-service_f1/3/metrics.csv,21353885,origen no disponible,,
5073,TraceRCA all dataset recursive service-fault CSV windows,RE3-TT/ts-auth-service_f1/3/simple_metrics.csv,5557341,origen no disponible,,
5074,TraceRCA all dataset recursive service-fault CSV windows,RE3-TT/ts-auth-service_f1/3/traces.csv,14115831,origen no disponible,,
5075,TraceRCA all dataset recursive service-fault CSV windows,RE3-TT/ts-auth-service_f1/4/logs.csv,5656559,origen no disponible,,
5076,TraceRCA all dataset recursive service-fault CSV windows,RE3-TT/ts-auth-service_f1/4/metrics.csv,20385042,origen no disponible,,
5077,TraceRCA all dataset recursive service-fault CSV windows,RE3-TT/ts-auth-service_f1/4/simple_metrics.csv,5290595,origen no disponible,,
5078,TraceRCA all dataset recursive service-fault CSV windows,RE3-TT/ts-auth-service_f1/4/traces.csv,5520127,origen no disponible,,
5079,TraceRCA all dataset recursive service-fault CSV windows,RE3-TT/ts-auth-service_f2/1/logs.csv,15767421,origen no disponible,,
5080,TraceRCA all dataset recursive service-fault CSV windows,RE3-TT/ts-auth-service_f2/1/metrics.csv,21448019,origen no disponible,,
5081,TraceRCA all dataset recursive service-fault CSV windows,RE3-TT/ts-auth-service_f2/1/simple_metrics.csv,5588454,origen no disponible,,
5082,TraceRCA all dataset recursive service-fault CSV windows,RE3-TT/ts-auth-service_f2/1/traces.csv,15201438,origen no disponible,,
5083,TraceRCA all dataset recursive service-fault CSV windows,RE3-TT/ts-auth-service_f2/2/logs.csv,14754189,origen no disponible,,
5084,TraceRCA all dataset recursive service-fault CSV windows,RE3-TT/ts-auth-service_f2/2/metrics.csv,21359256,origen no disponible,,
5085,TraceRCA all dataset recursive service-fault CSV windows,RE3-TT/ts-auth-service_f2/2/simple_metrics.csv,5561090,origen no disponible,,
5086,TraceRCA all dataset recursive service-fault CSV windows,RE3-TT/ts-auth-service_f2/2/traces.csv,14468732,origen no disponible,,
5087,TraceRCA all dataset recursive service-fault CSV windows,RE3-TT/ts-auth-service_f2/3/logs.csv,14140667,origen no disponible,,
5088,TraceRCA all dataset recursive service-fault CSV windows,RE3-TT/ts-auth-service_f2/3/metrics.csv,21254039,origen no disponible,,
5089,TraceRCA all dataset recursive service-fault CSV windows,RE3-TT/ts-auth-service_f2/3/simple_metrics.csv,5546550,origen no disponible,,
5090,TraceRCA all dataset recursive service-fault CSV windows,RE3-TT/ts-auth-service_f2/3/traces.csv,13878564,origen no disponible,,
5091,TraceRCA all dataset recursive service-fault CSV windows,RE3-TT/ts-auth-service_f2/4/logs.csv,5849632,origen no disponible,,
5092,TraceRCA all dataset recursive service-fault CSV windows,RE3-TT/ts-auth-service_f2/4/metrics.csv,20318129,origen no disponible,,
5093,TraceRCA all dataset recursive service-fault CSV windows,RE3-TT/ts-auth-service_f2/4/simple_metrics.csv,5267732,origen no disponible,,
5094,TraceRCA all dataset recursive service-fault CSV windows,RE3-TT/ts-auth-service_f2/4/traces.csv,5757816,origen no disponible,,
5095,TraceRCA all dataset recursive service-fault CSV windows,RE3-TT/ts-auth-service_f3/1/logs.csv,22560010,origen no disponible,,
5096,TraceRCA all dataset recursive service-fault CSV windows,RE3-TT/ts-auth-service_f3/1/metrics.csv,21776880,origen no disponible,,
5097,TraceRCA all dataset recursive service-fault CSV windows,RE3-TT/ts-auth-service_f3/1/simple_metrics.csv,5694731,origen no disponible,,
5098,TraceRCA all dataset recursive service-fault CSV windows,RE3-TT/ts-auth-service_f3/1/traces.csv,13949102,origen no disponible,,
5099,TraceRCA all dataset recursive service-fault CSV windows,RE3-TT/ts-auth-service_f3/2/logs.csv,23228325,origen no disponible,,
5100,TraceRCA all dataset recursive service-fault CSV windows,RE3-TT/ts-auth-service_f3/2/metrics.csv,21948750,origen no disponible,,
5101,TraceRCA all dataset recursive service-fault CSV windows,RE3-TT/ts-auth-service_f3/2/simple_metrics.csv,5705585,origen no disponible,,
5102,TraceRCA all dataset recursive service-fault CSV windows,RE3-TT/ts-auth-service_f3/2/traces.csv,14704387,origen no disponible,,
5103,TraceRCA all dataset recursive service-fault CSV windows,RE3-TT/ts-auth-service_f3/3/logs.csv,23874217,origen no disponible,,
5104,TraceRCA all dataset recursive service-fault CSV windows,RE3-TT/ts-auth-service_f3/3/metrics.csv,21973794,origen no disponible,,
5105,TraceRCA all dataset recursive service-fault CSV windows,RE3-TT/ts-auth-service_f3/3/simple_metrics.csv,5703685,origen no disponible,,
5106,TraceRCA all dataset recursive service-fault CSV windows,RE3-TT/ts-auth-service_f3/3/traces.csv,14621675,origen no disponible,,
5107,TraceRCA all dataset recursive service-fault CSV windows,RE3-TT/ts-auth-service_f3/4/logs.csv,13869976,origen no disponible,,
5108,TraceRCA all dataset recursive service-fault CSV windows,RE3-TT/ts-auth-service_f3/4/metrics.csv,20871808,origen no disponible,,
5109,TraceRCA all dataset recursive service-fault CSV windows,RE3-TT/ts-auth-service_f3/4/simple_metrics.csv,5392922,origen no disponible,,
5110,TraceRCA all dataset recursive service-fault CSV windows,RE3-TT/ts-auth-service_f3/4/traces.csv,5543525,origen no disponible,,
5111,TraceRCA all dataset recursive service-fault CSV windows,RE3-TT/ts-auth-service_f4/1/logs.csv,15476968,origen no disponible,,
5112,TraceRCA all dataset recursive service-fault CSV windows,RE3-TT/ts-auth-service_f4/1/metrics.csv,21382182,origen no disponible,,
5113,TraceRCA all dataset recursive service-fault CSV windows,RE3-TT/ts-auth-service_f4/1/simple_metrics.csv,5581597,origen no disponible,,
5114,TraceRCA all dataset recursive service-fault CSV windows,RE3-TT/ts-auth-service_f4/1/traces.csv,14530303,origen no disponible,,
5115,TraceRCA all dataset recursive service-fault CSV windows,RE3-TT/ts-auth-service_f4/2/logs.csv,16619365,origen no disponible,,
5116,TraceRCA all dataset recursive service-fault CSV windows,RE3-TT/ts-auth-service_f4/2/metrics.csv,21497384,origen no disponible,,
5117,TraceRCA all dataset recursive service-fault CSV windows,RE3-TT/ts-auth-service_f4/2/simple_metrics.csv,5578230,origen no disponible,,
5118,TraceRCA all dataset recursive service-fault CSV windows,RE3-TT/ts-auth-service_f4/2/traces.csv,15319299,origen no disponible,,
5119,TraceRCA all dataset recursive service-fault CSV windows,RE3-TT/ts-auth-service_f4/3/logs.csv,17426594,origen no disponible,,
5120,TraceRCA all dataset recursive service-fault CSV windows,RE3-TT/ts-auth-service_f4/3/metrics.csv,21444589,origen no disponible,,
5121,TraceRCA all dataset recursive service-fault CSV windows,RE3-TT/ts-auth-service_f4/3/simple_metrics.csv,5560978,origen no disponible,,
5122,TraceRCA all dataset recursive service-fault CSV windows,RE3-TT/ts-auth-service_f4/3/traces.csv,15389880,origen no disponible,,
5123,TraceRCA all dataset recursive service-fault CSV windows,RE3-TT/ts-route-service_f1/1/logs.csv,27845242,origen no disponible,,
5124,TraceRCA all dataset recursive service-fault CSV windows,RE3-TT/ts-route-service_f1/1/metrics.csv,22912142,origen no disponible,,
5125,TraceRCA all dataset recursive service-fault CSV windows,RE3-TT/ts-route-service_f1/1/simple_metrics.csv,5967186,origen no disponible,,
5126,TraceRCA all dataset recursive service-fault CSV windows,RE3-TT/ts-route-service_f1/1/traces.csv,26515537,origen no disponible,,
5127,TraceRCA all dataset recursive service-fault CSV windows,RE3-TT/ts-route-service_f1/2/logs.csv,32564338,origen no disponible,,
5128,TraceRCA all dataset recursive service-fault CSV windows,RE3-TT/ts-route-service_f1/2/metrics.csv,23060873,origen no disponible,,
5129,TraceRCA all dataset recursive service-fault CSV windows,RE3-TT/ts-route-service_f1/2/simple_metrics.csv,5991649,origen no disponible,,
5130,TraceRCA all dataset recursive service-fault CSV windows,RE3-TT/ts-route-service_f1/2/traces.csv,28750166,origen no disponible,,
5131,TraceRCA all dataset recursive service-fault CSV windows,RE3-TT/ts-route-service_f1/3/logs.csv,32862412,origen no disponible,,
5132,TraceRCA all dataset recursive service-fault CSV windows,RE3-TT/ts-route-service_f1/3/metrics.csv,23098070,origen no disponible,,
5133,TraceRCA all dataset recursive service-fault CSV windows,RE3-TT/ts-route-service_f1/3/simple_metrics.csv,5997079,origen no disponible,,
5134,TraceRCA all dataset recursive service-fault CSV windows,RE3-TT/ts-route-service_f1/3/traces.csv,28650599,origen no disponible,,
5135,TraceRCA all dataset recursive service-fault CSV windows,RE3-TT/ts-route-service_f2/1/logs.csv,30222932,origen no disponible,,
5136,TraceRCA all dataset recursive service-fault CSV windows,RE3-TT/ts-route-service_f2/1/metrics.csv,22970654,origen no disponible,,
5137,TraceRCA all dataset recursive service-fault CSV windows,RE3-TT/ts-route-service_f2/1/simple_metrics.csv,5981731,origen no disponible,,
5138,TraceRCA all dataset recursive service-fault CSV windows,RE3-TT/ts-route-service_f2/1/traces.csv,28110619,origen no disponible,,
5139,TraceRCA all dataset recursive service-fault CSV windows,RE3-TT/ts-route-service_f2/2/logs.csv,31610376,origen no disponible,,
5140,TraceRCA all dataset recursive service-fault CSV windows,RE3-TT/ts-route-service_f2/2/metrics.csv,23072056,origen no disponible,,
5141,TraceRCA all dataset recursive service-fault CSV windows,RE3-TT/ts-route-service_f2/2/simple_metrics.csv,5981600,origen no disponible,,
5142,TraceRCA all dataset recursive service-fault CSV windows,RE3-TT/ts-route-service_f2/2/traces.csv,28322494,origen no disponible,,
5143,TraceRCA all dataset recursive service-fault CSV windows,RE3-TT/ts-route-service_f2/3/logs.csv,34280724,origen no disponible,,
5144,TraceRCA all dataset recursive service-fault CSV windows,RE3-TT/ts-route-service_f2/3/metrics.csv,22959466,origen no disponible,,
5145,TraceRCA all dataset recursive service-fault CSV windows,RE3-TT/ts-route-service_f2/3/simple_metrics.csv,5981095,origen no disponible,,
5146,TraceRCA all dataset recursive service-fault CSV windows,RE3-TT/ts-route-service_f2/3/traces.csv,28784223,origen no disponible,,
5147,TraceRCA all dataset recursive service-fault CSV windows,RE3-TT/ts-route-service_f3/1/logs.csv,31947238,origen no disponible,,
5148,TraceRCA all dataset recursive service-fault CSV windows,RE3-TT/ts-route-service_f3/1/metrics.csv,23047762,origen no disponible,,
5149,TraceRCA all dataset recursive service-fault CSV windows,RE3-TT/ts-route-service_f3/1/simple_metrics.csv,5986732,origen no disponible,,
5150,TraceRCA all dataset recursive service-fault CSV windows,RE3-TT/ts-route-service_f3/1/traces.csv,28998555,origen no disponible,,
5151,TraceRCA all dataset recursive service-fault CSV windows,RE3-TT/ts-route-service_f3/2/logs.csv,33981603,origen no disponible,,
5152,TraceRCA all dataset recursive service-fault CSV windows,RE3-TT/ts-route-service_f3/2/metrics.csv,23034851,origen no disponible,,
5153,TraceRCA all dataset recursive service-fault CSV windows,RE3-TT/ts-route-service_f3/2/simple_metrics.csv,5950385,origen no disponible,,
5154,TraceRCA all dataset recursive service-fault CSV windows,RE3-TT/ts-route-service_f3/2/traces.csv,28359797,origen no disponible,,
5155,TraceRCA all dataset recursive service-fault CSV windows,RE3-TT/ts-route-service_f3/3/logs.csv,35691151,origen no disponible,,
5156,TraceRCA all dataset recursive service-fault CSV windows,RE3-TT/ts-route-service_f3/3/metrics.csv,23071886,origen no disponible,,
5157,TraceRCA all dataset recursive service-fault CSV windows,RE3-TT/ts-route-service_f3/3/simple_metrics.csv,5976679,origen no disponible,,
5158,TraceRCA all dataset recursive service-fault CSV windows,RE3-TT/ts-route-service_f3/3/traces.csv,30827176,origen no disponible,,
5159,TraceRCA all dataset recursive service-fault CSV windows,RE3-TT/ts-route-service_f3_1/1/logs.csv,31164415,origen no disponible,,
5160,TraceRCA all dataset recursive service-fault CSV windows,RE3-TT/ts-route-service_f3_1/1/metrics.csv,23012736,origen no disponible,,
5161,TraceRCA all dataset recursive service-fault CSV windows,RE3-TT/ts-route-service_f3_1/1/simple_metrics.csv,5977089,origen no disponible,,
5162,TraceRCA all dataset recursive service-fault CSV windows,RE3-TT/ts-route-service_f3_1/1/traces.csv,28259092,origen no disponible,,
5163,TraceRCA all dataset recursive service-fault CSV windows,RE3-TT/ts-route-service_f3_1/2/logs.csv,40343852,origen no disponible,,
5164,TraceRCA all dataset recursive service-fault CSV windows,RE3-TT/ts-route-service_f3_1/2/metrics.csv,23036483,origen no disponible,,
5165,TraceRCA all dataset recursive service-fault CSV windows,RE3-TT/ts-route-service_f3_1/2/simple_metrics.csv,5975445,origen no disponible,,
5166,TraceRCA all dataset recursive service-fault CSV windows,RE3-TT/ts-route-service_f3_1/2/traces.csv,32335154,origen no disponible,,
5167,TraceRCA all dataset recursive service-fault CSV windows,RE3-TT/ts-route-service_f3_1/3/logs.csv,44216862,origen no disponible,,
5168,TraceRCA all dataset recursive service-fault CSV windows,RE3-TT/ts-route-service_f3_1/3/metrics.csv,22946765,origen no disponible,,
5169,TraceRCA all dataset recursive service-fault CSV windows,RE3-TT/ts-route-service_f3_1/3/simple_metrics.csv,5961601,origen no disponible,,
5170,TraceRCA all dataset recursive service-fault CSV windows,RE3-TT/ts-route-service_f3_1/3/traces.csv,37083796,origen no disponible,,
5171,TraceRCA all dataset recursive service-fault CSV windows,RE3-TT/ts-route-service_f4/1/logs.csv,30661405,origen no disponible,,
5172,TraceRCA all dataset recursive service-fault CSV windows,RE3-TT/ts-route-service_f4/1/metrics.csv,23059518,origen no disponible,,
5173,TraceRCA all dataset recursive service-fault CSV windows,RE3-TT/ts-route-service_f4/1/simple_metrics.csv,5984903,origen no disponible,,
5174,TraceRCA all dataset recursive service-fault CSV windows,RE3-TT/ts-route-service_f4/1/traces.csv,27199166,origen no disponible,,
5175,TraceRCA all dataset recursive service-fault CSV windows,RE3-TT/ts-route-service_f4/2/logs.csv,37946722,origen no disponible,,
5176,TraceRCA all dataset recursive service-fault CSV windows,RE3-TT/ts-route-service_f4/2/metrics.csv,22967451,origen no disponible,,
5177,TraceRCA all dataset recursive service-fault CSV windows,RE3-TT/ts-route-service_f4/2/simple_metrics.csv,5971714,origen no disponible,,
5178,TraceRCA all dataset recursive service-fault CSV windows,RE3-TT/ts-route-service_f4/2/traces.csv,30721152,origen no disponible,,
5179,TraceRCA all dataset recursive service-fault CSV windows,RE3-TT/ts-route-service_f4/3/logs.csv,39013411,origen no disponible,,
5180,TraceRCA all dataset recursive service-fault CSV windows,RE3-TT/ts-route-service_f4/3/metrics.csv,23028482,origen no disponible,,
5181,TraceRCA all dataset recursive service-fault CSV windows,RE3-TT/ts-route-service_f4/3/simple_metrics.csv,5965459,origen no disponible,,
5182,TraceRCA all dataset recursive service-fault CSV windows,RE3-TT/ts-route-service_f4/3/traces.csv,32458711,origen no disponible,,
5183,TrainTicket response-time and repository CSV windows,train-ticket-microservice-2/script/results/locust_requests.csv,519916,sha256 calculado,9a532528f4d584c028fd7e586adf1744f363ec37111a10a372c2082271939d20,2026-09-23T19:33:22+00:00
